0.4116398096,-0.0423382744,0.1592597216,-0.0423233770,0.4604080319,-0.2153637558,0.1400980055,0.2097768784,-0.2752779126,0.1063802466,-0.0784609690,0.0413543731,-0.1575298905,0.1212676167,-0.1837729216,0.1407625675,0.1340437829,-0.1154819503,0.0539041124,-0.0075973170,-0.0212284103,-0.0388032794,0.1264168918,-0.1366191506,-0.1280487031,0.0672854632,-0.2237168252,0.1299385428,0.0984152853,-0.1089603975,-0.1845703274,-0.1077352241,0.0329836160,0.1101627350,-0.0873904675,-0.2037473172,0.0019565362,0.0455190428,-0.0673926920,0.0696863681,0.3093750775,-0.1275054514,-0.0420958437,-0.0169638339,-0.1176062003,0.1016972885,0.0394828096,0.0461828932,-0.2256121337,0.1088066474,0.0530315265,-0.1439447552,-0.1639599353,-0.1589248478,-0.1466840506,0.1739768535,-0.2977210879,-0.0772857741,-0.2723870873,-0.1289627254,-0.0101565318,0.1898345947,0.1716762930,0.2174936682,-0.3299380839,0.0271465518,0.1735110730,0.0708449110,-0.2122170329,-0.0933317393,0.0171785280,0.1079184189,-0.0131041221,0.1094457880,-0.0365746766,0.1235990822,0.0746371970,-0.0505127795,0.0233706627,-0.2289614230,0.1278889328,0.1009149924,0.0396345146,0.1110002398,-0.0745799318,0.1322760582,-0.0162531212,0.0404096134,-0.0022197145,-0.0889932290,0.0029596381,-0.1281910688,-0.0623813607,-0.0066891420,0.0673153922,-0.0862682983,0.0387047678,-0.0105384523,0.0789581761,-0.4184360206
-0.0082894471,0.1559100598,0.1997903287,0.1514198184,0.0274569951,0.0257809348,-0.0637753531,-0.0832148790,-0.0651911870,-0.2700211108,0.0852938667,0.1601744890,-0.1616661251,-0.0192611367,0.1485902071,-0.0012784195,0.0528018735,-0.0437094048,-0.1434329152,-0.1533024162,-0.0477025844,-0.0144176763,0.0525105037,-0.2856326699,-0.1134124100,0.2659234405,-0.0943216607,-0.0740370974,-0.0380300507,-0.0559433997,-0.1006030291,-0.0902507827,0.2319136262,-0.0608598590,-0.1311316341,0.1010671332,0.1693636477,0.0030288068,-0.0824718475,0.0163606070,0.0243498068,0.1193462536,-0.1606315374,-0.2412992865,0.2947743833,-0.1013859883,-0.1535878330,-0.1232478321,0.0696013942,0.0198489092,-0.1853561699,0.2565488815,-0.0411873609,0.0311356187,-0.0669553950,0.0430105664,-0.0204186440,0.0425285511,-0.0747548789,0.1814973056,-0.2133205682,-0.1501718462,-0.0484289713,-0.1743103713,0.1681039631,-0.1561784148,-0.0292984787,-0.0968085229,0.1292012185,0.0752149075,-0.2450263500,-0.0642770529,-0.1420361102,-0.1723800600,-0.1156158373,-0.2047789246,0.1328675449,-0.0470094979,0.1379374862,0.1081230938,-0.1067120358,0.0544753708,-0.0179328620,-0.0870552734,0.0638867989,-0.1234642416,-0.0035026851,0.0953226909,-0.1326539665,-0.0025837244,-0.1226154566,0.0993132293,0.0554712676,-0.2338268012,0.3686636090,-0.0431021117,-0.0191987064,-0.3241631389,-0.1639415026,-0.7212333679
0.0522231199,0.0330949686,-0.0695330128,0.1118440628,0.1663254499,0.0301308241,-0.0128860427,0.0277343169,-0.0538909435,-0.1437481046,0.0275010671,0.2507663667,-0.2479895502,-0.2214130461,0.2065327317,-0.0886558294,0.1476663500,-0.0400447734,-0.2498766631,-0.1558499932,-0.2112529874,-0.0660250708,-0.1170968041,-0.2900530696,-0.2534413040,0.1711191237,0.0657555014,-0.2666824460,-0.1131529808,0.2283162624,0.1595835984,-0.0019884091,0.0424867272,-0.1897698641,-0.0530651510,0.0826575384,0.2638131976,-0.0695961937,-0.1795889735,-0.2045224458,-0.1674846560,0.1852974594,-0.1601004004,-0.1880777478,0.3473449349,-0.2332827002,-0.0726768970,-0.1921702623,0.0078841532,-0.2140118182,-0.1999141276,0.3139334917,0.0861279070,0.1772844344,0.0497566648,-0.1662722826,0.0278920345,0.0321024843,-0.1946463436,0.1935553253,-0.1906684637,-0.1575027257,-0.1884907931,-0.1815442592,0.1483593583,0.0304310378,-0.1644063592,0.1671492159,-0.1007505953,0.1165268645,-0.2400030047,-0.0512649864,0.0090209208,-0.1069249809,0.1236774251,-0.0229540896,0.1355564594,0.0713098869,0.2756883800,0.0454136766,-0.2297133207,0.1561330259,-0.0250789747,-0.2280590534,0.0122881476,-0.2056515366,0.1982392818,0.2637239099,-0.3162943721,0.0702443644,-0.3383168876,0.1572166681,0.0730989128,-0.3485594690,0.3545536995,-0.0815781876,-0.0179826207,-0.2616111934,0.3582025766,-0.6444630027
0.1389413327,-0.0896864533,-0.0958705097,-0.0580092333,0.1521963626,0.2094306350,0.0411020629,0.0917876959,0.0424035527,0.1429839730,-0.1228958443,0.1266240478,0.0986685380,0.0196790397,-0.0767715350,0.1393214911,0.0659282058,-0.2832067013,0.0271182787,0.0638101101,-0.0594242066,0.0158006195,0.0159788672,0.1531787217,0.1079465821,-0.1871583611,-0.0966582224,0.0441799238,-0.1469091475,0.0514893234,-0.0432025231,0.0674899817,-0.2493041456,0.2331952602,0.1697775424,-0.1342903376,-0.0799949542,-0.1569117904,-0.0507758036,0.0879669115,0.1038179100,-0.0673662722,0.0342106111,0.0808458328,-0.1642124951,0.1751190424,0.0799872875,0.0160748940,0.0578463189,0.0656975210,0.1661075354,-0.0158993267,-0.1266150475,-0.1792163402,-0.1029809639,-0.3245347440,-0.0715004429,-0.1710295379,0.0905614793,-0.1536731422,0.0857937783,0.1393222511,0.1981056780,0.0342146531,-0.2912562788,-0.1188556105,0.1499294192,0.4924077392,0.1036061868,-0.3211516738,0.0979337245,0.2031786442,0.0631063432,0.0221687295,0.0231629759,0.3991224468,-0.1794013530,-0.0562898479,-0.1853442192,-0.1531239897,0.0446210839,0.3172707260,-0.0914112926,-0.0770048350,-0.1869320869,0.1038398296,-0.0283324197,-0.2070404291,-0.0530361310,-0.1073870584,0.1356006414,0.1866387576,-0.0399941802,0.1475236118,-0.2363886088,0.0558930002,0.2202983052,0.2463890314,0.1520352364,0.1466691196
0.1530279964,-0.0560366735,-0.1337755024,0.0228895228,0.2135715187,0.1218846291,-0.0350649282,-0.1750468463,-0.0066710324,-0.0804912895,0.0690519959,-0.0307687502,-0.0948562548,0.0122897597,0.1932627559,-0.1907343268,-0.0240313690,-0.0191382449,0.0158261359,0.0243997891,0.1671794206,-0.0028489952,-0.2186933458,-0.0947577655,-0.1135878786,0.0439735651,0.0441572703,-0.0859151781,-0.0334921665,0.1739850789,0.1340153664,-0.0466897003,0.0948164463,-0.0983076990,-0.0412702337,0.1231880561,0.1808454543,0.0133239198,0.0079491492,0.0927926973,-0.1298064739,0.1029271930,-0.1423309743,-0.1280168742,0.0933057070,-0.1352356523,-0.1718500704,-0.0815495178,0.0337701775,0.0082099168,-0.1160159484,-0.0460030362,0.0328982398,0.0322955549,0.1725554019,-0.0778946429,0.1454565674,0.0551721118,0.0053351060,0.1408730149,-0.1410517842,-0.1514590085,-0.0606264696,-0.1115491688,-0.0887156799,0.0848087519,-0.1063408777,-0.2213011980,0.0614069030,0.1467317492,-0.1610879004,-0.0479932316,0.0836710408,-0.0681207478,0.0597932898,-0.0536273867,0.1608091593,-0.0438285731,0.0775843412,0.1777806282,0.0331920534,-0.0132546937,-0.2200909257,0.0145417461,0.0383857824,-0.0950413272,0.1684842855,-0.0163278729,-0.0087235561,0.1364249885,-0.0870044306,0.0121896956,-0.0282720402,-0.1686911136,0.0115854833,-0.1337152719,-0.1497994363,-0.0025414939,-0.2528416812,0.0294268038
0.0806561559,-0.1142503396,-0.1424289346,0.0365252048,0.1053957716,-0.0081824763,-0.0106857773,0.0541703254,-0.1100812480,-0.2859831750,0.0371047333,0.0180114210,-0.2402064502,-0.0895950496,0.0438672267,-0.0068562347,-0.0776102021,-0.0865842029,-0.1853929013,-0.0724926144,0.1009110734,-0.0957775638,-0.0840423182,-0.1366211474,-0.1640403569,0.2218371332,0.1496405303,-0.1133120134,-0.0696125180,0.2070412338,0.0409682505,-0.0279896557,0.1200058311,-0.1528178304,-0.1129110828,0.0306126289,0.1386448741,0.1006240100,-0.0508283600,-0.1719933748,-0.0550764427,0.1670004576,-0.0892999098,-0.2076610029,0.1118732765,-0.1627154797,-0.2029879242,-0.1294898689,0.0230224412,-0.0558777563,-0.1219714060,0.2596862316,0.0859485343,0.0656239241,0.0044174320,0.1621138155,-0.0168769415,0.0479317382,-0.2537405491,0.1193548068,-0.1547227353,-0.0820288658,-0.1041273400,-0.1235122234,-0.0483527891,-0.0206492096,0.0262330435,-0.1625338346,-0.0104829157,0.1222474650,-0.1593722701,-0.0901675373,-0.0667313933,-0.0156613514,-0.0478322022,-0.1181250289,0.1439937800,0.0117376447,0.0499566384,-0.0177536234,-0.1683464646,-0.0203157328,-0.1055497080,-0.1397743225,0.1201499999,-0.0284605753,0.0595041960,0.0253163204,-0.0871664956,-0.0382767916,-0.1659584790,0.1323756278,0.0337305665,-0.2467570752,0.1967805326,-0.1028201506,-0.1233486831,-0.2190648466,0.2495009154,-0.4610837698
0.0310472157,-0.0498430729,0.2065843493,0.0180094261,-0.4071164429,-0.0772450194,-0.0986517221,0.1604422629,0.0435132347,0.0931492522,-0.0703075156,-0.1897033602,0.1565048993,-0.1838664562,0.1444275677,-0.1666811854,0.0474950783,-0.0943593979,-0.0128834788,-0.0383997187,0.4700124860,0.0137225147,0.2909545600,0.1064480916,-0.0990229025,0.0803372413,-0.2703641951,0.2398255020,0.0989968777,-0.0688693300,-0.0996679962,0.1292675734,-0.2349407375,0.0869909748,-0.0073259375,-0.1208978742,-0.2411847413,-0.2660708427,0.0410582013,0.5716666579,-0.0855641216,-0.1004744694,-0.1217026263,0.0351336040,-0.0473272428,-0.0586447194,-0.1466882974,0.0204109196,-0.2190870494,0.0589791983,0.0856051296,0.0757962018,-0.2063164115,-0.3595518470,-0.0486402661,0.3222798705,-0.0017284808,-0.1612671912,0.4090504944,0.1175878495,0.1126101390,-0.1116352528,0.1115663722,-0.0146458745,0.1436889023,0.3469474614,-0.0916602314,0.2364892215,0.2713772953,-0.2016220987,0.0787689909,0.1125863791,0.1488517225,0.1082722470,0.4799769819,0.1521277875,-0.0089048389,-0.2262977660,-0.0577098280,0.0256668348,0.0134319430,0.6350328326,-0.0932549238,-0.0873859301,0.0785438791,0.1931362748,0.0933453515,0.1041365862,-0.0332503282,0.0445230566,-0.0101779746,-0.2018814981,0.0945122838,0.1563496888,-0.1268901676,0.1548904181,0.1280201226,0.1070805863,0.0426709391,0.0026440881
-0.0436815955,-0.0519070327,-0.1186673790,-0.1162339449,-0.0136224022,0.0523392707,-0.1736241877,-0.1809100211,-0.0025830267,-0.1208741143,0.1330332458,0.0195471402,-0.1195053756,-0.2418447584,0.1091290638,-0.1542971581,0.0998031348,0.2579542398,-0.1886048615,-0.0837782398,0.1019731909,-0.0310807042,0.0074309576,-0.1155061573,-0.1790291667,0.0196231119,-0.0144398576,-0.2130585760,0.0083650639,0.0362321250,0.0966715589,0.0059507280,0.1360615492,-0.1309248656,0.0403281748,0.0687969252,0.1287116110,-0.0264852736,-0.1072467864,0.0558479503,-0.2181841731,0.2018097937,-0.0410333499,-0.2225206345,0.1256999522,-0.0871170834,-0.1446631700,-0.0934249684,0.0027481918,-0.1156740189,-0.1283435524,-0.0025873575,0.1074075326,-0.3045680523,0.1622231454,0.0141805690,-0.0033200290,0.0907427296,-0.1600518525,0.1689149141,-0.1370975226,0.0186690353,-0.1825856566,-0.2310157865,-0.0761283562,0.0229158532,0.1450147182,-0.4175873995,-0.0456636846,0.0520425253,-0.0587048382,-0.0941448882,0.2289990932,0.0355141200,0.0559772961,-0.0406224020,0.0445272028,0.0583289638,0.0781162307,0.0272983145,-0.1718796343,-0.2416728735,0.0418640599,-0.1035394520,0.0295313522,0.0378008261,0.1284760088,0.1412731260,-0.0632465035,0.0866573900,-0.1996302605,0.0417378917,-0.0885130465,-0.0141326385,-0.0074352934,-0.0830740556,-0.0774898306,-0.1705131978,0.0745333210,0.0599122941
0.1926493496,-0.0240106266,-0.0021560923,0.0233454295,0.1353255957,-0.0038939435,0.0870842785,0.0331011899,0.1003086641,-0.0374856666,-0.0114579191,0.2767336667,-0.1183334813,0.0348240547,-0.0240674317,-0.1068981290,0.0695219934,-0.0110591110,-0.0713082552,-0.1240051463,-0.0536553785,-0.0124540580,-0.0969282538,-0.1356172115,0.0074658659,0.1043044105,0.0396522209,-0.1456696391,0.0520433262,0.1242979690,0.0631355047,0.0638574138,0.0357997678,-0.1522709578,-0.0254420042,0.0989973173,0.0085382545,-0.0008862286,-0.0424451083,0.0745059922,-0.0222997759,0.0199621636,-0.1723180264,-0.0040862449,0.1070639640,-0.0084839342,0.0093204714,-0.0577216335,0.0650601164,0.0747743100,-0.1381171495,0.1508970708,0.1032960936,-0.0767076612,0.0075322906,-0.2309478670,0.1010623574,0.0869607180,-0.0296128299,0.1694630384,-0.0780764520,-0.0046773641,-0.0157767218,0.0306776706,0.0343445130,-0.2499458343,-0.0131748272,-0.0154996263,0.0738791302,0.0683725551,-0.1300560832,-0.0182414353,-0.1031585783,-0.0270014312,-0.1325894892,-0.1107084826,0.1458861530,0.0397939831,-0.0390644372,0.0801438019,0.0358083248,0.0407091975,-0.1372251213,-0.1322423369,-0.0755357593,-0.1632293463,0.0283154789,0.0326155126,-0.0339457467,0.0571072027,-0.1660403758,0.0517921634,0.0593859404,-0.0182679649,0.1953768432,-0.0742867291,-0.0112577816,-0.1540232897,-0.1119932756,-0.1281880140
0.1223759800,-0.0846256837,-0.1255701780,-0.0320665613,0.2306400836,-0.0114530418,0.0394471101,0.0255813375,-0.0233570728,-0.1951018870,0.1263776720,0.1475908458,-0.1439992785,-0.0323993824,0.1118608043,-0.0136142215,-0.0599019863,0.0734626129,-0.1841012836,-0.0742010996,0.1319644898,-0.1332508028,-0.1065027267,-0.2405677587,-0.1568619460,0.1031831726,0.0723105371,-0.0615538917,-0.0355396979,0.1707811207,0.0520390049,-0.0379583389,0.2105110735,-0.2384675443,-0.0163465217,0.0510179885,0.0839306861,0.1798241287,-0.0270048119,0.1640287638,-0.1486062557,-0.0282043982,-0.0901642144,-0.0862156451,0.1037961468,-0.0318636410,-0.1852440685,-0.0099530332,0.1385179311,-0.0359740406,-0.2921587825,0.1134416163,0.1743213236,-0.0670468286,0.1053063497,0.1682005078,-0.0046095876,0.1173647270,-0.2844758034,0.1672228128,-0.1820676625,-0.1430195868,-0.0947593525,-0.1271569431,-0.0657909960,-0.0580580123,-0.0605762787,-0.0700122789,-0.0815164372,0.0677264929,-0.2580744624,0.0077470238,0.0075176395,-0.0402368605,-0.1392968297,-0.3101150692,0.1831263602,-0.0477771051,0.0714790747,-0.0230350327,-0.1667361557,-0.2563773990,-0.0339201950,-0.0163702630,0.0312059801,-0.0753631666,0.0605672412,0.1967235506,-0.1325551867,0.0502055101,-0.0296289660,0.0308947861,0.0186364762,-0.1697316468,0.2173486054,-0.2846134603,-0.0611031018,-0.2399531752,-0.1102253273,-0.3767829835
0.0452473536,0.0086013833,0.0262836609,-0.0023793958,0.1642723829,0.0256497599,0.0821824819,0.0413713492,-0.0703679845,-0.2211724669,-0.0991919786,0.2032917291,-0.1977064013,0.0290909242,0.0739950836,-0.0937073380,0.2163222581,-0.1408962011,-0.1283870190,-0.0152808111,0.0278244410,0.0184864905,-0.0062685586,-0.0643796325,0.0019527695,0.1634245068,-0.0697334632,-0.0029858931,-0.1629210562,-0.0637611002,-0.0169427525,-0.0764903426,0.1244779527,0.0311263520,-0.0530948937,-0.0066165617,0.0544866659,-0.1187886968,-0.2103803754,-0.0687335432,-0.1377482563,0.1132231653,-0.0227933042,-0.0847008824,0.0696129724,-0.0067571383,-0.0789081231,-0.1130689234,-0.0392905027,0.0719549730,-0.0725412443,0.0662373528,-0.0359635465,0.0555032268,0.0810664892,-0.1501256227,0.0938996673,-0.0484416224,-0.1204335392,0.0630228221,-0.1629143208,0.0521694496,0.0525397547,0.0049338625,0.1107635424,-0.0740776062,-0.1213104725,0.1383070350,0.0873294994,-0.0638970360,-0.0662868321,-0.1000861451,-0.0534932837,0.0055004363,-0.1088118628,-0.0070317597,0.0152157107,0.0298321489,-0.0044619450,-0.1216944605,-0.0167062450,0.2023719549,0.0222586170,0.0256503858,-0.0492464341,-0.0155513994,0.0966582969,0.0532862730,-0.1371453851,0.0049534864,-0.1252763122,0.0494050607,0.1153041273,-0.1330868900,0.0457178317,-0.1253632158,0.0683780387,-0.0831601471,0.1544826031,-0.2667836845
0.1497706771,0.0457415879,-0.0560433418,0.0076731103,0.1098003611,0.1147595495,-0.2140182853,-0.1202966794,0.1282123178,-0.1810972095,0.1257903427,0.1310477108,0.0159437787,-0.2906456590,0.0957880914,0.0442400351,0.0475733802,0.0421913676,-0.2390852123,-0.1776165366,0.0016111175,0.0207433924,-0.2334951013,-0.1623400748,-0.3282443583,0.1215554178,0.0734660849,-0.0695810169,-0.0349827521,0.0717453361,-0.0020025517,0.1356488913,0.0893725008,-0.2170007378,-0.0151918186,-0.0147422226,0.1417717338,-0.0031507972,-0.1369996965,-0.1258506328,-0.2517651618,0.1001245305,-0.1712401211,-0.2607825100,0.2081546783,-0.0954062566,-0.1388456225,-0.0917762145,0.0729439706,-0.0711772442,-0.1172606796,0.3012668788,0.1273980588,0.0689403713,0.0274057295,-0.0532255732,0.1959615648,0.1315614283,0.0584608093,0.1497326493,-0.2745248079,-0.0363961868,0.0049245656,-0.2009413540,-0.0233357251,0.1493793428,-0.0183099452,-0.1025751308,0.0125244418,0.1457516253,-0.3386554122,-0.0012647925,0.0201663114,-0.1848761886,0.2719472349,-0.0698258430,0.1872561425,0.0160871018,0.0670314357,-0.0210433323,-0.2282012254,0.2185526043,-0.1246513352,-0.0782110244,0.1112590656,-0.2262575030,0.0097911805,0.2276059836,-0.1565773785,-0.0440253057,-0.1920886487,0.1446054876,-0.0185528900,-0.2326032519,0.0921470374,-0.1022443622,-0.0248178728,-0.2163001150,-0.2421611547,-0.3915545940
-0.1850086302,0.2907539904,-0.1665476263,0.3204856217,0.0701121837,-0.0406334996,-0.1891927421,-0.0992402509,-0.0650749803,-0.4132680595,0.2174411416,0.0297280718,-0.2445443273,-0.0665451363,0.1155337840,-0.1234411821,-0.0992947072,-0.0384012125,-0.1135107279,-0.2213711888,-0.0480676554,-0.0088561811,-0.1521516293,-0.3854975998,-0.3341936767,0.4985325634,0.0504375026,-0.1846739352,-0.1113519669,0.0025340291,0.0926068276,0.0441248380,0.2741064429,-0.3857225776,-0.0197854787,0.0088857887,0.2235054076,0.2358108908,-0.3785317242,-0.1595665962,-0.0506912023,0.1565160304,-0.4196681678,-0.4516042173,0.3158930838,-0.1043520793,-0.2368705571,-0.2197927386,0.1223220453,-0.0509606227,-0.4184699357,0.5492593050,0.0172883291,0.2364154160,0.0632288605,0.1451817006,0.0983889997,0.0337707326,-0.2587252557,0.3035041690,-0.4015138447,-0.1315949708,-0.0483041480,-0.2568135560,0.0880936831,0.0803007334,-0.0829030797,-0.0602107942,-0.0936864465,0.1360775381,-0.3798212409,-0.1024238840,-0.0477701575,-0.1341925859,-0.0164837502,-0.1944450587,0.2920632064,-0.0421205461,0.1295377463,0.0948549882,-0.1639260501,-0.1216823310,0.0773721561,-0.1959630698,0.0051490688,-0.1860013902,0.1425236613,0.3306633830,-0.2365182936,0.0856422782,-0.2572391033,-0.0024353752,-0.0821008012,-0.6245409250,0.5958497524,-0.2181754857,-0.0249534231,-0.4295221865,-0.0528046116,-1.0003404617
0.0554807670,-0.0530134626,-0.1200337335,0.0286247823,0.2543663681,0.0810716003,-0.0002320081,-0.1166996211,0.0589537956,-0.0594527349,-0.0130351437,0.0524951331,-0.0417809375,0.0192763600,0.0276792850,0.0018272614,0.0228216611,0.0131517118,-0.0184150431,0.0008865863,0.0937973261,-0.0261382759,0.0009124444,-0.1221387386,0.0249193404,0.0699292049,-0.0472726673,-0.0689428970,-0.1941030771,0.1951612979,-0.1141793057,0.1115798131,0.1382109523,-0.1310729831,-0.0667106584,0.1028453410,-0.0082985293,-0.0070975311,-0.0293269400,-0.0479402207,-0.0675058588,-0.0676670671,-0.1135088205,-0.0112051284,0.1152821034,-0.0258099362,-0.0322064236,0.0456690826,-0.0485071726,0.0000878434,-0.1126318276,0.0267816652,0.1091176271,-0.0241918005,-0.0010658604,-0.0449333005,-0.0019101899,-0.0427968130,-0.0002395921,0.0375466235,-0.0482867584,-0.1151988953,-0.0713518262,0.0097006764,-0.0019223397,-0.0740393177,-0.1428102106,-0.0057042474,0.1263517737,0.0920285806,-0.1081755087,0.0712148696,0.0011647559,0.0115816360,0.0302732047,-0.0121139828,-0.0206189249,0.0435379557,0.0864152014,0.0267017223,0.0097146872,0.0707137436,-0.1512436271,-0.1262865663,0.0853155479,-0.2192002088,-0.0261937641,0.0412723720,-0.0115139820,0.0036529154,-0.1136705875,0.0038534950,0.0774866417,-0.1019395962,0.0721312165,-0.0265969168,0.0372892022,-0.0931020379,-0.0787228718,-0.0947985277
-0.0419862568,0.0953156501,0.0274038762,0.0157583654,0.2475795150,0.1362413764,-0.0579739213,-0.0265941098,0.0768444240,0.0128718615,-0.0006282464,-0.0289414525,0.0125587173,-0.0291065462,0.1370919496,0.0026985663,0.0626183301,0.0666933507,-0.0759977549,-0.0316634662,-0.0628857464,-0.0175533406,0.0224837735,-0.0736822486,-0.1127072349,0.0423917212,-0.0316590406,-0.0273737554,-0.1276394874,0.0949585587,-0.0476658568,-0.0189178362,0.0390686616,-0.0947327390,-0.0593594164,-0.0089934114,0.0590750948,0.0054905089,-0.0277783591,-0.0517975464,0.0388043188,0.0687268153,-0.0473724045,-0.0160498451,-0.0252975579,-0.1035186723,-0.1153275296,-0.0781386122,0.0948684365,0.0371456146,-0.0186116565,0.0026386844,0.1379975528,0.1117301062,-0.0479625612,-0.0087470114,0.0635515675,0.1056859270,0.0143164909,0.1332003623,-0.0840659589,0.0033132776,-0.1268210113,0.0235871207,0.1023744419,-0.0017378662,-0.0674120039,-0.0021077686,0.0928423554,-0.0155943288,-0.1417728066,0.0628256053,-0.0505205691,-0.0732117668,-0.0600315481,-0.1119047105,0.0479667559,0.0420520529,-0.0128082382,-0.0518703051,-0.1338318437,-0.0774341673,0.0523505323,-0.0413240790,-0.1007131413,0.0079938732,0.0368814170,0.0244770721,-0.0208822936,-0.0265038479,-0.1389816105,-0.0303750839,0.1501470506,-0.0591667704,-0.0256540440,-0.1893968284,0.0003291291,0.0405760817,0.1740620136,-0.0535851866
0.1653419137,0.1913917363,0.1705975831,0.0080703646,0.3118648231,0.0464343429,-0.0892109573,0.1253027320,-0.0109149199,-0.1210740283,0.0811904967,-0.0847232416,-0.3754554093,-0.1270265877,0.1024097279,-0.0487629697,0.1481277794,-0.1897379011,-0.0534513257,-0.3340527117,-0.2138293684,0.0594525971,0.0822178498,-0.3545732200,-0.1076977476,0.3031684160,-0.0889187977,-0.2197633088,-0.0058261245,0.0658327863,0.0237137172,-0.0422609337,0.2131375223,-0.0475715399,-0.1439641714,-0.0952256843,0.0968718007,-0.3645851314,-0.2103937268,-0.0619948842,-0.1381870508,0.1501105130,-0.1891001016,-0.2137652189,0.2197060138,-0.2160541564,-0.2200279534,-0.2182730585,0.1187589020,-0.1013638228,-0.1609099060,0.2048128396,-0.0106954370,0.1543054879,-0.0892293081,-0.1912258416,-0.1474789679,0.0577311963,0.0426409282,0.0819062218,-0.2675439715,-0.0564756319,-0.0800920129,-0.2094698995,0.3398399651,0.1205828488,-0.2149878293,0.2553180158,0.0463089496,0.0016886347,-0.1881406754,-0.0007364048,-0.0387592316,-0.1476270109,0.1596941650,0.0201787800,0.2268070430,-0.0178568382,0.2688972950,-0.0260923970,-0.0583532080,0.5578768253,0.1072215140,-0.1516554207,-0.1135541648,-0.0705569461,0.1414987296,0.1117209941,-0.2741620839,-0.1369217932,-0.3580301702,0.1169168353,0.0937601253,-0.1611813158,0.3627299368,0.0204187836,0.1422366202,-0.3056776524,0.4711281955,-0.5081418753
0.1725887656,0.0479119495,-0.1564699560,0.0694703162,0.2051833421,-0.0991937667,-0.1408322453,0.0153523851,-0.0412505046,-0.2520168424,0.0570023954,0.0684854388,-0.2312281728,-0.1388990581,0.0208499506,-0.0684814751,-0.1334944516,-0.0102785258,-0.2088020593,-0.0514762662,-0.0382060371,-0.0276954267,0.0388524123,-0.2364543676,-0.1607452482,0.1994244456,0.0361579545,-0.1754422188,0.0564652681,-0.0774232820,0.1022118777,0.0286483560,0.0702124238,-0.1854685247,-0.0987667963,-0.0323316269,0.1625492424,-0.0188528970,-0.1723172367,-0.0308239348,-0.0875645801,0.1307680160,-0.1778731197,-0.1213046089,0.3051027060,-0.0915442780,-0.2206868529,-0.0673748702,0.1303092241,-0.0378849879,-0.1702834964,0.3137183487,0.1408051699,0.1169626787,-0.0189940240,0.0666489154,0.1130413786,0.1282353103,-0.0673952550,0.0799485445,-0.1132668331,-0.0551002994,0.0105656441,-0.1975707263,-0.0645740032,-0.0026821711,-0.0472232997,-0.0474409126,-0.0684688166,0.1208581105,-0.2727714479,-0.1560517699,-0.0322152227,-0.1060847044,0.0383513756,-0.1753707081,0.1068954840,0.0985456258,0.1315005869,-0.0661625713,-0.0415992662,0.0702129751,-0.0637813061,-0.0356787741,0.0144715719,-0.1378752589,0.1646863520,0.1754086316,-0.2226414829,-0.0711673796,-0.0905601233,0.1638065279,0.0723638609,-0.1860398799,0.2688459158,-0.1654621959,-0.0275724903,-0.1278746277,-0.0529010482,-1.0845781565
0.2060848325,0.0529309846,-0.2434364408,-0.0161701199,0.2202488780,0.1978542954,0.0332838409,-0.0652765930,0.2228013724,-0.2157702893,0.0998244509,0.4021641612,-0.1986105144,-0.1048199907,0.2308854163,0.0728861168,-0.1291621029,-0.0048496444,-0.2915987074,-0.2753787041,0.0126286205,-0.1657581031,0.1452971250,-0.0356264971,-0.3031961918,0.2362145782,0.0993169472,-0.1278830767,-0.0845819712,-0.2427693754,0.0391478017,0.0678110793,0.0907550305,-0.0268423595,-0.1073060259,0.1202840880,0.0568542928,-0.0194807071,-0.1958302259,-0.1107207239,-0.0019754088,0.0555977188,-0.2440161407,-0.2110513300,0.1575039923,-0.1960620135,-0.0953485146,-0.2232792825,-0.0464729406,-0.0221570395,-0.2256770730,0.3631118536,-0.0621819608,0.3060441017,0.0335182957,0.0374105014,0.0882306173,0.0608465075,-0.0496045537,0.2749559283,-0.2344095260,-0.1517094970,-0.0605438538,-0.1309255213,-0.1813639402,0.1518683285,-0.0561563857,-0.0543635003,0.2540423274,0.0100955302,-0.0907610506,-0.1087880582,0.1757472754,-0.0603647828,0.3005071878,0.0660018772,0.2631593347,-0.0553493537,0.1320604682,0.0603917502,-0.1314641535,0.0743015856,-0.0887082890,-0.0870571509,-0.0168173593,-0.2191303223,0.0629978478,0.1300686300,-0.2036179751,0.0316524804,-0.1018108949,0.1391112953,-0.0261769053,-0.2299988866,0.2528888881,-0.1851426661,-0.2235681266,-0.2887952030,-0.2829515934,-1.0870380402
0.0114341993,-0.0219250955,0.1080686375,0.0384652540,0.1924753636,-0.0001101921,-0.0474761352,-0.0007946736,-0.0318710878,-0.0626747981,0.0861924216,-0.0216034241,0.0733594075,0.0200783107,0.0540616475,-0.0271748379,0.0424156711,0.0595555119,0.0392302610,-0.0841325596,-0.0718345270,-0.0139030162,0.0899798423,0.0090216268,-0.0524650365,0.0295100287,0.0474020243,0.0167286843,-0.1778040826,0.0093398159,0.0603092760,-0.0211654641,0.0925777406,-0.0101348711,0.0106782699,-0.0520922430,-0.0154763144,-0.1412158459,-0.1283635199,0.1060667783,-0.1282197982,-0.0278915949,-0.0915260613,-0.1271367371,0.1462479830,-0.0434998497,0.0134532470,0.0016049232,0.0056061409,0.1035870016,-0.1103489324,0.0833014399,0.0690649971,0.1619497687,-0.0630397797,-0.0035240338,-0.0485436730,0.1220351905,0.1011356339,0.0886126608,0.0489819683,-0.0590821579,-0.0410933122,-0.1221509799,0.1330612898,0.1204314753,0.0288097244,-0.1951613128,0.0042031682,-0.0028849461,-0.1362415999,0.0674184337,0.1143295914,0.0395841449,0.2054557204,0.0097199492,0.1647989899,-0.0184132550,0.0044178423,-0.0737800449,-0.0105654188,-0.0136789856,0.0562401041,-0.0580389276,0.0102726901,0.0881574079,0.1715912819,0.0672427863,-0.1406371295,0.1338812858,-0.1465187967,-0.1074971557,0.0868151262,-0.1326255202,0.0841116905,-0.0152341342,0.0824337080,0.0449233539,-0.0015176934,0.1172443181
0.2133273482,0.0029756366,-0.0285471380,0.0829958320,0.4930832684,0.0782986954,-0.0515075698,0.0984380171,0.0103096273,0.0000014580,-0.0930925161,0.0783682540,-0.0301710237,-0.0693481788,0.0421436206,0.0360483602,0.0899915248,-0.0239514355,-0.0204035155,-0.0233875420,-0.0291693378,-0.0749325305,-0.1047822982,-0.0150729688,-0.0725732520,-0.0294844508,-0.0075926082,-0.0084653590,-0.0997699574,0.0798337981,-0.0599045120,-0.2116529644,0.0824431702,-0.0811871588,0.0356226489,0.0146890646,-0.0125024458,0.0129537862,0.0509698167,0.0641944110,0.0092610912,-0.0271626413,-0.0892185941,-0.0203114022,0.0405114293,0.1162060425,-0.0441054814,0.0163147748,0.0348892510,0.0481829382,-0.0430418029,0.0831936598,0.0157253556,-0.1808179170,-0.0181316957,-0.1551076919,-0.1115459725,0.0648380890,0.0551302806,0.0733500198,-0.0959290266,0.0213683657,0.0014958023,-0.1026980802,-0.0989316031,-0.2992528379,-0.1156002432,0.1183270961,0.1942783743,0.0041842647,-0.1037142947,-0.0830166414,-0.1351006031,0.0107457805,-0.2907458246,-0.1017950997,0.0617229156,-0.0185047481,-0.0509825982,-0.1447990239,-0.0425202809,-0.1269687265,-0.0669201985,0.0480228625,-0.1766552478,-0.0801583156,0.0416331291,-0.0134132570,0.0158677027,0.0299776942,-0.0672324374,-0.0086125685,0.2154023945,-0.1007748246,0.0647642836,-0.0137363877,0.0793829858,0.0053932499,-0.0339170955,-0.0813084096
0.1022044048,-0.0075807250,0.0428984948,0.0375228934,0.2184027582,0.1130484864,-0.1319090724,-0.0428003110,-0.0356753692,0.0661901608,0.0402827412,-0.0399851538,0.0242252704,-0.1339643598,-0.0113068204,-0.1410750300,-0.0810118541,0.1315464079,-0.1085078716,0.0401988961,0.1672139913,0.0312843882,0.0592553578,-0.0438522436,-0.1076427773,-0.0061926250,0.1098396182,-0.0820227265,0.0515820086,-0.0675317347,0.1061520949,0.0850678533,-0.0113322502,-0.1225891560,-0.0291596148,0.0564797558,-0.0417907275,0.0786453635,-0.0256561302,0.0652029961,0.0616977438,0.0740945116,-0.1065480262,-0.0510058999,0.0394829549,-0.0937044397,0.0572260879,-0.1046775654,0.1162921637,0.0705358833,-0.0091798669,0.0140208388,-0.0490438864,0.0893721879,-0.0072432174,-0.0031807560,-0.0590333082,0.0967836976,0.0074226549,0.1205364391,-0.1459960192,0.0273835976,0.0320549607,-0.0663138628,-0.0862704143,-0.0070502306,0.1389493346,-0.0153135452,0.0791622996,-0.0475375205,-0.0993980542,0.0598230138,0.1002435014,0.0706553832,0.0926422551,-0.0193264689,0.0978447199,-0.0134563791,-0.0633764863,0.0403302647,-0.0934995562,0.0004180356,0.0052339137,0.0353686996,-0.0048006917,-0.0095235044,-0.0168070365,-0.0616423301,0.0896723643,0.1176395193,0.0112194214,0.0906677321,-0.0514166057,-0.1164853200,0.0065520485,-0.0475881882,-0.0829909369,-0.0904722810,0.0014666100,0.0590300821
0.0080052344,0.0408015810,-0.0053638518,-0.1085808724,0.1948505789,0.0674145669,-0.0788625479,-0.0760741904,-0.0546265505,-0.0619875081,0.1026615873,-0.0617948063,-0.2713024914,-0.0050978968,0.0791836455,-0.0676210597,0.0570499487,0.0447192304,-0.0252088010,-0.0851888582,0.0902395844,0.0039130631,0.0041709277,-0.1338606030,-0.1672822237,0.2815485001,0.0585047640,-0.0924322456,-0.0514291786,0.0824986175,0.0270176604,-0.0960284844,0.0747788474,0.0121935960,-0.1116632894,0.0018311000,-0.0241675582,0.0343121178,-0.1815056354,-0.0408660732,-0.0607145354,0.0855855867,-0.0793191344,-0.1479456723,0.0683127195,-0.1157297269,-0.0662958398,-0.0809502378,0.0955235362,0.0217288621,-0.1643918753,0.1515247524,0.0222643148,0.0444665477,0.0594402589,0.0707799941,0.0296263602,0.0981158316,-0.0129062925,0.1469170302,-0.2073764950,-0.1324596256,0.0245565493,-0.0334676169,0.0370288007,0.0569657348,-0.1488456428,0.0924245417,-0.0962203294,0.0238247886,-0.1486491412,-0.1390258819,0.0718409941,-0.1352128536,-0.0406070314,-0.1742364466,0.1110793501,0.1117433086,0.0196289439,0.0469714068,0.0072267549,0.0041193548,0.0019686560,-0.0559855774,-0.0604576208,-0.0082472991,0.0370904282,0.1479424387,-0.0745539218,0.1019310653,-0.1527092457,0.0611062199,-0.0116980355,-0.2218864262,0.2166058421,-0.1909878850,-0.1078557298,-0.0616613887,-0.0187483244,-1.1455551386
0.0485974811,0.0190617200,0.0060961870,0.0535630435,0.2020724565,-0.0773069933,-0.1094742343,-0.0119858915,-0.0204775706,-0.1333786994,0.0438800082,0.1127583012,-0.0848086029,-0.0804841816,0.0081586223,-0.0758574009,0.0694761798,0.0810085908,-0.0849127024,-0.0835981667,-0.0384602025,0.0191718154,0.0906112194,-0.1647221297,-0.0650481954,0.0453965403,-0.0133530581,-0.1077568382,-0.1299530715,-0.2125736326,0.0595659614,-0.1129238307,0.0565784462,-0.0348546132,-0.1048720554,0.0197418965,-0.0341157466,-0.0639744624,-0.1544548571,-0.0193344690,-0.0804860145,-0.0574023388,-0.0675736591,-0.0983077735,0.2051903307,-0.0528478548,-0.1535037309,0.0015576220,0.0194257535,0.0425711162,0.0089732204,-0.0157828555,0.0681954026,0.0394281968,-0.1052147895,0.1026703417,0.0450932831,0.0313978568,-0.1234303489,0.0645499825,-0.0876677632,-0.2011233568,-0.1354185045,-0.0727649853,0.0852038711,-0.1154534146,0.0270137470,-0.0893642083,0.0706651136,0.0590621978,-0.0162456334,0.0816309229,-0.1235411167,-0.1554125249,-0.1355004013,-0.1758901030,0.1057438701,-0.0653586388,-0.0095956987,-0.0490494110,0.0811936632,0.1900207400,-0.1014596820,-0.0943266824,0.0900051817,-0.1185506880,-0.0547435731,0.0508462377,0.0310904738,-0.0333698802,-0.0765025765,-0.0351265669,0.0324572325,-0.0079317186,0.2350260019,-0.1598575562,0.0070832316,-0.0890166163,0.0513343327,-0.1599645764
0.2564709783,0.2078282833,-0.3770056367,0.1397092193,0.0901207104,0.1261038780,0.0721721575,-0.1693411618,0.0707600415,-0.0661283433,0.0976692140,0.3571965396,-0.0926302448,-0.0598688424,-0.0252611414,-0.0937088579,-0.0583561249,-0.0291425064,-0.0638068989,-0.1563804150,0.1260742843,-0.0591782033,-0.0900179073,0.0183611643,-0.2086912245,0.2253915668,0.0819030926,-0.1498071551,0.1172883660,-0.1589913517,0.0195436589,0.0672286004,0.1143909693,-0.0275485050,-0.1504743546,0.0018064143,-0.0458104834,-0.0341178812,-0.1608845443,0.1565821469,-0.1208572388,0.0719609708,-0.2425138205,-0.0698358342,0.0921886563,-0.1276830882,-0.0951352790,-0.0188118834,-0.0809732527,-0.0409644917,-0.1519208997,0.3518293202,-0.0639297590,-0.1328427345,0.0287160184,-0.2887062132,-0.0402009450,-0.0041587632,0.0472417511,0.1518729478,-0.1744870692,0.0289251767,-0.0335833319,-0.0664378107,0.1025487855,0.0131197162,-0.2011939287,-0.0627110079,0.1217088476,-0.0231339056,-0.1125184596,-0.0808055401,-0.0310677644,-0.1483554393,0.0650243163,0.0558198281,0.0029407165,0.0044819377,0.2360642105,0.1252727062,-0.0422913581,-0.1922824234,0.0297479145,0.0063884691,-0.0728266463,-0.0680250898,0.0640291423,0.0375349373,-0.0749033988,0.0501611643,-0.1348292232,-0.0163227767,-0.0151721155,-0.2273722589,0.3526612222,-0.0605702922,-0.1419879198,-0.1535852700,-0.2065114677,-0.5902528763
0.1941125542,0.1736472398,-0.7352370620,0.0390308574,0.0173192248,0.3605098128,0.0460250229,-0.2792075872,0.2758928537,-0.1216076687,0.2256757170,0.4885503948,-0.1079471707,-0.0542934351,0.1329111308,-0.1132132635,-0.3054018617,0.0290640276,-0.1671995521,-0.0768072680,0.1939515918,-0.1682638526,-0.0249076057,0.1219687983,-0.0654564425,0.0466282666,-0.0768411458,0.0765719935,0.0652203485,0.2780487537,-0.0147637567,0.0029081516,0.1218335032,-0.1503350139,-0.1070323363,0.0860077888,0.1203927845,0.1456886530,-0.1273488104,-0.0010944837,-0.1260226518,0.2604055107,-0.0901953653,-0.1259071529,0.0692642704,-0.0634731576,0.0692193359,-0.3183815777,0.1557402313,-0.0284891929,-0.0382001102,0.0529638343,0.1132180318,0.5695601702,-0.0220020730,0.4353237152,-0.1208422557,0.0304000396,-0.1848214269,0.0232987124,-0.2066382766,-0.1685253829,-0.0261406694,-0.0380173884,-0.2905531824,-0.0426714160,-0.1446848810,0.0529037826,0.1575942636,0.0541896001,-0.0694239065,-0.2869462371,0.0439755023,0.0241139736,0.0646849424,0.0039315652,0.0831060931,-0.1012127846,0.2670563757,0.0908695236,-0.1928439438,0.1685639322,0.2678034902,-0.0763659999,-0.1190990806,-0.4389851689,-0.0472638123,0.0445067883,-0.0086269761,0.0544128753,-0.0765454844,0.1546333879,0.0024717501,-0.1881143451,0.0823428184,-0.1158531085,-0.4368506074,-0.1092803702,0.1662708819,-0.2470168918
0.0665541962,-0.0872315988,-0.1188271642,-0.2718571424,0.2007551640,0.1168486103,-0.0290749446,-0.0698010921,0.1521583796,-0.3142615557,0.1681092530,0.1492134780,-0.2932257950,-0.1082016379,0.1664447784,-0.1585159451,0.0259681176,0.0742371753,-0.0445179716,-0.1979304701,0.1063483953,0.0435579419,-0.0924618468,-0.2049552798,-0.2746543586,0.3293640018,-0.0215295795,-0.0899868831,-0.1699641943,0.0380896628,0.0314853564,0.0597825348,0.2390836626,-0.1297868639,-0.0825482458,0.0893931165,0.1966369748,-0.0691027939,-0.2117849886,-0.0215435978,-0.0581449941,-0.0113230785,-0.3166219890,-0.1395769119,0.1764956266,0.0023554338,-0.2480868250,-0.0974385664,0.0788609013,-0.0365092568,-0.2392548174,0.3383056819,0.0675561577,0.0721291378,0.0907001719,-0.0126925148,0.0064283875,0.0076646935,-0.0082027195,0.2795880437,-0.2019375563,-0.1015260890,-0.0394091643,-0.2801305950,-0.1529128253,-0.0393652953,0.0332369581,-0.1280893683,0.0704650879,0.0585927181,-0.1740578413,-0.1057953089,0.0947707966,-0.2540387511,0.0653150305,-0.1608886272,0.0968763977,0.1199216768,0.1473055333,0.0429583974,-0.0399481580,0.1240919232,-0.0494820252,-0.0969827399,0.1211849451,-0.1575207859,0.0211848579,0.1383766234,-0.1525550783,0.1384452879,-0.1172893122,0.0838503093,0.0701685622,-0.3312341571,0.3634551764,-0.0929805860,-0.0311784223,-0.1728768349,-0.0338189304,-0.6467018723
0.4092580080,0.1606638432,-0.2324742973,0.1255979836,0.2367620468,0.1824961752,0.1062766388,-0.1009648442,-0.0559957288,-0.3059051931,0.0711500123,-0.1798751950,-0.3867216706,-0.0833012015,0.0292150453,-0.1381330192,0.0770115778,-0.1333663017,-0.1065292135,-0.1989518553,0.0665667355,-0.0269238949,-0.0601329096,-0.3858762383,-0.1057791561,0.3016338944,-0.0832321420,-0.2236510366,-0.0311956890,0.3216847479,-0.0617825538,-0.1825523674,0.2500338852,-0.1620292962,-0.0908813253,0.0270333979,0.0962380171,-0.0739023909,-0.2380028963,0.1622797549,-0.1469399929,0.0356045626,-0.1859740764,-0.2702102661,0.1496917754,-0.0885103717,-0.0871673226,-0.0550392978,0.0629929975,0.0148606822,-0.1911903769,0.2917704582,0.0638957173,0.0196127202,-0.0935405046,0.1372912377,0.0387283973,0.0942166820,-0.0369615443,0.1182342246,-0.2194766849,-0.1658702344,-0.0450951159,-0.1975164860,-0.0489155911,-0.0363628753,-0.1710859835,0.2684751749,0.0709907636,0.1827494651,-0.2560474277,0.0370280966,-0.0789134651,-0.1448598504,-0.2199241966,-0.2890208066,0.1822476536,0.1734806597,0.1567191482,0.0598787591,-0.1789438725,0.1429634690,-0.0552495159,-0.1306462735,-0.0033675674,-0.3398330212,0.1392479837,0.1403333992,-0.1927048862,0.0778254494,-0.2406431288,0.1953032166,0.0853580385,-0.2873662710,0.3013144732,-0.2382777780,-0.0330069587,-0.3441482186,0.1018538699,-0.8955761194
0.1612433344,-0.0890592560,-0.1034898907,-0.1006453410,0.0367376506,0.0193061847,-0.2251687795,-0.0374076962,-0.1402545124,-0.2333061248,0.1569731534,-0.1489271969,-0.1149017215,-0.2628967464,0.1337199062,-0.1937212497,0.0407734849,0.1005549282,-0.1528072059,-0.0521338657,0.0570136756,0.0272591449,-0.0396207497,-0.2402747571,-0.3304872513,0.2562463284,-0.0006532177,-0.0758514330,-0.0734052807,-0.0726845115,-0.0184603482,0.0135940071,0.1799522042,-0.0733409598,0.0185621064,0.0962175503,0.1294287294,-0.0881340802,-0.1907603592,0.0568149984,-0.2017775476,0.1285307854,-0.1735414118,-0.1533100456,0.2909170687,-0.1597768962,-0.1082176939,-0.1628567129,-0.0070601329,-0.0162182469,-0.1585262120,0.0980697572,0.0548817180,-0.0210043918,0.1164885163,0.1770921201,0.0060147238,0.1640684009,0.0045005083,0.2720753849,-0.2054195106,-0.0710383058,-0.1368021071,-0.1514272541,-0.0204435661,0.1406967938,-0.0526288450,-0.1223540083,0.1044603735,0.0277752317,-0.1348092556,-0.1618190706,0.0102010667,-0.1224708483,0.0746678412,-0.2623349428,0.0834729820,-0.0179880448,0.0581942685,0.0689776763,-0.1547257900,0.0238993019,-0.2211645842,-0.1149526611,0.2019593120,-0.0099393288,0.1838779598,0.1110145375,-0.1657100469,0.1073369086,-0.2169879079,0.0954157412,0.0720548630,-0.1971175373,0.2392090112,-0.2189059108,-0.0578504577,-0.1164859310,-0.0604328215,-0.2822911739
0.1897498667,-0.0922354460,0.1645499319,0.0553908944,0.2542364895,0.0573775023,-0.1437535137,-0.1396621913,-0.0911729261,-0.2027552426,0.0096250176,-0.1222025678,-0.2039690763,-0.0246722829,0.1223392412,-0.0841295943,0.0652229488,-0.0696344152,-0.0360385999,-0.0821766183,0.0106263217,-0.1368746161,-0.1207465380,-0.1788260788,-0.2737017870,0.1300767809,0.0760364532,-0.0973597765,-0.0971787944,-0.0839396566,0.0507283211,-0.0611389652,0.2158305645,-0.1542179435,-0.0272944998,0.0751427561,0.0956476852,-0.0336590260,-0.1760594696,0.0300516319,-0.1183426157,0.1971472651,-0.1739902496,-0.1890268177,0.1532841772,-0.0327762477,-0.0473039560,-0.1205162555,0.0643599331,-0.0521100722,-0.0797230229,0.1091435403,0.1146625802,0.1831683218,-0.0095668174,0.0242153760,-0.0146517614,0.0829567760,0.1126026213,0.2357322872,-0.2534300685,-0.2276719064,-0.0169400368,-0.1778288186,-0.0045961230,-0.0178559255,-0.0808094665,-0.1329740286,0.1739747226,0.1507375538,-0.1929929554,-0.2119389176,0.1423886567,-0.0624156110,0.0860138834,-0.1808628440,0.0848210379,-0.1191524714,0.1761294901,0.0147275981,-0.1579822302,0.1691713780,-0.0142286234,-0.0714313090,0.1600213647,-0.1780829728,0.0840944350,0.2251966000,-0.2225605100,0.1278592050,-0.1338097751,0.0262324531,0.1176275909,-0.1510552615,0.1927300990,-0.0581336766,-0.0648908392,-0.1067233160,-0.1224451959,-0.1446705312
0.1538321525,-0.0708274841,-0.0393592082,0.0288659595,0.2461588979,-0.0414337777,-0.1106493920,0.0038685447,-0.1425021738,-0.3126399517,0.1233921722,-0.0993787199,-0.0899639353,-0.1545999497,0.1192424223,-0.0807444900,-0.1994020641,0.1175182611,-0.1609706879,-0.0541367382,-0.0301292390,0.0289409142,-0.0637599155,-0.1101127714,-0.1647169143,0.2160224766,0.0823226348,-0.1755213290,0.0518451370,-0.0206490811,-0.0329787135,-0.0795340985,0.2347286642,-0.3285402060,-0.0775141194,-0.0418435894,0.0799189210,0.1559185833,-0.2021838725,-0.0326234363,-0.0192910507,0.1087166667,-0.0962188840,-0.0451730043,0.2108761966,-0.0699319169,-0.1414305419,-0.1014779881,0.0883462727,-0.1117544770,-0.4036402106,0.2056743056,0.1260913312,0.0507934988,-0.0506328419,0.1845674664,0.0237248912,0.0077155437,-0.2393713892,0.0729141757,-0.2172634304,-0.1436152458,0.0256237295,-0.1177411303,0.0404361561,-0.0100891283,0.0784582049,-0.0875733346,0.0929487646,-0.0035754950,-0.1323815137,-0.0996496379,0.1362629086,-0.0359737612,-0.1824858338,-0.2036151737,0.2768049538,0.0615870133,0.0296047516,-0.0365445577,-0.1571014524,-0.2961598039,0.0312219188,-0.0851140842,0.1363539994,-0.0472076535,0.0717499703,0.2315307707,-0.2453575581,0.0538762361,-0.0956293792,0.0975887105,-0.1395127773,-0.2674912810,0.2395152003,-0.2733371258,-0.0209269766,-0.1433267742,0.0417227298,-0.8037962914
0.2172116190,-0.0645537227,-0.0790287852,-0.0710115656,0.0897136256,0.0903475359,-0.0737867504,-0.0393442251,0.1117242277,-0.1609373987,0.2105620950,0.1655842662,-0.3868543506,-0.0378504768,0.1379025429,-0.2123976052,0.0037932426,-0.0541945957,-0.0518285520,-0.1970470697,0.0242851544,-0.0790468156,-0.0012458870,-0.1200202480,-0.2520575225,0.3489259481,-0.0229947958,-0.0579117760,-0.0313761160,0.0243051369,-0.0398542993,-0.1151880175,0.1712279767,-0.2160835415,-0.2153218836,-0.0593693815,0.0941172689,-0.0508598275,-0.1970202476,0.0371265635,-0.1107229963,0.1234867573,-0.2436251491,-0.1013061702,0.1434577852,-0.1144818664,-0.0896087885,-0.2132280767,-0.0503872819,0.0561250411,-0.2911718786,0.1870647371,0.0537180007,0.1198667064,0.0492161326,0.3625453711,0.1383706480,0.0172751956,-0.0879322514,0.1975164413,-0.0736828446,-0.1216515750,-0.1225702390,-0.0856772587,0.0103314659,-0.0353205055,0.0212700404,-0.0270948652,0.1448622942,0.0509971976,-0.2957264781,-0.1112196892,-0.0371445529,-0.1413827091,-0.0810874626,-0.2207495421,0.1805398762,0.0859813839,0.0806804821,-0.0803459510,0.0410039835,-0.0666350648,-0.1539232880,-0.0235644132,-0.0740762427,-0.1368018091,0.0024697885,0.1591841578,-0.2551641762,0.0632205680,-0.0897878557,-0.0015819005,-0.0358953141,-0.3209165633,0.4895974696,-0.1339853555,-0.1174170077,-0.1578334272,-0.1016919985,-0.7536323071
0.1041562408,-0.1085197628,-0.2313490808,0.0474996418,0.1307760179,0.1668649614,0.0056139524,-0.1290811896,0.1156394407,-0.1647987962,0.0726239905,0.0749416202,-0.1176354364,-0.1092043743,0.0972250775,-0.1662055999,-0.0720089972,-0.0612917133,-0.1873505861,-0.1878366470,0.0994734988,0.0436669700,-0.0892066434,-0.0385277607,-0.2095357031,0.0614227057,-0.0061039333,-0.1525345147,-0.0034264564,0.3134475946,0.0949200168,0.1079772264,0.1699948758,-0.0720962211,-0.2122796774,0.0645200014,0.2209720910,0.0012794354,-0.1643148065,-0.0083663734,-0.1382306814,0.0385200158,-0.1712918580,-0.0609261282,0.1193393916,-0.0748698935,-0.1310913861,-0.0726138279,0.1601142287,-0.1306229234,-0.1124454513,0.0201448202,-0.0074574430,0.1940052062,-0.1105392128,0.1455717385,0.0969959274,0.0677083731,-0.1959239244,0.0721881092,-0.0903068557,-0.0171650909,-0.0883966833,-0.0799807906,-0.0822282806,0.1509418041,-0.1494623125,-0.0151030803,-0.0043294779,0.0528903753,-0.0750667453,-0.1370742172,0.1249208450,0.0034807178,-0.0339044705,-0.2180946320,0.0805697069,0.0977015123,0.1082880497,0.1365650296,-0.1701466590,-0.0205325447,-0.0644758716,-0.1885518730,-0.0870689303,-0.2654252052,0.0673277006,0.1571652591,-0.1169487983,0.0908827558,-0.1043116674,0.1052190885,0.0116733285,-0.1614697725,0.1543764025,-0.0647662729,-0.1019214839,-0.1449760646,-0.1150680780,-0.0803778917
0.2274988592,0.1265877783,0.0998502895,-0.0678111166,0.2493454218,-0.2002404332,0.0615706295,0.1781528592,-0.3165098429,0.0446014963,-0.0705057532,0.0508953631,0.0894048288,0.0746455044,-0.1224252582,0.0891681388,0.0416168086,-0.1985358298,0.0152835054,-0.1047727019,-0.2699786425,0.1255277991,0.1071020812,-0.2674776018,-0.0944470465,-0.0317284502,0.0103426129,-0.0610930994,-0.0444182232,-0.0833654851,-0.0831753165,-0.1356960535,-0.0316874012,-0.0070624040,0.2229223996,-0.1706619114,-0.1416132599,0.0678812563,-0.0640754327,-0.0074936408,0.1402077675,-0.0455516055,-0.0228053015,0.0859888121,0.0384307131,0.0922418833,-0.0746329650,0.2513715029,-0.1541693211,0.1936152428,-0.1103416532,0.1001150906,-0.1030347198,0.0448097810,-0.2727288902,0.1413609833,-0.1402722299,-0.1001192257,-0.3277108371,-0.0363585390,-0.1452401131,0.0624243133,0.1751582325,0.0032718438,0.1435684860,0.1196243390,0.2609757185,0.0274997763,-0.3389129639,-0.1844247878,-0.0769386217,-0.0091710035,-0.0391390808,0.1403954774,-0.1642778516,0.0828435421,0.0841120183,-0.0888653398,-0.0245530959,-0.1362972856,-0.0009972653,0.1557632685,0.1049382538,0.1412403286,-0.1323404610,0.1960242093,0.0696920902,-0.0708968714,-0.1136758775,-0.2265748978,-0.0840765685,0.1013948172,0.0175019521,-0.0023571854,0.0666426718,0.1105641648,0.1560610086,-0.1320028305,0.7037290335,-0.4521881044
0.1700058281,-0.0430300459,-0.0548018515,-0.0381706655,0.2092985660,0.0848740637,0.0445663892,0.0981887951,-0.1053953022,-0.0393420756,0.0905896872,-0.0615972914,-0.0003842180,-0.0885474980,0.0268632565,0.0129741421,0.1244808957,-0.0442293920,0.0092429770,-0.0724871084,-0.0263030976,0.0720140263,-0.1029625833,-0.0752402321,-0.1170028374,0.1006517932,0.0847843513,-0.0777971596,0.0185680855,0.0354130976,-0.0111057274,0.0360852741,0.0341905430,-0.1257381588,-0.0241094492,-0.0717313960,0.0309589263,-0.0161403846,-0.1206107661,-0.0009198664,-0.0115061887,0.1123458073,0.0468625911,-0.0045617549,0.1677967608,0.0785670877,-0.0065686218,-0.0559163801,-0.0030040219,0.0588082410,0.0050249482,0.0732410401,0.0817730054,-0.0216948614,0.0541667901,-0.0762747228,-0.0780899152,0.1062335968,-0.2183637023,-0.0062284018,-0.0575527735,-0.0029061662,-0.0363005027,-0.0688578114,-0.1082483977,0.0976311713,-0.1807800233,-0.0378536247,-0.0880832449,0.1028006598,-0.0866227001,0.0233439784,0.0561654903,-0.0073569492,-0.0902940333,-0.0341432653,0.1036170721,0.0293284431,-0.0742593780,0.0299165770,-0.0620642006,-0.1412306726,0.0051543461,-0.0223886278,0.0496428795,-0.0508033969,0.1448238343,0.0833909512,-0.0089655546,0.0158044491,0.0529037379,-0.0466215014,0.0936748162,-0.0174012370,0.1416286379,-0.1015784889,0.1133210137,-0.0667518005,0.1088810638,0.1040992886
0.4684334099,0.5345680118,-0.5129064918,0.5840722322,0.2482028455,-0.0647942498,0.0554360710,-0.0523694828,-0.1345522702,-0.4154527783,0.3029680550,0.2395809144,-0.5852096677,0.0456045680,0.1961742938,0.0025225484,-0.0029277767,-0.0768716335,-0.3580293357,-0.4740290344,0.1004117951,-0.1013882980,-0.0102373101,-0.2381926179,-0.3171326518,0.3819029927,0.0062043415,-0.0894368961,0.0539432056,0.0915878192,0.0442476757,0.0387368239,0.3013696373,-0.3074996769,-0.2786841691,0.0230586994,0.3369144797,0.2654563189,-0.5131949186,-0.0342607498,-0.1419278532,0.2508697510,-0.2327444106,-0.3789006472,0.4755419493,-0.1387041658,-0.1202443466,-0.4067859054,0.0095083341,0.0106238602,-0.3618373573,0.4274484813,0.1816682518,0.1149820164,-0.0252194498,0.0182329305,0.0660337135,0.1073495001,-0.3462112248,0.3704168200,-0.4206920564,-0.2164770216,-0.0293039959,-0.2721600533,0.0548555590,-0.0570064783,-0.1899251491,0.2354384214,-0.1312461644,0.1392854452,-0.4303389192,-0.1510217488,0.1245093793,0.0150768133,-0.1120352969,-0.2311671823,0.2913580239,0.0231240485,0.3814800382,0.1714355797,-0.1727156490,-0.5043613315,-0.0170015115,-0.0972735956,-0.0249443650,-0.0971501619,0.1429343373,0.4232352972,-0.3741699755,-0.0130393151,-0.4230605960,-0.0088780774,0.0483780392,-0.6314415336,0.5640500188,-0.2396374792,-0.0236274619,-0.4438006580,-0.1895016432,-1.1596708298
0.1443616003,0.0403564349,-0.1349813938,0.1475033015,0.1251098663,0.1514551342,0.0357198045,0.0082682455,-0.0078866966,-0.0916893929,-0.0385998599,0.0367058292,-0.0386138260,-0.0028325662,-0.0336614549,-0.1256023049,0.0916313231,-0.0334119909,-0.0099832183,-0.0223566703,0.0751930699,-0.1118417159,-0.0144798728,0.0161354225,-0.1372466683,0.1365835965,0.0162154399,0.0288284849,-0.1430683881,0.0368711837,0.0700329766,0.1182981655,-0.0470957085,-0.0348702110,-0.1136594489,0.1181062534,0.1335076690,-0.1472187191,-0.1484979242,-0.0343006030,-0.0015480737,-0.0393861420,0.0124462293,0.0330549963,0.0556301475,-0.0102002565,-0.0117971860,-0.0050897147,0.1300327480,0.0327321105,-0.0742355958,-0.0257090051,-0.0579827391,-0.0034021488,-0.0609640628,-0.0928799063,0.0819969848,0.1111839116,0.1100624427,-0.0025169665,-0.0086074043,-0.0871091262,-0.0298343189,0.0150993904,-0.0125447987,-0.2335429043,0.0327483565,-0.0934966952,0.1243844926,-0.0444588922,-0.0394439884,-0.0079875086,-0.0153704844,-0.0176344886,-0.0910401717,-0.0715813488,0.0423587896,0.0268859081,-0.0176651049,0.1140108630,0.0589738414,-0.0349466503,-0.1587379426,-0.0208691880,0.0516250841,-0.0872409344,0.1091363728,0.1300449967,0.0176061057,0.0383817703,-0.1396353245,-0.0805229917,0.0443944596,-0.0541827120,0.0322768763,-0.1774602979,-0.0109957587,-0.1499237120,-0.1688176692,-0.0687778816
0.1966142058,0.1206795573,-0.1095379442,0.1100706086,0.1628782749,-0.0376862474,-0.0984424502,-0.0620055944,-0.1238996387,-0.1251366287,0.1999538243,0.1120961234,-0.3502861857,-0.0957328230,0.2424603999,-0.1904147267,0.0787393078,-0.0496717170,-0.1495690793,-0.2373498976,-0.0614073947,0.0433224924,-0.1785853952,-0.1959704161,-0.1974264681,0.3019618094,0.0056759454,-0.1192355379,-0.1025513485,0.0784697458,0.0299005173,-0.0810265839,0.1272780150,-0.2492317557,-0.2020066977,0.1482622772,0.1576662809,0.0505720153,-0.2239174098,-0.1240969971,-0.0188963674,0.1565873474,-0.2268947959,-0.1868739426,0.2673801780,-0.1991551816,-0.1674850136,-0.1109726503,-0.0208216254,0.0635738447,-0.2670136988,0.1537362784,0.0813331753,0.0272749159,0.1147561818,0.2254334986,0.1549194008,0.0340391211,-0.0521170348,0.2921254039,-0.1374392360,-0.1827314794,-0.0403805189,-0.2627684772,0.1750162095,-0.0791624486,-0.1613080651,-0.0175789576,0.0671563372,0.0366770774,-0.2591481507,-0.0574563146,-0.0433182232,-0.1900608391,-0.0368806496,-0.1694714278,0.1445468366,-0.0095801828,0.2506674826,-0.0250862315,-0.0130831264,-0.1223524213,0.0206656456,-0.2116222829,0.0933897793,-0.1612637192,-0.0025940188,0.2768833637,-0.1355935037,0.1057278290,-0.1608740687,0.0768101811,0.1233616769,-0.2272472531,0.3472683430,-0.1005122438,0.0570283905,-0.2356753796,-0.0958092660,-0.3638563752
0.0118661448,-0.1350114644,0.0269961786,0.0053361761,0.2725588977,0.1296472996,0.0845519006,0.0747535676,-0.0519717149,0.0838213116,-0.0833525732,-0.1554439962,0.0405061096,-0.0941457003,0.1039505228,-0.1031602770,0.0514561199,-0.0142821399,0.0226235371,0.0863229558,0.0576811582,0.0137224412,-0.0344931334,-0.0996357054,-0.0119688828,0.0189994033,-0.1074608117,-0.0328478143,0.0366437137,-0.0597190559,0.0155522181,-0.0784186199,-0.0620684884,-0.0837000385,-0.0311131142,0.0407481007,0.0567771643,0.0709218681,0.0592793599,0.0845858529,0.0092487950,-0.0820520297,0.0210917201,-0.1212746724,0.1125556529,-0.0672905967,-0.0063987155,0.0207968559,-0.1030125096,0.0928758010,-0.0324969217,-0.0731480643,0.1156745180,0.0081218388,0.0099837743,0.0425989851,-0.0024590753,0.1443122178,-0.0767408460,-0.0101989545,-0.0101970593,0.0004322684,-0.0567549877,-0.0597604960,-0.0220980439,-0.0016467911,0.1291498840,-0.0178648382,0.0280252807,0.0624638610,-0.1167214066,0.0128634907,-0.0678773522,0.0137893260,-0.0627153590,-0.0468226187,0.1251714528,0.0295231864,-0.0593898222,-0.1279340982,-0.0424534008,-0.1037988439,-0.0365587361,0.0101298084,0.0556925759,0.0493913814,0.1298145503,-0.0235134996,-0.0167884436,0.0395317525,-0.0033553040,0.0384026133,0.0138292033,-0.0291870497,0.0883212239,-0.1153373420,-0.0409045778,-0.0011591851,0.0669729263,0.0880522281
0.0610604696,0.1165770292,0.0023928147,0.1197103634,0.2003283799,-0.0332966223,-0.0584547557,0.0221874081,0.0510823615,-0.2100496441,-0.0121240010,0.0147602633,-0.1760470271,-0.1638609469,0.0101421298,-0.0825491548,-0.0991380066,-0.1034175977,-0.0949223638,-0.0504188314,0.0535827242,-0.0413246453,-0.0171522517,-0.2509654760,-0.1062758267,0.2658718526,-0.0847566500,-0.2094107568,-0.0842089355,0.0875313133,0.0461672768,0.0317216888,0.2298080474,-0.1933808476,-0.0081777368,0.1411555111,0.1537629366,-0.0865466222,-0.1719581932,-0.0835408941,-0.0551420413,0.0850489438,-0.1101269275,-0.2280285507,0.2205870450,-0.1060218439,-0.2614453435,0.0325298272,0.1022220328,0.0360451154,-0.1582312286,0.1436466724,0.0354104899,-0.1028362662,0.1276505440,0.0491391309,0.0647312850,-0.0165179614,-0.0513364710,0.1573884040,-0.0395390391,-0.0877044424,-0.1545320302,-0.1444694698,0.1638410687,-0.2622748911,-0.1463185251,-0.1569419354,0.0826969445,0.1742688417,-0.2468174249,-0.0225462373,-0.0256757494,-0.0210497230,-0.1799364835,-0.2764524817,0.1796862930,0.1052898020,0.0946229398,0.0336461365,-0.0544144958,-0.1424614936,-0.1151457205,-0.1676591039,-0.0543394536,-0.1774535477,-0.0246963985,0.1370713711,-0.1164725944,0.1134335548,-0.1002688929,-0.0013885790,0.0654035360,-0.1263711452,0.2340195179,-0.1665429026,-0.0571244806,-0.2233284861,-0.3273509741,-0.1348591149
0.1500058621,0.0212707799,-0.1433041692,-0.0798748806,0.2064758390,0.0048205638,-0.1232643947,-0.0980866104,-0.0308541730,-0.0157556869,0.1030628830,-0.0913463309,-0.0992679819,-0.0536392368,0.1278441399,0.0192185268,-0.0390105955,-0.0712334067,-0.0792860836,-0.0275780912,0.0170909930,-0.1000974178,0.0582770109,-0.1135705486,-0.1171671152,-0.0267490130,0.0416339636,-0.0701106265,0.0426523909,0.0995030329,0.0758582875,0.0043086321,-0.0045860144,-0.1360997707,-0.0243895426,-0.0666339099,-0.0414002016,0.0480307937,0.0144661153,0.1187595800,-0.0372768492,0.1403622329,0.0349242054,-0.0458497703,0.0580673330,0.0273755435,0.0142661855,0.0036150131,0.0304241795,-0.0381367989,0.0446148142,0.0996275544,0.0628541559,-0.0037993016,0.0993606374,0.1065653190,0.0314098261,0.0799883306,-0.0846341625,-0.0532907918,-0.1462751776,0.0282911882,0.0120968157,-0.0337014012,0.0053806780,-0.0270483270,0.0011717457,0.0516292602,-0.0055552279,-0.0702613369,-0.0133952592,-0.1392209381,0.0289859287,0.0439746007,0.0724104941,-0.0824554414,0.0981765240,0.0399389379,0.0537167117,0.0890396982,-0.1061402336,0.0139436852,-0.0906114131,-0.0591929443,0.0029821941,-0.0882323831,0.0713013560,-0.0096288668,-0.0084608123,0.0484081209,0.0222082678,0.1048804969,0.1025046334,-0.0537758991,0.0551046841,-0.0456890203,0.0361105129,-0.0132861938,-0.0777123719,0.1106800810
0.1260827184,-0.1281926483,-0.0083162496,-0.1901120692,0.2233110666,0.0196091402,-0.0419404022,-0.1256259233,-0.0527334809,-0.1769151688,0.1110122502,0.0250911675,-0.2981428802,0.0257044509,0.0781836212,-0.1869250834,-0.0140338168,0.0947303474,-0.2010690123,-0.1830977947,-0.0753466487,-0.0322341137,-0.1382005364,-0.2585815191,-0.2459320575,0.2411355972,0.0195560399,-0.0815401226,-0.0984006077,0.0599405132,0.0919901580,0.0260346849,0.2172158211,-0.1114416420,-0.1036377698,0.1455046833,0.0137158791,0.1736878455,-0.1309875250,0.0760719478,-0.1343022436,0.1166710779,-0.1759056449,-0.2382495254,0.2934831679,-0.0403478518,-0.0725231469,-0.0182727259,0.1142390817,0.0313255787,-0.2372409552,0.2006698996,0.0312180351,0.1827213615,0.0539832711,0.1146836728,0.0642361790,-0.0156117082,-0.1464058012,0.2098436803,-0.1726832688,-0.1537421644,-0.1332678348,-0.2448014021,0.1254470944,-0.0732482001,-0.1387014687,-0.0287948456,0.1505024582,0.1340680122,-0.2220446020,-0.0723900422,-0.0360423513,-0.0986309424,-0.1098115668,-0.1399578303,0.1819732040,0.0701548755,0.1488145143,0.0498627946,-0.0510858782,-0.1394997537,-0.0516114868,-0.0284429099,0.0784144551,-0.0177712534,0.2061528563,0.1849001646,-0.2069641799,0.1422887146,-0.1222145632,0.0454155765,-0.0077527068,-0.3563683927,0.3575928211,-0.1779425144,-0.0689947903,-0.2481958568,0.0503287613,-0.5294984579
0.1572827250,0.0850478038,0.0748494267,0.0179418474,0.1657371819,0.1020999178,-0.0928616673,-0.0891949907,-0.0689079165,-0.0782410651,-0.0239790883,0.0795008764,-0.1544953585,-0.0441911295,0.0528212860,-0.0128179295,-0.1032292768,-0.0349659771,0.0087313373,-0.0274359100,0.1424534917,-0.0125318775,-0.0004557181,-0.1328623146,-0.1714298874,0.0786347166,0.0644355342,-0.0383587256,-0.1348518431,-0.1528853923,0.0346968807,-0.1163682938,0.0778866485,0.0167167932,-0.0809969902,0.0652580559,-0.0345346741,-0.1497206688,-0.0315087289,0.1096911952,0.0405293703,0.1079049185,-0.0135564785,-0.1580702960,0.0783607885,0.0198395327,-0.1272273064,0.0218368135,-0.0544957146,-0.1027466431,0.0391594581,-0.0300767850,-0.0179427005,-0.0211433470,0.0540396087,-0.0146156196,-0.0401129946,0.0663744062,-0.0505995490,0.0762059763,-0.0727230310,-0.0135649368,0.0248600729,-0.0204250067,-0.0267341472,-0.0573355965,-0.0529994480,0.0147259738,0.1619491428,0.0001352717,0.0191991236,-0.0108707547,0.0685268268,-0.0414477140,0.0956847072,-0.1531175673,0.0008577481,0.0080028465,0.0391022637,0.0282304026,-0.0257132314,-0.0420568734,0.0467743613,-0.0891184285,0.0815262720,-0.1363233328,0.0195368901,-0.0358927213,-0.1380513757,0.0762009844,-0.0052018301,0.0946535543,-0.0266192742,-0.1356966794,0.0942798406,-0.0884741917,-0.0415775143,-0.1128124595,-0.0675830469,-0.0659316704
0.1004290804,-0.0715149790,-0.2310005575,0.0371451490,0.2417614758,-0.0137986187,-0.1266180873,0.0284548048,0.0406100117,-0.3049462140,0.0269895587,0.0155631686,-0.0790222734,-0.0340001732,0.1948461831,-0.1010535210,0.1230750158,-0.0399222486,-0.1826218665,-0.1628573984,0.0914772898,-0.0296036880,-0.0367825292,-0.1032648683,-0.1503038853,0.1861943156,0.0715439767,-0.0748788491,-0.1011135280,0.2120592892,0.0696715117,-0.0260009803,0.2117267102,-0.0565643646,-0.0918288603,0.1736241728,0.2642192543,-0.0566927753,-0.1278738827,0.1023622602,-0.2110414356,0.1224202439,-0.0568013452,-0.0526583530,0.2174395770,-0.0702341422,-0.1291764379,-0.0183259845,0.1157920882,0.0186482575,-0.1322128028,0.1645781696,0.1111749783,-0.1680975258,0.0001032277,-0.0210192949,0.1219893992,0.0330141485,-0.2286082059,0.1739968210,-0.1958090663,-0.1041196734,-0.1283823997,-0.2494846433,0.0483259149,-0.0979073346,-0.1760425121,0.0380130112,-0.0464024171,0.0982068032,-0.2424677759,0.0337637477,0.0943011791,-0.1184076369,0.0896227881,-0.2890835106,0.1812972128,-0.0035568499,0.0167243294,0.0526668355,-0.1051928103,-0.1543000489,-0.0332656018,-0.0327737406,-0.0353600569,-0.2671047449,0.1131374389,0.2337687910,-0.1291846782,0.0297026094,-0.0268538240,0.0258424897,-0.0732753128,-0.2451395392,0.2464229763,-0.2966163456,-0.0060851644,-0.1804057062,0.0210505892,-0.2833873332
0.1062805206,0.0782305971,-0.1386854202,-0.0855383575,0.0725111663,-0.0428162813,-0.0442081764,-0.1116611063,-0.1358184814,-0.1282339692,0.0216019545,-0.0194568839,-0.2732455134,0.0091276923,0.1748601943,-0.0769981667,0.0817323551,0.1007881463,-0.1165769026,-0.0969366059,0.0402606577,-0.0470648929,-0.0319620296,-0.1243893430,-0.0766270906,0.2167059928,-0.0321406759,-0.0340847336,-0.0823902041,0.0135410530,0.1013603956,-0.0331383348,0.1116014868,-0.1478198320,-0.0935813487,0.0823447555,0.1196735650,0.0855161846,-0.1980391890,0.0442913212,-0.0248404555,0.1016322672,-0.1092249155,-0.0872617885,0.1590264440,-0.1753242612,-0.0688881576,-0.1779750884,0.0146477455,-0.0157664921,-0.1489415318,0.2257845700,0.1043910161,0.0994304121,-0.0695792288,0.2263666689,-0.0463759415,0.0765824243,-0.2203188092,0.1646792740,-0.2263574153,-0.1390845627,-0.0251723211,-0.1748752147,0.0629494265,0.1171587706,-0.0557730719,-0.1135527566,-0.1637122184,0.0647242442,-0.1506471485,-0.0736612380,-0.0104076983,-0.0973302126,-0.0131249502,-0.2471294999,0.0822409615,0.0127032651,0.0344252214,0.0545044802,-0.1513584554,-0.0376013517,0.0457760543,-0.0172643363,0.1283537000,-0.1138464287,0.0312334634,0.1685242206,-0.1006615907,0.0061922353,-0.2464388907,-0.0255851336,-0.0790958181,-0.3000288904,0.3207899630,-0.2011613548,-0.0449202098,-0.2513083220,0.1029243097,-1.2141356468
0.1837233007,-0.0411392115,-0.0066250726,0.0084239589,0.0497542694,0.0930893794,-0.0258762166,-0.0458341464,0.0669468865,-0.1734086275,0.0145559898,-0.0540351160,-0.2138655931,-0.0723178163,0.0523049310,-0.1177620813,-0.0463329218,0.0005072487,-0.1443285942,-0.0969837829,-0.0537576601,0.0344707519,-0.1237117201,-0.0486610197,-0.0827928856,0.1332742721,-0.0579477437,0.0170678068,-0.0294990689,0.0872312635,0.0831919461,-0.0123373372,0.1936208010,-0.1451935321,-0.0608646162,0.0958280489,0.1062593982,0.0273994748,-0.1373030990,-0.0659298897,0.0083186133,0.0543083213,-0.1055445299,-0.0792457089,0.2598079443,0.0076024299,-0.1503384858,-0.0658011511,-0.0072790571,0.0529339127,-0.1962057352,0.2043730468,0.0254246090,0.1478221864,0.1393684000,0.0526649989,-0.0116169741,0.0612113327,-0.0888055637,0.1380239725,-0.2326049358,-0.1169215143,-0.0241839457,-0.1477204263,0.0096691893,-0.0154921263,0.0562112741,-0.1424093097,-0.0009493488,0.0679385439,-0.1643340290,-0.0888747498,0.1325409412,-0.1902764887,0.0000640073,-0.1956051439,0.1850341707,0.0236042384,0.0247078072,-0.0536075607,0.0392716527,0.0453193709,-0.0688021630,-0.0350920409,0.1146209165,-0.2052382380,0.0967169553,0.1594152451,-0.1604375541,0.1046468988,-0.1173318774,0.0412546061,-0.0550970137,-0.1968113333,0.3493682742,-0.2216317207,0.0543233082,-0.1035641730,-0.0612386614,-0.6605850458
0.1240303963,0.0501448326,-0.1862172186,0.1340609044,0.0898971707,0.1898178309,-0.1349015832,-0.1826947927,0.0588342585,-0.0240106285,0.0997252166,-0.0527180731,0.0237918478,-0.1146924719,0.0104498975,-0.1577864289,0.0559058487,0.0955295414,-0.0555008166,-0.1464892626,0.0516965203,-0.0338114984,-0.0234752763,0.0277547836,-0.0155320503,0.0951293409,-0.0431666337,0.0007272754,0.0243048444,0.1004591361,0.0023991161,-0.0398189202,0.0993079171,0.0271520186,-0.1216465011,0.1100314632,0.1110040098,0.0281979088,-0.0138391349,0.0470235609,-0.1339724362,0.0673119873,0.0260071345,-0.1056711674,-0.0420820229,-0.0984158590,-0.0034582694,-0.1492553055,0.0051044812,-0.0862617046,-0.0344031937,0.0042745424,0.0142730381,0.0689484179,0.0023393822,-0.1306267828,-0.0088204080,0.0110829622,-0.0677500293,0.0384405702,-0.0778702274,-0.0665720701,0.0043316437,-0.1278326064,-0.1090039015,-0.0142866112,-0.1158138141,-0.0001238094,0.1352902651,-0.0400949381,-0.0890767574,-0.1097591221,0.0615565628,0.0531125367,0.1377825141,-0.0046420968,0.0952729210,-0.0171806607,-0.0194954332,0.0142712025,-0.0913931653,0.1086112633,-0.0216609258,-0.1491205096,0.0804046467,-0.2233432531,0.0855264440,0.1320876479,-0.0006117916,0.0280965455,-0.1657913774,0.0569364056,0.1516812295,0.0377641842,-0.0163678210,-0.0058344547,-0.0030975337,-0.0796220824,-0.1037344933,0.0102816606
0.0675654784,0.0263719801,-0.0677720159,0.1009493247,0.1740001440,0.1666886508,-0.0222513750,-0.0048089479,0.0117592430,0.0369565748,0.0066645374,0.0425466485,-0.1217475832,0.0264626406,-0.0494092889,-0.0842203647,0.0685862079,0.0396205857,-0.0950824320,-0.0645543933,-0.1093453616,0.0205460899,-0.0016624788,0.0775885284,-0.0696811453,0.0437372439,-0.0590151064,0.0563309863,0.0636256710,0.0557069480,-0.0485661142,0.1248130947,0.0016278609,-0.0116887195,-0.0284047425,0.0063873269,0.0611409582,0.0712218508,0.0615895018,-0.0273484234,-0.0153404037,0.0654227883,0.0830137730,-0.0602826476,0.0999398306,-0.0501445904,-0.0228783973,-0.0986163691,0.0493983366,0.0207278412,-0.0819810107,0.0596445315,0.0922204703,-0.0599261485,-0.0189247448,0.0452225618,-0.0360088684,0.0149455937,-0.0195928682,0.0279505961,0.0193174295,-0.0327703990,-0.0075572077,0.0546117201,-0.1725348532,-0.0185306035,-0.0132864397,-0.1625391692,-0.0468052588,-0.0733757392,-0.0759062245,-0.0350090601,-0.0007059939,-0.0438667685,0.0042385166,-0.0290708747,0.0257913787,0.0768802240,0.0472918078,0.0637445077,0.0763603970,-0.1428395808,0.0171655715,0.0068318262,0.0166020337,-0.1615537405,0.1471616775,0.0140059935,0.0939954296,0.1038158163,-0.0535860620,0.0039956211,0.0072660157,-0.0893013701,0.0649278685,-0.0510729738,-0.0173934661,-0.0517993160,-0.0286819134,0.1203548610
0.1773923039,0.0931802765,0.1908856332,0.0929351225,0.0982740968,0.0889992267,-0.1725879908,-0.0466553383,-0.0043362370,-0.2274997234,0.1140061170,-0.1186203882,-0.3083739579,-0.0213363376,0.1376754940,-0.1931242198,0.0900029317,0.0614759177,-0.0817714781,-0.2114558220,0.0075202370,-0.1730804145,-0.0962082371,-0.3354527652,-0.3829940856,0.3929181397,-0.0701566860,-0.2118610740,-0.1303363293,-0.1246399805,-0.0050542257,-0.0963927358,0.1608574241,-0.1365456432,-0.1860564053,0.0411967039,0.0635392591,-0.1570525467,-0.3038660586,-0.1113583222,-0.1589279622,0.0759654194,-0.1849504411,-0.2850620449,0.2259551734,-0.2282144874,-0.1744434834,-0.1948486418,0.1120857075,-0.1574490666,-0.2076446414,0.3525599539,0.2041395307,0.2475851625,0.0680261031,0.1447589397,-0.0169066321,0.0359060988,0.0226992518,0.3635593653,-0.2778600454,-0.1421037614,-0.0875482485,-0.3420209587,0.1636434942,0.0043947264,-0.0517431274,-0.1297727376,0.1270594448,0.2228637040,-0.3215733469,-0.1991662383,0.0303167738,-0.0691367388,0.0838896111,-0.2068724483,0.1407673508,-0.0489375927,0.3090074360,-0.0191279836,-0.2039212137,0.1307283640,-0.0640540123,-0.2410926372,0.1342491657,-0.1308380961,0.1722299308,0.1295692027,-0.2762571275,0.1344122142,-0.1365451217,0.0595069788,-0.0399679020,-0.4124661684,0.4378449023,-0.1192875132,0.0205254573,-0.3334682882,-0.1884320229,-0.6841311455
0.1765622348,0.0826459527,0.2814884782,0.0985471979,0.0504424088,0.1369357854,-0.0300225485,0.0426372737,0.3124482334,-0.1144909635,0.0846905112,-0.3640086949,-0.5789020658,-0.1371428370,0.1960351467,-0.2468508780,0.1304048896,0.1145326719,-0.0813859403,-0.2444428653,0.2185752690,-0.0544607416,-0.1040453762,-0.0684577823,-0.2001065612,0.2749246955,0.0570094809,0.0093750739,0.0425110944,0.0945583805,-0.1896849126,0.0685839131,0.2421234101,-0.0572905615,-0.2655083239,-0.0078840069,-0.1062528268,-0.0377565436,-0.0992813036,-0.0052166339,0.1023243144,-0.0933100358,-0.1676376909,-0.0032114829,0.0998668969,-0.1153656617,-0.2260009497,-0.1859477758,-0.0610258877,-0.0553281270,-0.0582898147,0.1647193134,0.0057110083,-0.1434205621,0.1708252281,-0.0642416626,0.1732006669,-0.0185045041,0.2741389573,0.2073016316,-0.1493263394,-0.6020816565,-0.1909522414,-0.0978514701,0.4548212886,-0.2145253569,-0.2487715930,-0.1053038910,0.5162417293,0.0067020631,-0.1546378434,-0.1355384439,0.0225901417,-0.2336432487,-0.0623500943,-0.0371335372,0.0864096731,0.0014676810,0.0707926378,0.1029832959,0.0812876672,-0.2402614355,-0.1356044710,-0.0018828097,0.0517015085,-0.0141756339,0.1280665845,0.1252049953,-0.1525839567,0.1571867019,-0.1546286792,-0.0520925187,0.0913883597,-0.2874892652,0.2679636478,0.0515926406,-0.1450044811,-0.2792919874,-0.5248931646,-0.2713059485
0.0371319018,-0.0642295852,-0.1056254357,0.0244681872,0.1479606032,0.0014253571,-0.0792118236,-0.0827635601,-0.0228161290,-0.2921906412,0.1266777515,0.0253466796,-0.3118670583,-0.1515484154,0.0548895337,-0.0925604180,0.0149463918,-0.0396227613,-0.0761532336,-0.2602678835,-0.0532897711,-0.0511396453,-0.0127423592,-0.2930597365,-0.2731517851,0.3903477192,0.0404156595,-0.0330622531,0.0559425503,-0.1032311320,0.1207258850,-0.1749266684,0.2585628629,-0.2270412296,-0.0526995175,-0.0230540708,-0.0218054764,0.0492015593,-0.2994147837,-0.0659423470,-0.0068358174,0.1739093214,-0.3144605756,-0.1603276581,0.2420779020,-0.0940413848,-0.0816954523,-0.2294576019,-0.0272535123,-0.0363461971,-0.2630581856,0.1946525723,0.1285134703,0.0109008756,-0.0947377160,0.1113500968,0.1109852344,0.0682651922,-0.1319720447,0.2152800858,-0.2193749249,-0.1155274883,-0.0548956580,-0.2579958737,0.0299292915,-0.0662822425,0.0235576313,-0.1382832527,-0.0206267294,0.2402896136,-0.2502722442,-0.0646126792,-0.0593058020,-0.2134671062,0.0035768184,-0.1691653728,0.2170416713,-0.0607108176,0.1522618979,0.0492267832,-0.1553975791,0.0727249607,-0.1072264090,-0.0536803156,-0.0788280442,-0.1079376712,0.0944525003,0.2957792878,-0.2558313906,-0.0183752328,-0.1921559125,0.1054725125,0.0099263964,-0.3591365814,0.4829173684,-0.0897923037,-0.0916702002,-0.4189332128,0.0576067343,-1.2181482315
0.0448174477,0.0684187934,-0.0605402105,0.0091638453,-0.0948447809,-0.0200858284,-0.0947721377,0.0721031278,-0.0681195930,-0.0174731314,0.0735741034,0.0228218623,-0.1445660889,-0.0806709677,-0.0079577286,-0.1452715397,0.0176429469,-0.1422316730,-0.1618506610,-0.1272582859,-0.5590298772,-0.0724332109,0.0553247519,-0.1875592470,-0.0716979355,0.1588089466,0.0070129237,-0.1836831719,0.1619654447,-0.1074173003,0.0332208537,0.0504925810,0.0028251286,-0.0378349908,-0.1651616991,0.0136473207,0.0606803484,-0.0334647000,-0.0279947538,-0.1632530391,-0.0978266746,0.0146199791,-0.1293012351,-0.0820539966,0.0397648886,0.0784860253,0.0014057885,-0.1149851084,-0.1093839854,-0.1213681474,-0.0229853597,0.1151262373,-0.1088451743,0.3686738014,-0.1072749868,-0.2892130911,0.0063935658,-0.1632729173,0.0334754065,0.1195077375,-0.0562701523,0.0003546511,0.0647505671,-0.1099006012,0.4140311182,0.1029398367,-0.2114062756,0.1614427865,0.1339957267,-0.0824585631,-0.0803803429,-0.0154857635,-0.0849120244,-0.1576997042,-0.0163493250,-0.0216965601,0.1198865771,0.1205865890,0.0138618182,0.0189431738,-0.1029275209,0.1161215827,0.1333964914,-0.1300545782,0.0500080772,-0.2191880047,0.1014289334,0.2077072263,0.0010450165,-0.2207905352,-0.0702038109,-0.0551401787,-0.1327269524,-0.1659016460,0.0077826516,-0.0328242779,-0.1654153764,-0.1061633304,0.2344951332,-0.0645252690
0.0188290328,0.0844956711,-0.0286037344,0.0997850001,0.1055680588,0.1429609805,0.0075180819,-0.1252024025,0.0326231830,-0.1429037601,0.0676981807,-0.1079646572,-0.1790766716,-0.1565893143,0.1587534994,-0.1836480051,-0.0861305296,0.1027790084,-0.2213348448,-0.0858983248,0.0056237224,-0.0555691235,-0.0358657502,-0.0801213607,-0.1261216551,0.2889112830,0.0915242732,-0.1487561315,0.0178331062,-0.0893183872,0.0197621826,-0.0171542969,0.0648075491,-0.2048200816,-0.1286455840,0.1307864189,0.0848931223,0.0334415473,-0.1526512504,0.0236795284,-0.1905669868,0.0603906177,-0.1907934844,-0.1107606441,0.2383068204,-0.0064100591,-0.1755726188,-0.1829712540,0.0025184078,0.0030289851,-0.1994965822,0.2735636830,-0.0152091486,0.2075487822,0.0877457112,-0.2113785297,0.0183543935,0.0349138677,-0.0393573456,0.1748136580,-0.0585064590,-0.1274160296,-0.0501254536,-0.1714532822,0.1295803487,0.1451533586,-0.0142428158,0.0034808193,0.1064202487,-0.0445105322,-0.1710405946,0.0361728072,0.1180140823,-0.1426042169,-0.0010255232,-0.0969395787,0.1728119403,-0.0657197684,0.1510849297,-0.0639320910,-0.0685657859,0.0818624422,0.0295273624,-0.2036891580,0.1241839677,-0.1965158284,0.1015864015,0.0791540295,-0.2042887807,0.0066090911,-0.0335580632,0.0031446787,0.1346268356,-0.2910088301,0.2105103880,-0.2292072475,0.0434919968,-0.2578964233,-0.0112333018,-0.5207623839
-0.0430285446,0.0601817891,-0.1207154021,-0.0446786322,0.1433276087,-0.0783747658,-0.1242523640,-0.1216893867,-0.0732162967,-0.1316910237,0.1667144746,0.0112631489,-0.2567228675,-0.0766126066,0.1427478641,-0.1088846624,-0.1038541868,-0.0985471159,-0.2085499167,-0.1901747137,-0.0421856083,-0.0348249823,-0.0543617979,-0.1203747168,-0.2775391936,0.1854429245,0.0017924336,-0.0501155257,0.0135397594,-0.0068174293,0.0067188269,-0.0429632775,0.3098108172,-0.2231044173,-0.0805224255,0.0615950860,0.0236946307,-0.0125670619,-0.2314655185,-0.0682047084,-0.1578757763,0.2098196894,-0.2266432792,-0.0964891687,0.1148305833,-0.1985430121,-0.0427994542,-0.2098906636,-0.0457979441,-0.0700742826,-0.3125516474,0.1563404053,0.1170380563,0.1496724337,-0.0799642280,0.0986485556,0.1172730774,-0.0123354783,-0.0662388131,0.2784255445,-0.1325860023,-0.1350384206,-0.0896637961,-0.1135500669,-0.0550124794,0.0630305186,-0.0048306165,0.0038620527,0.0411998220,0.2208006084,-0.2209189981,-0.0160738695,0.1204849109,-0.1094088778,0.0728007481,-0.1845260262,0.2025621235,0.0739576146,0.2553875148,0.0528797135,-0.0942053422,0.0168637391,0.0354544781,-0.2189872116,-0.0558700375,-0.0832927153,-0.0061621480,0.2706927657,-0.0915292650,0.0473303534,-0.2543888092,0.0093776342,0.1027304530,-0.3299562335,0.3440495133,-0.0425348319,-0.1294211000,-0.2270682901,0.1782549769,-1.2480108738
0.1361184567,-0.0311692078,0.1539158374,-0.0293461438,0.2932558358,0.1588441879,0.0487275757,0.2503230572,0.0052542626,0.1235408187,-0.0482348464,0.2248698473,0.1329136342,0.0411368161,-0.0986715779,0.0460663550,0.2432138771,-0.2109430581,0.0256869718,0.0348828472,-0.1098718941,0.0798515603,0.1281566173,0.0614454895,-0.0382468663,-0.1829802841,0.0436998196,-0.0253839679,0.0034699363,-0.0704881251,-0.0657436103,0.0187265631,-0.1367477477,0.3727089763,0.0384756625,-0.0549988374,-0.0465816744,-0.3107502162,0.0442099459,0.1104702204,0.2622429729,-0.0384896249,0.1805023253,0.1417819858,-0.1978342682,0.1066326499,0.1108734459,0.0297683720,-0.0453216285,-0.0662088022,0.3432140648,-0.1502908021,-0.2382132113,0.0152891651,0.0242139734,-0.2603988349,-0.0678850710,-0.0781758502,0.1803940535,-0.1530215442,0.0537274703,0.0511852130,0.0871756226,0.1995426714,-0.2330979705,0.1088546365,0.1527094245,0.2049118131,0.1658110023,-0.3273436129,0.2557959259,0.0730790421,-0.0444495380,-0.0583810396,0.0776866823,0.3323100209,-0.2982854247,-0.0584191866,-0.1672219932,-0.0094231348,0.0581161417,0.1410817802,-0.0527947210,0.0457537100,-0.2735830545,0.0726331472,0.0959069878,-0.2878201902,0.0328413844,-0.0928461775,0.1275606453,0.2586458921,0.0822922215,0.2098091692,-0.1422924697,0.2587656677,0.1856899559,0.0972416922,0.1794397086,0.1516093612
0.1823079884,0.0595773719,-0.0054944349,-0.0655149072,0.2278860211,-0.0030795075,-0.1116940081,0.0433378033,0.1011466384,-0.0631369054,0.0178593937,-0.1057829335,0.0078319106,-0.0812318325,0.0409044139,0.0487590842,0.1516281217,0.1008642092,-0.0706765354,0.0480415188,-0.0057690111,0.0200590901,-0.0089986734,-0.1407854706,-0.0937947482,0.0220492743,0.0580812395,-0.1146204174,-0.0841713175,0.0746126249,-0.0451628827,-0.0246118512,-0.0023496307,0.0097612310,-0.0152294030,-0.0320126675,0.1310963780,0.0007277438,-0.1211032346,0.0190702528,0.0464727618,0.0039446116,-0.0434219465,-0.0703488588,0.0524236001,0.0256091114,0.0171108004,-0.0059461002,-0.0132625094,0.0416515172,-0.0294176675,0.0811774358,0.1307429969,0.0129069965,0.0772369057,-0.0375652499,-0.0791181102,-0.0017712540,-0.1008533761,0.1234204620,-0.0857145190,-0.1045072526,0.0376981013,0.0221066736,-0.0240525883,-0.0298714675,-0.0357408896,-0.1430740356,0.0363962911,0.0245351866,-0.0874107629,-0.0302284677,0.0859189853,-0.0453462750,-0.0650732592,-0.0755362734,0.0952341333,-0.0693972185,-0.0614507608,0.0140974997,0.0326369144,-0.1378123164,0.0665968582,-0.1260035783,-0.0236330386,-0.0804581419,-0.0214948505,0.0491836667,-0.0778606832,0.1159540340,0.0370930657,-0.0012423963,0.0245494954,0.0278455317,0.1125124097,-0.1761928201,-0.0271624904,-0.1181544587,-0.0899897963,0.2122851461
-0.0565393530,0.0418671556,-0.0515150949,-0.0000963816,0.1852552295,0.0198941063,-0.1486349404,-0.0616504923,0.0223723222,-0.0062306137,0.0502198413,0.1117803976,-0.1593641341,-0.0163923744,0.1410222799,-0.1403806657,0.1423741281,-0.0689269975,-0.0944455341,0.0140620973,-0.0688581765,-0.0022443691,-0.1931647956,-0.0058059646,-0.0385595374,0.1593657434,0.0001846261,-0.0232714433,-0.0522069074,0.0667667463,0.1143901199,-0.0066079339,-0.0184845887,-0.0206449255,-0.1131062657,0.0859117061,0.0206702873,-0.1508163959,-0.1075537056,-0.0642453581,-0.1583408564,0.0025182648,-0.0491442643,-0.0305064879,0.1565005183,0.0325548947,-0.0143256495,-0.1595051587,0.0567418411,-0.1212559491,-0.0001819327,0.0352711901,0.0111588845,0.0740563720,0.0976209119,-0.0610409528,0.1101554409,0.0831024572,-0.0786623135,0.1687159091,-0.0901669115,-0.0598348603,-0.1355848163,-0.1896229982,0.1236504540,-0.0434230566,-0.1196917892,-0.1126750335,0.0538539328,0.0176686980,-0.1812625229,-0.0355367549,0.0586616397,0.0231755916,-0.0333719626,-0.1372942328,0.0837425441,0.1078616604,0.1465525627,0.0922404006,-0.0466069430,0.0915159658,-0.1238569990,-0.0044318330,0.0897778571,0.0110589219,0.1867907643,0.0814649835,-0.1606910974,-0.0324967727,-0.1655959934,0.0595913902,-0.0108164400,-0.1140410453,0.1983351558,-0.1354684532,-0.0666390881,-0.1850174963,-0.0332456529,0.0313198678
-0.0925591141,-0.0323875844,-0.0350901335,-0.0363579057,0.4011583030,-0.1270729750,-0.0476870984,0.0976313800,-0.1828033179,-0.3074115515,-0.0319213420,-0.0089143077,-0.1238759086,0.0122975474,0.0303539559,0.0847132504,0.0973287001,-0.1201123297,-0.1824221462,-0.0557460412,0.0302764308,-0.1043530628,-0.1106818542,-0.3071262538,-0.0265660752,0.1012876108,0.0298611820,-0.0694819093,0.0928077400,0.2622543275,0.1362300813,-0.2362013310,0.2856177688,-0.2089144737,-0.0825422555,-0.0549825542,0.0912633240,0.0628014356,-0.1822790056,0.2343099117,-0.0855090693,0.0914437473,-0.2404533029,-0.1272842586,0.1022107080,-0.1127722263,-0.1890508085,-0.1619260907,0.0374337733,0.0294659082,-0.2452712655,0.1766412854,0.0423490703,-0.0615010336,-0.0584437698,0.1068086624,-0.0883623883,0.0571690239,-0.1218861789,0.2096504420,-0.2959097326,0.0161476675,-0.0005843084,-0.1316693425,-0.0311004948,-0.2045237571,-0.0239373874,0.1588563323,-0.0922348052,0.2149967998,-0.1999502778,0.0084530283,-0.0398817398,-0.1286067069,-0.2908384800,-0.3446261585,0.2542898059,0.1799434572,0.2027419060,-0.1205923855,-0.1959731430,-0.1994171888,-0.1222910434,-0.0169434622,-0.0852072090,-0.1087687761,0.0711963549,0.2476159334,-0.0443133898,0.0059571434,-0.1213526577,0.0762481466,-0.0253296681,-0.1007206887,0.0676165372,-0.3156616092,0.1125281975,-0.1953976303,0.0707565621,-0.3835982680
0.1270733923,0.0833072737,-0.1182928681,0.1536467373,0.1120062917,0.0294944011,-0.0507017933,-0.0381261371,-0.1510246396,-0.1633981317,0.1012805998,-0.0857691169,-0.3501086235,-0.1907916367,0.2014469653,-0.0951904133,-0.1133828461,0.1036015674,-0.1432888955,-0.0795851424,-0.0081139393,-0.0143679790,0.0278489664,-0.2252522260,-0.1528895944,0.1588354409,-0.0457285494,-0.1562192887,-0.0576270223,0.0234078038,0.1030908972,-0.0000122274,0.0781103671,-0.1708074212,0.0074986527,0.0656057149,0.1911366135,-0.0585392267,-0.1872940511,-0.0518959202,-0.0130702723,0.1221780628,-0.2220054865,-0.0553339384,0.2148742080,-0.0734212995,-0.1356721073,-0.0492059514,-0.0653632730,-0.0944319367,-0.2713623345,0.2259265929,-0.0325874276,0.0286275018,-0.0789200589,0.2445604801,0.1233844087,0.1191298366,-0.1917945445,0.0803854242,-0.1708311290,-0.1391953379,-0.1331267953,-0.1688848734,0.0732400939,0.0590475053,-0.0662675947,0.0192701034,-0.0997475013,-0.0123383999,-0.0595279410,0.0155829741,-0.0296844058,-0.0189940352,0.1120231226,-0.2779164016,0.1329323649,0.0888374001,0.1427204013,0.0626724362,-0.0858391747,0.1644047052,-0.0720977187,-0.1288593560,-0.0456214137,-0.1772326529,0.0982460380,0.1628033519,-0.1492435634,0.0839114115,-0.1820022166,-0.0128946640,0.0204059370,-0.2714323401,0.3048688173,-0.1230133325,-0.0679690391,-0.1719372571,0.0312408507,-0.7522444129
0.0574887358,0.0553142019,0.0435466878,0.0932368338,0.3209961653,0.1407754421,-0.0925453156,-0.0016570863,0.1141763628,-0.0690183789,-0.0963493511,0.0500210337,0.0073459032,0.0080793062,0.0809991285,0.0166701153,0.1133901700,-0.0146135883,-0.0355765112,-0.0853451714,0.1016431153,-0.0557324402,0.0656194910,-0.0369076282,0.0558036044,0.0405778624,-0.0323652290,-0.0691966042,-0.1387692392,0.0140354950,0.0247917622,-0.0808537528,-0.0022161417,-0.0260756649,-0.0190373715,0.0007934516,-0.0197724253,-0.2408895791,-0.1060173362,0.1512521207,-0.0936369970,0.0423042588,0.0407169499,0.0210976508,0.0120687699,0.0993018597,-0.0285864174,0.0400894247,0.0289229937,-0.0689327270,-0.0528998710,-0.0540598370,-0.0775361508,0.0044953986,-0.0628191382,-0.1041673571,-0.1264987886,0.0571944490,0.1627337933,0.0979104787,0.0200286862,0.0752786174,-0.1162838638,0.0027669275,-0.0513824373,-0.1025022939,-0.0691353083,0.0986823887,0.1182765290,-0.0285640787,-0.0017410958,0.0809847414,-0.0877459273,-0.0732718259,-0.0467967726,0.1247309148,0.0716524422,-0.0973025933,-0.0834101066,-0.0481721275,0.0264659654,-0.0192940980,-0.0288992003,0.0102904337,-0.0377861895,0.0104290796,0.0594499633,0.0443110093,-0.0578716174,-0.0807389170,-0.0525396354,0.0301110838,-0.0163210742,-0.1264984906,0.0021399779,0.0349148586,0.0764644742,-0.0722104013,0.0160242617,0.0159434043
-0.3076396883,0.2525341809,-0.2101749033,0.1687916368,0.0506660230,-0.1254662275,-0.2637430727,-0.1592116803,-0.0325691253,-0.4461310208,0.1964073777,0.4078212082,-0.2679848671,-0.0670016706,0.2215485871,0.0210670233,0.1203594133,-0.2426552474,-0.4292749763,-0.4606860876,-0.2988221943,0.0423737243,-0.0697103813,-0.5951179862,-0.3520818949,0.5275880098,0.0372387692,-0.4983786941,-0.0990428105,0.0109808063,0.2315789610,0.0999999046,0.1216663867,-0.3813199997,0.0160208941,0.0339183509,0.4220590889,-0.0572031587,-0.7624580264,-0.2821722627,-0.3888661861,0.2782760859,-0.5434904099,-0.4318024814,0.5220499635,-0.2717003226,-0.3789260983,-0.2601470351,0.1425348073,-0.1413903832,-0.4733479619,0.6721428633,0.1668173671,0.5044633150,-0.0977911502,-0.3124522269,-0.0827232227,0.1008335650,-0.3327280283,0.6169458628,-0.5589792728,-0.0705894530,-0.0612959564,-0.3796147108,0.4371765554,0.1205720752,-0.0780176818,-0.0508916490,0.0312925801,0.0798786655,-0.8141467571,-0.1365856081,0.0700158030,-0.2674342990,-0.2273699939,-0.0729060769,0.2319062948,0.0717578158,0.5201830864,-0.0426908582,-0.2482691705,0.1465098709,0.2130213082,-0.3816812336,0.0033315865,-0.1365962178,0.1738467813,0.2601638436,-0.5320307612,-0.1302059293,-0.3939183056,0.1182212308,0.0208853036,-0.6716554761,0.4797099531,-0.1764173508,0.0346879251,-0.5379579067,0.5541505218,-0.7999431491
0.4513495862,0.0890762731,0.0666610152,0.1173482537,0.2940306962,0.3985817432,-0.2058539838,-0.0408280380,0.2139406949,-0.4021231234,0.1089368835,0.5419042110,-0.3447285295,-0.2300168872,0.3782528341,-0.2996817827,0.2327016294,0.2366520464,-0.3674081266,-0.4706761837,-0.0555979200,-0.1308724731,-0.2564341128,-0.4321917593,-0.3496808112,0.3842636347,0.0054001366,-0.3775891960,-0.1410088241,0.3067200482,-0.1059077233,0.2074411958,0.1369431615,-0.3585832715,-0.0439647920,0.0487975031,0.3653219938,-0.2096814066,-0.3910064995,0.1100873500,-0.2331149876,0.0753802359,-0.4256919920,-0.4944164455,0.5492557883,-0.1728486717,-0.2539083958,-0.1919214576,0.0996899009,-0.1237851977,-0.2769693732,0.3830953240,0.0747245550,0.0713455975,0.0857613459,-0.5108466148,0.0460892059,0.1693867743,0.2370955348,0.3705728948,-0.4297901988,-0.3587058187,-0.3581435382,-0.4010473788,-0.0986028165,-0.3383034170,-0.0676025301,-0.1721708626,0.3663582504,0.1616074145,-0.4250051081,-0.0467901826,-0.0122102574,-0.3294190466,0.0795102343,-0.2739998698,0.3011718392,0.0432103127,0.4705402851,0.0716939420,-0.0639801547,0.4481526017,-0.0683486536,-0.2323539257,0.1353397667,-0.2904081345,0.1098382846,0.1940799356,-0.3889157772,0.1839102656,-0.3116981089,-0.0592976548,0.1925654560,-0.5930968523,0.4930520356,-0.1498340219,0.0803564712,-0.4500887692,-0.3411660790,-0.5753028393
-0.0655351281,-0.0074911257,-0.3451656103,0.0499666594,-0.0300472714,0.0909336358,-0.0036091274,-0.1064078286,-0.0672167391,-0.2167062312,0.1880652905,0.1433412582,-0.1476534307,0.0280787684,0.2146317661,0.0297515839,0.0397590250,-0.1424426436,-0.0879475847,-0.2859703302,-0.0310381167,-0.0020353347,0.0598057546,-0.1823676080,-0.2024969906,0.2299042195,0.0421561152,-0.1516181976,0.0315659828,-0.0239857733,0.0243203342,-0.0095026251,0.2225762457,-0.1531358659,-0.1570281088,0.0152722625,0.2413974106,0.0278212093,-0.3485135436,-0.0213883761,-0.1436178386,0.2204098850,-0.2839841247,-0.2480048090,0.2396370023,-0.1309626848,-0.2328265011,-0.0684433207,0.0316079892,-0.0171512123,-0.2929249704,0.2538843453,0.2008454651,0.1960359216,-0.0488960482,-0.1524089873,0.1319166422,0.1294358969,-0.2247565389,0.2965927422,-0.2716862261,-0.0574721694,-0.0311578028,-0.2669091225,0.0596108101,0.0736867487,-0.1214553863,-0.0309636071,0.2398263216,0.1728956550,-0.1862918288,-0.0712378472,0.0863690972,-0.1856307387,-0.1876164675,-0.2670006156,0.2883725166,0.0079055959,0.2079642266,0.0765336975,-0.1349604279,0.1118226647,-0.1629194021,-0.1482207328,-0.0731974244,-0.0352647901,0.0813506693,0.1483805478,-0.2912693918,-0.0274975896,-0.1424519569,0.2682781816,0.0464465953,-0.2263280898,0.3715076149,-0.1301860660,-0.1293315291,-0.2057482302,-0.2019239366,-0.7669953108
-0.0316629447,0.3671663105,-0.2442588359,0.4229966104,0.2801769078,0.0127745364,-0.1452289224,0.1586813778,-0.2106944472,-0.1914215386,0.1305070817,0.2560429573,-0.3741539717,-0.1203486398,0.2536930144,-0.0081859240,0.0355916172,-0.1277211607,-0.2109279335,-0.1730235368,-0.2638119459,-0.0514507964,-0.1239318103,-0.3278700709,-0.0783294067,0.2665794194,-0.0020112495,-0.1735894829,-0.0086821271,0.1069580689,0.1562389731,0.0014042835,0.2346567065,-0.0474492759,-0.1068624854,0.0977297053,0.2132402360,0.0174249876,-0.3358419538,-0.3026382923,-0.1464767456,0.2024249285,-0.3283170760,-0.2297860533,0.1243998483,-0.1160185933,-0.0009228627,-0.2579408288,0.0008266146,-0.1140538827,-0.0778122395,0.1530635059,-0.0020337733,0.8927725554,0.0605534278,-0.0161632299,-0.0953960270,0.0065069580,-0.2468271703,0.1359229833,-0.4070068896,-0.0132273789,0.0298028514,-0.0183641687,0.1012955084,0.0617062114,-0.1498964578,0.0311313495,-0.1297565550,0.0869938359,-0.1909043044,-0.0681046098,0.1429770887,-0.2323955148,-0.0366490595,-0.1824051142,0.1632730365,0.0413634069,0.2348199934,0.0815561339,-0.1469936669,0.2281267941,0.1101186574,-0.2495498061,-0.0202007685,-0.2246796489,0.1391866505,0.1145195886,-0.1487123668,-0.0974232182,-0.3269676864,-0.0197476633,0.0055258092,-0.2644983530,0.2693310678,-0.1758303046,0.0560605563,-0.2469912469,0.4827001989,-0.4971186817
0.4148006737,0.0640756711,-0.2277122289,0.0103735421,0.3451521099,-0.1438881010,0.0011200510,-0.0337862074,-0.3457546830,-0.1333919168,-0.0145542137,0.0926080942,-0.1249649227,0.0786390379,-0.0981149971,0.2063610107,-0.1019177958,-0.2600116730,0.0076912302,0.0488475785,0.0223365426,-0.1238855496,0.0399202704,-0.0069113197,-0.1298440099,-0.0725680590,-0.0330816917,0.2116582841,0.0039284537,-0.0208529122,0.0972121283,0.0134967323,-0.0600682609,0.1020772159,-0.0363801867,0.0481629483,0.0072525367,0.1839239299,0.0475921780,0.0964694843,0.2965741158,0.1064597592,0.2284138650,-0.0325119309,-0.0496712364,0.0841051638,0.0559584722,0.1868161410,-0.2061474323,0.0031257223,-0.0910006016,-0.0305371992,-0.1274710149,-0.0018784441,-0.1307615638,0.3047827780,-0.2417730093,-0.0632550418,-0.2919120789,-0.0354505703,-0.1943373531,0.1557753682,0.2105967700,-0.0142306983,0.0083976835,0.0251939017,-0.2128800154,0.1183697805,-0.0958442017,-0.1474131197,0.0840759352,-0.1088710502,-0.1055104211,0.2341727763,-0.1725486666,-0.1225748286,-0.0248391721,0.0504692048,-0.0594765767,-0.0504599400,0.0791192278,-0.0366667248,0.1278028041,0.0653762817,-0.0898483768,0.0308279712,0.0560478717,-0.0891510174,0.0369590111,-0.0238478687,0.2612411678,0.2609681785,-0.1075664088,0.1207472160,-0.0255904235,-0.0473502837,-0.0570113249,-0.0703408122,0.1874387413,-0.2918033004
0.0810512826,-0.0192006044,-0.0804533884,-0.0073873377,0.1893198937,-0.0375233814,-0.1512643099,-0.1576669216,-0.0455803722,-0.1171530932,0.0918843523,-0.1617311686,-0.2043554038,-0.1273566335,0.1132295504,-0.1469100118,0.0732484907,-0.0157527383,-0.1648654938,-0.2148475796,0.1925116032,-0.0583389401,0.0160487238,-0.0524080917,-0.2126609981,0.1404300183,0.0452598780,-0.0228604581,-0.0338568687,0.0464014001,0.0020103662,-0.0109613333,0.2257357687,-0.2210979611,-0.0781594962,-0.0075296154,0.1916465759,0.1214964613,-0.1793055087,0.0264784880,-0.1536784917,0.0506062098,-0.0779761076,-0.1836116016,0.1620352566,-0.1886680275,-0.0682709217,-0.2291264683,0.1057527885,-0.0745721385,-0.1696691513,0.3026903868,0.0021471197,0.0278434847,-0.0368601829,0.0834569335,0.1266406924,0.0229444448,-0.0442362316,0.2413771003,-0.2652998269,-0.0059375395,-0.0904018879,-0.0816961974,-0.0677199513,0.1390459985,0.0105684381,-0.0978724062,0.2050513029,0.0436361395,-0.1848526746,-0.1398531795,0.0792301148,-0.1648226529,-0.0268564802,-0.0891101137,0.1950968802,-0.0724999607,0.1255743802,0.0316431671,-0.0627678707,0.0558538735,-0.1423045248,-0.0763242766,0.0093870591,-0.0390884727,-0.0209373757,0.1952053308,-0.0651911497,0.0146326320,-0.0562873036,0.0366725698,0.0732825547,-0.2032907605,0.1779890656,-0.2197023630,0.0102650346,-0.2497809976,-0.0615107603,-0.7408305407
0.1347177327,0.0887579322,-0.0289373118,-0.0788209215,0.2458858937,0.0315461084,-0.0960268751,-0.1165195853,-0.0644298494,0.0278426278,-0.0245422963,-0.0035200317,-0.1256924570,0.0502952561,0.0141412504,-0.1123498976,0.0516814366,-0.0032881564,-0.0743208528,0.0447009616,0.0420530550,-0.0331519432,-0.1504581869,0.0189204477,-0.1609221697,0.0360107385,-0.0870766565,-0.0949433446,0.0463881493,0.0655405372,-0.0339488462,0.0180907603,-0.0275733862,0.0321035609,-0.0645680130,-0.0034768698,0.0277380440,0.0026815441,-0.1088065878,-0.0899152905,-0.1255355477,0.1253769547,-0.1056205779,0.0441709943,-0.0461118482,0.0299933292,-0.0543183759,-0.0458121672,0.1171124578,0.0215411894,0.0603476688,0.0001925666,-0.0093281791,-0.0810774416,-0.0566366725,-0.0226752367,0.0922865868,0.0966507345,-0.0345487110,0.0556065477,0.0360582210,-0.1052166745,-0.0101725385,0.0486899614,0.0245904829,-0.0731558278,-0.0457397476,-0.0480413288,0.1387480348,-0.0548038036,0.0192849208,-0.0065892558,-0.0556929260,-0.0906870738,0.0796618983,-0.0411921293,0.0099954056,-0.0012030940,-0.0441377833,0.0014692950,-0.1089992225,0.0880056098,-0.0614168122,-0.0667648688,-0.0005946181,-0.0824114084,-0.0296423100,-0.0300281923,0.0166911744,-0.0054600351,-0.0288047399,-0.0730151534,0.0776855275,-0.0331866778,0.0681490898,-0.0156572089,0.0303345844,-0.0073049041,0.0465746596,0.1579857320
0.1205250174,0.0476242863,-0.1479249597,0.0729094744,0.1206770390,0.0033854390,-0.1807028502,-0.0969366804,-0.0704976693,-0.1710032672,0.0100822896,0.1860613376,-0.0970330983,-0.0785642862,0.1872905493,-0.0421119444,-0.0867164657,-0.0193320438,-0.1585248858,-0.2278418541,0.0450862236,-0.0263971202,-0.0844365731,-0.2812641859,-0.2410190254,0.3219515383,-0.0621426553,-0.0514140837,-0.0029938507,-0.0048252661,-0.0375482105,-0.0807166770,0.1848393977,-0.1972983927,-0.0282354280,-0.0093796058,0.1172603518,-0.0765117779,-0.0935133994,0.0830989257,-0.1834842712,0.0697218180,-0.2043739855,-0.0682247132,0.3144477010,-0.1729026288,-0.1425782889,-0.1317303926,0.1390089095,0.0355731212,-0.3329362273,0.3001175821,0.1257358193,0.0166554302,0.0113797244,0.1096172556,0.0114611648,0.0391147695,-0.1787853092,0.1836688221,-0.1335309595,-0.0905486643,-0.1114615202,-0.1719824672,-0.0177163705,0.0136859454,-0.0369052440,0.0309557840,-0.1238331199,0.1026782319,-0.1999526173,-0.0767844096,0.0795397013,-0.2036162764,-0.0036614374,-0.3086903691,0.2515045404,-0.0359080136,0.1530584842,-0.0366726480,-0.0633059815,-0.1399702132,-0.0543130450,-0.0844906792,0.0123595409,-0.0389450379,0.0740873292,0.2027889490,-0.2183073759,0.0102098081,-0.1811180264,-0.0142546277,-0.0514372028,-0.2247799635,0.3588331044,-0.1485148370,-0.0711145848,-0.2280727178,-0.1216093600,-0.9020570517
0.1404923648,-0.0020061908,-0.0408060290,0.1154513955,0.1608923227,0.1625063121,-0.0066133831,0.0164572652,-0.0230613071,-0.1382655948,-0.0225751195,0.2899892628,-0.1742964685,-0.1068467721,0.1355893016,-0.1305656433,0.0933444723,-0.0156147601,-0.0955388919,-0.1694399267,-0.1125231385,0.0138315456,0.0187979266,-0.2237479538,-0.1688332707,0.2442509532,0.0188354738,-0.0727580339,0.0042506219,0.0547561571,-0.0475939810,-0.0570461787,0.0833405778,-0.1273473352,-0.0045140381,0.1338654906,0.2339868993,-0.1112810597,-0.1577034891,0.0478508137,-0.0334381349,0.1369150430,-0.2949483693,-0.0682574213,0.2776452005,0.0009043269,-0.1869140416,0.0061169290,-0.0394596942,0.0167040098,-0.3604572713,0.2772324085,0.1545495391,0.0948953107,0.1227035075,0.0568465143,0.1473990530,-0.0081881145,-0.0350496285,0.3104645610,-0.2696975470,-0.0897611603,-0.1558559388,-0.3093461394,-0.0576376654,0.0173032451,-0.1659158021,0.0910333917,0.0665246695,-0.0016241460,-0.2697442770,-0.0104108267,-0.0214436967,-0.0454361252,0.0341948457,-0.2488702238,0.0590923987,-0.0999184027,0.2223605961,-0.0584119149,-0.0122168390,0.0475557297,-0.0366166830,-0.1436510980,-0.0076618134,-0.2336717397,0.1148750260,0.0843392611,-0.1813382953,0.1367965639,-0.1290015876,0.0421975106,0.1528027207,-0.3629329503,0.2896517217,-0.2246345431,-0.0465641245,-0.2655973732,0.0014445079,-0.7989235520
0.0008400749,0.0610036217,0.0849166736,-0.0446803384,0.2754235864,0.0514456294,0.0013182813,0.0939782038,-0.1450623870,-0.0990097001,-0.0465307347,-0.1507143825,-0.0593824573,-0.0536804982,-0.0132329976,-0.0127645032,0.0115707079,-0.0045081540,0.0292793065,0.0050694384,-0.0275780745,0.0197521485,-0.0196519401,-0.0481971093,-0.0437363908,0.0542442277,-0.1315250546,-0.0393501557,-0.1464328468,0.0565988906,0.0016173200,-0.0052000363,-0.0224702172,-0.0279930364,-0.0413056016,-0.1016857550,0.1345467418,-0.1115033254,0.0296206009,0.0465591289,0.0278821439,-0.0644229576,0.0157705024,-0.0078012301,0.0670532361,-0.0195565522,0.0203808472,0.0163204763,0.0420513824,0.0321650170,-0.0628053918,0.1078866795,0.0029757456,0.0574541353,-0.0396995433,0.0055309045,0.0822771192,0.1041822657,-0.1082210243,0.0392406471,0.0094557209,-0.1665052325,-0.0184801705,-0.0558767095,0.1579192579,0.0504845940,0.0375320986,0.1677292436,0.1331104636,0.0290623140,-0.1407030076,-0.0315998681,0.0765936598,-0.0060150949,-0.0139424466,-0.1097991914,-0.0162714999,-0.1106057093,0.1327666640,-0.0195089318,-0.1224756315,-0.0040150685,0.0016243141,-0.1412428021,0.0631006211,-0.0903974697,0.1142488196,-0.0050505917,-0.0867233276,0.0430600271,0.0009765831,0.0750895739,0.1419053078,-0.1405818462,-0.0031972637,-0.1034240648,0.0979688689,0.0146645149,0.1281241328,-0.1469150484
0.3183895946,0.1157788783,0.0954740345,0.0063375793,0.3762120306,0.2228879035,-0.0346124172,0.1250862181,0.1125954315,-0.1178330556,-0.1582710445,0.1635666490,-0.0554416068,-0.0863490552,0.1139291674,-0.0863838717,0.3817245066,0.0417346656,0.0571354143,-0.0439844504,0.1143345311,-0.1244711801,0.1153087914,-0.1848070174,0.0185635816,0.1760047823,-0.1072466671,-0.1495957375,-0.1653656960,0.0584111176,-0.2123525292,-0.0677135363,0.0783217400,0.0679508448,-0.0169082228,-0.1191454232,0.1378294975,-0.2790890634,-0.2015607059,0.2071759850,0.0814597011,-0.1617349088,-0.0495773293,-0.0512144417,0.0521325730,0.0302804727,-0.1287402958,0.0305678733,0.0423249975,0.0313764960,-0.0144889094,-0.0145133119,-0.1774869859,-0.2761011720,0.0129371621,-0.2876987159,0.0284237843,0.0561065897,0.3689532578,0.0576066189,-0.0347143188,-0.0262229498,-0.1441846937,0.0319677927,-0.1129117534,-0.4282654226,-0.0837042555,0.0914147794,0.5222898126,0.0256270468,-0.1089759767,0.0141664194,-0.1624688953,-0.0828272700,0.0015222612,-0.0261343624,0.0699141994,-0.0668227673,0.1154532060,0.2054119259,0.1016624123,0.2622974813,-0.0434653424,-0.0613806397,-0.0551683381,-0.1040303335,-0.0764032751,0.1763681620,-0.1662552208,-0.0203136932,-0.0220192801,-0.0952547342,0.2958137393,-0.1208297983,0.1357679665,-0.0406721085,0.2805885971,-0.2141862512,-0.2136010826,-0.1536775678
-0.0326246731,0.1361382157,-0.1396635175,0.0840971693,0.0211302247,0.0775090232,-0.0417260826,-0.0727872252,0.0188875217,-0.1310228556,0.0338572077,-0.1807698607,-0.0290155336,-0.1825583875,0.1895028204,-0.0866010413,0.0610151887,0.0304304194,-0.1478153467,-0.0209010020,0.1769159138,-0.1548263133,-0.1286467910,0.0298093949,-0.1686100662,0.0329810195,-0.0021152527,-0.2123933136,-0.0279883333,0.1346014142,0.0260754600,0.0737579986,0.0818192512,-0.0775419995,-0.0381813534,0.0591934174,0.0002627968,-0.0524680056,-0.1692734063,-0.0060867984,-0.1280250996,0.2109698504,-0.1089687347,-0.1131618768,0.1513723433,-0.0756121054,-0.0408366844,-0.1373685300,0.0923299268,-0.0759092420,0.0188719835,0.0800600350,0.0524799302,0.1932346523,0.0641390607,-0.0859074369,0.0295959134,-0.0118690031,0.0674858540,0.0437227003,-0.1807673872,0.0412511341,-0.0011203086,-0.0627132952,0.0128913969,0.2823482752,0.0053971233,-0.0474501885,0.1923720390,0.1648857892,-0.0118230758,-0.0128190331,0.0857813656,-0.0699209645,0.1274867952,-0.1703316867,0.0082473345,0.0152332308,0.0479435585,0.0074277949,-0.2121504247,-0.0026541243,-0.1436869204,-0.0409145616,0.0234110281,-0.0818232521,0.1134272516,0.0545231327,-0.0727959126,0.1180980429,-0.0411158390,-0.0108120041,-0.0472286940,-0.1402140111,-0.0378209949,-0.0812654197,0.0248246044,-0.0323605165,-0.0864601359,0.0814886689
0.0104946867,-0.0109340549,-0.0020982539,0.0996225551,0.1773787588,0.0226900596,0.0112387417,-0.0027563185,-0.0347450711,0.0000656641,0.1196143255,0.0590744466,-0.0492391996,-0.1508869082,0.1668367237,-0.1358530968,0.0216522627,-0.0022309881,-0.1471020877,-0.1682175249,0.1596222371,-0.0540563054,-0.0000624705,-0.1507701427,-0.1365157515,0.0675150901,0.0779756233,-0.0087392470,-0.1034943163,0.0145729389,0.1390552372,-0.0823272914,0.1444440037,-0.1387531906,-0.1488264203,0.0239427686,0.1153571233,-0.1085731685,-0.1625194997,0.0611901321,-0.1512498707,0.1338572949,-0.0759739801,-0.0463111810,0.0833153352,-0.0615976974,-0.0103943907,-0.1036029980,-0.0000384806,-0.0074231043,-0.1542402655,0.0701521859,-0.0329870135,0.1002934724,0.0058033541,-0.1236065254,0.1019809172,0.0011404867,0.0778787956,0.1366480887,-0.1825014502,-0.1727603376,-0.0739147067,-0.1443662494,-0.0710045323,0.1400623471,-0.0911631063,0.0193760302,0.1138666421,0.0794270486,-0.0013426444,-0.1507497281,0.0697374120,-0.1094680429,0.1813196987,-0.1030908301,0.0736630633,0.0909001976,0.1413085759,0.0452552475,-0.1546409130,0.0800892711,-0.0982443467,-0.1950735748,0.0657148734,-0.1790329963,0.0243541766,0.1626931280,-0.1174665168,-0.0193926394,-0.0712502748,0.0457314402,0.1694528461,-0.0831848457,0.1412025541,-0.0412659049,-0.0866101757,-0.2062993944,-0.0518296249,-0.0490932539
0.1045677513,-0.1875686347,-0.1017846987,-0.1121257320,-0.0490222126,0.1840887070,0.0088387672,-0.0590786040,0.0010127098,-0.1473293155,0.1411184072,0.0570947975,-0.1563860327,0.0106355455,0.2415326983,-0.0335186347,-0.1073210984,-0.1372289509,-0.2672573924,-0.2271301895,0.0506822541,-0.0310742911,0.0294812080,-0.0940276757,-0.2534521818,0.3009060025,-0.0147973467,-0.1835774481,-0.0438657477,0.0892699882,0.1954860240,0.0988145322,0.1076984107,-0.1580670178,0.0264387112,0.0104384795,0.0606457368,0.1491004527,-0.3463279903,-0.0457992516,-0.0903308243,0.0909391716,-0.1214935929,-0.1584632695,0.1463319212,-0.0844267607,-0.2153944820,-0.0731917471,0.0699213594,-0.0666152984,-0.2431966513,0.3868106902,0.0513205938,0.2108321935,0.0700293556,0.1466139704,0.1039703190,0.0205148757,-0.0516215339,0.3338926733,-0.3022358716,0.0093609933,-0.0095768543,-0.2586440146,-0.0204968397,0.0663518384,-0.1038472131,-0.0569426045,0.1310814768,0.1790092140,-0.2750394344,-0.1136508882,0.0903111622,-0.0468933173,0.0017309036,-0.2361969948,0.2414901555,0.0966817886,0.2312842757,0.0460414477,-0.1143257692,-0.0707036853,-0.1045901179,-0.2414338589,0.0325377472,-0.0878484547,-0.0152676338,0.2706688941,-0.1954269707,-0.0911701545,-0.1267753094,0.0506316647,-0.0356436819,-0.3325004280,0.4134030342,-0.0280551277,-0.1025704294,-0.3568734229,-0.1025383845,-0.9961154461
0.0531723425,0.1177447364,-0.1068026945,0.0502063073,0.1681248248,0.1423783302,0.0412773527,-0.0280024037,-0.0018937802,-0.0635314435,-0.0046680081,0.0400838256,-0.0115107307,0.0222827252,-0.0143047804,-0.0476975478,-0.0619611554,-0.1119339094,0.0285972599,-0.1451412439,0.0836224854,0.0842387304,-0.0758797973,-0.1728548110,-0.0324981101,0.0325531736,0.0668116659,-0.1663637310,-0.1047990248,0.1081829667,0.0175695550,-0.0540985726,0.0217087474,-0.1937084943,-0.0539604165,0.1436515450,0.1420786679,-0.0770789161,-0.0014235880,0.0027291384,-0.1086051017,0.1031574756,-0.0051206890,-0.1055957526,0.1420746297,0.0284150373,-0.0330225751,-0.0076873214,0.0278575309,-0.0057050884,-0.2025969177,0.1764701903,0.0443539470,-0.0138775455,0.0908149108,0.0105563672,0.1162821800,-0.0646254942,-0.0911611468,0.1637417674,-0.0752331764,-0.0325035416,-0.1585744321,-0.0323670767,0.1006198376,-0.0274823233,-0.0845497251,0.0503428429,0.0290056653,0.0748482123,-0.1446982473,0.0118322056,-0.0555142500,-0.0901547447,-0.1207776219,-0.2138362080,0.0643483177,0.1319301128,0.1794880331,0.0953769013,0.0057381336,-0.1901265830,-0.0831219777,-0.0850838795,-0.0162612908,-0.0761558488,0.0281641427,0.1283684522,-0.1648294777,0.1234229133,0.0010362129,0.1327584088,0.0568404943,-0.1819738746,0.0058109923,-0.1828734875,0.0578284711,-0.0009560499,0.0226381999,-0.0953965560
0.0697322935,0.1084816456,-0.0044685015,-0.0145907309,0.0812426731,0.0450791046,-0.0873779207,0.0007805268,0.0192174725,-0.1451589465,0.1126470417,0.1340498775,-0.2827113271,-0.0710921064,0.2523845434,-0.0264113620,-0.0439976379,0.0270805489,-0.0650636926,-0.1395865828,0.0431202836,-0.0977820009,-0.0766038075,-0.2047667056,-0.1338615716,0.3153607249,0.0107925795,-0.1251414120,-0.0413208455,0.0241573267,-0.0257732980,0.1014413238,0.1531655192,-0.2428221703,-0.0461964197,0.0223958269,0.1304764897,-0.1965811849,-0.3166351020,0.0687539950,-0.0015643592,0.0486808270,-0.2620168924,-0.1407049745,0.1934550703,-0.1896285117,-0.0856223479,-0.1270900965,0.1277984679,-0.1190656945,-0.2935791314,0.2585670352,0.1462883502,0.1772782654,-0.0401238687,0.1119732484,-0.0144788614,-0.0062382161,-0.0642269924,0.2543560565,-0.2181373984,-0.1157414913,-0.0791193470,-0.1380605549,0.0268107634,0.1418801695,0.0339694433,-0.0657566562,-0.0308435764,0.0978236422,-0.2584499717,-0.0025041683,0.0702561960,-0.1085328087,0.0124089234,-0.2859851420,0.0729070306,-0.0194004029,0.2789078951,-0.0202538949,-0.2277252376,0.2408097386,-0.0543988720,-0.2361887693,0.0356247574,-0.0154773295,0.1111113131,0.2646922469,-0.2083030790,-0.0070631998,-0.0779858381,0.2786626518,0.0394758955,-0.2269530445,0.3084634244,-0.0386578329,0.0213991925,-0.2438687682,0.1527446657,-1.1235415936
0.1096269339,0.0257764459,-0.2020553797,-0.0636455417,0.2317082584,0.1983529031,-0.1720482111,-0.0914166868,0.0528075360,-0.2627350092,0.0081942771,0.1333412528,-0.2052150965,-0.1383006573,0.1151382849,-0.1617046893,0.0036879282,0.0476322956,-0.1624757051,-0.2221150994,0.0205551460,0.0036573522,-0.1103290990,-0.2728506029,-0.1806677580,0.1906218976,0.1092837751,-0.0801419392,-0.0743441507,0.2273042202,0.0332049951,0.1217099652,0.1095825210,-0.2110262513,-0.1298831999,0.1151372641,0.1738102436,-0.1565006077,-0.1785123497,-0.0818461478,-0.0608115308,0.1636947840,-0.1024902314,-0.1240182519,0.1587110013,-0.1539560407,-0.2322029173,-0.0323458761,0.1469404995,-0.0348467566,-0.1566384137,0.0725455880,0.1524665654,0.0541412644,-0.0298954044,-0.0274189636,0.0599026829,-0.0042143124,0.0084339799,0.1692172140,-0.1467903256,-0.1089023724,-0.0887510851,-0.0717826486,0.0567413792,-0.1577162743,-0.1120476648,-0.0853452832,0.0920027122,0.0454348922,-0.1088020727,-0.1279450059,0.0192034002,-0.1566815376,-0.0198905971,-0.1860307157,0.1522545069,-0.0234390702,0.1060482264,0.1713084430,-0.1726887226,0.0904051512,-0.0964674130,-0.0399239622,-0.0288945101,-0.1608983725,0.1095027253,0.0871253088,-0.1035190746,-0.0031732449,-0.1818777323,0.1093100682,0.0662565604,-0.2407964766,0.2034952044,-0.1147578433,0.0169757716,-0.1010752395,-0.0883804187,-0.4811633527
0.1368222982,-0.0071863127,0.4289933741,-0.0051837657,0.0752232745,0.0043756468,-0.0386485346,0.0932135209,-0.0230111200,0.0047150501,0.1553951353,-0.1304238439,-0.3440603912,0.0564793311,0.0485601760,-0.1987325996,0.1685226113,-0.0016208022,-0.0192703828,-0.1311588734,-0.0165358428,-0.0499509834,-0.1559548825,-0.3645788133,0.1490200013,0.1622475237,-0.0021357404,-0.0470340028,0.2576444447,0.3838516176,-0.0014631231,0.1136439294,0.3132871389,-0.1589456201,-0.1820847839,-0.0651086420,0.1832998991,-0.1530607194,-0.2407697141,0.3807599545,-0.0422817543,0.0638227761,-0.1827131957,0.0267135501,0.3647456467,-0.1470967382,-0.1693944633,-0.1648430377,-0.0776359960,-0.0905081257,-0.2274030745,0.1959961802,0.3079133332,-0.3442586362,0.0408816114,-0.0720711276,0.1201057732,0.0008385932,0.0701033697,0.1820375025,-0.0370821208,-0.5295124054,-0.1783071756,-0.1289001852,0.2215101272,-0.4011784494,0.0215445496,-0.6095190048,0.1381843388,0.1448369920,-0.2100821584,-0.0473811105,0.0463979542,-0.2932820916,-0.4556437433,-0.3181196153,0.1680276096,0.0108712884,0.0700161234,-0.0842959434,0.0969602987,-0.4824996889,-0.0060482365,-0.1034426168,0.0073104943,0.0159009639,0.0861158744,0.3311095834,-0.0432303175,0.2073808461,-0.2842377722,-0.1455221921,-0.1216313988,-0.3005585968,0.4331062138,-0.0732520148,0.1226983815,-0.3461226523,-0.7042405009,-0.3615478277
0.1835195124,0.0860253721,0.1563713998,0.1419653147,0.1108741313,-0.0067526572,-0.0958280042,0.0161874872,0.0342743434,-0.2367810607,0.1233318225,-0.1582481414,-0.1799173206,-0.1275293827,0.1886993498,-0.0504021719,-0.0991833284,-0.0256644040,-0.1213747635,-0.0368167758,-0.0619330518,-0.1079768538,0.0400781222,-0.0886877626,-0.0958629474,0.1108374745,-0.0225233342,-0.2176996171,-0.1704082191,-0.4612419903,-0.0331222303,-0.0653045028,0.0689965934,-0.0610104650,0.0182135031,0.0192806199,-0.0484973527,-0.0143716447,-0.1525977999,0.0053769196,-0.0459307581,0.1511363685,-0.2201883495,-0.1604201198,0.0872573629,-0.1236198097,-0.1748978496,-0.2002767920,-0.0141287204,-0.0877679288,-0.2371397913,0.0919255689,0.0818878412,0.3891796768,0.0601566024,0.0332628451,0.0333090834,0.0931675434,0.0687961876,0.1202988252,-0.0593084134,-0.0520606525,-0.0835417584,-0.1182767749,0.2193654925,0.0906976834,0.1647678465,-0.1334373802,0.3012927771,0.1060043350,-0.1232621670,-0.1067581400,-0.0118064014,-0.1464537233,0.1590766311,-0.1138647273,0.1561339647,-0.0735759437,0.1833995432,-0.0737617910,-0.1328737885,0.0955150574,-0.1076886877,-0.0679637268,-0.0050872783,-0.0614940226,-0.0273650158,0.1106596962,-0.0556220450,0.0772748366,-0.0520458855,-0.1250165552,0.0264995731,-0.1604507118,0.2087241262,-0.1659988165,-0.1067410409,-0.1157154366,-0.1695808917,-0.3450443745
-0.0106504355,-0.0394593626,0.0070330333,0.1294751763,0.2576110959,0.0003295456,-0.1405599564,-0.1644283235,0.1057504416,-0.0836837068,-0.0526808240,0.0746666566,-0.1180760711,-0.0415512547,0.0637029409,-0.1674024463,0.1115458459,0.0575666428,-0.1857309341,-0.1217431128,-0.0180301350,0.0590859242,0.0521591008,-0.0483912788,-0.0754969865,0.0065543484,0.0351228528,-0.0374014415,-0.2261213809,0.0883445814,0.0027417070,0.0672944114,0.1536575258,-0.1497574747,0.0305440016,-0.0403246433,0.1476617604,0.0173225030,-0.1814658046,0.0663606897,0.0025644086,0.0808028057,-0.1272781342,-0.0742690340,0.0376710109,-0.0557944030,-0.0030070983,-0.0416510776,0.0123333260,0.0151993921,-0.0824806541,0.1255687922,0.1205279529,-0.0805971026,0.0257016737,-0.1125216708,0.1294108927,-0.0275301374,-0.0371142030,0.0373087674,-0.0884431154,-0.1305129975,-0.1494240612,-0.0122200372,0.0027816258,-0.0873613358,-0.0594329312,-0.0033675828,0.0515986122,-0.0421904847,-0.0473856628,0.0749165639,0.0712587014,-0.1892969906,-0.0542787611,-0.0266146865,0.1910308450,-0.1106522232,0.0174064562,0.1400289685,-0.1451535672,0.0746313483,-0.0526963472,0.0029285301,0.0950964093,-0.0657396093,-0.0046513295,-0.0130784139,-0.1553173363,-0.0230304357,-0.0124716731,0.0195451565,0.0669892430,-0.1044705808,0.1231811196,-0.1665636003,-0.0122638084,-0.0663135126,-0.0903556570,-0.0944413692
0.0870813951,0.1677659005,-0.1721689105,0.1422899067,0.0734919459,0.1447968483,-0.0953331515,-0.0170309301,0.1237394735,-0.2213184983,0.0490760021,-0.0520066246,-0.0545314848,-0.0080462098,0.2302012146,0.0335358530,-0.0292738136,-0.1024807021,-0.2232080102,-0.1510016620,0.0942251310,-0.0616344064,-0.1848396510,-0.0889943168,-0.1867325008,0.2625901997,0.1191883087,-0.1247394383,-0.0396538265,0.0731454492,0.1609416604,0.1179752275,0.2022247463,-0.0891689584,-0.0492590666,-0.0306302924,0.1507730186,0.1404385120,-0.1104391143,-0.0218536314,-0.0864653289,0.0653340667,-0.1425344795,-0.1006841883,0.0705398396,-0.1362061650,-0.1968845725,-0.0802523941,0.0735079199,-0.0908450335,-0.2469962388,0.2007059753,0.0781898350,0.2314538211,-0.0656772405,0.1096612811,-0.0191419665,-0.0146063268,-0.0470336117,0.1348237693,-0.1791135520,-0.1260684580,0.0213638693,-0.1584214270,-0.1544214338,-0.0017181271,-0.0266229101,-0.1138677746,-0.0655757263,0.1110624224,-0.1145666987,-0.0486421697,0.1067858860,-0.0240681581,0.0440673791,-0.2074565142,0.2187606394,-0.0267417263,0.2017400861,-0.0369354002,0.0016425248,-0.0723852515,-0.1143676564,-0.1146613434,0.0563232377,-0.1452281326,-0.0246287305,0.0668208674,-0.2308904976,0.0179148577,-0.2075507343,0.0510098375,-0.0293165203,-0.1945796013,0.3688226044,-0.0922498330,-0.0322682783,-0.1466387808,-0.0538805351,-1.2649238110
0.1726305038,0.0392795354,-0.2935165465,0.0236335471,0.0345264189,0.1096054614,-0.0206264313,-0.1614911109,0.1050933078,-0.1797816455,0.2479310036,0.1052633151,-0.0747227967,-0.2150493264,0.2964024544,-0.1664380133,-0.1207997054,-0.0045556976,-0.2528617084,-0.1349256337,0.2902249694,-0.0924037173,-0.2900985777,-0.0373370200,-0.2784517705,0.2881103456,0.0970791355,-0.0890481994,0.0854819864,0.1604482979,0.1091882437,0.1764438748,0.0904993415,-0.1805681139,-0.1002633199,-0.0297606252,0.3119796515,0.0220578425,-0.3364685476,0.0196905304,-0.2527725101,0.0418818481,-0.2157047242,-0.2749774456,0.2545762956,-0.0825170502,-0.1814910322,-0.1884689480,0.1347844303,-0.0092816288,-0.2561404705,0.3771671057,0.2000082731,0.0092495056,-0.0976032689,0.0435595214,-0.0016748765,0.1148753241,-0.1080593392,0.1900121570,-0.1702626497,-0.1988713592,-0.1792325675,-0.2942490280,-0.2255993634,-0.0403886959,-0.0473388061,-0.0503710583,0.1170354411,0.0463850200,-0.3863714039,-0.0796070695,0.0851860791,0.0169955902,-0.0960112289,-0.2429461926,0.1684099585,0.1440673620,0.2531979978,0.1013388112,-0.0551047884,-0.1312622577,-0.0276331846,-0.0852391049,0.0003987687,-0.2272633314,0.1051540226,0.2657194734,-0.2674763799,0.0244761948,-0.2985928357,0.1592209935,-0.1011704803,-0.2935201228,0.3110367060,-0.0888616964,-0.1488391012,-0.2362951487,-0.2870885730,-0.5083442330
0.0856283307,-0.0104995538,0.2560544014,-0.1692783087,0.1013737321,0.0511466265,-0.0408467352,-0.0078074280,-0.0218489803,-0.1605759114,0.2015861869,-0.0137688415,-0.1388465017,-0.0550372973,0.0543548875,-0.1076360196,-0.0541690253,0.0503173880,-0.0091464985,-0.0314931646,0.1544454694,-0.0564103052,-0.0098957447,-0.1886131465,-0.1076949388,0.2243681550,0.0353092775,-0.1486344188,-0.0744648799,0.1655936688,-0.0882266834,0.0298540313,0.2606956065,-0.1325168759,-0.1933067292,0.0763944760,0.0901731104,0.0673917830,-0.2274452746,-0.0825714841,0.0235144738,-0.0505433381,-0.2637381554,-0.0210879426,0.1564687043,-0.1290170997,-0.2314517796,-0.0733165815,-0.0929943696,0.0225356761,-0.4225696921,0.3527666926,0.0828662142,0.1006846577,0.0626440570,0.1685975939,-0.0095357662,-0.0192763694,0.0957079604,0.2252578735,-0.1214600131,-0.2470923066,0.0227141939,-0.1354854405,0.0122888824,-0.1167304963,0.0428017415,-0.1296017617,-0.0948191434,0.1423944980,-0.2071348429,0.0441153795,0.0940529257,-0.1502612531,-0.0001990750,-0.2244379371,0.1941106617,0.0248153694,0.1292184293,0.0680583343,-0.0730087012,0.0209903978,-0.1849363595,-0.0757706985,0.0208346602,-0.1187391356,0.0072818100,0.2448254228,-0.0955704823,0.1251194179,-0.0759578049,0.0329166055,0.0695573017,-0.2400194854,0.4207908511,-0.0091231447,0.0253543649,-0.2957573235,-0.3930632770,-1.0719277859
-0.0450168326,-0.0898488015,-0.0558970757,0.0819616243,0.1825365871,0.0927447230,-0.1047816351,-0.1091837585,0.0260804668,0.0324256495,-0.0077523286,0.0756932795,0.0151013853,0.0058759861,0.1362642944,0.0053711818,0.1161848083,0.0735613704,-0.0627400056,-0.1410028040,0.1177041158,0.0121967066,-0.1185928807,-0.0303053334,-0.0336483046,0.0791902989,0.0111910012,-0.0533175319,-0.1244702414,0.0074025625,0.0435173623,0.1808053851,0.0476083793,-0.0442581102,-0.0372300334,0.1222470328,0.0046852692,-0.0426086970,-0.1461104155,0.1764475405,-0.0501196645,0.0639459640,-0.0237613618,-0.1193799227,0.1214196235,0.0096807899,-0.1613994390,-0.0674891621,0.0181371681,-0.0834594220,0.0171725750,-0.0202196892,0.0267234929,-0.0756694078,0.0612864010,-0.2001451850,-0.0191068016,0.0615318827,0.0530729443,-0.0112046339,-0.0727881864,-0.0459764563,-0.1071530432,-0.1360213161,0.0567664281,0.0568276234,-0.0878533050,0.0357578620,0.1061646342,-0.0090790708,-0.0138397533,-0.0448198281,-0.0383387841,-0.0679884031,0.1205099598,0.0735981017,0.0253590811,0.0277558081,-0.0087494142,-0.0086456547,-0.1349722445,0.1631357521,0.0389138050,-0.0553206690,0.0696625635,-0.0552147515,0.1252924502,0.0181281418,-0.1526004225,-0.0623759255,-0.0864909366,0.1380231082,0.0213421416,-0.1716471612,-0.0328536071,-0.1599324048,-0.0506553501,0.0121232597,0.0582281388,-0.1305937767
0.1436017007,-0.0774507970,0.0541319922,0.0722108558,0.2805797160,0.1489704996,0.0353826098,-0.1541887522,0.0648970380,0.0060238740,-0.0881395116,0.0719903260,-0.1279694140,0.0463619865,-0.0757883191,-0.0667136163,0.0762030035,0.0136248982,0.0628031194,-0.1183848679,0.0395978391,0.0001201594,0.0360257104,-0.1131006628,0.0670501739,-0.0232667495,0.0310047381,-0.0458353795,-0.0260764435,0.0179597121,0.0181928016,0.1140634120,0.0967061743,-0.0594752841,0.0395467468,0.0437424257,-0.0546791293,-0.0005917649,-0.1192592159,-0.0593828596,0.0106895035,-0.0451367423,-0.0935479254,-0.0477222167,0.1429187953,-0.0386186168,-0.1419977248,0.0132572064,-0.0270257108,-0.0399696752,-0.0555673763,-0.0270598847,-0.0024981010,0.0436432064,0.0717699677,-0.1096537933,-0.0292044766,-0.0389611647,0.0727928281,-0.0180854686,-0.1290228069,-0.0428263508,-0.0630325675,0.0442563146,-0.1257643402,-0.1028956249,-0.0108862231,-0.1439559460,0.1471894681,0.0497218147,-0.0355808139,-0.0222431086,0.1094375625,-0.1031066105,-0.0962508842,0.0187221728,-0.0513925031,-0.0643629357,0.0880725905,0.1352979541,0.0670261011,-0.1530499160,0.0751936361,-0.0010117072,0.0774070621,-0.0284202695,-0.0221629497,-0.0218781978,-0.0464254245,-0.0360019691,-0.0534984544,0.0746764094,0.1195836440,0.0126537429,-0.0102309771,-0.1054738984,-0.0367279388,-0.0815583244,-0.0626420528,-0.0500369035
0.0381360278,-0.0650918260,-0.0716042742,-0.1428746879,0.2036531270,-0.1615522951,-0.0923818797,0.0335620865,-0.0267713740,-0.1615369618,0.2350845784,-0.0697591156,-0.2156143785,-0.0944507793,0.0267247669,0.0672710389,-0.0230294764,-0.0252249930,-0.1368198395,-0.1239350364,-0.1005151346,-0.0166784842,-0.0473603196,-0.2000807822,-0.2227650136,0.3090627193,-0.0428620912,-0.1311651319,-0.0080700545,0.0530674793,0.0303741358,-0.0432944484,0.3493844569,-0.2021246552,-0.0154731311,-0.0606357604,0.0855932683,0.0113055604,-0.1384779066,0.0583472252,0.0118407290,0.0832472220,-0.1500584632,-0.0851494148,0.3049954772,-0.2252264470,-0.0905231684,-0.0555848479,0.0940169021,0.0096760513,-0.1579166800,0.2949800193,0.0970812663,0.1004786938,0.0004255166,0.0924337208,0.1278632581,0.0510631613,-0.1644087881,0.1794503778,-0.2202211022,-0.0407297686,-0.0866630897,-0.1670517474,-0.0174771622,0.0266735926,-0.1170094833,-0.1010120288,0.0851444751,0.0836148784,-0.1850878894,-0.1162467524,0.0092171002,-0.1705973595,-0.1078045219,-0.2749272585,0.1522178203,0.0984611586,0.0834687203,0.0599293672,0.0263545811,-0.0091721592,-0.1502380818,-0.1617038101,-0.0521031804,-0.0070977299,-0.0062769079,0.0739536062,-0.1479868889,-0.0334459096,-0.0914987251,0.0251108501,-0.0060193990,-0.3087867796,0.3722741306,0.0121822795,-0.1112378463,-0.3092938662,-0.0309063233,-1.2287249565
0.0415176935,-0.0435055308,0.0048969141,-0.0527864471,0.2422140390,0.1582407653,-0.0085209822,0.0219276045,0.0184800588,-0.1803709716,0.0793132707,0.0213814322,-0.0645238012,0.0464038551,0.1949333251,-0.0999565125,0.0419849455,0.0937971324,-0.0413936004,-0.0516025349,0.0311060511,0.0878023729,-0.0582980849,-0.1131082326,-0.0889001861,0.0593771450,-0.0178486556,-0.1741377562,-0.0980963185,-0.0660338774,0.0604762398,-0.0082041882,0.0906279907,-0.0947799906,0.0805230811,0.0952233076,0.0992888883,-0.1764916331,-0.1668741405,0.0172309130,-0.1316883266,0.1190074980,-0.0392532386,-0.1155606881,0.0933827460,-0.0110338060,-0.0514308587,0.0157328099,0.0050062761,0.0101727834,-0.2222580016,0.0285955016,-0.0156318452,-0.0696894228,0.0943801180,-0.1778785139,0.0993097648,0.0261184108,-0.0111577623,0.1592205018,-0.0390742049,-0.0265867021,-0.0947140381,-0.0285088234,0.1037686765,-0.2096520364,0.0002957224,-0.0667488277,0.1503730416,0.0334576070,-0.0349384770,0.0443993472,-0.0304655358,-0.1868212670,-0.0542469472,-0.1150147393,0.0963857844,-0.0212703813,0.1090307459,0.0851906016,0.0211687032,-0.0238001812,-0.1455498636,-0.1536822468,-0.0002919078,0.0270830765,0.1214682683,0.1673614234,-0.0469498672,0.1128712818,-0.0506777614,0.0879802927,0.1353241503,-0.2082760334,0.1405153126,-0.2567501068,-0.0172940549,-0.1089317873,-0.0252017640,-0.1325307488
0.2124567479,0.0542047508,-0.3353572488,0.0963325724,0.0445935465,0.1157552227,-0.0395215377,-0.1518511325,0.1432230324,-0.2702030540,0.2282335460,0.2072752416,-0.2050281763,-0.1327749640,0.0920559019,0.0022598670,-0.0306072030,-0.0179439764,-0.2375269532,-0.2305755615,0.0940115228,-0.1535180062,-0.1509094983,-0.2005705982,-0.1484653950,0.2871797681,0.0761058852,-0.2190528959,0.0168169551,0.0189721081,0.1807850003,0.0000225740,0.0998923033,-0.2392542064,-0.1665059626,0.1148105338,0.2702239752,0.0600829162,-0.1740551144,-0.0152619248,-0.0841689855,0.1934032142,-0.2591161728,-0.2253980041,0.2501761615,-0.0448864661,-0.1693723202,-0.2108720541,0.1540198922,-0.0900335684,-0.3348086774,0.4032431841,0.0987196714,0.1059158742,0.1234007254,-0.0365255512,0.0366605967,0.0904524922,-0.2631944418,0.2528055310,-0.1474680901,-0.0810353234,-0.2226026207,-0.3202910125,-0.2756620646,-0.0056493785,-0.2091052383,0.0485278107,0.0013683410,0.1222081631,-0.3130096197,-0.0747150928,0.0105628977,-0.1163936332,-0.0722651631,-0.3331823051,0.1799920350,0.0459788814,0.1234414503,0.0405963026,-0.2174098641,-0.4025673270,-0.1493689567,-0.1553705931,-0.0982049480,-0.2135492116,0.1094172597,0.1772766262,-0.2918350399,0.0226227138,-0.0882831588,-0.0001537546,0.0106900185,-0.4374636412,0.3992176056,-0.3184999824,-0.1589203477,-0.2050877512,-0.3207764328,-0.9927053452
0.1399784088,0.0125333620,-0.1585746706,0.0053662322,0.1134474948,-0.1041394100,-0.0171546210,-0.0924877003,0.0221112035,-0.2311062515,0.2445949167,0.0820387751,-0.2045918405,-0.1514116079,0.2169953734,-0.1103007421,-0.0191718359,0.1052490994,-0.2403837591,-0.1947955340,0.0192522593,-0.0240853019,0.0749846995,-0.1346939504,-0.1903192550,0.2915892303,0.0431507342,-0.1871105283,-0.1019226611,-0.1142764837,0.1107764542,-0.0626580268,0.1757818162,-0.2504033148,-0.0344211720,-0.0763312653,0.1348961741,0.1443298906,-0.2970364690,0.1002771407,-0.0522346087,0.1947247833,-0.1876974106,-0.1270798296,0.3144587874,-0.1122784540,-0.2189738154,-0.1523958594,0.0712658316,0.0070919585,-0.1883702725,0.2380436510,0.0836559907,0.1309768111,-0.0292427149,0.0563369393,0.1145441383,0.0540707074,-0.1271919757,0.1853114814,-0.1381900012,-0.0594107211,-0.1544020623,-0.2566357255,-0.0113126757,0.0260143783,0.0202270336,-0.0567856766,0.1790573448,0.2010399699,-0.2354656011,-0.0051402925,0.0722046643,-0.1277887225,-0.0415970311,-0.1721598208,0.2577675283,-0.0629137009,0.2599592805,0.0476361699,-0.0141984317,0.0070307874,-0.0830315053,-0.1160517856,0.0024543421,-0.0013212931,-0.0516238883,0.1748672426,-0.2672868967,-0.0409906395,-0.1133413762,-0.0150510138,0.0550078824,-0.3432863653,0.4143624604,-0.0649037957,0.0577308871,-0.1630580425,-0.2552420795,-1.0618057251
0.1232196540,-0.0275783073,-0.0250505861,-0.0649361908,0.2920343876,-0.0249133408,0.0084572034,-0.0791882277,0.0963381752,-0.1257377118,-0.0191202611,-0.0388222151,0.0252865162,-0.0995637774,0.0364229754,0.0479647517,-0.0051744720,0.0708720610,0.0263774097,-0.0106263421,-0.0130271334,-0.0382459797,-0.0414342470,0.0605355762,0.0146152414,0.0008616263,-0.0584211051,-0.1187880114,0.0834703445,0.0241113957,0.0511140823,-0.0396448672,0.1255319268,-0.0058783623,-0.0396797098,-0.0776885003,-0.0410626084,0.0871875435,-0.0526818819,0.0890559927,0.0480235815,-0.0049401121,0.0241593942,-0.0316853970,0.0825522244,-0.0200767964,-0.1239478737,0.0441160388,-0.0469752103,-0.1096188873,0.0007896184,-0.0053516543,0.1079937965,0.0622287355,0.0514336526,0.1346934587,-0.0408282541,-0.0623910651,0.0067359242,-0.0563887693,-0.1524517536,-0.0351465493,-0.0404869877,-0.1169157922,0.0472866222,-0.0008455764,-0.0355220661,-0.1381098628,0.1360139847,-0.0390174501,-0.0870216489,-0.0394117609,0.1099639907,0.0552664138,-0.0098519502,-0.1251472384,0.0944526196,-0.0433846414,0.0813398361,-0.0351000242,0.0231789816,-0.2003167570,-0.0116806021,-0.0598002411,0.0279352274,-0.0151382945,0.0568902269,-0.0069134156,-0.0166566726,0.0283609964,0.0349118300,0.0701576695,-0.0228785686,-0.0291399602,-0.0097754272,-0.0527034216,-0.0461582579,-0.0730088055,-0.0388867147,0.1974224746
0.0051026037,-0.0430604070,-0.0520176850,-0.1362801343,0.1588712186,0.0951152295,-0.1220900863,-0.1241139546,0.0609510466,-0.0790151805,-0.0547062494,-0.0018956626,0.0745605081,-0.0535999797,0.0859153271,-0.0871900842,0.0238547903,0.1413094699,-0.0945914611,-0.0156245008,0.1382948011,-0.0876130685,0.0641306341,0.0901124626,-0.1350540966,-0.0130199101,0.1345993280,0.0068202717,-0.1735673845,-0.1176844388,0.1224726140,-0.0625899285,0.0050987089,-0.0932523906,-0.0831877589,0.0002845032,-0.0385677069,-0.0801440403,0.0316424631,-0.0802728385,-0.1124825850,0.1554891169,-0.0671958402,-0.1136696562,0.1195391938,-0.1184704602,0.0396633260,-0.0399110876,0.0082824649,-0.0707629248,0.1028577909,-0.0122433584,-0.0214301310,0.0256265998,-0.0474338830,-0.0075080823,-0.0775513500,-0.0671215579,0.0525858030,0.0903573483,-0.0244680606,0.0056386227,-0.0389465466,-0.0938779414,-0.1688801795,-0.0030379337,-0.0010943722,-0.0419365317,0.0603494942,-0.0476208143,0.0831467733,-0.0309672561,-0.0266168024,-0.0621742904,0.0054440135,0.0363291018,0.0052826279,0.1139174551,-0.0408147685,0.0259365644,0.0309330635,0.0094102547,-0.0638066977,-0.1102802977,0.1074263304,-0.1476400197,0.0995121673,0.0259913038,-0.0026796521,-0.0321945064,0.0266152322,0.1068807393,0.0563651063,0.0753711537,-0.0292788837,-0.0423570760,-0.0518540107,0.0809314623,-0.0295067746,0.1578779817
0.1676076502,-0.0302775446,-0.1822131723,-0.0218811035,0.1731650084,-0.0809463263,-0.1123615503,-0.0184544548,0.0246282946,-0.1651846766,0.1356144100,0.0659330711,-0.1792203188,-0.1409044862,0.2485735416,-0.0482333079,-0.0539932996,0.0117926160,-0.2586447597,-0.2166975588,0.1591048092,-0.1584659815,-0.0858652145,-0.2670029998,-0.0478665642,0.1297213137,0.1787218899,-0.1142857447,0.0875614956,0.2267942429,0.1041282043,-0.0842766091,0.2046983391,-0.1883065403,-0.0802465826,0.0235107709,0.0885649249,0.1471161842,-0.0469040312,0.0184465218,-0.1793280542,0.0858091563,-0.1666682512,-0.0790814757,0.3038363457,-0.2037096918,-0.2098623812,-0.1207819358,0.0805716440,-0.0625127405,-0.3025795817,0.1560802013,0.0474918224,0.0330205821,0.1110752150,0.1791904867,0.1106181890,0.1417324543,-0.0246931314,0.1161308289,-0.2227104902,-0.1524786949,-0.1457644403,-0.2266996503,-0.0173920281,-0.0064986967,-0.1783478707,-0.0886333957,-0.1555569768,0.1043295413,-0.2345881611,-0.0488157757,0.0024335573,0.0382261202,-0.0834101662,-0.3650052845,0.2457522452,0.1232137159,0.1063680425,0.1421484947,-0.1780492961,0.0791347250,-0.1283435673,-0.0600843020,0.0796830133,-0.0513654202,0.0773904622,0.1994224638,-0.1330995411,0.0232516378,-0.1336111575,0.1334958375,0.0044090375,-0.2563275695,0.2016171664,-0.0644066781,-0.1166996434,-0.1449632347,-0.1368809938,-0.4023222029
-0.0920048878,-0.0467571504,-0.3863959312,0.1861997694,0.1665758938,0.1888048500,-0.1086966693,0.0941249654,0.0250039026,-0.1314838827,0.1377267838,0.2267872989,-0.2647756338,-0.1583384126,0.2497040480,-0.1142858341,0.0954578742,-0.1091019288,-0.3280347884,-0.2648166716,-0.0383545756,-0.0105101690,-0.1427013129,-0.2871599793,-0.1690260917,0.3459545076,-0.0339315422,-0.2440229654,-0.1056800559,0.2621634007,0.0420980938,0.1081813350,0.1183951870,-0.1577719450,-0.1201611608,-0.0360394716,0.2706094980,-0.1102390513,-0.3317575753,-0.0813010782,-0.2091154754,0.1945066601,-0.1521045566,-0.2546985149,0.2655934393,-0.1697656661,-0.1102119461,-0.2877061963,-0.0129748099,-0.1458764523,-0.1341650486,0.2777354419,0.1293611825,0.0468901619,-0.0202843193,-0.1711137146,0.1582334042,0.0037853508,-0.0465095080,0.1508705765,-0.2913268209,0.0652212873,-0.1679730862,-0.2827057242,-0.0127442954,-0.1305724382,-0.0994150564,0.0822086707,0.2070138603,0.1327942908,-0.1782832742,-0.0761537328,0.0071661891,-0.2138872147,-0.1262188107,-0.0323912799,0.2086028755,0.0540406965,0.2146627605,0.0152577478,-0.1897568107,0.0868238658,-0.0175372250,-0.2279912084,-0.0426365547,-0.1308726221,0.1777634621,0.2414452136,-0.3255555034,-0.0094665689,-0.2888400555,0.0214448180,0.0259049684,-0.3542217910,0.2073116452,-0.1646967679,0.0398712456,-0.1505695730,0.0626643524,-0.4349697232
0.0287875161,-0.0780530572,0.0409702547,-0.0530842915,0.2098392844,0.0877184868,-0.1524600685,0.0088812495,-0.0776456073,-0.0272852462,0.0147516839,-0.1636418551,-0.0872397423,-0.1253338158,0.0597092956,-0.0698184893,0.0115745217,0.0085620992,-0.0277902894,-0.0445593372,-0.0173962116,0.0080700219,-0.1462100893,-0.0420306548,-0.1401903480,0.0524360500,0.0127944043,-0.0949077457,-0.0939241946,0.0254804399,-0.0175607968,-0.0183257684,0.0136839179,-0.0575303175,-0.1437186897,0.0602764934,0.1265847385,0.0488235652,-0.1320185363,0.1516314894,-0.1257090420,0.1834703833,-0.1312416196,-0.1063956767,0.0885901675,-0.0437265709,-0.0378689058,-0.0443320125,0.0294305384,-0.0648496076,-0.1904826760,0.0737035424,0.0309495218,0.0881444216,0.0533820167,0.1585871279,-0.0055003832,0.0909177363,-0.1279883087,0.0239499062,-0.0184140075,-0.0738519356,-0.1886458546,-0.0218296740,0.1626230627,0.1735073626,-0.1179775000,-0.0058350428,0.1225472838,0.0255730115,-0.0908335969,-0.0435100012,0.0075389310,-0.0383218192,0.1473136693,-0.1585514843,0.0179392863,-0.0799770877,0.0751006231,-0.0330198035,-0.0389697738,0.0412115268,-0.1036698669,-0.0408166759,0.1469829381,-0.1465144455,0.2455789000,0.0331227146,-0.1032282263,0.1100525036,-0.1196921095,0.0919410810,-0.0130451471,-0.0225535538,0.0823763609,-0.2151664943,-0.1112765074,-0.1206727028,0.0031770207,-0.1493712366
-0.0781498626,-0.0490187779,0.0857164338,0.2046710700,0.1041470319,0.4553188086,-0.0416254476,-0.0084259277,0.2623699903,0.2725271583,-0.1364868879,-0.0034006548,0.4786913991,-0.0740629360,-0.0860857889,0.1588817984,0.1977868527,-0.1088675559,0.1103423536,0.1668498069,0.1355171055,0.0957137793,-0.0148145668,0.2972219288,0.0846069157,-0.3330979645,-0.0225325227,0.0163536072,-0.1690712720,-0.3362976909,-0.0120566217,0.0901426524,-0.4164325297,0.2220153511,0.1767822355,0.0107670920,-0.0040809428,-0.1894610822,0.0961908773,0.3276676834,0.1818897724,-0.1395285577,0.2753857970,0.1856649369,-0.2529460192,0.2094404995,0.1267784387,0.0901423097,-0.0368298888,-0.0930199102,0.3360130489,-0.1820252836,-0.3363222182,-0.0398778059,0.0208536480,-0.4120051265,-0.1701922566,-0.1594820917,0.2745856047,-0.2260554284,0.1577533633,0.1730199903,0.1832756847,0.1323357373,-0.2570902705,0.2270866185,0.0688230097,0.1962299496,0.3370370865,-0.1663432568,0.2553827167,-0.0178882405,0.1055187434,0.0919730291,0.2654502094,0.3939854801,-0.3117007315,0.1103249192,-0.2293702215,0.0740890503,-0.0138030257,0.0746152401,0.1095734090,0.1362909079,-0.3593246639,0.1397746652,0.0740627795,-0.3210472167,0.1412601471,-0.2401390672,0.2326653749,0.0185080245,-0.0930428579,0.2617989182,-0.2747049034,0.1522533149,0.0116914213,0.3589094877,0.0762390941,0.7043135166
0.0536158346,-0.0397258624,0.0125591634,0.1157184169,-0.0851567537,-0.2868781984,0.0254009776,-0.0472808965,-0.2501768470,-0.0116216987,-0.0260300469,-0.0387436450,-0.2046464235,0.1145591885,-0.1684951037,0.1834534109,-0.0781747177,-0.0355738141,0.0229508430,-0.1432599127,0.1250299215,-0.1053313166,0.3202108741,-0.0044848048,-0.1132154763,0.1627393961,-0.1743510067,0.2357006073,0.0501592457,-0.1645425409,-0.1569975764,-0.1724521369,0.0597067513,0.0791604146,0.0206900556,-0.0819148272,0.0901877061,0.2729601562,-0.0538445897,0.1434124708,0.0423750207,-0.1171505824,0.0257398877,-0.0092982594,0.0017678312,-0.0004445969,0.0789577439,0.0197340529,-0.2282355875,0.0367889106,0.0825950503,-0.0145768728,0.0656985193,-0.1159679741,-0.0298446324,0.3483921587,-0.1641690880,-0.0276221279,-0.2876591682,0.0622496568,-0.1018370241,-0.1043113992,0.0343889482,0.0255180094,-0.2951126397,-0.0098446589,0.1518682986,0.0384287648,-0.2914524078,0.0677514300,0.0225657132,-0.0092512602,-0.1286890507,0.2254177630,0.0082945218,-0.0094545260,0.1657578349,-0.1458612382,0.0927206725,-0.1924234629,0.0548671484,0.1032974049,-0.0120553104,0.0128649781,0.0034848964,-0.0183379222,0.0063344883,0.0769778043,-0.0586405993,0.0464284159,-0.0586607754,-0.2775030434,-0.0671990961,-0.1307754666,0.1717134416,-0.0971786603,-0.0631198958,-0.0485957712,-0.1536087692,-0.2198021114
0.0854343548,-0.1104133576,0.1624614149,-0.0845712870,0.2181672901,-0.1181967556,0.0158067066,-0.0585289188,-0.1857730150,-0.1910412610,-0.0604654215,-0.0065466729,-0.2550291717,0.0019957435,-0.0703630224,0.0197024271,-0.0964259654,-0.0394945517,0.0155807808,-0.1538534611,0.1487346143,-0.0112805879,-0.0152985007,-0.0200530421,-0.0528796017,0.0413650051,-0.0507171340,0.0166997984,-0.0230328515,0.0321603343,0.0478117950,-0.0249936935,0.1344421357,0.0292691272,-0.0872258842,-0.0061146882,0.0518296845,0.0365084559,-0.0442686863,0.0456967540,0.0865332857,0.0151321515,-0.1333181560,-0.1067217588,0.0360551812,-0.0985500887,-0.0322785601,-0.0942416489,0.0134698972,0.0239071529,-0.0321004353,0.0640971959,-0.0367736332,-0.0021077348,-0.0206251983,-0.0149131157,-0.0635016114,0.0345085710,-0.2520197034,0.0778405517,-0.0776244104,-0.0994850770,-0.0475728922,-0.0002263243,-0.0157645512,-0.1751034707,-0.0435973406,-0.1135800257,-0.0051956852,-0.0645477325,0.0292133726,-0.1171334237,0.0178351514,-0.0768271685,-0.0924544036,-0.2237169594,0.1349889636,0.0603685006,0.1371811628,0.0262138527,-0.1020938531,0.0053372355,-0.1157287881,0.0842773393,0.1104357466,-0.1363852918,0.0444183387,0.1346898675,-0.1180868670,0.1738202572,-0.0551625937,0.0838616490,-0.0308657996,-0.1930420995,0.0647271574,-0.1076489836,0.0717169717,-0.1136287600,-0.1467016488,-0.3419459462
-0.2686007917,0.0487253442,-0.1397827119,0.1399356872,0.1464643478,-0.0985239670,0.0071411529,-0.0296600666,-0.1554533392,-0.1669830382,-0.0318809748,0.1471023858,-0.2261238694,-0.0532381423,0.0787860304,0.0413571298,0.0330665819,-0.0098966090,-0.2492416203,-0.1524918824,-0.0757930130,-0.0268443264,-0.0119043626,-0.0545640513,-0.1702881604,0.1007045880,0.0278115217,-0.0383079052,-0.0673821345,0.1791827679,0.0040772483,0.1450068653,0.1166004688,-0.0887668282,-0.0264738444,-0.0232930053,0.1991325468,0.0408046208,-0.1670462936,-0.1716322303,-0.0606841780,0.0527723320,-0.0131876962,-0.1538574845,0.2053951472,-0.1509195268,0.0192543902,-0.1726744771,-0.0225047171,-0.1280247122,-0.1135403216,0.1659253389,0.0222214218,0.1944908947,0.0383807942,-0.0944735631,-0.0274329837,-0.0309932642,-0.1853678226,0.1113529056,-0.2287373543,0.0601673536,0.0288381651,-0.0036948249,0.1154841483,0.1012634337,-0.1825181395,0.0882834196,-0.0868164003,0.0559107363,-0.1431693733,0.0205558222,0.0214508791,-0.0676836893,0.0442964397,-0.0695655569,0.1201118156,-0.0146302832,0.1710432768,-0.1026171222,-0.1624977738,0.1746182889,0.1417141408,-0.1587593257,-0.0060091023,-0.1783245504,-0.0296059214,-0.0014588229,-0.1893062741,0.0798628554,-0.0947949067,0.0847057700,-0.1162305176,-0.1759804338,0.2090420574,-0.1455019265,0.0236817859,-0.0812209398,0.2936571836,-0.2394938469
-0.1183600053,0.0618243851,-0.4014801085,-0.0001940062,0.0212088618,-0.1965131313,0.0498982370,0.1300478131,-0.1308755577,-0.1788027436,-0.0624050908,0.1205774024,-0.0426415130,0.1036917344,0.0033077854,0.0988177434,0.0437530875,0.0463923514,-0.0738090277,-0.0262209978,-0.1269813776,0.1455978155,0.0761507750,-0.1640728861,0.1462746561,0.0218996219,0.1307100952,-0.0234679785,-0.0281475428,0.3013097048,0.0527246483,-0.0876851529,-0.0326589458,0.0238544066,0.0309406891,0.0009750791,0.1502704322,0.1949888915,-0.0003106824,0.0452134758,0.0213615745,0.0277231745,-0.0233584885,-0.0369776785,0.1464380026,0.0266769938,0.0053685717,0.0975187123,-0.1747502089,-0.0745845214,0.0308585633,0.1324409992,0.0651020631,0.1387648433,-0.1188869178,0.0410686731,-0.1347038150,0.1213823706,-0.2807023823,0.0012393742,-0.1133877784,0.1420719028,0.0341972373,-0.0554080643,-0.2609856427,-0.2963056266,0.1007801816,0.1116184443,-0.3860353827,0.0395567156,-0.0049786824,0.0160960611,0.0181099344,0.2156121284,-0.2603130639,-0.0881784856,0.0550955757,0.1518770158,-0.0108518433,-0.2146238536,-0.1184063554,0.1952593476,0.0084102955,-0.0392762907,-0.0722956285,-0.1358018219,-0.0134808728,0.1536606997,-0.0471759103,-0.1144221500,-0.0322530717,0.1026563123,-0.0691457763,-0.0209714603,-0.0053008245,0.0112460796,0.4389397204,-0.0068205078,0.2789504230,-0.1142650694
0.1252961159,-0.0470069423,0.0674731359,0.0752938762,0.0015995445,0.1434901208,-0.1394802332,-0.0790416971,0.0873669386,0.0203568377,0.1353136003,-0.0918864161,0.0063255201,-0.1597016752,0.0029826739,-0.2007716149,-0.0568901338,0.0143054193,-0.0962236375,-0.0455552191,0.1167351305,-0.0309635345,-0.0732913390,-0.1136218458,-0.1348809153,0.0203867387,0.0209055301,-0.1449433416,0.0850582197,0.1197297201,-0.0236731246,-0.0077110245,0.0143823698,-0.0631638914,-0.0853526220,0.0276684053,-0.0161453523,-0.0744319260,-0.0844538808,-0.0080100615,0.0062506972,0.0350379832,0.0258381311,-0.1273113042,0.0797371119,-0.1370357275,-0.1341585368,-0.0575491413,0.0186788049,-0.1047992259,-0.0198062751,-0.0025204651,0.1052631363,-0.0714873523,0.1389213651,-0.0373175666,0.0482837521,0.0480158888,0.0246449541,0.1656166017,-0.1047493368,-0.0295422580,-0.0565345660,-0.1237897053,-0.1317375451,0.1197439432,0.0066991835,-0.1124041006,-0.0344378278,0.0556986704,-0.0441004373,-0.0933443382,0.1182677448,-0.1607735008,0.0111313974,-0.0063672815,0.1758405268,0.0134021426,0.0249359496,0.0654345527,-0.1325046271,0.0994732752,-0.0943031535,-0.1491689831,0.0080957897,-0.0830389932,0.0372076482,0.0021244015,-0.0336083025,0.1159220636,-0.1127412543,0.0489087403,0.0180653166,-0.0947789773,0.0799696892,-0.1716375351,-0.0599665195,-0.1711527854,-0.1696701795,0.0308816843
0.0102273831,-0.0329254940,-0.1184865311,-0.0516906381,0.1394991130,-0.0471927375,-0.1105446368,-0.0689041018,-0.1466320604,-0.0533997416,0.1840263158,-0.0886634663,-0.1414232552,-0.1137442663,0.1629192531,0.0449698642,-0.0533215553,0.0618657358,-0.0914446414,-0.0112886652,-0.0583716221,-0.0082506342,-0.1150340140,-0.1393590420,-0.1925754845,0.1138604730,0.0584483445,-0.0654923916,0.0002739980,0.0281921998,0.0524491295,-0.0143736145,0.1040685624,-0.2241230756,-0.0001646346,0.1023487970,0.1204763725,0.1780167371,-0.0092753544,-0.1740116626,0.0218171291,0.1290917695,-0.0682718158,-0.0418657735,0.0659898594,-0.1647790074,-0.0226778984,-0.0804691464,0.0213042889,0.0346675850,-0.1852523834,0.0884623751,0.1866427809,0.1407084763,-0.0293347761,0.1666666865,-0.1172594652,0.1310366243,-0.1212977543,0.0650156066,-0.1100037321,-0.1537058055,-0.1049652100,-0.1627709270,-0.0720438510,-0.0010325027,0.0022178635,-0.0872874558,-0.1354728192,0.1939386278,-0.2444589585,-0.0975838304,0.1024158224,0.0444610007,0.0093112485,-0.2174692452,0.1203599423,0.0408687219,0.0952730626,-0.1222914606,0.0316382684,-0.1319428980,-0.0906742886,-0.0333077833,0.0360241532,-0.1694191992,0.0087842252,0.1016536430,-0.0439925231,0.0506832711,-0.1418048590,-0.0093637593,0.0328603685,-0.1537988335,0.2319990993,-0.1432604343,-0.1118208990,-0.1910561025,0.1832406670,-0.1867480427
-0.0856704935,0.0345892012,0.3235336244,0.0194222871,-0.4372534454,-0.0231217518,-0.0345987454,0.3590705395,0.0708528161,0.2532281578,-0.2441353947,-0.2780685127,0.3305211365,-0.1217792183,-0.1558412313,-0.0773009062,0.3077088296,0.0216470044,0.1618048698,0.1476840675,0.5386501551,0.0003604899,0.5013921261,0.3201691806,-0.0269821733,-0.1557319313,-0.3286290765,0.2664458752,0.0298866127,-0.4478944540,-0.3393596709,0.0468658246,-0.4061201215,0.1818544567,0.1024561897,-0.2776378095,-0.4286060035,-0.2436521649,0.2244834304,0.5031315088,0.2301163524,-0.3943848908,0.1113694757,0.2506688833,-0.2628237903,0.1347037256,0.1517201215,0.2021423876,-0.2866784930,0.2215403318,0.1561375856,-0.2158483118,-0.2583197057,-0.3448520899,-0.0634796470,0.1608281434,-0.1835861653,-0.1928924471,0.4830325842,-0.1892657727,0.3368289173,-0.0912174955,0.2409303486,0.0473128706,0.0611569174,0.3723613918,-0.1896594465,0.1808319539,0.2156121731,-0.2670706511,0.2043431401,0.2092352957,0.1740433276,0.0861588046,0.4114111960,0.2285398394,-0.2286092937,-0.3764227033,-0.1994160861,-0.2238543481,0.2001131624,0.5962424278,-0.0204073135,0.0310676340,0.1361719221,0.3976034522,0.0003248798,-0.0378904417,0.2434543073,0.0097571444,0.1359936893,-0.2571082711,0.1891759634,0.1904684752,-0.1792066693,0.2111960799,0.2733592987,0.1520926505,-0.1026781276,0.4198788404
0.0247926246,0.0026988988,0.0399208255,-0.0050762645,0.1942043304,-0.1072027311,-0.2585392296,-0.0219970495,-0.1057683527,-0.0862856954,0.1874522865,-0.1222259551,-0.0200820286,-0.2145021707,0.2149371952,-0.0036716752,0.1130408198,0.1931340396,-0.1370725483,-0.0369538479,0.1082367450,0.0210909918,-0.0709565878,-0.1299946010,-0.1925053596,0.1093342528,-0.0002614349,-0.0637615770,0.0850871503,0.0207952037,0.0778101683,-0.0111643635,0.1635490954,-0.1084043905,-0.0527469255,0.1129587740,0.0895643532,0.0511951335,-0.1628790200,0.0100289350,-0.0837018117,0.2302396744,-0.0646134093,-0.0911459997,0.1114058122,-0.1713790596,-0.2082415223,-0.1306859404,-0.0289464407,-0.0237679891,-0.1111674234,0.0500956960,0.0679983124,-0.0658727214,0.0825999454,0.1164793372,-0.0672627389,0.0701559186,-0.0889912322,0.1185734421,-0.0526478067,-0.0553784296,-0.0059921360,-0.1544906795,0.2168932110,-0.0026612675,-0.0037630291,-0.3006171584,-0.0623792708,0.1779695898,-0.1952091157,-0.0434770882,0.0007418890,0.0320244990,-0.0007169727,-0.0680598319,0.0656492859,0.1489183307,0.0087023387,-0.0407176763,-0.0685285106,-0.1831486523,0.0007360206,-0.2047116458,0.0610414222,0.0915144309,0.1389943957,-0.0136937844,-0.0680350438,-0.0638597608,-0.0778163299,0.0903529227,0.0194632206,0.0081101321,0.0946121141,0.0120976502,0.0116794389,-0.0718047768,0.3181524575,-0.0385991707
0.0509441383,-0.0411248729,-0.0781613737,-0.0171681438,0.1804021895,-0.0863998234,0.0073876008,-0.0064165033,-0.1281484812,-0.1491838098,0.0467329808,0.2307158560,-0.1423005760,0.0693539977,0.1004891470,-0.1029170752,0.0051416354,-0.0084663713,-0.0916536078,0.0362086445,0.0658889040,-0.0388041697,-0.1068374962,-0.0883168802,-0.0712082908,0.1377324909,-0.0026250037,-0.0059439153,0.0299422927,0.0581063703,-0.0403726660,-0.0681765825,0.0422589965,-0.0316216946,-0.0074276803,0.0112352110,-0.0323367640,0.0229918025,0.0393403396,0.0947460309,0.0032862290,0.0146099934,-0.0681871325,-0.0838271007,0.1526200771,0.0899620280,-0.1010552347,-0.0625167340,0.1150099114,-0.1002715155,-0.1578927636,0.0663271025,-0.0589475594,0.0406960025,0.1300855279,-0.0024455308,0.0063740108,0.0382903665,-0.2115187496,0.1089867651,-0.0587734804,-0.0928195864,0.0214236733,-0.1262672544,-0.1529389024,-0.2878204882,0.0164112523,-0.1589937061,-0.0080025904,-0.0017330573,-0.1431877613,0.0822506323,-0.0456578396,0.0376041196,-0.1055426672,-0.1287808567,0.1563016623,0.0190767162,0.0440529101,-0.1076476946,-0.0037351078,0.1693428308,0.0507580750,-0.1210438162,0.0194733087,-0.1618578881,0.0009845091,0.0690330192,-0.0727213323,0.0133793326,-0.0304422900,-0.1134682670,-0.0127185099,-0.0193731207,0.0279053263,-0.2250754684,0.0177937727,-0.0921080709,-0.1894706488,-0.3039440215
0.0025012335,-0.1131965965,-0.1524168104,0.0105124703,0.1906707883,0.0574463941,-0.0070528383,-0.0602071472,-0.0019716732,-0.0720914155,0.1260911077,-0.0235101245,-0.1020044461,0.0126974657,0.0889525041,-0.0931194127,-0.1312552541,0.0670863166,-0.0629847497,-0.0651135594,0.1329227090,-0.1082543954,-0.1378845274,-0.1542372853,-0.0461887680,0.0948810875,-0.0940367132,-0.1103444323,0.0016986051,0.2053897679,0.0367488377,-0.0248434432,0.1707173735,-0.0752809495,-0.0051525333,-0.0187463369,0.0093807196,0.1348007768,-0.0776414350,0.0258065313,-0.1246248409,-0.0055101831,-0.1074354872,-0.1184697971,0.1353816688,-0.0950210020,-0.0785074010,-0.0169686452,0.0263664741,0.0083656628,-0.2058885694,0.0339608788,0.1635790765,-0.0108517660,0.1338628232,0.0695734695,0.0012670225,0.1202289760,-0.0235152878,0.1033107638,-0.1052957103,-0.1259612292,-0.1101239175,-0.1019518450,-0.0366055965,0.0152826067,-0.0987895653,-0.1400755197,-0.0279748272,0.1448831260,-0.0445914045,0.0677330643,0.0213278253,-0.0808595344,-0.0857405216,-0.1690376103,0.0465176739,0.0161143374,0.0724292248,0.1245423853,0.0434830748,-0.2410085201,-0.1471606791,-0.0680220574,0.0504048429,-0.1462451965,-0.0387904868,0.1510159373,-0.1027363166,0.0606225617,-0.0010221832,-0.0413972773,0.1017801389,-0.0488685668,0.1056200713,-0.1983353347,-0.0990634114,-0.2093618363,-0.2446253300,-0.2513526678
0.0330461822,-0.0186818093,-0.1475391537,0.0569125973,0.3017330170,-0.1965473890,0.0836215168,0.0421361253,-0.2278134227,-0.1347807348,0.0465373546,0.0792244747,-0.2416426092,-0.0978542417,0.0628511086,0.0825318992,0.2030464411,0.0734630823,0.0029957383,0.0000723961,-0.0812631845,0.0925566554,0.0689333379,-0.1526484042,0.0287857205,0.0309957433,0.1193928868,0.0474180393,-0.0339354351,0.0853624716,0.1059473082,0.0156630334,0.1935262680,-0.0132913664,-0.0251574405,0.1327605695,0.1517914534,0.0798307061,-0.0926485881,-0.0021066761,0.0393989049,-0.0107091274,-0.1005023345,0.0132309608,0.0403255299,0.0354261883,-0.0882637873,-0.0104038110,-0.0682293549,0.0658797994,-0.0169238131,0.0065373434,0.0957224444,0.0119312005,0.0305314343,-0.0760133713,-0.0647622421,0.0405593775,-0.0818819106,-0.0290272627,-0.0478333086,-0.0485219955,-0.1109818891,-0.0315213837,-0.0179643519,-0.0807440206,0.0135026975,0.0202235449,0.0409357473,0.0258703828,-0.0280497707,-0.0742842481,-0.0645257384,-0.0145270377,-0.1854141951,-0.1276714057,-0.0518988222,0.0629061535,0.1241603047,-0.0195401404,0.0733135343,0.0317896008,-0.1171371862,-0.0618742667,0.0803344995,-0.0145380469,0.0726458654,0.0626035258,-0.0762666985,0.0626622066,-0.0322127305,-0.0367714353,0.0928835645,-0.0807381123,-0.0008567284,-0.2260571420,0.1421514004,-0.1340732723,0.0104743773,-0.1094267741
-0.0255912542,-0.0278719310,-0.2662252188,0.0244179219,-0.0226202384,-0.1062309071,-0.1653748900,-0.0545365699,-0.0267319661,-0.1752207130,0.0409467369,0.0178088285,-0.1491664648,-0.0106470231,0.1145785525,0.0632183105,-0.0641564280,0.0196651425,-0.0725854784,-0.1044147983,0.0259344596,-0.0076976321,-0.0790523440,-0.0693169981,-0.2317210734,0.0911453888,0.0612964146,-0.2083146274,-0.1703315377,0.0949145555,0.1156016663,-0.0900259390,0.1040762067,-0.1570775956,-0.1366681010,-0.0563330390,0.0382338390,0.0983824506,-0.0676526204,-0.0579120815,-0.1027253270,0.1098254025,-0.1271384060,-0.0406972840,0.0518552996,-0.0671186224,-0.0477795675,-0.2081059068,-0.0065572364,0.0011690975,-0.1948849112,0.1188224480,0.1194424480,0.0771085173,-0.0510415435,-0.1117377058,0.0545626469,0.0036434808,-0.1251510084,0.2521603107,-0.0625166669,-0.0719802454,-0.0311594643,-0.2405181080,-0.0601369366,-0.0351311713,-0.0926068723,0.0161682311,-0.1195097342,0.0467138812,-0.2306740582,-0.0605823323,0.0191007704,-0.0295131989,0.0738068596,-0.0195593517,0.1682310402,0.1087837517,0.1830196977,0.1114014685,-0.2062111199,0.0112275146,-0.1185112447,-0.1726403087,0.0874336734,-0.1560769826,0.0988690555,0.1574576497,-0.2615400851,0.0351087935,-0.0565019287,-0.0265394542,-0.0751144215,-0.2696894705,0.1641104817,0.0061458396,0.1043369249,-0.2060261220,-0.0284827650,-0.4294003546
-0.3541570306,0.3239514828,-0.0305502173,0.1975621432,-0.3002382219,0.0603784695,-0.0463315733,-0.0956310853,0.1374586076,-0.1323869973,0.1207167059,-0.0947028697,0.0479669571,-0.0770949125,0.0720581487,-0.1290961802,-0.0150950039,0.0394950770,-0.0587543249,-0.2583815455,0.0615380965,-0.1052655801,-0.0935581326,-0.0395911187,-0.1842760593,0.2034086287,0.0954445004,-0.1511085629,-0.0169488732,-0.0284939799,0.1410867870,0.2053602040,0.0455143712,-0.1338153481,0.0660429820,-0.0149540827,0.0302065294,-0.0280095451,-0.2347325981,0.0588062555,-0.0774362609,0.1036979184,-0.1566628069,-0.0967512056,0.1484507173,-0.1827624589,-0.1384864599,-0.2052517384,-0.0030921951,0.0303193033,-0.0425525866,0.2733351588,-0.0036389215,0.1214672178,0.0183933284,-0.2421535403,-0.0405700617,0.0201273132,0.0376949348,0.2205777019,-0.0809433386,0.0041378406,-0.0793166906,-0.2526097596,0.0278738327,0.0351806581,0.0883945003,-0.0539060980,0.0171108805,0.0335946530,-0.2518979311,-0.0231414419,-0.0067232745,-0.1719073802,-0.0497131310,0.0677445829,0.1148928255,0.0095615312,0.1145126224,0.0910331905,-0.0748079419,-0.0621199384,-0.0346230455,-0.0935831293,0.0054810806,-0.2254408300,0.0627326295,0.1401905566,-0.1645130813,-0.0009598706,-0.0613769367,-0.0137913236,0.0807135478,-0.3099988103,0.2508348227,-0.1027120724,-0.1152219772,-0.2053793967,-0.1687708795,-0.2347002923
0.0299526602,0.0732958168,-0.0511741117,-0.0677545443,0.1613754183,-0.0477265678,-0.0052560670,-0.0376274399,0.0642310455,-0.1290625930,-0.0908002034,-0.0062998398,-0.0594411157,0.0158835817,0.0342731848,-0.0268540308,0.0520928428,0.0393489748,-0.0004910603,-0.0657824427,0.1420792490,-0.0149106262,0.0343698412,0.0074383980,-0.0161464233,0.1134427339,0.0515227169,-0.1286821216,0.0198527072,0.2050587088,0.0741823465,-0.0084396601,-0.0033943357,-0.1290729046,0.0011924381,-0.0228127297,0.0988767520,-0.0910920352,-0.0444239229,0.1297183484,0.0332547724,-0.0410566404,-0.0236766078,-0.1134206653,0.1833598018,-0.0579329319,-0.1360722333,-0.0516747981,-0.0199295711,0.0521034747,-0.1210086495,0.0905564949,0.0957409441,-0.1225265786,0.0034673202,-0.1152793467,0.0341410786,-0.0450104252,-0.0107466849,0.0937926322,-0.1214713603,-0.0983771607,0.0124765132,-0.0576426424,-0.1443260908,-0.0841663107,-0.0817142949,-0.0315236785,0.0274172593,-0.0222321972,-0.1014799550,-0.0687371492,-0.0209040232,-0.0064900252,-0.0931896791,-0.1011869982,0.0058628484,0.0363882445,0.0677537546,0.0419288166,-0.0481355637,-0.0051469584,-0.1001756415,-0.1253623217,0.1376373470,-0.0505789742,0.0472697839,0.0705821142,-0.0989276841,0.0947341919,-0.0315272398,0.0460781567,0.0796633810,-0.0549650453,0.0586525351,-0.2169488221,0.0807747468,0.0192535631,-0.1717936546,-0.0866957977
-0.1154020876,0.0584919751,-0.0060447515,-0.0984369963,0.0653674752,-0.0103017064,0.0404287055,0.0529999025,0.0188997425,-0.1418154985,-0.0865131319,-0.0884693414,-0.0569677763,0.0132315988,0.0738486797,-0.0495061912,0.0388368405,0.0626674071,0.0223248266,-0.0098263305,-0.0540305376,0.0398006365,-0.0828743055,-0.0713849962,-0.0410810448,-0.0161285382,0.0717129335,0.0215032343,-0.1430563927,0.0072045578,0.1523419023,-0.0202500205,0.0503633879,-0.1067893580,-0.0350015610,-0.0001826999,0.0376518704,0.0762374625,-0.0960653499,-0.1276332587,-0.1088637039,-0.0441722348,-0.0950431228,0.0179126877,0.1166627705,0.0005118991,0.0093577188,0.0565391593,0.0837248713,0.0484097674,-0.0681963712,0.1141102463,0.0925015137,0.0716433674,-0.1057749838,0.0957772955,0.0909083262,0.0577733479,-0.1493125111,0.1017923206,-0.1637597233,0.0112228403,0.0206782296,0.0200692248,-0.0161730107,0.0711736232,0.0867909193,-0.1596861780,0.0215631016,0.0848135576,-0.0705612302,0.0199571941,-0.0014065751,-0.0441702642,0.1485431492,-0.1072389409,0.0800106972,0.0664579645,0.1456635296,-0.0839782804,-0.0187328104,0.0526547469,0.0477887616,-0.1605770886,0.0119018722,-0.1009762883,0.0806549117,0.0960782543,-0.0966875255,0.0059228446,-0.1543918699,-0.0061356942,0.0274930503,-0.0411639623,0.0992805511,-0.0173023064,-0.0534271821,-0.0787201226,0.1779770851,0.1009030566
-0.2492146194,0.0357081704,0.4177475572,0.0124440501,0.1611789614,-0.1823913306,-0.1980338246,0.1754366457,-0.3215415478,-0.1048840955,0.1069490686,-0.3150706291,-0.2208092213,0.0284455474,0.0869531333,-0.0198244452,0.1207343340,0.0615566038,-0.0481719784,-0.1432241648,-0.4236346483,0.0122358277,0.0432696901,-0.3456441760,-0.0189145263,0.1960859448,-0.0447679535,-0.3038391173,-0.1327541322,0.0915798321,-0.0022485054,-0.0693617389,0.1609756351,-0.2065435350,-0.0216012485,-0.0216578282,0.1257446408,-0.1473231614,-0.2545266151,-0.2200300694,-0.0534578785,0.0293207169,-0.3025195003,-0.0691882819,0.1724818200,-0.1824444830,-0.1211424246,-0.1641389579,0.1719833165,-0.1723663658,-0.1764872521,0.0973301604,0.0506746806,0.0295098107,-0.0841435641,-0.1511310786,-0.0213068798,0.1051045731,-0.1747624427,0.1884236634,-0.1204453334,-0.1076137125,-0.0634426251,-0.1149132550,0.5374332666,-0.0557152256,-0.0675972924,-0.0574962310,0.0382890776,0.1206021756,-0.0803816095,-0.0609318614,-0.0134895360,-0.1324229687,-0.0970391706,-0.0293013491,0.0982942581,0.0589966662,0.1400240809,0.0291574709,0.0252792574,0.2620920837,0.1660860479,-0.0214091595,-0.0486945733,0.0280126911,0.2523148954,0.0152648026,-0.1434091330,0.0068750801,-0.3241065443,0.0848140791,-0.0038266657,-0.1233530119,0.3311789632,-0.0848799795,0.0184370019,-0.1483124942,0.4797010124,-0.3960807323
0.1003388315,-0.0295527335,-0.1233178228,-0.0326813534,0.1218059212,0.0745420381,-0.1565123051,0.0427318588,-0.0118495431,-0.2222413570,0.0936650485,0.0096663227,-0.0762304217,-0.0155888172,0.1656108350,-0.0729255974,-0.1275919378,0.0887105539,-0.0184450746,-0.1095644161,-0.0842301250,0.0454820059,-0.0533846170,-0.1212190017,-0.0734118149,0.1156407297,0.0307689793,0.0183983166,0.0322980881,0.0814769641,0.1138911620,0.1006220728,-0.0194685943,-0.0482436940,-0.0281506628,-0.0425584204,0.0778044164,0.0132465037,-0.1017980054,-0.0703370050,-0.0399338305,0.0141283888,-0.0611453429,-0.0174450167,0.1154894978,-0.1095222980,-0.1942040324,0.0610417910,0.0136027401,-0.0235657431,-0.2201387733,0.2222983986,0.0489348397,0.1057877168,-0.0413495824,0.1438767314,0.0019119368,0.1076637208,0.0518972240,0.0533150919,-0.0702847764,-0.0413668603,-0.0342284702,-0.1888399571,-0.0493419431,0.0602310933,-0.0906360745,0.0081730867,0.0303332787,0.1840282232,-0.2206139416,-0.1196192205,0.0900896639,-0.1293001920,0.0727309585,-0.2319688797,-0.0085305450,0.1020484790,0.0547345504,-0.0575939454,-0.0728822276,0.0783187374,-0.1118143573,0.0177788455,0.1653479636,0.0190314539,0.1308111995,0.0402840488,-0.0300423205,0.0331003740,-0.0019188949,-0.0044354461,0.0460547246,-0.2118153125,0.1110861897,-0.0437365137,-0.1037473232,-0.1711946726,-0.0345632024,-0.4616591334
0.0621455275,-0.0928024650,-0.1420373321,-0.0663459972,0.0882025287,0.2655602098,0.1045612693,-0.0993003026,0.1347506940,-0.2772296369,0.1561599970,0.4584015012,-0.0416096598,-0.0834599212,0.1594169736,-0.0752720013,-0.1926157326,-0.1575677097,-0.1650333405,-0.0881672576,0.1614152044,-0.3066951334,0.0622289516,-0.0705463141,-0.2643155158,0.2801263034,0.0336502194,-0.0535789691,-0.1161126718,-0.3033709824,0.2221241146,-0.0167591386,0.0870404243,0.0381487533,-0.0993691012,0.1309901625,0.1492785066,0.2113609612,-0.1721294224,-0.0394783095,-0.0137150371,0.0729756728,-0.0755322352,-0.1658771336,-0.0249021426,0.0242963936,-0.0670047924,-0.1356244832,0.1084514782,0.0086568175,-0.1584315896,0.2575652301,-0.0835620165,0.2569530606,0.0198376384,-0.0246399939,0.0985903889,-0.0781218261,-0.1720233709,0.2051303983,-0.0783935264,0.0847354606,0.0975095406,-0.1699437499,-0.1824214756,0.1395112425,0.0132711865,0.0291033555,0.4090672731,0.1198422685,-0.0684725046,-0.2858270705,0.0113961333,0.0550911017,0.0838943645,-0.0441349335,0.1187138930,-0.1233471557,0.1514261365,0.0575671829,-0.0029323406,0.0471947864,-0.0916151032,-0.0379480161,-0.1016918495,-0.2684158087,0.0440473482,0.2061363459,-0.1435363591,-0.1234677359,0.0151950270,0.1197258830,0.1144459099,-0.2219248563,0.0497540757,-0.1782090962,-0.4036909342,-0.2331057340,-0.4004572928,-0.5713536739
-0.1053782403,0.0277287699,0.1011572853,-0.0487204045,0.1449194252,0.0693296045,-0.1640507430,0.0185017735,0.1250517368,0.0416151881,0.0957048535,-0.1065918878,-0.0251025651,-0.0536650196,0.1667833030,-0.0707355291,-0.0526281856,0.0654323474,0.0095834341,-0.1010768935,-0.0778383613,0.0300086383,-0.0991698205,-0.0507824123,-0.0986162871,-0.0400900692,-0.0283207856,-0.1116559282,0.0302719790,-0.0868234336,0.1646038145,-0.0353345685,0.0338247046,0.0194766745,0.0594560467,0.0988207459,0.0322499424,-0.0583385490,-0.0052308519,0.1713318080,-0.0375150070,0.0866504982,-0.1536397040,-0.1777954996,0.0915876850,-0.0284994096,0.0110067502,-0.0972269475,-0.0128943194,0.0180420000,-0.0444048755,-0.0350620747,-0.0318129770,0.0753447190,-0.0021310893,0.0288143568,-0.0078172581,0.1058405489,-0.0552155152,0.0384660773,-0.0750657767,-0.0206674375,-0.0320350155,-0.1258307546,0.2484572679,0.1058666781,-0.0166711174,-0.0858262330,0.1566241086,0.0676717013,-0.1646499932,0.0162579119,0.1312094480,-0.0317043364,0.0691004768,-0.1363389045,0.0951747522,-0.0811681598,0.0761232525,0.1240330562,-0.0778480619,0.0943007693,0.0845901221,-0.1564478129,0.1084942669,-0.0856089890,0.2097354382,0.1020208076,0.0001241944,0.0454265326,-0.0938232988,-0.0795629844,0.0653578490,-0.0392967388,0.0584766157,-0.1169624329,-0.0048276274,0.0259293076,-0.0113877403,-0.1567605883
0.0269525107,-0.0327786393,-0.0725617558,-0.0843435451,0.2161936760,-0.0658249184,0.0569004305,0.0701131597,-0.1216525212,-0.1553409994,0.0173059218,0.1134523004,-0.0380601697,0.1676274687,-0.1070167348,-0.0050965101,0.0483546332,0.0842778161,0.0794785470,-0.0469474830,-0.1001674160,-0.0469151549,-0.0176200289,-0.1306051761,-0.0649053603,0.0275174454,0.0125810960,-0.0873658806,-0.0558249429,0.1395644695,0.0040099649,-0.1833354384,0.0561303608,-0.0579150505,0.0289361086,-0.0241337605,0.1308085173,0.2136108577,-0.0267713275,0.0334079936,-0.0360739492,-0.1587553471,0.0312229618,-0.1147973090,0.1633060575,-0.0064772004,-0.1277874857,0.0870181248,-0.0961056501,-0.0659745634,-0.1028984189,-0.0196889844,-0.0026286163,-0.0615579970,0.0630644709,-0.0360835269,0.0361868292,0.0838915780,-0.2476908118,-0.0097273653,0.0086410781,0.0282715466,-0.0893870369,-0.0328044854,-0.0247560162,-0.3455922604,0.0367430151,0.0999458879,-0.1566467881,0.0509590656,0.0298731066,0.0663211122,-0.0328232348,0.0607934669,-0.2579896748,-0.1069333106,0.0177574437,0.0316625349,-0.0267109592,-0.0818132311,-0.0445570908,-0.1327129602,-0.1217663735,0.0592323132,-0.0566769838,0.0086208396,0.0333513804,-0.0160443671,-0.0412967540,0.0068940301,-0.1271509975,-0.0819031522,-0.0578927174,-0.1294150501,0.0632028580,-0.1603429914,0.0312099587,-0.1231147572,-0.1212380081,-0.1890671849
-0.0508750379,-0.1082427427,-0.0836092308,-0.1130780280,0.1407114863,0.0627831519,-0.1166518033,-0.1406292617,0.0661370754,-0.0405011661,0.0510099418,0.0249371026,-0.0773204789,0.0178994723,0.1002469659,-0.0628507584,-0.1095167622,0.1364337802,-0.1221893877,0.0025787950,0.1324436218,-0.0395648219,0.0734449029,0.0463432707,-0.0717576519,-0.0201792009,0.0631220713,0.0002589180,-0.0168331843,0.0337537564,0.1588244438,0.0986688063,-0.0004825392,-0.1189394444,-0.0190070290,-0.0745678395,-0.0465004109,-0.1235907823,-0.0833676904,0.1622917354,-0.0170338601,-0.0185541660,0.0339129493,-0.0012995040,-0.0043748817,-0.0018235276,0.0433516651,-0.0878089890,0.0887149945,-0.0426642112,-0.0772309303,0.0572199672,0.1221098751,0.0176700018,0.1003902629,0.0117351711,0.0199830569,0.1115548909,-0.0803065300,0.1318972409,0.0028459211,-0.0919576287,-0.0379048623,-0.0975390300,0.0581046380,0.0222617928,-0.0349102430,-0.1659378707,0.1542074829,0.0209130011,-0.0460817292,0.0530420542,0.1874732971,-0.0938521624,0.0920313522,-0.0646839589,0.0534136966,0.0926776901,-0.0619889647,0.0828119367,-0.1093030125,-0.0919047892,-0.0327010714,-0.0312536061,0.0091922386,-0.0587749369,0.1393455118,0.0376118235,0.0522405691,0.0510514379,0.0340386517,-0.0177779924,-0.0024995164,0.0523453690,0.0357473753,0.0100010475,-0.0833941177,-0.1403833926,0.0807703882,0.1987711638
0.0295618400,0.0183141604,-0.0252499990,0.0930688009,0.0579998977,-0.0386804268,-0.1045493707,0.0088283941,-0.0230989568,-0.1103116199,0.1048550308,-0.0187102649,-0.2201643288,-0.1135097742,-0.0079927044,0.0259893592,-0.0510519557,-0.0535846129,0.0571030453,-0.1538930684,-0.0150328623,-0.0349573977,0.0036554018,-0.1486304551,-0.1272081286,0.0162633378,-0.0144618647,-0.1078904644,0.1017514914,0.1232691482,0.0589176826,-0.0802351460,0.0587520897,-0.1028316319,-0.0805291906,0.0463919304,0.0983704478,0.0172292683,-0.1360609233,0.0904197246,0.0428659283,0.0656433776,-0.0883223936,-0.1027985737,0.1461766660,-0.1119186580,0.0650627613,-0.0842359141,0.1047058627,-0.0945750251,-0.0859885886,0.0542969517,0.0749828294,0.0394896567,0.0347733274,0.0745988041,0.0660552382,0.1002154723,-0.0392629653,0.1391069740,-0.0070699188,-0.0176805630,-0.0527952835,-0.0890996158,-0.0774678662,0.0577860475,-0.0949407890,0.1029985547,0.0554839559,-0.0602578335,-0.0176175460,0.0264691822,0.0769286379,-0.0438203700,-0.0343865566,-0.0807498246,-0.0025052915,0.0241849255,0.0848334357,-0.0470886976,-0.0432386734,-0.0886246115,0.0775759518,-0.1164771020,0.0050440086,0.0252433158,0.0421556868,0.0851027966,-0.1598456204,0.1346953064,-0.0381845236,0.1219694242,0.0165480264,-0.1466507614,0.1242340654,0.0032613205,0.0363750085,-0.1017741114,0.0549793206,-0.5645677447
-0.0328590348,0.0049128681,-0.0065212087,0.1302270442,0.1764850616,0.0304773282,0.0371906534,-0.0036969611,-0.1170418784,0.0250526816,0.0273209531,-0.0159853846,-0.2097505778,-0.1004274860,0.0889374539,-0.0685371682,0.0081862481,0.0766167715,-0.0772587731,-0.0197299812,0.0196373686,0.0736975744,-0.0320849977,-0.0260976646,-0.0364582576,0.1463268846,-0.0025931066,-0.0063633695,-0.1752826720,-0.0909992456,-0.0683122277,-0.0994128212,0.1444375515,-0.1129658967,0.0701523945,0.1145320088,0.1121622920,-0.0425543897,0.0086721955,0.1042951196,-0.1164408103,-0.0662020594,-0.1602492630,-0.1635481268,0.1793381274,-0.0337791778,-0.0970469937,-0.0987121239,0.1011684835,-0.0596635267,-0.0549450740,0.0259126425,0.0360510349,0.1972682476,0.0621097721,0.1573289186,0.0278466865,-0.0216493364,-0.0268567689,0.1389356852,-0.1766220778,-0.1617239118,0.0652019531,-0.1084171981,0.0905046910,-0.1395619214,-0.0598228425,-0.0186760072,0.0283838622,-0.0850147232,-0.0621834435,-0.1202381402,-0.1031329483,0.0090269474,0.0141248368,-0.1669179350,0.0445891619,-0.1633863598,-0.0128938127,-0.0138115995,-0.0216684137,0.0250466894,0.0216523483,-0.0350326225,0.1002110094,0.0055292319,0.1404662728,0.1378518343,-0.1233286858,0.0013098778,-0.0391486809,-0.1240554154,0.0324234627,-0.0340632498,0.1731829345,-0.2077372968,-0.0316347890,-0.1829757541,-0.0704715922,-0.1586966962
0.0242075846,0.2536941469,-0.0671808347,0.1322683245,-0.2180608958,0.0704914629,-0.0341519639,-0.0538893081,-0.0339108221,0.0383119173,-0.0055767866,0.3311970234,-0.1611794829,-0.0676074699,0.0326337405,-0.0182553660,0.1974793226,-0.0098287566,-0.0748002380,-0.1951642632,-0.0293923821,0.0048303027,-0.0323408172,-0.0105393790,-0.0411497802,0.0569334961,0.0445935018,-0.0803082138,-0.0122447275,-0.0478366949,-0.0516902171,0.0017469365,-0.0498860665,0.0160406698,-0.1002370268,-0.0086865313,-0.1143409014,0.0104088178,-0.1773808897,0.3068439364,-0.1117678434,0.1238372773,-0.0288514998,-0.0420082919,0.0374546014,0.0115413908,-0.0397542603,-0.0430907905,0.0659830645,-0.0199235175,-0.0357567295,0.2019100338,-0.0511928424,-0.2466593087,0.0175401289,-0.2811682820,-0.0693448409,0.0351283476,-0.0209513679,0.1091125309,-0.0768892765,-0.0812478811,-0.0525013916,-0.0662492812,0.1127620637,-0.0187951177,-0.1657777131,-0.1075984836,0.3114558756,-0.0832120180,-0.0141082024,-0.0570452213,0.0270077810,-0.1741336733,-0.0887654722,-0.0366788395,-0.0464841053,0.0906522498,-0.0066265655,0.1505605280,-0.0669285506,-0.2691555619,0.0528761633,-0.0258396789,-0.0036145155,0.0937730893,0.0267075431,0.0331879333,-0.0406912044,-0.1063464433,-0.0637908578,-0.0148168439,-0.0354266688,-0.1920745969,0.0838187933,0.1419306993,0.0553038940,-0.0330865979,-0.1345721334,-0.2691839337
-0.0021402119,0.1540479809,-0.7799090743,0.1085947603,-0.1894222945,0.3315939605,0.0681940168,-0.0663706735,0.3713069260,-0.0531101599,-0.0099144764,0.8090206385,0.0518713072,0.0229349975,0.1683761030,0.0897170827,-0.3261615634,-0.0620764941,-0.1389792562,0.1500836164,0.0415399671,-0.1213063300,0.0765233338,0.1680971831,0.0881294310,-0.1188679039,-0.1089846641,0.1294903010,0.0544085614,0.1973209828,-0.0554585606,0.1899425983,-0.1485337466,0.0570622012,-0.0927465931,0.1343800873,0.1826932430,0.1405069679,0.0867199078,-0.0313508287,-0.0827862099,0.0431751162,0.1245095506,-0.0930852294,-0.1982627511,0.0523747057,0.1812948138,-0.2125010490,0.0217193123,0.0790103152,0.2287668288,-0.0862622112,-0.0102151921,0.5482789874,-0.0096223177,0.3485280573,-0.0177234933,-0.0316486061,-0.1131584048,-0.0692019090,0.1171320900,-0.0563596375,0.1324581355,0.1762394309,-0.1501760930,0.1107149869,-0.3132516444,0.2760422528,0.0664540157,-0.1370742917,0.2048729956,-0.2888767719,-0.0671566129,0.1194639876,0.1404860318,0.2172459215,-0.0259104520,-0.0856067091,0.1131322533,0.1405806988,-0.1451266557,0.2126930356,0.3673201501,0.1921409369,-0.0830685273,-0.3259490132,0.0661201105,-0.2116981000,0.0425446853,-0.0792686939,0.2175050080,0.0423950814,0.0814283863,0.0324044004,-0.2289088219,-0.0830100626,-0.4818893075,0.0219054464,0.1044247597,0.2761714160
0.0682122707,0.0085814623,-0.0349166431,0.0290987641,0.0390733220,0.0883324444,0.0436140746,-0.1443651468,0.0887740031,-0.1815336496,0.1472224295,-0.0503691882,-0.2341771722,0.0443833284,0.1667472720,0.0089053772,-0.0972025320,0.0808691084,0.0070077828,-0.0254590344,0.0565853864,-0.0835215971,-0.1384035349,-0.1712922007,-0.0864549577,0.1129618436,0.0327891111,-0.1007944196,-0.0139716687,-0.0096318964,0.1207398400,0.0338555984,0.1806949377,-0.1431315839,-0.0192725211,0.0673062727,0.0000678314,0.0955845416,-0.0477907360,0.0147886090,-0.0196872223,0.0076832487,-0.1927779615,-0.1479459852,0.0445797034,-0.1285967678,-0.0756443515,-0.0123339817,-0.0260371249,-0.0560838021,-0.1129366532,0.1331604421,-0.0405070335,0.1165324077,0.0407796279,0.0753764585,-0.0334926657,0.0486134216,-0.1272220463,0.0163854174,-0.0121050412,-0.0705986544,-0.0842073783,-0.0034397009,0.0164086651,-0.0603705794,0.0143144326,-0.1333245933,0.1064854562,0.0882159248,-0.1424366236,-0.0248327628,0.0842314288,-0.1200082377,-0.0395109020,-0.1535313725,0.0266644079,0.0258985367,0.0724049136,-0.0016015815,-0.0847955346,0.0604328811,-0.1422510445,-0.0469867364,-0.0236696750,-0.0342843272,0.1411507279,0.0309529305,-0.1717111170,0.1486177593,-0.0393714979,-0.0382582173,0.0934335217,-0.1368803531,0.2877693772,-0.0619235709,0.0354826711,-0.1684965044,-0.0553779379,-0.6252413988
0.0925974771,-0.2794440389,-0.4557196498,-0.2844417691,0.1702077091,-0.0621595792,0.1262268722,-0.0105095515,-0.1193573028,-0.0342628211,-0.0402717926,0.0277606603,-0.2722150981,-0.0001291809,0.0214892887,0.1220445782,-0.2395283878,-0.0567756593,0.0216137283,-0.1372220963,-0.1368568093,0.0310402550,-0.0525252819,-0.0143770967,0.1362073272,0.1670693606,-0.0821786597,-0.0685561895,0.1267089099,0.1782736629,0.0549131371,-0.0775107890,0.0941562578,0.0093626808,-0.1148141697,0.0192441326,-0.0216681678,0.2059836090,0.0722430721,-0.0782086104,0.0643374026,0.0985656306,-0.1543401033,-0.1887737215,-0.0274292491,-0.0436989702,-0.0134553788,0.0648595840,0.0082326634,0.0736409426,-0.0400860943,-0.0402775295,0.0574001819,0.1405009776,0.0941189080,0.2184130400,-0.0479034260,0.0402363501,-0.3750975430,-0.1062104404,-0.1042591855,0.0934356898,0.0207014810,0.0410963669,-0.2011191100,-0.2147839516,0.0297084767,0.0961880833,-0.4399378598,0.0547251776,0.0994623750,-0.0176197868,0.0526605360,0.0067407270,-0.3499204516,-0.0865508243,0.0258065946,0.0622172132,0.0998127088,-0.0589301437,-0.0324437134,0.0765601248,0.1162269115,0.0104553914,-0.1397131681,-0.2948827446,-0.0482994542,0.1507768035,0.0419927910,0.0844973698,0.0961735398,0.0401631817,-0.0224928297,-0.0158255864,0.1930451542,-0.1343822628,-0.1814034432,-0.0049594482,0.0077498448,-0.4589972496
0.1543651521,0.0397403277,-0.0386585221,0.0957656950,0.2260065377,0.0121938772,-0.1750192046,-0.0071045305,-0.0884016901,-0.1991333365,0.1432591379,0.0298641082,-0.1042100787,-0.1813361943,0.2295345664,-0.1523020118,0.0968792215,-0.0326888859,-0.0597026497,-0.0248426143,0.0598596856,-0.0814863965,-0.0437575988,-0.0583801456,-0.1387024969,0.1206927076,0.1012551263,-0.1144631580,-0.1272124499,-0.1525905877,0.0657411069,-0.0911155641,0.2078739554,-0.0225464310,-0.0777846426,-0.0321181864,0.1232161820,0.0119036576,-0.2100413740,-0.1177248582,0.0121508949,0.1774519980,-0.0456339270,-0.1486629993,0.2485371232,-0.1434627622,-0.0428475104,-0.0755146146,0.0420244709,-0.1663199216,-0.0621082410,0.0552314371,0.1730630100,0.0226573683,0.0844596475,0.0758527219,0.0407394022,0.1074133292,-0.0470331050,0.1674144864,-0.0203972850,-0.0234428383,-0.0359309912,-0.0535077490,0.0653848946,0.1611918509,0.0360403359,-0.0403026007,0.0169158075,0.0470555834,-0.1185445487,-0.0694861785,0.0053804978,-0.0641455576,0.0875806585,-0.2267832607,0.0821996406,-0.0771379471,0.1331697553,-0.0065394295,-0.0525121167,0.1319151372,-0.0445870161,-0.1384944469,-0.0085072536,-0.1126129255,0.0685343146,0.1836338937,-0.0373148844,0.1188746840,-0.1847289950,0.0296322629,0.1235881373,-0.1193970665,0.1137064993,-0.1702479571,0.0412505567,-0.0500275679,0.1064800397,-0.2457111478
0.1489040703,0.0074377675,0.0362890661,0.0521730781,0.1430048048,0.0798677504,-0.0806410387,-0.0278999712,-0.0245103538,-0.0969249383,0.1422306746,-0.2053375095,-0.0789535195,-0.0343941301,0.1769363284,-0.0487623699,-0.0657235235,0.0009885265,-0.1330246776,-0.1638602614,0.0325504392,0.0291405171,0.0476294383,-0.1762725562,-0.0442890488,0.0910460055,0.1116853580,-0.1700923592,0.0229194015,-0.1576666385,-0.0463366881,-0.0828194767,0.1816439331,-0.0883474126,-0.1378186196,-0.0577717461,0.0903555304,-0.1259220988,-0.0749694109,0.0193102211,0.0298421457,0.1212552935,-0.1525646895,-0.1718123704,0.1637534648,-0.1009608954,-0.2061124444,-0.1606310755,-0.0354823358,-0.0189567618,-0.0410792306,0.0532435551,0.1473092884,0.0778975859,0.1011253968,0.0190778337,0.1583122462,0.0724577680,0.0134778181,0.1397084594,-0.0656632707,-0.0836666897,-0.0571739227,-0.1649740338,0.0907963291,-0.1052230746,0.0785133317,-0.0001992190,0.1704530269,0.0812601224,-0.0668431446,0.0024196582,0.0361021049,-0.0158738643,-0.0418019816,-0.0774662942,0.1610879898,0.0391277708,0.1958813965,-0.0289609842,0.0095511014,0.0693986267,-0.0354827419,-0.1072961167,0.0402308553,-0.0994159430,0.1461274326,0.0282978527,-0.1431059092,0.1757463962,-0.0196302794,0.0628728420,0.0869480893,-0.1060720086,0.2029244900,-0.1307204217,-0.0547671206,-0.0258290395,-0.0797121152,-0.1482333094
0.0903507844,0.0698218644,-0.0606255047,-0.0701411963,0.2521033287,-0.1170384064,-0.0344824977,0.0534475222,-0.0797998756,-0.1265483797,0.0201828163,-0.1143623143,-0.0241252072,-0.0888225138,0.1135768443,-0.0969940647,-0.1453527063,-0.0068882382,-0.0549150631,-0.1217327118,-0.0076808957,-0.0061173327,-0.0797274858,-0.0625444725,-0.0786681548,0.0918025225,-0.0165977199,-0.1523011625,0.0048656366,0.0712087974,0.0048170285,-0.0901519656,0.0592591166,-0.1964011043,0.0073455055,0.1094250232,0.0482027754,0.0877328292,0.0308855567,0.0147332596,0.0081554400,0.1484413743,-0.1879512668,-0.1074955761,0.1484182775,-0.0254594050,-0.2466184348,-0.1330307871,0.0444536880,-0.1365715861,-0.2638505399,0.2351127267,0.0697429180,0.0174332745,0.0129177561,0.2107332051,-0.0705554560,-0.0042961049,-0.1753411293,0.0226943232,-0.1547825038,0.0225028489,-0.0881114379,-0.0649036542,0.0412503332,0.0261016805,-0.0280804746,-0.1551964134,0.0916404203,0.0481798351,-0.2373785824,-0.0904073566,-0.0320151374,-0.1152912378,0.0521885641,-0.1515389532,0.1603146046,-0.0943416730,0.0649586692,-0.1228700131,-0.0141779017,-0.0486876778,0.0067934496,-0.0975964144,0.1000913605,-0.0139119495,-0.0563510135,0.0534575805,-0.2195388377,-0.0273539200,-0.0263013095,0.0936264768,-0.1655757427,-0.0906697586,0.2135363072,-0.1482327431,-0.0592045337,-0.1102238819,-0.0294842701,-0.2875331342
0.0257577524,-0.0294377189,0.0239237510,0.0824697614,0.1294424683,0.0572964996,-0.1050192267,-0.0340316184,-0.0475314595,-0.0615787208,0.0207314454,0.0144602107,-0.2481705695,-0.0317921638,0.0727298483,-0.1554266363,0.0092051290,-0.0375022925,0.0155598661,-0.0680277571,0.0802259520,0.0497434549,0.0329556800,-0.2104598582,-0.0694410428,0.1900664121,0.0708098114,-0.0104195150,-0.0904083773,-0.0356090628,0.1060189754,-0.0953797996,0.2440714389,-0.1547522098,0.0017785472,0.1094754934,0.0940531790,-0.0304697230,-0.1327261925,-0.0247852206,-0.0943829492,-0.0539910272,-0.1960771382,-0.1055286750,0.0404280014,-0.1176125556,-0.1179053560,-0.0014970610,0.0018864432,0.0376426689,-0.1953338981,0.0517105125,-0.0405002981,0.1060637757,-0.0471763574,0.1843540221,-0.0453539081,-0.0769613832,0.0388183817,0.2147433609,-0.0724098831,-0.1178497300,0.0638484433,-0.0466253832,0.0249745511,0.1050665379,0.1060030311,-0.0271557998,0.1079166755,0.2072874010,-0.1384310424,-0.0989378020,-0.0425971746,-0.0605400018,-0.0560319759,-0.2436356246,0.0949565172,0.0135519030,0.1288763285,-0.0291369371,0.0235535335,-0.0414580442,0.0032236101,-0.1412311196,-0.1141671985,-0.1338393986,-0.0895222127,0.0613304004,-0.1768907011,-0.0239994619,-0.1824717075,-0.0983016863,-0.0390698314,-0.2548453212,0.2920533717,-0.0193388462,-0.0752426162,-0.2344635874,-0.0648554787,-0.5302722454
-0.0471707322,-0.0940315649,-0.2105052322,-0.1175755635,-0.0480314903,0.2041139752,0.0236328784,-0.1367617995,0.0727358013,-0.0334116630,0.0617813282,-0.0230343342,-0.1330188215,-0.1656664461,0.0332435444,0.0020778519,-0.1256200671,-0.0376897454,-0.1240861341,-0.1943452656,0.0725279525,-0.1311048269,-0.2835673392,0.0027549395,-0.0990603194,0.0810644552,-0.0025313059,-0.0958644003,0.1252554655,0.1622123420,0.1001327261,0.0613260865,-0.0097832726,-0.1350481808,-0.1857556701,0.1273212880,0.2402588278,-0.0134108709,-0.1583953798,0.0927834734,-0.0878434703,0.1617170870,-0.0110265184,-0.1298919767,0.0101380665,-0.0620376468,-0.1816268861,-0.1783414781,0.1272248477,0.0351143815,-0.0306803230,0.0535545647,0.0706359074,-0.0245029647,0.0797187835,0.0668706298,0.0209589824,-0.0811046809,-0.1094802991,0.1778947115,-0.1118690670,-0.0004727858,-0.0619865283,-0.0872909352,-0.0438879207,0.0357936807,-0.1257623434,-0.0983192101,-0.0760637149,-0.0366074815,-0.0265476815,-0.0499445796,0.0416327603,-0.1588150561,-0.0098772487,-0.0662833154,0.2075054199,0.1677091569,0.0524273105,0.0431018807,-0.1809795350,-0.1567516923,-0.0692030340,-0.0222069472,-0.0842864886,-0.1861965954,0.0495178401,0.2288899422,0.0068464433,-0.0419080667,-0.0802275464,0.1248700395,-0.0829375088,-0.1813911945,0.0593213364,-0.0400707871,-0.2288874090,-0.1267353296,-0.0255934075,-0.1065011695
-0.0647488832,-0.0984663963,-0.1145392805,0.0712794438,0.0774363503,-0.3043527603,0.1587898731,0.0005370418,-0.3723734021,-0.1487562358,0.1473136991,0.0594297163,-0.1106568724,0.1265740097,-0.1499510109,0.1333696693,-0.1582039446,0.1429388821,0.0901726112,-0.0113401031,-0.1159037799,0.0101186233,0.0870718881,-0.3052489161,0.0030890445,0.0294656325,-0.0247301292,0.2400001585,0.0610826388,0.0274706464,0.1560691595,-0.2764607668,0.1153301075,-0.1952673495,-0.0743467212,0.0152869429,-0.0040941359,0.2664517760,0.1476078928,-0.0393133759,0.0988405868,-0.0277345888,-0.0667784661,-0.1908859164,0.1919050217,0.0434205569,-0.0169255231,0.2676585317,-0.1551739573,0.1442616135,-0.0704752728,0.1144303977,0.0096427239,0.1445945501,-0.1123844385,0.2499325722,-0.2335829437,-0.0968924016,-0.2976919115,0.0673951656,-0.0908138081,0.0066362717,0.2264013141,0.0188617688,-0.0922445431,-0.0020463897,0.1964281350,-0.0203195158,-0.4053044915,0.1718696952,-0.1009753570,0.0042403447,-0.2409582585,0.2411088198,-0.1826336533,-0.1818646491,0.1384568661,0.1225946397,0.1203017309,-0.3251656294,0.0587069131,0.1196511015,0.0160494447,0.2501892447,0.0881905705,0.0456471220,0.1188519076,0.0619798377,-0.0061706905,0.1118428111,-0.0664470717,-0.0249382630,-0.0514731482,-0.0274774730,0.1842529476,-0.1400323510,0.0283333864,-0.1415359378,0.3332313001,-0.6435253620
0.0437806025,0.0265764985,0.0025757991,-0.0150390081,0.0521325283,0.0069839749,-0.0487691984,0.0975021049,0.0434753150,-0.0732188746,0.0905822143,-0.0182623155,-0.1010227203,-0.0831278116,0.0516219847,-0.0802934542,0.0444750302,0.0322468206,0.0236894451,-0.1044956520,0.0681127086,-0.0429278687,-0.0072915438,-0.0769284591,-0.0769481584,0.0879068151,-0.1000115573,0.0572298840,-0.0546464324,0.0428145006,0.0093364799,0.0005175292,0.0900720134,0.0304600187,0.0657104254,-0.0551888831,0.1187021956,-0.0139496736,0.0300302990,-0.1103032902,0.0189583264,-0.0653547868,0.0517568812,-0.1229988933,0.0544218570,0.0644868910,-0.1033715680,-0.1191668361,-0.0842592418,-0.0194907505,-0.0835930854,0.0603726730,-0.0153834615,0.0191840883,-0.1097797230,0.0720657185,-0.0414495282,0.0963479877,-0.0715581402,0.1228097305,-0.0245612022,-0.0909664035,-0.1118786857,-0.0462143458,-0.0086682653,-0.0246785209,-0.0546821952,-0.0380505435,-0.0094701136,0.0412635617,-0.1489865482,0.0016531980,0.0617352426,0.0475593619,-0.0360146612,-0.1807891428,0.1449552327,0.0549033023,0.0895060375,-0.1076152772,0.0302891880,-0.0922613814,0.0477526933,-0.0907927677,-0.0856722146,0.0633976832,0.1781482399,-0.0273026209,-0.1249980554,-0.0311251227,-0.1236872673,-0.0507707298,0.0228097159,-0.0791724622,0.0978691950,-0.0516665503,0.0093160737,-0.0588733144,-0.0472330935,0.1450441629
-0.0175495688,0.3385269344,0.6257792711,0.2353514731,-0.3452096283,-0.0303436294,-0.0817917883,0.0537228063,-0.0897199810,0.2589037418,0.0014343637,-0.6520614624,-0.2142030150,-0.0047527323,-0.0193855800,-0.1147634313,0.1400603950,-0.0691781640,0.2127258033,-0.1197530255,0.1140055060,-0.1074254662,-0.1228220165,0.1439615488,-0.0143649802,-0.1951022446,-0.0465501286,0.0302159898,0.1203179508,0.0218746550,0.1026562750,-0.0230535194,0.0276567359,0.1577537954,-0.1969638318,-0.0824721307,-0.0474693365,-0.1721822470,-0.0110046007,0.1628360599,0.1642890275,-0.0155180329,0.1201496422,-0.1018501967,-0.2171061039,-0.0868296996,0.0884611458,-0.0266042259,-0.0865906551,0.0373313464,0.2598005235,-0.1751022786,-0.0169229507,-0.1969057471,-0.0125981895,-0.0577898845,-0.1702943146,0.0139090018,0.0074661900,0.0066257701,0.0619357005,-0.0873064473,0.0034535616,0.1216542423,-0.0241853874,0.0257674027,-0.0508768559,0.0485119224,0.0905969143,-0.0195916332,0.0656343773,-0.1165613160,0.0690978169,0.0512554236,0.0842848346,0.2196916789,-0.0612103269,0.1377125978,-0.1259345859,0.0262785219,0.1396073550,-0.1884883493,0.1654116362,0.0530322567,-0.0472779572,-0.0081481514,0.1698963195,0.0849087909,0.1001705453,-0.0641877204,-0.1997379214,0.0266083423,-0.0616060011,0.0261978023,-0.0142730726,-0.0037159640,0.0267727431,-0.0656199381,0.1739800870,0.4182051122
0.0546998009,-0.1408966780,-0.1703410894,-0.1243311465,0.0326945037,0.0981693119,0.0237868205,0.0284489915,0.1074162945,0.0283025969,-0.0621684380,0.0248382539,-0.2079919428,0.0046214359,-0.0033328934,-0.1618000269,0.0652362481,0.0600137450,0.0096100559,0.0177609921,-0.0502357855,-0.0703158081,-0.1429943442,-0.1291859299,-0.0986958295,0.0565656200,-0.0605063587,0.0490363240,-0.0101554487,0.2015883178,-0.0289993137,0.0439623781,-0.0243722890,-0.0569127575,-0.1019417569,0.0022993591,0.0131372958,0.0650901645,-0.0778521672,-0.0540318452,-0.1372604668,0.0240296032,-0.0486060828,-0.1630825400,0.1623160094,-0.0009441715,-0.0087214001,-0.0709562525,-0.0617466457,0.0808123499,-0.0151496539,0.0833755136,0.0584134310,-0.1483755261,0.0431245342,-0.1258291304,0.0205010436,0.0778919607,-0.0778929591,0.1073180735,-0.1262017339,-0.1334904283,-0.1549635679,-0.1386424750,-0.1984681934,-0.2143415958,-0.0443506204,-0.0837415084,0.0532941334,-0.0921242088,0.0405574106,0.0903282240,-0.0621355213,0.0348556451,-0.0244417116,-0.0802349448,0.1586630791,0.0271632168,0.0993569121,0.1017627046,0.0208333395,0.0180876385,-0.0610010624,-0.0492434166,0.0700528398,-0.0852747783,-0.0502252467,0.0244439989,0.0396757685,0.0875078887,0.0130459387,-0.0161151402,0.1414919794,0.0030408429,0.1348738074,-0.1470822543,0.0592615828,-0.0006209105,-0.2174287587,-0.0695441514
0.1429524124,-0.1200967208,-0.1598870158,0.0113082072,0.1577385515,0.0668594167,-0.1268057674,-0.0109776277,0.0888597146,-0.1843907982,0.1733384430,-0.0753437281,-0.2054345608,-0.1066085324,0.1627110690,-0.1592958272,-0.0334048755,-0.0448700786,-0.1504247934,-0.1880318373,0.0582857132,0.0672965273,-0.1307780147,-0.1179659516,-0.0460317694,0.1066359058,0.0701783821,-0.0604741462,0.0613744743,0.1158451065,-0.0253861938,0.0769466236,0.0833454132,-0.1113758534,-0.1271378249,-0.0312968120,-0.0310787410,0.0947562084,-0.1459766030,-0.0078773377,-0.0462030917,0.0633396804,-0.1029040590,-0.1669765264,0.1522420943,-0.1579257548,-0.0236464217,0.0149587896,0.0789093077,0.0128751677,-0.2214131951,0.0738290995,0.1329966187,-0.0136224702,0.0166198332,0.0244319625,-0.0515468642,-0.0447709858,0.0075922525,0.0743908137,-0.1574294865,-0.1798694730,-0.0820541084,-0.0448776148,0.0714646950,-0.1396523565,-0.0535650104,-0.0008121471,-0.0620674640,0.0476973467,-0.0685415789,-0.0264860392,0.0420818515,-0.0348972194,-0.0688530877,-0.1958567947,0.1184162423,-0.0126033602,0.1324407160,-0.0300053693,-0.0591843948,-0.0873623565,0.0441095419,-0.0651756376,-0.0522849523,-0.1041624099,0.0945592523,0.1651638001,-0.1648809314,0.1031465083,-0.1051897332,0.0112779522,-0.0225792266,-0.1480534077,0.2051671147,-0.1299673617,0.0408637077,-0.1488851309,-0.0222000815,-0.3228342533
0.0157380663,-0.0855736583,0.0564113371,-0.0518734306,0.1206607744,0.1173284501,0.0634329766,-0.0089368299,-0.0424163304,-0.0122232884,0.0556825250,-0.0317742266,-0.0889506713,0.0437507592,0.0507806912,-0.1451160610,-0.0197697487,0.0855190679,-0.1016133353,0.0228411891,0.1074372754,-0.0268645231,0.0534304306,-0.0304622762,-0.0725170299,0.1006127745,0.0485333093,-0.0363559574,0.0022170381,-0.0985255316,0.0730724037,0.0372568145,0.0716846809,-0.1025660783,0.0869294181,-0.0183418728,0.0062340051,-0.0273547713,0.0702144429,0.2808538973,-0.0051446785,-0.0376590900,-0.0313423984,-0.0443063378,-0.0350967273,-0.0327609740,-0.0486086681,-0.0329771787,-0.0074291341,0.0482750200,-0.0687879249,0.0872903243,0.0813849866,-0.0403291099,0.0732888132,-0.0056102294,0.0140321646,0.0720249936,0.1074828357,0.0448122248,0.0019597544,-0.1342343241,-0.0867932439,-0.0395350903,-0.1767325550,0.0711536780,-0.0001568096,0.0172221586,0.0991187170,-0.0918499604,0.0239478797,0.0615696535,0.1571820378,-0.1219028756,0.0782638714,-0.0597762316,-0.0481035300,0.0299054608,0.0617843121,0.0578805171,-0.0705035776,-0.1387766749,0.1039233953,-0.1040078998,0.0555505119,-0.0847294107,0.0718141794,0.1349026859,0.0303547308,0.1638336778,0.0279612653,-0.0712989941,-0.0416623875,-0.0215627719,-0.0511754267,0.0110149486,-0.0752716660,-0.1180981621,-0.1283011287,0.0738256201
0.1190718189,-0.0078497706,-0.0226184856,0.0445815139,0.1997041106,0.1253902167,-0.0121855447,-0.0978338122,0.0484266281,-0.0807781145,0.0323065631,0.1033514515,-0.1890524924,-0.0966857076,-0.0002276309,-0.1539762318,-0.1168606952,-0.0282178465,0.0062364279,0.0098208860,0.0766414478,-0.1314845830,-0.0008257033,-0.1751536876,0.0213550348,0.0896269232,0.0823368654,-0.0971824750,-0.0849214345,0.1777363569,0.1147533432,-0.0014259515,0.1160410792,-0.1211937442,-0.0842624903,0.0048639118,0.0078927903,-0.0004334238,-0.1667025089,-0.0973728672,-0.1478493661,0.0043419162,-0.0992946625,-0.0513740219,0.1197054982,-0.0721186101,-0.0320260301,-0.1557667255,-0.0343279280,-0.0982278734,-0.1721922904,0.0329991989,-0.0172113907,0.0464881547,0.0064090793,-0.0017792245,0.1253390014,0.0880801678,-0.0197113045,0.0027809564,-0.1912299693,-0.0756082013,-0.0113961557,-0.0314846374,0.0045508556,-0.2353183329,-0.1438363343,-0.1396335363,0.0080844108,0.1810021400,-0.0070126769,-0.0271039549,0.0668564215,-0.1589647233,-0.1605612636,-0.1936131120,0.1516379118,0.0637349859,0.0241461210,-0.0404773764,-0.0747470707,-0.0282779168,-0.1037746519,-0.1273684353,-0.0283291396,-0.0218453985,-0.0496676080,0.0949598774,0.0253518187,-0.0205150358,-0.1682033539,0.0194058940,0.0790881887,-0.2178965658,0.1752160341,-0.0835426673,-0.0559725650,-0.1714776605,-0.3083335757,-0.2410827279
0.0252814423,0.0168041997,0.0652345568,0.0060549318,0.1289822906,-0.0415319353,-0.0330170430,-0.1009024829,0.0931896195,-0.0229521096,-0.0104075251,-0.0426189192,-0.0266640726,-0.0286575221,0.0228720754,-0.1193725541,-0.0924562290,-0.0545881875,-0.0626212880,-0.1649345607,0.1091743261,-0.1520615220,-0.0075642969,0.0321065821,-0.1724382639,-0.0155348415,0.0425683595,-0.0661862418,-0.0063360799,-0.0623484142,0.0120025668,-0.0166015513,0.0907050967,-0.0444148444,-0.0739994645,-0.0876055285,-0.0125588980,-0.0777404234,0.0150954910,0.0855977759,-0.0958762988,-0.0064073894,-0.1315025091,-0.1742987931,0.1382909119,-0.1092340127,-0.1125337854,-0.1348041147,0.0031981384,0.0797854885,-0.1177275926,-0.0237999577,-0.0021016903,0.0381663442,0.1034580916,-0.0265396498,0.0745903999,0.0993299484,-0.0914301574,0.0945450738,0.0026138113,-0.0440892354,-0.0264694598,-0.1488693953,0.0731652826,-0.1244109496,0.0063461070,-0.1241657957,-0.0271269567,0.0695074722,0.0019254605,-0.1396927685,0.0857100114,0.0511812009,0.1041154936,-0.0741547495,0.0239082295,0.0974261016,0.0273392461,0.0119371973,-0.1037490293,-0.0222452451,0.0463577956,-0.1188879535,0.0170448739,-0.0729239583,0.0846165419,0.0783246830,-0.1453517824,0.1028083786,0.0275203250,0.1057630479,0.0206076112,0.0075426972,-0.0056306245,-0.1482175291,-0.0658971295,-0.0286508407,-0.0663706586,-0.0590946935
0.0213490501,0.1173763946,-0.1666135192,0.0100678010,0.1758300513,-0.0194888059,-0.0732219443,0.0110133654,0.0527991056,-0.0585234091,0.0519622006,0.1276513785,-0.1028718501,0.0209717080,0.0272996761,0.0077832136,0.0341542475,0.1184552163,-0.0198394638,-0.0699343160,0.0052013872,0.0658088028,-0.0423210971,-0.1900734752,-0.0508039705,0.0702701136,-0.0315610729,-0.1049456447,-0.0604174100,0.0257868897,0.0163521450,0.1046626121,0.1621531397,-0.0779644549,-0.1410988420,-0.0071968432,0.0829167217,0.1384304166,0.0052314242,0.0529225171,0.0464384928,-0.0330019817,-0.0519756414,-0.1918012798,0.2230375707,0.0090278517,-0.0883972943,-0.0622445196,0.1121785268,0.0407257564,-0.0576823279,0.0433677211,0.0062398850,0.1124950498,0.1300758570,0.1275714934,-0.0939734355,0.0764477849,-0.0963551998,0.0999203548,-0.0311931893,-0.1026670560,0.0229623690,-0.1254885793,0.0606393926,0.0248338357,0.0365367457,-0.1750776321,0.0365146212,0.1236902177,-0.1575346440,0.0479694642,-0.0208424088,-0.0287649073,-0.0982129872,-0.1659615785,0.1329929680,0.0298188515,-0.0250400286,0.0280095227,-0.1005756855,-0.0057242345,-0.0735005885,-0.1433045268,0.0600958094,-0.0105552264,0.1283013374,-0.0085927546,-0.1466831565,0.1177159622,0.0025430049,-0.0222504269,-0.0169048645,-0.0762240812,0.2464311421,-0.1255672723,-0.0195351001,-0.1943922192,-0.0350267924,-0.3308848739
0.0066139461,-0.0110264458,-0.0010226485,0.0309812203,0.1432093382,-0.0412833542,-0.0035965606,-0.1049680710,-0.0480050147,0.0046822592,0.0354492366,-0.0204655044,-0.0164310466,0.0346392877,0.0484243073,-0.1455196887,-0.0092781093,-0.0366282724,-0.1119064316,-0.1608864367,0.0521999151,-0.0199809037,0.0807765052,-0.1597034037,-0.0098580122,-0.0008327294,0.1028493196,-0.0995511711,-0.0093886591,-0.1461724341,-0.0397782736,-0.0904678330,0.1397165805,0.0129908724,-0.0591560677,0.0860292986,0.1545098275,-0.0904176757,-0.1142820865,0.0738819689,-0.0124283740,-0.0315645412,-0.0243639238,-0.0964023545,-0.0044127773,-0.0544181205,-0.1160127595,-0.1211018488,-0.0349388421,-0.0989563540,-0.0594847389,-0.0273601469,0.1180835515,0.0707710385,-0.0324155316,-0.0383863524,-0.0884201452,0.1022902057,-0.0618978031,0.1106860563,-0.0993876904,0.0124922507,-0.1289921552,-0.0717399716,-0.1885354519,0.0547997355,0.0652112812,-0.0575269386,0.0996253267,0.0641981289,-0.1280073971,-0.0126471044,-0.0537557453,-0.1372323185,0.0776886716,-0.0350662842,0.1691500545,-0.0121099269,0.0937265307,-0.0475237072,-0.0833245516,-0.0362534188,-0.0880653560,-0.0612548366,-0.0305846334,-0.1718694866,0.0218801573,-0.0202489551,0.0034402777,0.1645915061,-0.1115272120,0.0428337194,0.0500971898,0.0144302286,0.0755615458,-0.0479049347,0.0765978917,-0.0767415166,-0.0847323537,-0.1028577611
-0.0419992469,-0.1248117983,-0.0974660218,-0.0267885532,0.2117145360,0.0869470015,-0.1488439888,0.0832990110,0.0179463066,-0.0732080042,-0.0503753908,-0.0119664008,-0.0360232331,-0.0138842948,0.0147586856,-0.0671003684,-0.0569437891,-0.1152064949,-0.0791975856,-0.1486659348,0.0063765072,0.0289635062,-0.1943663359,-0.1087508500,-0.0834428892,0.1311746836,-0.0673923865,-0.1141975671,0.0491905101,0.3288250566,0.0739769712,0.0132131344,0.1267907172,-0.1001721025,-0.0667310059,0.1025907546,0.1725466400,0.0549498126,-0.1698293239,-0.0246673599,-0.0063280216,-0.0054925964,-0.0713913515,-0.1236118376,0.0872229934,-0.0696661025,-0.1171662137,-0.0988835394,0.0130523043,-0.1012984663,-0.0558921173,0.0736296698,0.0912466124,-0.0070658093,-0.1091190428,0.0686217621,-0.0291609578,0.1126303524,-0.0812976509,0.1061366424,-0.1694292724,-0.0823190585,-0.0362675451,-0.0266113915,0.1134447530,0.0629750863,-0.1723163575,-0.0260548946,-0.0532053523,0.1071185172,-0.1295482367,-0.1232258752,0.1329042614,-0.0737066418,0.0012079754,-0.0798403397,0.0593010038,0.0139883431,0.0428104214,0.0394778028,-0.0516329184,-0.2640031874,0.0758124515,-0.1265115291,0.0615152568,-0.1170812398,0.0560664646,0.0728411153,-0.1505661607,-0.0456279777,-0.1102868468,0.0738335475,-0.0327532701,-0.1575002670,0.1033059433,-0.1518860161,-0.1702228785,-0.0188821163,0.0269802380,-0.1729633361
-0.0014374102,0.0328220688,-0.1803619862,0.0000381469,0.0438962169,0.0482426323,-0.0527084470,0.0380218476,-0.0528761595,-0.0438742787,0.0952355638,-0.0109856678,-0.1299656630,-0.1079696417,0.0028091872,-0.0290066712,-0.0432977937,0.0694538355,-0.1443385184,-0.0337310284,0.0626891330,-0.0338484868,0.0299474429,-0.0062672435,-0.0438695177,0.0851886347,-0.0452546217,0.0540860668,-0.0708293617,0.1383969039,-0.0451110601,0.0033545995,-0.0086846324,0.0130569693,-0.0794440955,-0.0633357689,0.1227038577,0.0359719321,0.0332797132,-0.0950950384,-0.0225252602,0.0412673727,-0.0531815849,0.0274904594,0.1283654720,-0.0614892319,-0.1253442168,-0.0895496830,0.0130354222,-0.0640249252,-0.1169333756,-0.0073086000,-0.0189161468,0.0524395891,-0.0547779500,0.0163049493,-0.0295720603,0.0612531602,-0.1981452554,-0.0253402367,-0.1720142812,-0.0768351927,-0.0268098731,-0.1233532950,-0.1074063852,0.0894394070,-0.0030038753,0.0017686766,-0.0641867444,0.0679933429,-0.1470348686,-0.0002680060,0.1161757708,0.0320195258,0.1145664006,-0.0749701858,0.0411212631,0.1152432561,-0.0309364721,-0.0048522684,-0.0938140005,0.0573958494,-0.0172928795,0.0529567935,-0.0403656103,-0.0571459830,0.0506599285,0.0548520349,-0.0493947417,0.1100012287,0.0017730206,-0.0759279579,-0.0335526019,-0.0967406854,0.0554108955,-0.0309049934,-0.0048144660,-0.0717656761,0.1277433932,-0.4510107338
0.1103882790,0.0026468062,-0.1476587802,-0.0074936110,0.1155635417,0.1156672910,-0.0622023717,-0.0528641231,0.1325089931,-0.0198487882,0.1364724338,-0.0436517149,-0.2053756118,-0.0275844522,0.0642064586,-0.1590578258,0.0682067275,-0.0531458110,-0.0927123576,-0.0939868763,-0.0212310627,-0.0457472242,-0.1147617847,-0.0324785970,0.0104465820,0.1871902794,0.1039073691,-0.0295575131,-0.1325048953,0.0011300269,0.1286519468,-0.0521679558,0.0384526178,-0.1180045456,-0.1102955043,0.0713694990,-0.0137397591,-0.0731124580,-0.0376234166,0.0316573493,-0.1015710831,0.0741549954,-0.0066850735,-0.0197320487,0.1794399023,-0.0771786422,-0.0049234033,-0.0326836109,0.0837811306,0.0601178519,-0.2004445195,0.0925634503,0.1104907990,-0.0148208719,0.0621039607,-0.0021382612,-0.0305207036,0.1321567744,-0.0580584668,0.0492428206,-0.1135588959,-0.0272753816,-0.1019291505,-0.1574264020,0.0415234715,-0.0915251151,-0.0813902318,-0.0288736280,0.0309769120,-0.0266135018,-0.1153242290,-0.0477281325,0.0912467837,-0.0799536332,0.0566104800,-0.0323459245,0.0011189547,-0.0337260365,0.0543482602,0.1218252480,-0.0044292104,0.0269683246,0.0484172441,0.0114787174,-0.0200818144,-0.0532538295,0.1608811766,0.0912886411,0.0213110354,0.0971511155,-0.0028437618,-0.0018500963,-0.0546390712,-0.0548675284,0.1268790960,-0.0394482426,0.0548895523,-0.0432878137,-0.1162047163,-0.4857164621
0.0886558294,0.0753928348,-0.1339050829,0.0617111437,0.2039842457,0.1194105521,-0.0708093569,-0.0072445059,0.0237800553,0.0475837477,0.0826215297,0.0662986860,0.0198503248,-0.0299604889,0.0692358315,-0.0393486321,-0.1103770807,-0.0853468180,0.0164747350,-0.0529365167,0.1700692475,-0.0641862601,-0.0436120927,-0.1500572860,0.0096990559,-0.0525214672,0.0044810073,-0.1341093630,0.0379076675,-0.0287224092,-0.0163891912,0.0257369168,0.1175330803,0.0431056358,-0.0944973081,0.0682952777,0.1123360693,-0.0846310481,-0.0396029763,0.1724001765,0.0004157391,0.1335813403,-0.0891717151,-0.0325627401,0.0168224797,-0.0164553002,-0.0112534091,-0.1695665866,0.0370036848,-0.0567585118,0.0481083095,0.1156707853,0.0469748043,0.0399393700,-0.0601865128,0.0685528591,-0.0411179848,0.1351997703,0.1120696738,0.0132899508,-0.0191767216,-0.0779468417,-0.1512048095,-0.0643846989,-0.0359838456,-0.0342094228,0.1036649793,0.0467673615,0.1787324101,-0.0829020664,-0.1432067603,-0.0280577373,0.0366976000,-0.0484740958,0.0004449325,0.0037820225,0.1234131232,-0.0762853026,-0.0122210681,0.0878662243,-0.1547608525,0.0797448531,-0.1584575921,-0.0033785363,0.0478183217,-0.1758362055,-0.0259845834,0.0709267855,-0.1194452792,0.1602291465,-0.1463338882,-0.0085154660,0.0367872305,-0.1437964737,0.0374231488,-0.0895681158,-0.0104442770,0.0270652771,-0.0334352106,0.1009037718
0.1041142941,-0.0294385757,0.0704812855,0.0037415402,0.1986134797,0.0435238406,0.0559658632,0.0217087679,0.0593114123,-0.0529595949,0.0269399639,-0.0901241228,-0.0629323572,-0.0185888819,0.1077143848,-0.0044125076,0.0609407574,0.0957133621,0.0840328038,0.0293212701,0.0349688902,-0.0589977056,-0.0113167120,-0.0739013776,-0.0501195230,-0.1025272608,-0.1093675867,-0.0116899246,-0.0417286307,-0.0739578605,0.0427755490,-0.0434576124,0.0817361474,-0.1000620946,-0.0077089844,-0.1164250672,0.0910392478,-0.0734430626,0.0323631167,-0.0114098350,0.0452720486,0.0819452032,-0.0715472251,-0.0610250719,-0.0547098704,-0.0023422777,0.0238898098,-0.0891257226,0.0169422925,-0.0581190474,-0.0849353224,-0.1108594015,0.0680645630,-0.1636747718,0.0058392673,-0.0130486721,0.0083288494,-0.0096544418,-0.0733646452,0.0591963232,0.0671598315,-0.1377548575,-0.0917990878,-0.0114144217,-0.1343849748,0.0081453687,0.0477711223,-0.0556813516,0.0626468509,0.0256272554,-0.0314306729,0.0551745072,0.1573345810,-0.0518243723,0.0622522794,0.0165851414,-0.0071569039,0.0669703633,-0.0880809426,-0.0323998816,-0.0962230563,-0.1368717849,-0.1113048196,0.0134358937,-0.0483300537,-0.0465718992,0.0072148317,-0.0242632497,0.0273467675,-0.0393333174,-0.0326768458,-0.1107939929,0.0443987399,-0.0450922176,0.0983759612,0.0374622867,0.0846778974,0.0855877995,-0.0244615152,0.1526006460
0.1661459208,-0.0140816942,0.1955469400,-0.0781918168,0.1031547561,-0.0474293120,0.0250527244,-0.1844141036,-0.1001895592,-0.0461881012,0.0669919103,-0.0140158227,-0.1464434713,-0.0200442374,0.1767548323,-0.0484912060,0.0925519168,-0.0463683680,-0.0940724239,-0.1194183230,0.0637070090,-0.1519366950,-0.1931302994,-0.0336311832,-0.1148384213,0.2073356956,-0.0184784960,-0.0768451765,0.0726867393,-0.0300391782,0.1150143221,0.0052713901,0.1284501255,-0.0155724948,-0.0339240655,0.0048777624,0.0724908188,0.0096764509,-0.0559111498,-0.0774799287,-0.1286170334,-0.0413314551,-0.2195987105,-0.1725107729,0.2091547996,-0.0050521777,0.0108253080,0.0189677812,-0.0582126491,0.0297047403,-0.0198223349,0.1262463331,0.0376659632,0.1330179274,0.0938863605,0.1526103169,0.1068184599,0.0771847069,0.0112790558,0.1499221623,-0.0897807106,-0.1696165204,-0.1448676884,0.0006288770,0.0138890175,-0.0557119772,-0.0869298875,0.0186003298,0.1220468059,0.0655891001,-0.0025201652,-0.1243885681,0.1388779134,0.0612208247,0.0871064141,-0.0553549901,0.0895940512,0.1089123562,0.1977047324,0.1394023001,-0.1124429330,0.1620980501,-0.0262616910,-0.0625432432,-0.0076615131,-0.0415508784,0.0167227332,0.0679637343,-0.1705967635,0.0780427605,-0.1625642776,0.0036579370,0.0054352167,-0.2096116245,0.2807140946,-0.0008031632,-0.0567519292,-0.1115122512,-0.1463145465,-0.2907667756
0.3585180342,0.1859750897,0.0800947994,0.1780333370,0.0611874126,-0.1562326998,0.0368028767,-0.0629889444,0.1348210424,0.0267677214,0.0630119145,-0.2697518170,-0.5370101929,0.0096419798,-0.0075293123,-0.0996126011,0.1426660269,0.1986425072,0.0609452203,0.0341437422,0.2037662864,-0.0648759827,-0.0066294116,0.0514603108,-0.0165782869,0.1074491441,0.0352743417,0.0250296332,-0.0311858710,-0.0534118637,-0.0944700763,-0.0066673770,0.0792856738,0.0517177023,-0.1643335819,0.0636032671,-0.0990408435,-0.0185408741,0.0383100957,0.0411538482,0.2029988021,-0.0822375789,-0.0915931612,-0.0363811925,-0.0769245103,-0.0264499597,-0.0154516958,-0.1412518471,-0.0496270582,-0.0054474794,0.0457555205,-0.0432232209,-0.1180560142,-0.2322744280,0.2809697986,0.1441335529,-0.0119254701,-0.0684310421,0.2962661088,-0.1030269489,0.0221452266,-0.4016791880,0.1085194424,-0.0832128227,0.1600185931,-0.0605127700,-0.1864426732,-0.2168974578,0.4300157428,0.0471136309,0.0677569285,-0.0586268120,0.0064225565,-0.1022922546,-0.1463376284,0.0320356116,0.0499409251,-0.0971101224,-0.0186662134,0.1085141823,0.0688906386,-0.4220418632,0.0038261621,-0.0157741625,0.0771465600,-0.0461071469,-0.0308894645,0.0007795421,0.0915406048,0.0634557903,-0.0241291355,-0.0016358505,0.0845711678,-0.1064618006,0.0512552932,0.1064997017,-0.0000439392,0.0837846175,-0.7362266183,0.0440606847
0.1066002250,-0.0361767896,0.0487341397,0.0078577120,0.0991726667,-0.1413079202,0.0235883798,-0.0777486339,-0.1605994254,-0.0141405668,-0.0228641797,-0.0954506993,-0.1297023892,0.0312296469,0.0385707878,0.0195831805,-0.0807585493,0.0226294454,-0.0435940847,-0.0562709123,-0.0426918380,0.0396664627,0.0386937819,0.0010444138,-0.0781093910,0.0727726072,-0.0051170588,-0.0002108111,-0.1109665260,-0.0239441376,0.0881121829,-0.1222914681,0.1907915026,-0.0805806816,0.0073517552,0.0163918715,0.0958243757,-0.0628563389,-0.0185688213,-0.0293948594,-0.1562760919,0.0465638489,-0.1475784034,-0.0307645015,0.1343370825,-0.0171614084,-0.0693664029,-0.0361068361,0.0712861568,-0.1492829323,-0.0859057829,0.1911713481,0.0737536252,0.0327334292,-0.0678629652,0.1139052063,0.0730621368,-0.0265698303,-0.1407358646,0.1197118461,-0.2282011658,-0.0108125973,-0.1031242087,-0.0677571744,-0.0681561381,-0.0646269247,0.0674801618,-0.0493028425,0.1031192839,0.1353890747,-0.1802131534,-0.1255112588,0.0473811999,-0.0077717570,-0.0186980516,0.0307078063,-0.0015850378,-0.0588239953,0.0735081062,-0.0669354424,-0.0049203397,-0.0631384924,-0.0021570143,-0.0165501554,0.0077965097,-0.0759350061,-0.0657423735,0.0348935984,-0.0211290922,0.1025059298,-0.1943093091,0.0998854712,-0.0623637773,-0.1939707398,0.1479059905,0.0694664642,0.0035717720,-0.2411288768,0.1837914139,-0.6960613728
-0.4216947854,-0.0420422442,0.0980008170,0.0601242818,-0.4757096469,0.2305099666,-0.0578345284,0.0832233056,0.2897901535,-0.0110847764,-0.0831272453,0.0322424509,0.2184824795,-0.1994779855,-0.0632471144,-0.1682258993,-0.1409875304,0.0589215793,-0.1740643680,-0.0378673486,-0.5190240741,-0.0165776815,0.0676015168,0.1133585498,0.0288134664,-0.1419110298,-0.0110219931,-0.1976923943,0.1097071022,-0.2717180550,-0.0499082692,0.0748394355,-0.2096208334,0.0584675632,0.0988497511,-0.0432174206,-0.0629320964,-0.1075365916,-0.1477697641,-0.4098266363,-0.0592521578,-0.0750882700,-0.1486897618,0.1487603486,-0.0026037062,0.2565687001,-0.0579299331,-0.0534747615,-0.0309072565,-0.0112835336,0.0737517476,-0.0312637612,-0.2024878114,0.5067551136,-0.2033291459,-0.2608915567,0.2686265111,-0.1532322466,0.1166066676,0.0134080369,0.1917540878,-0.0318859927,-0.1023467183,-0.0584221184,0.0408861004,0.1104100347,-0.0231262408,0.0183657762,0.1440865248,-0.1333925724,0.0356837884,0.0610047244,0.0233004130,-0.1154704392,0.0762933642,0.1916490942,-0.1903180480,-0.1490893662,-0.1064321548,0.2169285417,-0.0282419305,0.0066027045,0.3112633526,-0.1544889212,0.0686267465,0.0569351576,0.0126521736,-0.0591129400,-0.1039370373,-0.2501451075,0.0635856017,-0.1074434370,-0.0013734333,0.0555593111,-0.1655589342,0.1781601459,-0.2488340288,0.1186733022,-0.0803486034,0.1940368265
-0.1081407443,-0.4079757035,0.2096669674,-0.3970007300,0.0257843565,-0.0476028770,0.0584905520,-0.1277631223,0.0028093073,-0.0920688137,0.0651073977,-0.1851575375,-0.1210464761,-0.0138073098,0.1239923686,-0.1597484201,-0.1109167337,-0.0117036486,-0.0814886540,-0.0528552756,-0.0095428545,-0.0180604439,-0.0372496620,-0.1666423976,-0.1259194016,0.1707660258,0.0330376998,-0.1241454035,0.0093174055,-0.0095900884,0.1377395689,-0.0026286305,-0.0332866944,-0.0025103509,-0.0418298393,0.1079761311,0.0499256141,0.0610615611,-0.1299892068,-0.0200953986,-0.0095277764,0.0011172892,-0.0591596551,-0.0333369747,0.1951161325,-0.0223804247,-0.0089280568,-0.0023847762,-0.0383192934,0.0484752618,-0.0770185441,0.1252089441,0.0261992887,0.1070067659,0.0854792073,-0.0854840279,-0.0473612957,-0.0225204863,0.0049052211,0.0393114910,-0.1226437688,-0.1854289621,0.0139670530,-0.0923875347,0.0137153929,0.0643830076,0.0852918997,-0.1368138045,0.0484822392,0.0147136971,-0.0824139044,-0.0664807186,0.0752916262,-0.0438248999,0.0553244837,-0.2207771540,0.0766637325,-0.1045428813,0.1253637075,0.0346279889,-0.1321505308,0.1206098571,0.0150261382,0.0188007690,0.0128260273,-0.0926080197,0.0190079212,0.0848313794,-0.0609595142,0.1250157058,-0.0352483876,-0.0111815892,-0.0331135765,-0.0577691011,0.1202565581,-0.1523594111,0.0977453515,0.0087666456,-0.0135373175,-0.2139593363
-0.0269411560,0.1583457589,-0.0674984828,0.1850002557,-0.0279532466,-0.0600664392,0.0702794567,0.0034214833,0.0165260080,-0.1759794652,0.1411521137,0.0570918657,-0.1580323130,-0.0862126797,-0.0067706965,0.0692349449,-0.0602960363,-0.0047652507,-0.1479256600,-0.1705542803,0.0746446848,0.0444742851,0.0279074479,-0.1727658212,-0.0007563204,0.1977921724,-0.0581280552,-0.1347168237,0.0973040238,0.0485154726,0.0652674288,-0.0438081287,0.2166095972,0.0009253145,-0.1053899676,0.0564493611,-0.0104303341,0.0191558935,-0.0439516716,0.0687718540,-0.0403141491,0.0740407631,-0.1158838794,-0.0147990081,0.0883070603,-0.1415353566,-0.1290393174,-0.1401403993,0.1122491360,0.0503357835,-0.0557668172,0.0604432039,-0.0279923379,0.0451107398,-0.0470549166,0.0407378674,0.0846264288,0.1084116921,0.0430645905,0.1117067710,-0.1868744045,-0.1567724943,-0.0475432537,-0.0972837284,0.0784353316,0.0646050125,0.0202216059,0.0315950401,-0.0676668733,0.0855671838,-0.1296580732,-0.0559591614,-0.0395459272,-0.1454783231,-0.0020989745,-0.0973084643,-0.0299398955,0.0033015236,0.0784087032,0.0214166827,-0.0177307595,0.0223579407,0.0100338887,-0.0205032080,-0.0129519496,-0.0354173668,-0.0888932869,-0.0009426316,0.0142931137,-0.0768654868,-0.0018361125,-0.0804124847,0.0275741480,-0.1030841619,0.0940037817,-0.0491947345,-0.0842768550,-0.1290461868,-0.0504966900,-0.3097056150
-0.2058956623,-0.0987667441,0.1669131815,-0.0238802396,-0.1833737344,-0.2041084021,0.0259921364,0.1725712866,-0.3880082965,-0.0335781313,-0.1010009423,0.1582077295,-0.1076576039,0.0683378354,-0.1283553839,0.0707836002,0.1639155149,0.2426698208,-0.0019120028,-0.0983575806,-0.0137758898,-0.0016732357,0.2324209064,-0.1027874276,0.0609311387,0.2447741926,-0.0504673161,0.1164575145,-0.2239810973,-0.1397496462,-0.2336257845,-0.2932870984,0.0703367293,-0.0122412862,0.0431390107,-0.0804200768,0.1090532169,-0.0266025700,0.0692785978,0.0979370847,0.0470699817,-0.1801673621,-0.2289738655,-0.0359540470,0.1082065180,-0.0228149183,-0.1566460282,-0.0025749225,-0.2886596620,0.1730651408,-0.0932239890,0.0410392135,0.0137367491,-0.0338607915,0.0628106445,0.2142477036,-0.0805824846,0.0943514183,-0.1514546722,0.0299592875,0.0736203641,-0.2236861289,-0.0227480866,-0.1466898620,-0.3236900866,-0.3399300873,0.0897727683,-0.0290100798,-0.0750941858,0.1615458131,-0.0549744554,0.0624328442,-0.1902401149,0.0884291008,-0.1823978275,-0.2164585888,0.0041143741,0.0601184815,0.1205010638,-0.1869080663,0.0915273577,0.1166334450,-0.0864113346,-0.0355356783,0.0955427065,-0.0426465273,0.0482133254,0.0549604781,-0.0851864815,0.1839222759,-0.0825752690,-0.1932752281,-0.0173744708,-0.1777373254,0.2095827013,-0.0073187524,0.1906990111,-0.1068950444,-0.0051516783,-0.1623452008
-0.0371609628,0.0094159208,0.0414451212,-0.0971708521,0.1509167105,0.0806150734,-0.0542252511,0.0099944640,-0.0471312441,-0.0979016349,0.0371707082,0.0462450795,-0.0543738678,-0.0298294313,-0.0062756864,-0.1258855313,-0.0947277620,0.1117837429,-0.0477325879,-0.0944358930,0.1181208044,0.0642821044,0.0890473351,-0.1509491950,0.0315560400,0.0112492004,-0.0025588761,-0.0915975422,-0.0229936652,0.0793687403,-0.0254520811,-0.0940805376,-0.0142800258,-0.0132397655,-0.0000467665,-0.0841397792,-0.0089906957,0.0310473535,-0.0853681043,0.0731179789,-0.0445467904,0.0481514558,-0.1429865956,-0.0920628831,0.1453980803,0.0522840284,-0.0063501685,-0.0139242886,0.0392621532,-0.1457881927,0.0205213614,0.0970754698,0.0445241965,-0.0544716828,-0.0748001710,-0.1643559635,0.0131243300,-0.0128417183,-0.1189626455,-0.0354281105,-0.0164637342,-0.0923297778,-0.0313108601,-0.0237532631,0.0019544202,0.1144170836,-0.1202976182,-0.1083126292,-0.0014992491,0.0613826551,-0.0294546690,0.0724563301,0.1247133315,0.0464353152,0.0554229356,0.0100957975,0.0073598344,0.0031418880,0.1294116676,-0.0425181761,-0.0080778189,-0.0226728916,-0.0654601306,-0.0092272172,0.1380514801,-0.0924128145,0.1264259219,-0.0236827340,-0.0376073048,0.1284565032,0.0212998744,-0.0111920042,0.0666118935,-0.1400952935,0.0358871967,-0.1618656218,0.0927094147,-0.0437845029,-0.0561488308,-0.0491230823
0.0321433842,0.0052851578,-0.0190074481,-0.0790889561,0.1535129249,0.0999453515,-0.1108058020,-0.1312719434,-0.0402828828,-0.0477099828,0.1306486577,-0.0309578441,-0.1977121234,-0.1475690752,0.0208658930,-0.0398969911,0.1320670545,0.0417710133,-0.1402929127,-0.0675474778,0.0876748785,-0.0312433690,0.0215170551,0.0087772449,-0.1724352539,0.1305502653,-0.0632279515,-0.0364204049,0.0691726431,0.1174087673,0.1041836292,-0.0497792289,0.0637721047,-0.0470641777,0.0320228413,-0.0356036648,-0.0088786641,-0.0443598293,-0.0893093422,-0.2028911114,-0.0042925817,0.1249860823,-0.0590620711,-0.0230068136,0.1177909300,-0.1103969887,-0.1156103313,-0.0695323572,0.0601634458,-0.0854243860,-0.0954911262,-0.0134894811,-0.0000509839,-0.0307952110,0.0297406781,0.0870270804,0.0033882305,-0.0194436461,-0.0055528670,-0.0239603538,-0.0283333696,-0.1235587224,-0.1704294533,-0.0375405215,0.0063201496,-0.0929092690,-0.0658658817,-0.0538533702,0.0819017142,0.0594648123,-0.1465666294,-0.0202692114,-0.0385204181,-0.1059122086,-0.0027292506,-0.0913661644,0.0725765303,0.0194863752,0.0418290123,-0.0134098623,-0.0848190859,-0.0597435161,-0.1123673394,-0.0048517757,0.0323367715,-0.0323434919,0.0507089309,0.0656341836,-0.0278183501,0.1466427296,-0.1003608480,-0.0536247306,-0.0067982832,-0.0549586713,0.1368232965,-0.1767594218,0.0080464389,-0.1776855141,-0.0593529753,-0.0817454904
-0.1373806745,-0.0644306839,-0.1369914711,0.0469226278,0.3505773544,-0.0334628075,0.0856786147,0.1296996921,-0.1901637316,-0.2484458089,0.1021677554,-0.0847025737,-0.1176218539,-0.1101827770,0.1219829395,0.0549098849,-0.0684170872,-0.0418948084,-0.0596430823,-0.1625622809,-0.0584731922,0.0839501470,-0.0234318227,-0.1452957839,-0.1729288399,-0.0090785511,0.1024977192,-0.0721279159,0.0756822228,0.4070770144,0.0305893868,-0.1142449379,0.0854506493,-0.1496639252,-0.0766523108,-0.0230904911,0.1747082174,-0.0520712025,-0.1384193450,-0.0161577240,-0.0029241904,0.1638450474,-0.0810634494,-0.1182898879,0.0184669085,-0.1562305689,-0.0522017926,-0.0434790067,0.0819884241,-0.1321046799,-0.0049269074,0.1207815483,0.0473392792,0.0550455377,0.0298617706,-0.0877630785,-0.1047735214,0.0499993786,-0.2249059677,0.0029630815,-0.2165683657,0.0352430269,0.0989452899,-0.0037892070,0.0444344021,-0.0842225775,-0.0234558005,0.2344625145,0.0333608128,0.0694677681,-0.1791051477,-0.1330417991,-0.0256194305,-0.1035219431,0.0006818674,-0.2282909751,0.0297972728,0.1205333620,0.0414044373,-0.1651191860,-0.1467601061,0.0516902246,-0.0441877060,-0.0721484348,-0.1398821920,-0.0861718804,0.0908195823,0.0330701470,0.0023788828,-0.0427288823,-0.0518859774,0.1600804776,-0.0944149718,0.0035124987,0.0000539877,-0.0808820277,0.0657685027,-0.1001997814,0.2253753245,-0.2528816462
0.0399694368,-0.0401310474,-0.0103823757,-0.0236507151,0.2402034551,-0.1138520464,-0.0489969105,0.0325595401,-0.0014860599,-0.1984915733,0.0041079540,-0.0009415504,-0.2304351330,0.0033807317,0.0763085783,0.0446844883,0.0312366765,-0.0749755949,-0.0601650774,-0.0570773482,0.1572632939,0.0285408422,0.0932127684,-0.1224780828,-0.1440130919,0.0727837905,-0.0282861739,-0.1077124625,0.0319177918,0.0849430263,0.1415265054,-0.0343863219,0.1215042472,0.0078526968,-0.0575299449,-0.0662489310,0.1321848929,-0.0096109668,-0.1242597699,0.0300730038,-0.0381406695,0.0251888763,-0.1086538807,-0.1941290051,0.1956263185,-0.1568848044,0.0087224487,-0.0539268516,-0.0584823489,-0.0376850069,-0.1006928682,0.1892866194,0.1338422149,-0.0484837145,-0.0152130676,0.1170952991,0.0216527004,-0.0022724941,-0.0111325765,0.1278968304,-0.1030833721,-0.0603026636,-0.1355099082,-0.0995647684,-0.0100653879,0.1665061712,-0.0622585118,-0.0285129845,-0.0936051086,0.0466197990,-0.1536156982,-0.0419493318,0.0846049264,-0.0219497345,0.0310904458,-0.1936078221,0.1949595958,0.0746385455,-0.0086310422,0.0331165381,-0.0755729750,0.2102205604,-0.0027182167,-0.1722502559,0.0974271372,-0.1212688759,0.1210692972,0.0505020469,-0.0036734322,-0.0043141567,-0.1851071417,-0.0273687318,0.0747487694,-0.0421837047,0.1039058864,-0.1206430197,-0.0679794401,-0.1904041022,-0.0653596148,-0.2644498944
-0.0809773132,-0.0597196147,-0.1432405859,-0.0877376571,0.2623011470,-0.0459668227,-0.0849448144,-0.0513380617,-0.0591172166,0.0042342460,-0.0414456464,-0.0597099178,-0.0514095202,0.0056232866,-0.0193827152,-0.0292337649,0.0451359712,0.0157779641,-0.0269837845,-0.0701577514,0.0112592839,0.0005186632,0.1053754166,-0.1384621412,-0.0859307274,-0.0612419546,-0.0824229568,-0.0767796487,0.0224740338,-0.1255898476,0.0567422397,-0.1553753912,0.0099379634,-0.0219126269,0.0143647091,0.0424272008,0.0828958303,-0.0622377880,-0.0964968204,0.0351518616,-0.1187555194,0.0562129319,-0.0452426821,-0.0121258078,-0.0443534665,-0.0220591240,-0.0673040077,0.0498810261,-0.0516785271,-0.1258517355,0.0229430161,0.0518444367,0.0736181438,-0.0196008906,0.0845294967,0.0188186131,-0.0669102892,0.1005213559,-0.1097117066,0.0678766295,-0.0911886543,0.0706670955,0.0119158896,0.0017700841,-0.0634463727,-0.1862925142,0.0590004325,-0.1252526939,0.0552008227,0.0257680677,0.0027904271,-0.0111966589,-0.0362796299,-0.0084636854,-0.1077338904,-0.0890868083,-0.0535389781,0.0870139226,0.0307015292,0.0046025962,0.0124286497,0.1026423723,-0.0122555802,-0.0444923043,0.0166710392,-0.0144690117,0.0291564856,0.0642929673,-0.0056373603,-0.0074279495,-0.0606930181,-0.0285578948,-0.0683428794,-0.1199329644,-0.0265979283,-0.2055804133,-0.0037225641,-0.0706212968,-0.1310942620,0.1111369878
-0.6040469408,0.2661234438,-0.3284188807,0.0855833963,-0.3762627244,0.0994585529,-0.0446332805,-0.0861745849,0.1782390028,-0.3196071684,-0.0289086904,0.4088659286,0.0595239811,-0.1769270301,0.1746327728,0.0516647883,0.1018011421,-0.1003288105,-0.5158458948,-0.3173408806,-0.1674387157,-0.1011545435,-0.0052496442,-0.2070282698,-0.3408674598,0.2769363225,0.1349834800,-0.5418039560,-0.0299976505,-0.0954106078,0.2068890184,0.0451323688,0.0479536317,-0.1324524730,0.0394415557,0.0505856797,0.3871340156,-0.1863377541,-0.6263673902,-0.2470945567,-0.4416005909,0.2747543156,-0.2773425877,-0.2603157461,0.3221007586,-0.1397375613,-0.1423604190,-0.3657974005,0.0367217287,-0.2402755469,-0.2903966904,0.5294436216,-0.0270871520,0.4346301556,-0.0161829088,-0.5149556398,0.0394244641,0.0460407138,-0.1414213032,0.5423104167,-0.4737202823,-0.1499764472,0.0075747962,-0.3611161411,0.3412574232,0.0643838644,-0.0201569125,-0.0128311422,0.2408718467,0.0148801422,-0.6015936732,-0.0623622015,0.0801161751,-0.2783828974,-0.0373542346,0.1577565521,0.1613530368,0.1428935975,0.4679748416,0.0988933817,-0.3248037100,0.0036235943,0.0938346684,-0.4425175190,-0.0944706872,-0.0914311111,0.1495450437,0.1042911634,-0.4690787494,-0.1556192189,-0.2236633003,0.2094932050,0.0971857756,-0.4885876477,0.3142687678,0.0408636294,-0.1105515659,-0.1572186500,0.3922068179,-0.2588196993
0.3899751604,-0.0670559481,0.1080739349,-0.1469809562,0.3791926205,-0.0339696780,-0.0013285753,0.1069400311,-0.3224440515,-0.0442062207,-0.0309417471,0.0642166063,-0.4366866052,0.1628916413,-0.0748228878,0.0374149978,0.1037887856,0.0322557092,-0.0320523940,0.1189151928,-0.1754808128,0.0719122440,-0.1223773956,-0.1543886214,0.1283968538,0.0299626552,0.0156439263,-0.0347919017,0.0081112273,0.1637013704,-0.0878703296,-0.1979215890,0.2658020258,-0.0815581083,-0.1196359247,-0.0140121207,0.0381049104,0.3401525617,-0.0418008715,0.1821135581,0.0558181144,-0.2539502680,-0.1782451421,-0.0151171526,0.0916854292,0.1569284946,-0.0500193201,0.0729071051,0.0239954088,0.1331097782,-0.0460060053,0.0908489823,0.0208905526,-0.1430928558,0.0183915645,-0.2055650353,0.0745062232,-0.0190769769,-0.3480148017,-0.0148370638,0.0525099523,-0.1325404197,0.0352212600,0.1077945828,-0.1331449002,-0.4790312946,-0.1185384244,-0.1711010635,0.0397617072,0.0894724727,0.0553993024,0.0706521571,-0.2684360445,-0.1107316092,-0.4264341891,-0.2073483318,0.0188696906,-0.1321663558,0.0359985754,-0.0584065169,0.1295791864,0.0359354839,-0.1014104858,0.0054933350,0.0586087629,-0.0168580990,-0.1058756858,-0.0652083531,0.1187344566,0.0077678068,-0.0368190743,0.0155990738,0.0774295628,-0.1542667001,0.1452822238,-0.0129587576,0.1112504900,-0.1112762690,-0.2519695163,-0.1605214477
-0.3331460059,0.1322754323,-0.3110978603,0.1314294189,-0.1818683594,0.0033714792,-0.1150995493,0.0075741871,-0.1426210254,-0.1295467317,0.0903413743,0.2333770543,-0.0533316545,0.0282809008,0.2108794451,0.0095917536,-0.0179119986,-0.1380619109,-0.1042071953,-0.1673936397,-0.0012233899,0.0267563611,-0.0309962686,-0.1497408301,-0.2100798339,0.2027412355,0.1105878800,-0.2300743759,-0.0673929304,-0.0338961631,0.1248391271,0.0638313368,-0.0041962527,-0.2002275288,0.1263393164,0.0731756911,0.0989413559,-0.0917085409,-0.2860408127,-0.0510823838,-0.0833152235,0.2314241379,-0.0526883043,-0.2245024592,0.1217850894,-0.1399352103,-0.1200983599,-0.1011899635,0.0102490084,-0.1105398759,-0.1038243622,0.2754614055,0.0662190393,0.1275467128,0.0160663091,-0.3316618800,0.0122735426,-0.0509260073,-0.1756023467,0.2280188352,-0.2940122783,0.0571658537,0.0658441707,-0.0956081897,0.1631346643,-0.0404785275,0.0673697442,0.1355004162,0.1343809217,-0.0722726360,-0.0887967050,-0.1480073184,-0.0007842534,-0.1337944567,-0.0152980918,0.0814627409,-0.0017526567,0.0216725934,0.2587643266,-0.0841285139,-0.1906143427,-0.0614641234,0.0053141098,-0.1298133433,0.0191319399,0.0809020251,-0.0441804007,0.0757591873,-0.1770210713,-0.0191788096,-0.0768778697,0.0641792268,0.0403004438,-0.3141288459,0.2009945661,0.0284291599,0.0684625059,-0.2205938697,-0.0288421158,-0.2203725576
-0.2341875583,-0.0476429462,-0.0530413687,-0.0183127467,0.1417158246,-0.1493826210,0.0036613538,0.1517113745,-0.1760089248,0.0286472607,0.0771150813,0.1196103990,-0.0742246062,0.0455256291,-0.0064795539,0.1866637468,-0.0152195552,-0.0253191646,-0.0391848981,-0.0986248851,-0.1414738894,-0.0795900971,0.0145968059,-0.1506305039,0.1346023679,-0.0716580227,0.1207714602,-0.0835845768,0.0345985927,0.4209179878,0.1501689702,-0.0507912040,0.1234492883,-0.1065082252,-0.1160270125,0.0487084575,0.0375219695,0.0759227723,0.0023752104,-0.3111725152,-0.1109024733,0.1848659813,-0.0490889437,-0.1359348893,-0.0649606213,-0.0937784314,0.1748662144,-0.2058858424,0.1530058831,-0.0770433918,0.0840546563,-0.0717482790,0.1059229076,0.4169208705,-0.0207562670,-0.1583063900,-0.0728094280,-0.0492570512,-0.3678288460,0.0551439598,-0.1124846339,0.0435102880,-0.0958290771,0.0119181015,0.0770924464,-0.0185254365,-0.1269112974,0.0810497403,-0.1854830980,0.1560970992,-0.0221580416,-0.0189749580,0.0914639011,-0.1741182804,-0.0086012315,0.0534727834,-0.0103485808,-0.0204399619,0.1377121508,0.0941196084,-0.1560720652,0.0053838328,0.1215529293,0.0713158101,-0.0257480126,-0.0698968023,0.1027875319,-0.1165620685,-0.0598170944,-0.0431124084,-0.1227719039,-0.0683444813,0.0074990033,-0.1027954370,-0.1245652661,-0.0846994817,0.0341374837,-0.0190703254,0.6848385930,0.0406184793
0.1518561691,-0.1846631765,-0.2329487056,-0.0552829690,-0.0753948167,0.0907388777,-0.0653950423,0.0362013616,-0.1743643731,-0.0084209889,0.0177017674,0.2607713938,0.0333809853,0.0163902622,-0.1557009518,0.2684656680,-0.1755540967,-0.0403764807,-0.0037843764,-0.0114617413,-0.0108399326,-0.1239654496,0.1710581928,-0.0467599146,-0.2337371707,0.0414015613,-0.0769500136,0.0023893598,0.2233330458,-0.1598375291,0.1782312095,0.1148403361,-0.1118442416,0.0411207303,0.0266681872,0.1134317368,-0.0208395813,0.1184199452,0.1168038249,0.1198778078,0.1577757597,0.1443591714,0.0827140585,-0.1137125120,-0.0954879746,-0.0746901482,-0.0829313993,0.1054882780,-0.2027085721,0.0315161869,-0.0625645369,-0.0480563156,-0.0030065612,0.0621119440,-0.0619756430,0.3235509098,-0.0943074748,-0.0570588075,-0.1879316419,0.0820055082,-0.0946651399,-0.0608781613,-0.0096975360,-0.1101540104,0.0674443543,0.0817321017,0.0719071627,0.1656100154,-0.0286903195,0.0373384729,-0.0132160950,-0.2879479825,-0.0066195857,0.2120130211,0.0330737978,-0.0532521121,-0.0286782980,-0.0641698614,0.1298080385,0.0663553700,0.0169601068,-0.2252890766,0.1671621203,0.0348390676,-0.0242507458,-0.0300376602,0.0583823025,-0.0052494202,-0.0234404728,0.1416096240,0.0512424037,-0.0224401932,0.0129536884,-0.0108163608,-0.0361062251,0.0285128579,-0.1033100337,-0.0351004526,0.0093193920,-0.1794968694
0.1362107694,-0.0257872622,0.0934154391,-0.1048960686,0.2278742492,-0.1363233626,0.0305732135,-0.0021285834,-0.1115325838,-0.0907005891,-0.0104521206,-0.1577719748,-0.1272087395,-0.1074341163,0.0387786627,0.0425417013,0.0733750984,-0.0244701225,-0.0569702201,-0.0110645778,0.1843200028,-0.0548815988,-0.1357596517,0.0010596192,-0.1659959704,0.0347146988,-0.0544425100,-0.0885088146,-0.0672529936,-0.0410196558,0.0773296058,-0.1057780609,0.1024779528,-0.0938564017,-0.1336730272,-0.0692879707,0.0340764001,-0.0567178987,-0.1942328811,0.0389917903,0.0308427513,0.0601130426,-0.0935168788,-0.0561874211,0.1835609227,-0.1742968112,-0.1354320049,-0.0145525662,0.1116688699,-0.0920441523,-0.1102477089,0.0953998044,0.0621590205,-0.0013335895,0.0066906288,0.1560237110,-0.0298436135,0.0434485562,0.0107587585,0.1379978508,-0.0954197943,-0.1724728197,-0.0822550803,-0.1516651362,-0.0548436493,-0.0296089556,-0.0370745100,-0.0589949898,-0.0065297820,0.0812676325,-0.0966102034,-0.0410321131,0.1153364331,-0.1084867641,-0.0537925214,-0.0876092315,0.1915894002,-0.0024181178,0.0094297556,0.0314383619,-0.1039039195,0.1038774699,-0.0433752425,-0.0585593246,0.0733807832,-0.1449004859,0.1010345668,0.1403447986,-0.0282842964,0.0474486202,-0.0141449738,-0.0235648770,0.0446342789,-0.1953181475,0.1821060181,-0.1550212651,-0.1137192398,-0.1709339619,0.0337062851,-0.4096228480
-0.0624177530,0.0533703603,-0.0530144051,0.0496000573,0.1826480478,-0.0137087507,0.0637899041,-0.0440588593,0.0787180141,-0.0154702244,-0.0735590309,-0.0968949124,-0.0874665231,-0.0662548691,0.1055952460,-0.0991045311,-0.0141179096,-0.0287352223,-0.0870184228,-0.1077853292,0.0563190281,0.0420477875,-0.0982520878,0.0411538705,-0.0168652851,-0.0012930391,-0.0835977867,-0.0411117859,-0.0127721140,-0.0987089351,0.0929746926,0.0295839086,-0.0511744395,0.0115294280,0.0110038705,0.0513742603,-0.0539227650,-0.1054498255,-0.1290997118,0.0078791408,0.0027151378,-0.0263266824,-0.1187735200,-0.1339466274,0.1055124700,-0.0578265190,-0.0655888095,-0.0365811996,-0.0365605429,0.0305108819,0.0401944257,-0.0317755975,0.0846063197,-0.0591505505,-0.0241940748,-0.0931314081,-0.0656609833,-0.0507509448,-0.0747473389,0.0434268117,0.0259645320,-0.0497820042,-0.0131867165,-0.0801575631,0.1498422921,0.0513248742,0.0414063409,-0.0520364903,0.1340475976,0.0874124691,-0.0117637143,-0.0963426903,0.0985401720,-0.1151922271,0.0311806351,-0.1542789936,0.0369180702,-0.0321917012,-0.0545425750,0.0875139162,0.0168356951,0.1147868857,-0.0769603476,-0.0236499608,-0.0181854889,0.0302438587,0.0088435365,-0.0390979983,-0.0334364362,0.1328944117,-0.0245399028,0.0480626784,0.0729025751,-0.0634703413,-0.0351731107,-0.1129057631,-0.0115486057,0.0352850780,-0.0621346086,0.0990312994
-0.0144932298,0.0141950641,-0.1682954282,-0.0005204008,0.1082072705,0.0277996231,-0.1360735297,0.0121470457,0.0054265969,-0.0045369836,0.1416818351,0.0285641942,-0.0258934479,-0.1004549265,0.0483098179,-0.0269762017,-0.0003546146,-0.0095801009,-0.0488027483,0.0169786979,-0.0590775087,-0.0508386493,-0.1585231125,-0.1121136099,-0.1444908679,0.2127705067,0.0970325842,-0.0675825924,-0.1238392964,0.1457604617,0.0327024609,0.0564129576,0.1102006212,-0.1197588295,-0.1289584041,0.0113114864,-0.0048330720,-0.0433375835,-0.1549519449,0.0689424798,-0.0883093923,0.0872214511,-0.1550889611,-0.0073422133,0.1705240160,0.0519209281,-0.0667379275,0.0195351224,-0.0648521930,0.0729294643,-0.1633230150,0.1066313386,0.0974949151,0.0364057273,-0.0694073662,0.0698309019,0.1242561638,0.1285985857,-0.0659355447,-0.0183862559,-0.0640657470,-0.0902456716,-0.0912740380,-0.0445309617,0.0706380233,-0.1077450812,-0.1585545540,-0.0984814987,0.0259565394,0.0526099876,-0.0965332910,-0.1403216571,-0.0772219747,-0.0105307922,-0.0201701578,-0.1034330279,0.1519214511,0.0004343855,0.1597367525,0.0136977676,0.0637411475,-0.1072918251,0.0460195802,-0.0295969434,-0.0461964495,-0.0285656564,-0.0004585788,0.1344485134,-0.1002811193,0.0380609073,0.0290062167,0.0397675708,0.0430588312,-0.2104876786,0.1929751784,-0.1150726676,-0.0009733322,-0.0027115438,-0.1357391477,-0.4632027745
0.2849815488,-0.1142767146,-0.1245866939,-0.0919001549,0.2390662432,0.0270781219,0.0985415727,0.0918927416,-0.2052492648,-0.0807725713,0.0138352150,0.0596214868,-0.2177996039,0.0961026251,-0.0195247717,-0.1066811308,0.0832581297,0.1026265696,-0.0979106799,0.0556459762,-0.0112947831,0.0453489982,0.0398587286,-0.1771793067,-0.0968456566,0.0260607116,-0.0985604972,0.0321459882,0.0498035103,0.1781176925,-0.0226114914,-0.1187599003,0.1239048466,-0.0575333610,-0.0964899808,-0.0539036244,0.0244921353,0.1595335156,-0.1357697695,0.1012327075,-0.0928463340,-0.0517315082,-0.1703445911,-0.0193327069,0.2227898538,-0.0132706771,-0.0952721685,-0.0544389412,-0.0011466006,0.0432115421,-0.0367195271,0.0335479937,0.1081970558,-0.0371539257,0.0135945352,0.0717315748,0.0902056023,-0.0292625111,-0.0902863592,-0.0166814011,0.0133024985,-0.1066472232,-0.0559345409,-0.1403968334,-0.0352399871,-0.1820087582,-0.0820671469,-0.0965439230,0.0012320520,0.0622242540,-0.0078098574,-0.0855482817,0.0197283588,0.0654350147,-0.1456538737,-0.1905781478,0.0538315549,-0.0713481829,0.0991739780,0.0504237898,-0.0604257397,-0.0577658974,-0.0657972395,0.0102417683,0.0948515758,-0.0040345592,0.1127729639,0.0307267215,0.0458302870,-0.0067471317,-0.0989791900,-0.0412457846,0.0680442527,-0.1290085912,0.1832943857,-0.0973266736,0.1274525225,-0.0171683412,-0.1461198926,-0.3192301393
-0.1893149465,-0.0630948916,0.0666135252,-0.0375777036,-0.0083508259,-0.1250563562,-0.0056810388,-0.0147584798,0.0137957828,-0.0327217802,-0.0238770843,-0.0825991929,-0.1334462613,-0.1114352122,0.0897722840,-0.0141507005,0.1339748949,-0.0496345311,-0.0797618404,-0.1326870471,-0.1659347415,0.1061607823,-0.0210628323,-0.1817598194,-0.1544147283,0.0295107290,-0.1156725436,-0.0354518630,0.0150222834,0.0214346703,-0.0023720288,0.0346700735,0.1751787066,-0.1026738361,0.0818056762,-0.0088525824,-0.0251473952,0.0077952398,-0.1147053838,0.0316853374,-0.1250155717,0.0490277447,-0.0828131363,-0.1249279305,0.1532087177,-0.0550803468,0.0158038959,-0.0390685946,-0.0792222992,0.0053892797,-0.1541197449,0.0066895681,0.0293411836,0.0217982475,0.0250410251,-0.0451443754,-0.0199017189,0.1196715757,0.0186552312,0.0001424793,-0.1804025024,-0.1760102808,-0.1169925109,-0.1356279254,0.0594436936,0.0524249710,0.1228981689,0.1493426561,0.1055617929,-0.0027496719,-0.1752074510,0.0538904443,0.0774738640,-0.0683781505,-0.0776222199,-0.1925475746,0.1076619104,-0.1037548184,0.1427243203,-0.0715140104,-0.0691235065,-0.0639265105,0.0759433433,-0.0667413324,0.0210055131,-0.0331966504,0.1705708802,0.0572291985,-0.1362266541,-0.0042136405,-0.2092577070,-0.0456191339,-0.0246593505,-0.0217105616,0.1198294535,-0.1684418768,-0.0214399267,-0.1707199216,0.1874973923,-0.0794965103
0.1554556787,0.0017867426,0.0204370562,-0.0533160418,0.1133057177,-0.2914234698,0.0427058898,0.0297832005,-0.3958684504,0.0229584891,-0.0118997814,0.3074603379,-0.4611420333,0.0261142552,0.0031739317,0.0099293012,0.0025394061,0.1053709090,0.0710767061,-0.0234825052,-0.0974817798,-0.0791015998,0.0745075643,-0.1891485006,-0.0032728568,0.1610563397,-0.1724696755,-0.0427161045,-0.1379882842,-0.0512719303,-0.1629709750,-0.2957669497,0.1639651954,0.0230466928,-0.1498644799,0.0012643986,0.0128690507,0.1821794510,-0.0035956483,0.3170419931,0.1561859399,-0.2121269107,-0.1477541924,-0.0904227495,0.0754662678,0.0470530242,-0.0503348298,0.0105312113,-0.0117344577,0.1946788877,0.0016774108,-0.0573493205,-0.0775322616,-0.0317009576,0.1818843186,0.1463703364,-0.0396799780,0.0219935384,-0.4033183157,-0.1087109372,-0.0539376885,-0.2248933315,-0.0523183346,-0.0166184157,-0.1277780384,-0.6079976559,0.0458243899,-0.0729291588,-0.1931570768,0.0172483809,0.0168371052,0.0785268545,-0.3231111467,0.0665562823,-0.3950782716,-0.1692545414,0.1096501052,-0.2117260545,-0.0202334207,-0.1421866864,0.1531327814,0.0997822210,0.0062724254,0.0859019384,0.1151540652,0.0820958540,-0.1055316627,-0.0618242063,-0.0269065034,0.0289472658,0.0089031952,-0.2164633274,0.0516032428,-0.1446847618,0.2099254727,-0.0042667892,0.2735721469,-0.0027029547,-0.3855546415,-0.1195844337
0.1232273728,-0.0863161162,0.0263484772,0.0182181075,0.0985270366,0.0579839237,-0.0986921340,-0.0547217950,-0.1006206721,-0.0356789678,0.0452980883,-0.1672097147,0.0074698157,-0.0261785146,0.2187636644,0.0048520006,0.0089992806,0.0258942302,-0.1886469126,-0.0526271723,0.0593629405,-0.1411446780,-0.1997770518,-0.1610401422,-0.2509149909,0.0765212104,0.0907734111,-0.1579533219,0.0601971187,0.0197890215,0.1373648942,-0.0458496138,0.0752396733,-0.0427074656,-0.0967551991,0.0768872127,0.1405385286,-0.0954462886,-0.1748560667,0.2118220329,-0.1490902603,0.0840878859,-0.1378390193,-0.0897456557,0.0700601190,-0.1286075860,-0.1662393212,-0.1354597658,-0.0068642399,-0.1344203055,-0.0504247434,0.0469259657,0.0307822246,0.1323165298,-0.0368950590,-0.0632842854,0.0001295250,0.1008108333,0.0013506938,0.0768526122,-0.2145394832,-0.1162007675,-0.1148573309,-0.1310277730,-0.0156283248,0.0957769454,0.0207393393,-0.1434649527,0.0201424025,0.0168092679,-0.0214071646,-0.0378832892,0.1225730330,0.0080705602,0.0214633215,-0.0784505159,0.1758626103,-0.0291615259,0.1343201250,-0.0094669834,-0.1711111367,-0.0207976885,-0.0946002305,-0.1797620654,-0.0022663921,-0.0152713032,0.0760869831,0.1650655270,-0.0064288708,0.1187697947,-0.1094261408,-0.0056576370,0.0167273432,-0.1364587992,0.0809099004,-0.1257562190,-0.0199566018,-0.0750410780,-0.0538275018,0.1106136665
0.0722057447,-0.1061284244,-0.0529264249,-0.0952552259,0.0121055022,0.1130594984,-0.0158223324,-0.1608955860,0.0645677447,-0.1783744842,0.0745014250,-0.0084213773,-0.0702266097,-0.0450008139,0.1266853660,-0.0175560173,0.1117353290,0.0225652847,-0.1167499498,-0.0519830622,0.0769957602,0.0345217548,-0.0207688026,-0.0715391412,-0.0358456708,0.1944912523,-0.0065891054,-0.1335891336,-0.0627433732,-0.0064958697,0.1421251446,-0.0822843537,0.0791789070,-0.0585853308,-0.1584447771,0.1357361078,0.0978345051,-0.0292414892,-0.1749943346,0.0613257214,-0.0585684292,0.1297259778,-0.0572290532,-0.1163641140,0.0218090750,-0.0658037812,-0.1136862263,-0.0263320375,-0.0280959159,-0.0124750780,-0.0138966972,0.0530051067,0.0513220429,-0.0573163442,0.0169281997,0.0850443766,0.0533063672,0.1643859446,-0.0120076770,0.1131180227,-0.0962963849,-0.0656571835,-0.2048075199,-0.0835654661,-0.0613431707,-0.0562829636,-0.1108467579,-0.1748168170,-0.0060161632,0.1211912483,-0.1499812305,-0.0042621274,0.0520628057,-0.1387293786,-0.0431904420,-0.2120353281,0.0225123167,-0.0231302343,0.1480289400,0.0351924151,-0.0608431064,-0.0285281874,-0.0216480885,-0.0917472169,0.0821571723,-0.0350645706,0.0342808962,-0.0088390624,0.0146753993,0.1067571416,-0.0073697036,-0.0780785680,0.0610903092,-0.0304974690,0.0498921908,-0.0634759143,-0.0993947983,-0.0790175870,0.0538303070,-0.1067641228
0.0537112392,0.1318087727,-0.1192124486,-0.0702503845,0.1007241234,0.2504439950,-0.0515044034,-0.1001878157,0.0368899517,-0.1527409405,0.1575585753,0.2054635584,-0.1614414155,-0.0046798852,0.1038656607,-0.0688740611,-0.0018912943,-0.1477901340,-0.1068440303,-0.1001861244,0.0683894530,-0.0293031894,-0.0361687616,-0.0550368987,-0.0840218067,0.1452490687,0.0389402322,0.0225463118,0.0083505288,0.0493443571,0.1342353374,0.1093202606,0.0560730137,-0.0252475068,-0.0821058750,0.0163151529,0.0250821188,0.0687988773,-0.2041704655,0.0010301896,-0.0764389634,0.1924947500,-0.1492726803,-0.2371321619,-0.0052964292,-0.0907969773,-0.0629131198,-0.0943360254,-0.0109637715,0.0135446088,-0.1505670995,0.2266970426,0.0608638301,0.1142742187,-0.0598388240,0.0718069077,0.1305225194,0.0898468271,0.0131410975,0.1081463546,-0.0572243817,0.1010497957,0.0705240667,-0.1000942960,-0.0782452598,0.0031128172,-0.0406535231,0.1618550271,0.0429063700,0.1543042213,-0.0970370248,-0.1867463589,0.0331935063,-0.1488265246,0.1124345958,0.0525225289,0.1518593580,-0.0201356113,0.1192589477,-0.0098958304,-0.1728723347,-0.1013024673,-0.0290789641,-0.1381952614,-0.0118157128,-0.1142263636,0.0566539913,0.0242316164,-0.0928260386,-0.0772730932,-0.0301472545,0.0138778174,-0.0888330415,-0.1105249375,0.0740029737,0.0476628132,-0.1959121227,-0.1116686165,-0.0535973869,-0.6180418730
-0.0476560108,-0.0986794159,-0.0295882877,0.0457683019,0.1960458010,0.1085445359,-0.1009746715,-0.0414029397,-0.1100547761,-0.1250016093,0.0342168696,-0.0922994018,-0.1015006378,-0.1246970892,0.1141173169,-0.0580507293,-0.0525391698,0.0478959195,0.0241637919,-0.0793261826,-0.0489061251,0.0649941638,-0.0644621328,-0.1216776296,-0.1660536528,0.0302203912,0.0822379589,-0.0719571188,-0.0796972960,0.0507706590,0.1236220449,-0.0521383248,0.0952130631,-0.1814049482,0.0260308702,0.1377476305,0.0421730913,0.0084268898,-0.1623717248,-0.0268137697,-0.1520459056,0.1158490553,-0.1626711190,-0.1039009020,0.0777139887,-0.1447128654,-0.0178619996,-0.1286368668,0.0689034984,0.0724991709,-0.0770650879,0.0455797054,0.1132666767,-0.1087964550,0.0265339874,0.0721313655,0.0068405252,0.1147990823,0.0114047388,0.1704309434,-0.0479809493,-0.0367792882,-0.0686921626,-0.1398387551,-0.0486739948,-0.1537299305,-0.0864329487,0.0336120836,-0.0050680148,-0.0409892835,-0.1513204575,-0.0575428307,0.0425254740,-0.1254227161,-0.1276450604,-0.0828551799,0.0475808010,0.0757316053,0.0887255073,-0.0282919146,-0.0632090718,-0.0732026845,-0.0750773326,0.0067704120,-0.0855221003,-0.0710486323,0.0463861227,0.0891405419,-0.0093395915,0.0493678935,-0.1024291217,0.0564846173,0.0271229632,-0.0659098551,0.1882301569,-0.2484527826,-0.0017855489,-0.0041537979,-0.0207312219,-0.2812362313
0.0058994419,-0.0265184939,0.0316049568,-0.0224609878,0.1668241918,-0.0158879906,-0.1194778085,-0.0762805715,-0.0644410402,-0.0245662667,0.0285841990,0.1213614196,-0.0503134504,0.0084273396,0.2134172916,-0.0140255140,-0.0004081239,-0.0689869821,0.0205498971,-0.1408739835,-0.0472334921,0.0402392671,-0.0330883451,-0.2255662233,-0.1372173280,0.1019248962,0.0146843921,-0.0365585089,0.0501300655,-0.0898038521,0.0205567461,0.0093077617,0.2142865956,-0.0516782068,-0.0781041756,0.0838611722,-0.0284083057,-0.0294338372,-0.1601243019,-0.0458515510,-0.1082552224,0.0584975779,-0.1488693208,-0.0253852196,0.2023309767,-0.1372798532,-0.1576536298,0.0340882391,0.0744014084,-0.0692890137,-0.2094842643,0.1306040436,0.0468837619,-0.0218498129,0.0335119441,0.1139510348,0.0943994746,-0.0096965767,-0.1381733716,0.1333162338,-0.1708049923,-0.1564890444,-0.0415721722,-0.1325917691,-0.0022459968,0.0944041684,-0.0167393386,0.0142408079,-0.1079521924,0.1392297298,-0.1720079929,-0.0818746015,0.0172353387,-0.1025467515,-0.0295442790,-0.0669177324,0.1534456015,0.0176810306,0.1160585508,-0.0343065672,-0.1523718536,0.0521139167,0.0090869218,-0.0209405012,0.0292433351,0.0342188478,0.0420657285,0.1821470559,-0.0618125871,0.0339356810,-0.1299676001,-0.0249411669,0.0425800532,-0.1517939419,0.3483506739,0.0539422892,0.0237683039,-0.1921620816,-0.0927872211,-0.5394253731
0.1106828675,0.0084011154,-0.1621553898,0.0632970929,0.0794970319,0.0897074491,-0.0510096997,0.0433232412,0.0063644690,-0.2049859315,0.1475516856,0.1344807595,-0.1417205036,-0.0007951049,0.1270373017,-0.1048955172,-0.0265189577,0.0183824375,-0.0646262616,-0.1260523051,0.1272384524,-0.1268557906,-0.2014014721,-0.0902396441,-0.1443058401,0.0649089888,0.0999931917,0.0223626867,0.0103616696,0.2962473929,-0.0046802200,0.0920921788,0.1216768995,0.0033032303,0.0048277504,0.0596337467,-0.0090341652,0.1110600904,-0.1169025525,0.0131407632,-0.1250454485,0.1066138074,-0.0167312566,-0.0795411691,0.1294990331,-0.0203939695,-0.0766921937,0.0010727730,0.0720711425,0.0621488504,-0.0943399072,0.0174939279,0.0822803527,0.0182436202,0.0514475107,-0.0775855482,-0.0170788299,0.1144831106,-0.2026872188,0.1237443388,-0.0545295961,-0.0694547892,-0.1838121563,-0.0491185375,0.0546816066,-0.0256487206,-0.1581355184,-0.0770435110,-0.0215950664,0.1222892255,-0.1579575837,0.0163385160,-0.0170511845,-0.0351860374,-0.1623354703,-0.2480829507,0.0320420377,0.0894552320,0.0386727788,0.1181679517,-0.1418607086,-0.0372471213,-0.0602450743,0.0152213508,0.0874872580,-0.0473051295,0.0495826975,0.1092958897,-0.1556810886,0.0781771839,-0.0846694931,0.0069506336,-0.0611408092,-0.1621815562,0.2452287525,-0.0854279548,-0.0185575150,-0.1437457502,-0.0560532138,-0.1588546038
0.3085238039,0.1174837649,0.4148907661,0.2087032944,0.1384699345,-0.2638460100,0.4272641838,0.2121934891,-0.3845251799,0.0373712853,0.0856050029,-0.2579574585,-0.2736589909,0.4231532514,-0.2735267580,0.1073713005,0.0876138136,0.0340170637,0.2729856968,0.1131138280,0.0905859023,0.1211761907,-0.0605765395,0.0743337944,0.2821021676,-0.0533003286,-0.1295277476,0.2937854230,0.5625392795,0.3048388958,-0.1246241629,-0.1255268455,0.2005427778,0.0153079554,-0.1523346603,-0.1107858941,0.0092786485,0.1138460785,0.0063413735,0.6284497380,0.1882180274,-0.1714086980,0.0968492776,0.1413926184,-0.0205851104,0.1195670813,0.0232345089,0.0647463277,-0.2158904970,0.0989777818,0.0187642816,-0.1871538609,0.1896549463,-0.6312664747,0.1882875413,0.0619787835,-0.1384581178,-0.1109922901,0.0122085856,-0.0720754415,0.1090816632,-0.4733122587,-0.0036663178,0.1119240746,0.0548398830,-0.8026300073,-0.0521487035,-0.6593829393,0.2698759139,0.0455982685,-0.0021152794,0.1489817500,-0.1427042335,-0.0438608229,-0.7847263813,-0.1392311752,-0.0365073010,-0.0078237029,-0.1441988051,-0.1757305562,0.2377165854,-0.7001482844,-0.1175119728,0.2014943659,0.0688169450,0.1032830998,-0.2409714311,0.0997344106,0.2987823486,0.0718282759,-0.0919167474,-0.1538802087,-0.2509830296,-0.0913664475,0.2956919372,0.1502526253,0.1065309644,-0.0619949140,-1.2063136101,-0.3998960853
0.0276677925,-0.1250571162,0.1588805169,-0.1751753688,0.0523274206,0.0244701859,-0.0612118542,-0.1732863933,-0.0741303340,-0.2153693289,-0.0285790078,-0.1327459216,-0.1229926944,-0.1003475189,0.2067319155,-0.1908878684,-0.0291395932,0.0358501002,-0.1915780157,-0.1506909281,-0.0167416483,0.0240400694,0.1224076077,-0.1037645042,-0.0974767506,0.0137142949,-0.0499387942,-0.1135917231,-0.0815548152,-0.2525270283,-0.0497136898,-0.0413126051,0.0040533887,0.0016818593,0.0097190309,0.0076096132,0.0740084276,0.1136662662,-0.0371807478,-0.0643364787,-0.1132614538,0.1083136871,-0.0341879651,-0.1527928412,0.0676410124,-0.1347063780,-0.0365155563,-0.0567685589,0.0633041263,0.0242760908,-0.1836118549,0.1582286060,0.0928296223,0.4072207510,0.0875133798,-0.0280512758,0.0697904453,0.0529087894,-0.0211557969,0.0565521792,-0.2143429518,-0.1346836835,-0.1309469193,-0.1076228023,0.1410136819,0.0643815845,0.1377570182,-0.0675949156,0.1479389071,0.0470625609,-0.0931079537,-0.1210271269,0.0493959896,-0.1496497840,0.1237615794,-0.1703322083,0.0591052100,-0.1006723195,0.0673948526,0.0292040370,-0.1338603348,0.0240557566,0.1026447490,-0.0791220888,0.0581898578,0.0408358611,0.0664447919,-0.0145000778,-0.1882895976,0.1252050400,-0.1172543615,0.0623460338,0.0428740531,-0.1862062365,0.2101372480,-0.1743293256,-0.0234078392,-0.1884962469,0.0247653089,-0.1497932076
-0.0689434782,0.0460953936,0.0293125380,-0.0967512131,0.0218253378,0.0863844827,-0.0391564146,-0.0205063019,0.0196074955,-0.0322953351,-0.0541768111,0.0253038257,-0.1188269928,-0.0064768288,0.0041846614,-0.1097740531,0.0988066047,0.0548407435,0.0054497365,-0.1310757995,0.0863570049,-0.0537389889,-0.0721868500,-0.1286961436,-0.0278139003,0.0808026940,0.0883888751,-0.0175192822,-0.0067048143,0.1367776841,0.0819422677,0.0852729306,0.1592732370,0.0120256497,-0.1213064492,-0.0273641571,0.1545494199,0.0649886802,-0.0043605762,-0.0834799185,-0.0597500093,-0.0612203404,-0.1353592724,-0.0224034265,0.1019738391,0.0578309447,-0.1117833108,-0.1622925252,0.0571853779,0.0067123994,-0.2166482359,0.1582664996,0.0210957099,0.0142777637,-0.0270068031,-0.0330912061,-0.0546799041,0.1083556935,-0.0391373709,0.1541011930,-0.0375566371,-0.1242397055,-0.0083515132,-0.0069132042,-0.0250137467,0.0440353490,0.0717359409,-0.1752884537,-0.0253007282,0.0030132264,-0.1118296459,0.0265052486,0.0395654514,-0.0751983300,-0.0457272381,-0.1041710377,0.0071042893,0.0039126850,0.1782622635,0.0955004618,-0.0921979547,0.0511658005,0.0056333211,-0.1529624313,-0.0357779376,-0.1572151482,0.0083485246,0.1611056030,-0.1371393651,0.0306682363,-0.1347992122,-0.1200713962,0.1500974447,-0.1770337969,0.0604204834,-0.2053742111,-0.0930327997,-0.1989664286,-0.1123987958,-0.2478353679
0.0548811555,0.1093759909,-0.0734976009,-0.0933737531,-0.0689174533,0.2538225651,-0.0644939542,0.0004620823,0.1225936785,-0.1703546047,-0.0081947986,0.0792273208,0.0021930824,-0.1374565363,0.0781006739,-0.1037121490,-0.1098202839,-0.0214976240,-0.2226833850,-0.1405602247,0.0707976297,0.0248520337,-0.0756981447,-0.1160698235,-0.1837475896,0.1954816580,0.1519612968,0.0393514782,-0.1212712675,0.0957875848,0.1576307565,0.0755762532,0.0128782317,-0.1078021154,-0.0568193048,0.1361424476,0.2020050436,0.0950034112,-0.1787770241,-0.0024219700,-0.1186585575,0.0915679485,-0.0168348737,-0.0590430088,0.0102322074,-0.0865581781,-0.0774313882,-0.2001028657,0.0985014737,-0.0968416259,-0.1341090500,0.0805153400,-0.0229957197,0.1623723507,-0.0284635387,0.0342613459,-0.0617791340,-0.0098290667,0.1264920384,0.0765662789,-0.1640278846,0.0513638481,-0.0912285447,-0.1260598600,-0.1070908010,0.0647460967,-0.0696420521,-0.0836474225,0.0883423686,0.1063755229,-0.1903662682,-0.1258245409,-0.0425275788,-0.1345664412,0.0398094580,0.0021734003,0.1278390139,0.0631068274,0.0034833143,-0.0145303896,-0.0670021847,-0.0279626269,0.0026694159,-0.1109997332,-0.0979225188,-0.2195937335,0.1190011427,0.1435117275,-0.1970627308,-0.0412022583,-0.0637419373,0.2052205652,0.0170970261,-0.2349314243,0.1389724612,-0.0189749878,-0.2430261523,-0.0549615957,-0.0885560811,-0.4288110435
-0.1916963160,-0.1132058650,-0.4094461203,-0.1165185943,-0.0424153022,0.1527323872,-0.0215508994,-0.1488188058,0.1716438383,-0.2574141920,0.0871332437,0.1439709961,0.1599380225,-0.1513107121,0.1434779912,-0.0070597455,-0.1024618670,-0.0342597812,-0.3795981705,-0.1941727549,0.0299651418,-0.0387887284,-0.3046549559,0.0041240738,-0.1627301872,0.2010033131,0.0620848313,-0.2320408523,0.0423910618,0.2802340686,0.1840751767,0.2891358137,0.1453858763,-0.2481547445,-0.1001777351,0.1558196843,0.3743087053,-0.0603551529,-0.3360150456,-0.0796737820,-0.3369728923,0.2237462848,-0.1517357677,-0.1950783730,0.2018533051,-0.0580931678,-0.2203004062,-0.1492297351,0.1849259585,-0.1100033373,-0.2043698728,0.2908696532,0.1587898284,0.0495795868,-0.0785053372,-0.0670580268,-0.0206859857,-0.0048522837,-0.0525607318,0.1536857337,-0.3021881282,-0.0706217736,-0.1857359707,-0.2971332669,-0.1386249959,-0.0325454138,-0.1623099148,-0.0487643071,0.0669649690,0.1578938216,-0.2890016139,-0.0896657333,0.1963434517,-0.0247969907,-0.0495234802,-0.0785918310,0.1538231224,0.2126529217,0.0712775812,-0.0801541358,-0.2005782425,-0.1852524430,0.0649224445,-0.1761348397,-0.0964540765,-0.3176013827,0.1185196191,0.2638261318,-0.2483143210,-0.0761501342,-0.1485928297,0.1133282036,-0.1629792601,-0.1188775152,0.0425145961,-0.0356943011,-0.2155875117,-0.1275190264,-0.1779193431,-0.2208018452
0.2476469874,-0.1105727181,0.5158827901,-0.1810545325,-0.0303403269,-0.0095061576,0.0993469208,0.0502828024,0.0116122505,-0.0536716320,-0.0505482480,-0.2684508860,-0.1373218149,0.0905826092,-0.0525678098,0.0086965188,-0.0028922171,-0.0926239416,0.1325575113,0.0951627567,0.1782271564,-0.0445329361,0.0427651629,-0.0402476192,0.0649897382,0.0011852572,-0.1465320885,0.1029138863,0.1467287689,0.0474620312,-0.0298917443,-0.1190539151,0.0989092141,0.0389672630,-0.1098077446,0.0512744896,-0.0087932535,0.0697237179,0.1034295410,-0.0562230498,-0.0478489287,-0.1889707893,-0.1380853653,-0.0313796028,-0.0064496160,0.0810716003,0.0644553080,0.0081929164,0.0033670373,-0.0775434077,-0.0493787900,-0.0855596364,0.0766140446,-0.0893872604,0.1074335873,0.0753965750,0.1167153940,0.0336787812,0.1968358755,-0.0158079658,0.1226727888,-0.0658761710,-0.0253148861,0.0167976394,0.0280120764,0.0270239115,0.0273060389,-0.0121258199,0.0673530176,0.0358306468,0.0485282876,0.0975321978,-0.0279112123,-0.0730665699,0.0219772030,-0.0322846137,-0.0108465478,0.0218863357,0.0985778570,-0.0228640418,-0.0210066885,0.0844954178,-0.1329910606,-0.0569430366,-0.0252492148,0.0780597329,-0.0471349806,-0.0518176667,0.1314225644,-0.0277123600,0.0395034216,-0.1155352145,-0.0048454860,0.0493319780,0.0988135338,0.1456865668,-0.0973327309,0.0599729344,-0.3883343041,0.0517837107
0.0612946376,-0.0536892749,0.0840778127,0.0495110527,0.1877250075,0.1177406609,-0.0012638024,-0.1181149855,-0.0478898063,-0.0606847890,0.0397910066,0.0978698507,-0.1598985195,-0.1205177084,0.0018135255,-0.0796489567,-0.0471612401,0.0971566811,-0.1100351736,-0.0944974050,-0.0060850745,-0.0941136479,0.0084284078,-0.0126386127,-0.0484942347,0.0216608606,0.0522887744,-0.1038235947,0.0093031200,0.0654173791,0.0217947122,0.0952723548,0.1050003469,-0.0854007229,-0.0394313447,0.0212422889,0.0277583916,-0.0183000565,-0.1171571612,0.0934851915,-0.0241000690,0.1501065344,-0.0612624250,-0.1665475965,0.1031876132,-0.0397808179,-0.1678850204,-0.0229937453,0.0255414471,-0.0356493331,-0.1547454745,-0.0386324637,0.0385316685,0.0383038893,0.1323954612,-0.0764034614,0.1284431219,-0.0286212973,0.0130573018,0.1467016041,0.0086776931,-0.1703048646,-0.1862117350,-0.1085606143,-0.1130762249,0.1002956182,0.0054594507,0.0202669185,0.1021354571,-0.0097315917,-0.0357243940,-0.0661361888,-0.0377583280,-0.1629539877,-0.0119263232,-0.0284681991,0.0140306437,-0.0003233701,0.1121961251,0.0769139305,-0.0205768850,0.1355204135,0.0128597692,0.0127062453,0.0521255657,-0.1821393520,0.0319896117,-0.0296909697,-0.1516731977,-0.0066654021,-0.1253495663,0.1031769216,-0.0235082638,-0.0137173524,0.1147136167,-0.1654634178,0.0900071263,-0.1316021830,0.0452344865,0.0311557278
0.0381333306,-0.0940859541,0.0343659371,0.0080544371,0.1620474458,0.0823314488,-0.0035201958,-0.0337934345,-0.0513066836,-0.1347764730,-0.0512269363,-0.0794581696,-0.0479406305,0.0199212860,-0.0321282893,0.0247185882,-0.0348894559,0.0134116895,0.0290046297,0.0060894452,0.0371302515,-0.0443293899,-0.0479148775,0.0449170396,0.0352281854,-0.0412203409,-0.0146751348,-0.0869188458,0.0483114012,-0.0013887370,-0.0486415811,0.0828101635,0.0974059850,-0.0068113231,-0.0555546507,0.0698090717,0.0095321657,-0.0685339719,-0.0036214252,0.1112391725,0.0101415198,-0.0634938926,-0.1264672279,0.0149733229,0.1388190091,-0.0488872305,0.0019575055,-0.0057298504,-0.0575579107,-0.1013838351,-0.0860263258,0.1190212145,0.1195395961,-0.1340225488,0.0238061026,-0.0302650779,0.1110332385,-0.0431187116,-0.1246291101,0.0711442232,-0.0744554549,-0.1388879418,-0.1346617192,-0.0397384763,-0.1767886281,-0.0462395027,0.0179210361,-0.0008955900,-0.1097701117,0.0684559643,-0.1408358514,-0.0242724158,0.0635930672,-0.0635309517,-0.0223417189,-0.1243168563,0.0935260504,0.0073295124,0.1114318669,-0.0020587123,0.0029899385,-0.0424750745,-0.0646560192,-0.0590122305,0.0840958133,-0.0957721546,0.0884969532,-0.0107782017,-0.0577192269,0.0970126987,-0.0687419325,-0.1062828153,-0.0162625462,-0.0077681993,0.1332794875,-0.1470081210,-0.0512082428,-0.1248308048,-0.0929419324,0.0360549688
0.0150140570,0.0779918954,0.0995130762,-0.0058588246,0.0620077439,-0.0969552100,-0.0919679031,0.0297646429,-0.0389060676,-0.0457782820,0.0110208513,-0.0633984134,-0.1394882947,0.0000515554,0.0777007192,-0.0837466121,0.0369784534,-0.0341423079,0.0043822443,-0.0269731209,-0.0284812711,-0.0878538713,-0.0317699835,-0.0925323963,-0.1310151368,0.1432011127,-0.0116533069,-0.1839133650,-0.0759385973,0.1033366844,-0.0617414303,0.0792914107,0.1633614153,-0.0911116824,0.0382166915,0.0133505855,-0.0606527589,0.0769949853,-0.2019884884,0.0738328695,0.0487778522,-0.0115295425,-0.1726883352,-0.0460717678,0.0259125922,-0.1209847331,-0.1571948081,-0.0988403410,0.0374799483,0.0326919295,-0.1968549639,0.2209086716,-0.0585947447,0.1701012254,0.0665059090,0.0947144479,0.0866989046,0.0556509197,0.0603597425,0.0968993008,-0.0869839340,0.0090836780,-0.0908467695,-0.1396121234,-0.0125089735,0.0388720371,0.0171433445,0.0472739637,0.0762048811,0.2076895088,-0.1057877839,-0.1538678408,-0.0346004739,-0.0971199349,0.0213832576,-0.1939466596,0.0016155293,0.0763955861,0.1530940682,0.0245606080,0.0061852834,-0.0698303208,0.0239246711,-0.0077717192,0.0032823845,-0.1159816459,-0.0513217188,0.1494498104,-0.0930255949,0.0414411016,-0.1718636602,0.0093839280,0.0116596697,-0.2677143216,0.0591649301,-0.1195516586,0.0453694463,-0.2026371062,0.0836051479,-0.5107232332
0.0976109356,0.0848240182,-0.0820309445,0.0706083104,0.1453742832,0.1305214018,-0.1037112847,0.0178993549,0.0060661952,-0.1539339125,0.0386669636,-0.1267781854,-0.2039378136,-0.0813333541,0.1133517623,-0.1303427070,-0.0035181060,-0.0082034422,-0.1077747419,-0.0275057517,0.1117034703,0.0761294067,-0.0315104350,-0.0241192896,0.0155883664,0.0696408153,-0.0386392437,-0.1061163396,-0.1269005835,-0.0404464416,-0.0000090657,-0.1040281877,0.0277046356,-0.0506325550,-0.0310303364,0.0652281344,0.1366004795,-0.0022782083,-0.0777625442,0.1333905309,-0.1381303966,0.0453975312,-0.1135071069,-0.0624663122,0.0301474947,-0.0473781526,-0.0113187507,-0.0838282183,0.1105239689,0.0589577518,-0.0174569041,0.0362396985,0.0862602368,0.0153618529,0.0208771955,-0.0102504250,-0.0489280149,0.0373140797,0.0287605729,0.1444123238,-0.0959585831,-0.1259942800,0.0060229208,0.0179296024,-0.0206412356,-0.1399714351,-0.0468243398,-0.1343161017,-0.0314538926,0.0104274033,-0.0509634651,-0.0093744304,-0.0724542737,-0.2061394304,-0.0553073511,-0.1211657077,0.0102167102,-0.0267596152,0.1113599241,-0.0797568038,0.0308848619,-0.1987641305,-0.0430819802,-0.1190468594,0.0727644861,-0.0530821830,0.0190465748,-0.0400357470,-0.0077566165,-0.0123742577,-0.0174644403,0.0669685081,0.0619931854,-0.0889999196,0.0275705364,-0.1331057698,0.0181503221,-0.0044760513,-0.0838551149,-0.0839725658
0.1003635451,-0.1366387755,-0.1273096949,-0.0674576014,-0.0755277798,0.1722621024,-0.0266369283,0.0284300316,0.1442136467,-0.2305537313,0.1288766414,0.1320076585,-0.0787178203,0.0028453246,0.1713073254,-0.1299365759,-0.0868408978,-0.1481629610,-0.1703318805,-0.0680734515,-0.0342584290,-0.0449915789,-0.2379625887,-0.0911242887,-0.2220734656,0.1237356514,-0.0438293479,-0.1860311031,0.0707941577,0.0625101775,0.0736962929,0.1567635238,0.1610922366,-0.1808071584,-0.1639790386,0.0726727769,0.2120573968,0.1018771753,-0.0970547199,-0.0971171707,-0.0443707593,0.1452150047,-0.0975757539,-0.1753980517,0.1031883210,-0.1747679412,-0.0196430590,-0.1662853807,-0.0174475517,-0.0166531559,-0.1163512543,0.1548349857,0.1388300508,0.0018037230,0.0173356626,-0.2318753898,0.1146718413,-0.0095161060,-0.1763180196,0.0840228423,-0.1584003866,0.0222308468,-0.1216266379,-0.0658262223,-0.1677708626,0.0916830972,-0.1488923728,0.0134633444,0.1376198381,0.1580727249,-0.2513481081,-0.1621237397,-0.0042565716,-0.0516458303,-0.0015458269,-0.0655295476,-0.0048102601,0.0362080969,0.1169404462,0.1657073498,-0.0264231544,-0.1865062714,0.0381126553,-0.1125725508,-0.1102894917,-0.1628554761,0.0409704447,0.0608056486,-0.1131049320,0.0104584545,-0.0431327410,0.0923778117,-0.0247982852,-0.1915736496,0.1296869516,-0.1951307952,-0.1302470714,-0.2254775167,-0.2603195608,-0.7125288248
-0.0362340398,0.1072567478,-0.0587410107,0.1210771650,0.0719168335,0.0492495410,-0.1142398641,0.0037999728,0.0019576545,-0.1102421731,0.0381782278,0.1829097569,-0.0657029375,-0.0993034914,0.0945278630,-0.0310208630,-0.0066612856,0.0237563793,-0.1463903338,-0.0937015712,-0.0116987526,-0.0548914671,-0.0566280186,-0.1227907017,-0.0578733347,0.0510875024,0.0989403352,-0.0804752633,-0.0831727311,-0.0817040056,0.0136442818,0.0537171699,0.0956291184,-0.1845049560,0.0016505265,0.0365168154,-0.0065164822,0.0664698556,-0.1553566158,-0.0539554767,-0.0804159120,0.0635275766,-0.0698233321,-0.1084697545,0.1662426144,-0.1350116283,-0.0557787605,-0.0965945348,-0.0530654229,-0.1141045541,-0.1380149722,0.0799390078,0.0778112933,0.0554531738,-0.0673477203,0.0240424499,0.0851159543,0.0230565034,-0.0727316067,0.2042984217,-0.0497708470,-0.1075729504,-0.0935151875,-0.2011892796,0.0117267827,0.0976402387,0.0835451633,0.0596452355,0.0078969924,0.0682595447,-0.2272789031,-0.0924119353,-0.0246696472,-0.0226632990,0.0293593425,-0.0610619001,-0.0172183812,0.0440513268,0.1955654919,0.0809488073,-0.1528466940,-0.0129564311,-0.0436163992,-0.1526009738,0.0408697613,-0.0218574330,-0.0072484771,0.1823816448,-0.1707875878,0.0353636704,-0.0604083762,-0.0346350074,0.0062416713,-0.1149224639,0.0500677414,0.0852574036,-0.0496174805,-0.2005336881,0.0303924419,-0.5852176547
0.0870269462,0.0677174404,0.0280843191,-0.0966877118,0.1945731342,-0.0359496996,-0.1038843170,-0.1390194446,-0.0424968004,-0.0235663280,0.0245200060,-0.0464120358,0.0179282986,0.0330826975,0.1094327420,0.0200049803,-0.1029295251,0.0577699617,-0.1020805314,-0.1250993162,-0.0173133053,0.0571549125,-0.0165915564,-0.0969184414,-0.1138309762,0.1229111925,0.0358536839,-0.0899358019,0.0368387699,-0.0847666413,0.0081260381,-0.0272585321,-0.0442588925,-0.0843462348,0.0311578959,-0.0551405102,0.1049934626,-0.0958403572,-0.0377322473,-0.0504841991,0.0198277030,-0.0436141491,-0.0983283371,0.0091484059,-0.0334156118,-0.0227080900,-0.0310114305,-0.1204471290,-0.0477588549,0.0154339010,-0.0889961496,0.0078733871,0.0312641077,0.0864521861,-0.0945709497,-0.0706450120,-0.0508022159,-0.0422125198,0.0435315818,-0.0296809077,-0.0519206114,-0.1112667024,0.0342674181,-0.1154958382,0.1369201690,0.2167403400,-0.0587810874,-0.1776836962,-0.0056967679,0.0147918845,-0.0414173901,-0.0394319408,0.1864318848,-0.0896406099,0.0812932774,0.0357158408,0.1392876506,0.0981355980,0.0349433199,-0.0028489844,-0.0999439880,-0.1018898338,-0.0319631919,-0.0540229157,-0.0116269551,-0.0792442784,0.1613427699,0.0089382054,-0.0028731767,-0.0046807472,0.0166900717,0.0059259469,-0.0216099415,0.0128912879,-0.0516135171,-0.1191618443,0.0009466799,-0.1374538243,-0.0130594699,0.1267185956
0.0434634835,-0.0274951346,0.0113513125,-0.0446887165,0.2288982868,0.0626816899,-0.0506679229,-0.1482524276,0.0621348284,-0.0801733062,-0.0212770868,-0.1242688224,-0.0250086300,-0.1584685892,0.0388063006,-0.0607421324,-0.0335636437,0.0095620900,-0.1319567561,0.0361506864,0.1722518206,-0.0324069783,-0.1007715687,-0.0227241367,-0.0011717645,0.0459170155,0.0668879375,-0.1013622358,-0.0135121094,0.0671481714,0.0217100587,0.0368838906,0.0559905954,-0.0285567921,-0.0433685556,0.0392586328,0.0998711586,-0.0603510402,-0.1351573467,-0.0357062332,-0.0108891167,0.1409660876,0.0540748835,-0.0880106688,0.0174563080,-0.1084012613,-0.1095511168,0.0186309032,0.0167774744,-0.0734322593,-0.0373069309,-0.0815383717,0.0264832359,-0.0367774740,0.0342658162,-0.0023455722,-0.0769357085,0.0880917981,0.0442640595,0.0652097762,-0.1051357165,0.0434029512,0.0093503501,-0.0715566352,-0.1063039899,0.0771894380,-0.0377179384,0.0185749643,0.1176132411,-0.0683241189,-0.0130047807,-0.0874729604,0.0736558139,0.0812302083,0.0116163138,0.0012912560,0.0800499320,0.0433533713,0.0430989042,-0.0329530016,-0.1359332800,0.0508210659,-0.0216581188,-0.1028597727,-0.0580123551,-0.0852285624,0.1771323234,0.0083166091,-0.0279000215,0.0684011504,0.0007854985,-0.0267641600,0.0359036252,0.0523327775,-0.0893238559,-0.0939108133,0.1101917401,0.0307035446,0.1265099645,0.3045636415
0.0466710813,0.0398972034,-0.1327179372,0.0199679788,0.1027000174,0.0489462800,-0.0276093986,-0.0202918649,-0.0069391681,-0.1626840085,0.0476121232,0.0234859772,-0.1336498260,-0.2113405466,0.2396109551,-0.0296144634,-0.0195493232,0.0519889817,-0.1606154740,-0.2351319045,0.1222310960,0.0473523475,-0.1415314823,-0.0817866027,-0.0864563361,0.2417742610,0.0948027223,-0.1003635824,0.0738762543,0.2508700788,0.1607495695,-0.0340518355,0.1910380274,-0.0777723491,-0.1733595580,-0.0490126722,0.0770216286,0.0138526941,-0.1506921649,0.0486049168,-0.1073114425,0.2239959091,-0.2056156546,-0.0508288555,0.1799658239,-0.0796274468,-0.1773174405,-0.1693183482,-0.0132187661,-0.0431714319,-0.2164346278,0.0265211985,0.1351136416,0.0929229185,-0.0379538946,0.1284742355,-0.0091013014,0.1089916751,0.0198500771,0.1412764639,-0.2566775680,-0.0364931822,-0.1403913051,-0.0704639480,0.0897314027,0.1258490384,-0.0853264257,-0.1277146190,-0.0839962885,0.1235355511,-0.1763622761,-0.1747195721,-0.0195545834,-0.1392737925,-0.0596479848,-0.2279623747,0.2329583168,0.1008306071,0.2308846265,0.0722335204,-0.2008558363,0.0980263948,-0.1210990325,-0.0495428778,0.0953821614,-0.1920006871,0.0319120996,0.0561011732,-0.0163402334,-0.0144499661,-0.1729933619,0.0208866857,-0.0814072639,-0.1158244312,0.0880662650,-0.1931036115,-0.0704564080,-0.1484601647,-0.0408543870,-0.0722063482
-0.2453567088,-0.1139636934,-0.2770785093,0.0254136957,-0.0395754464,-0.0529757887,-0.1102547348,0.0106685767,-0.1164431497,-0.0675275326,0.0407747813,0.1035812125,-0.0536741316,-0.0969913974,0.0139684975,-0.0121424766,0.1628538370,0.0319641009,-0.2038276643,-0.1698179692,-0.1170452684,-0.0248464718,-0.1743527502,-0.1075620726,-0.1977644861,0.0703987554,-0.0528969355,-0.2318118662,0.0246171430,0.2392468005,0.1248835772,0.0407780558,0.0914551392,-0.0112188896,0.0273981318,-0.0448861644,0.2504339814,-0.0484229289,-0.1028126031,0.0631831512,-0.0684846863,0.0866606981,-0.1575836390,-0.2548501194,0.1555272788,-0.0638012141,-0.1100320593,-0.0599382594,0.0583379418,-0.0176315401,-0.1178849488,0.2144564688,0.1055053473,0.0069082398,-0.0219173022,-0.2965807319,0.0195416100,-0.0083400756,-0.1115322560,0.1212891191,-0.1307724565,-0.0402045660,-0.0759305507,-0.0310420319,-0.0195793323,-0.0900005549,-0.0084978975,-0.0478732064,-0.0888906345,0.0019095928,-0.0921844095,0.0603184700,-0.0188612379,-0.1036577374,-0.1537196040,-0.0866823941,0.1157845035,0.1749715060,0.0632991418,-0.0762830228,0.0086233094,0.0300026014,0.0822976455,-0.0076205824,0.0339958183,-0.0304985773,0.1052191928,0.1840366721,-0.2165372223,0.0475824662,-0.1297141016,0.0996008143,-0.0092294747,-0.0828051791,0.1800268441,-0.2511675060,0.1917211562,-0.1474398673,0.1259841323,-0.2741425931
-0.0551481359,-0.0294927713,-0.0799424648,0.0925923213,0.1613148749,0.0076743355,-0.1533799767,-0.1655424088,-0.0244986769,-0.0936306044,0.1222576723,-0.1333531886,0.0020789821,-0.0421824045,0.1366407126,-0.1236860007,-0.0176870730,-0.0534693450,-0.1135377958,-0.0263065975,-0.0060546910,-0.0456342995,-0.1241875812,-0.1492846310,-0.1647390276,0.1424047798,0.1161021516,-0.0235145241,0.0364311524,0.0953407288,0.0321054086,-0.0320832580,0.1881794930,-0.1185175255,-0.1077652648,0.0835301653,0.0946617350,0.0301100221,-0.1616275758,0.0309642740,-0.1775523275,0.0022685351,0.0308589246,-0.0357852317,0.0761023983,-0.0258422606,-0.0151898060,-0.0030829257,0.0553501472,-0.0665345266,-0.1280546486,0.1434173882,0.0696403235,-0.0188940484,0.0517517477,0.1364630312,0.0343807824,-0.0659300387,-0.1087263301,-0.0071552857,-0.0799653456,-0.1428781450,-0.1110256240,-0.1529853046,0.0652984232,0.2005702704,-0.1226764396,-0.1373764575,0.1017025635,0.1308866739,-0.0129692415,0.0192228537,-0.0248890091,-0.0955056399,0.1854303032,-0.1817443818,0.0110241519,0.0376811884,0.1835808307,0.1047128811,0.0173193663,0.0643476844,-0.1289278865,-0.0378990807,0.0071808607,0.0247835778,0.1124212369,0.0595140681,-0.0826754719,0.0743221417,-0.0823151469,0.0204047151,-0.0729753673,0.0004571399,0.0760953650,-0.1947018653,0.0477563441,-0.0128033021,0.0868469030,-0.0141182514
0.0793445259,0.0095537668,0.2774635851,0.0978300199,-0.0438198596,0.0587699376,-0.0772614852,-0.2000094354,0.0686584041,0.0163165629,0.1075691581,-0.1914465874,0.0496551953,-0.0039232476,0.0796857998,-0.2458954155,0.0063758143,0.4606526792,-0.0514584519,-0.0359563790,0.4592661262,-0.0860401616,0.1077430770,0.2122233808,-0.0577181168,0.1672588587,-0.0923913419,0.0459895432,-0.2736150920,-0.5281180143,-0.0660338923,0.1184839979,-0.0578352027,0.0377482846,-0.1684004068,-0.1380522400,-0.0621095859,0.0025618488,-0.1572438031,0.5887207985,-0.1229018122,-0.1526749581,-0.0559513904,-0.0146269249,0.1634100974,-0.1131390110,-0.2126291394,-0.0949324220,-0.0029364245,0.0335887857,-0.1933521479,0.0585602596,0.0886533782,-0.3975053728,0.3720659912,-0.0840844512,-0.0195574760,0.1357605308,0.2113549113,0.0588337593,0.1393825263,-0.3404411674,-0.0869436413,-0.2675313950,-0.3116313815,-0.2573140264,0.3052255511,-0.2389843613,0.4138933718,0.0091292839,-0.1963997781,-0.1923201084,0.0465678237,-0.1603121459,-0.0547367409,0.0047325073,0.1336088926,-0.2252585441,0.2004306167,0.0214390270,0.0582540184,-0.2755464017,-0.0890183747,-0.0302892365,0.2974899113,0.0595651902,-0.0408076905,-0.0427103937,-0.0693222284,0.2150851935,-0.2292858958,-0.4794213772,0.3480457366,-0.1085848808,0.1548183262,0.1458014399,-0.1761825830,-0.1094548628,-0.4985541701,0.0541904122
0.0281666927,-0.0158293247,-0.0885761678,-0.0102526918,-0.2539924979,-0.0656496957,-0.2027472258,-0.0471445620,-0.1190986261,-0.0090441396,-0.0136084184,-0.1542687416,0.0165693108,-0.1022258475,-0.0924092159,-0.0111819031,-0.1311273724,0.0394286066,0.0564733632,-0.0137279090,0.0464170016,0.0500938892,0.0824920610,-0.0131987249,-0.0982294828,0.0274433549,-0.0092320647,0.0633727610,0.1156492382,-0.0733070672,-0.0078889597,0.0125082368,0.0112415208,0.0130759832,-0.0048516891,-0.0879278556,-0.0552859083,0.0447380617,-0.0746583790,0.2120885849,0.0521963835,0.1012818366,0.0743072405,-0.1333869696,-0.0602287613,-0.0800577849,-0.0874609798,0.0222882293,-0.0558673851,-0.0116247060,-0.0426953286,0.0196980201,0.1567266881,-0.0380906872,0.0912098736,0.1666587144,-0.1972799003,-0.1570991874,-0.0760293528,0.0011140136,-0.0591454767,0.0260170177,0.2256914079,-0.0347473025,-0.0744472221,0.1208122745,0.0686212331,-0.0050244760,-0.0974768326,0.0534915477,0.0557138175,-0.1525531411,0.0193851106,0.0176253915,0.1369709671,0.0225741770,-0.0474913679,0.2165533602,0.1080077738,-0.1440014839,-0.0511556379,0.2052157819,-0.1075289473,0.0057298089,-0.0569579564,0.2070057839,0.0953101367,0.1149492711,-0.0582367815,0.1122660339,-0.0862470865,-0.0468701981,-0.0311890263,0.0544974729,-0.0029998620,-0.0351008438,-0.1418046057,0.0203981213,0.2325930148,-0.0665980726
0.0513220020,-0.0125738997,-0.0459987707,0.0193228815,0.0943796113,0.1713742614,-0.0670736134,0.0142279146,0.1993563771,0.0217385776,-0.1087017953,-0.1604826152,0.1186886802,-0.1076053753,0.1315804422,-0.0177357402,0.1167068183,-0.0627758950,-0.0471631326,-0.0578187332,-0.0295867678,0.0143180229,-0.0251643490,-0.0879185870,-0.0008584798,0.0653600991,-0.0999347419,0.0111923832,-0.0114402110,0.1515078247,0.0105936052,-0.0283164196,-0.1408393383,-0.0765493587,0.0343816243,0.1210673451,-0.0362571664,-0.1269998699,0.0609442554,-0.1093112156,-0.1294484735,-0.0151596805,-0.0060870606,0.0467289500,-0.0324327871,0.1159659401,-0.0012753269,0.0899913087,0.1071251854,0.0776081234,-0.0224272683,-0.0046232133,-0.0159905367,-0.0300816987,0.0439791605,-0.1972246915,0.1762890965,0.0548217446,0.1681729853,-0.0595999658,-0.0597657412,-0.0557998270,-0.1362773925,-0.1371788234,0.1449082047,-0.1478047520,-0.1512781829,0.0614335015,0.1646026969,0.0693025142,-0.0418985747,-0.0210976526,0.0635309964,-0.0543581210,-0.0350231044,-0.0477038436,0.0011647998,-0.1000838801,-0.0824955180,0.1036079004,0.0622904748,0.0987442285,-0.1394945532,-0.0110073546,0.2098651379,-0.0234896205,0.0580020323,0.0116081135,-0.0044312850,-0.0132989343,0.0554815121,0.0151050324,0.1072283983,0.0709016696,0.0297378991,-0.0654504895,0.1758864522,0.1508399099,-0.2704182267,0.1011834890
-0.0183796063,-0.0234416444,0.0517782271,0.0212811138,0.1459340751,0.0606983751,0.0499878712,0.0108574219,0.0902469605,-0.0517998114,-0.0710597634,-0.0018392426,0.0676332712,0.0178266279,0.0467840359,-0.0225693136,0.0803713426,-0.1360497177,-0.0218389500,0.0223013870,-0.1458106786,0.0105635934,-0.1822859049,0.0205626674,-0.0933463648,0.0681321695,-0.0780442432,-0.0188251734,0.0460589603,0.1602679044,-0.1583286226,0.0644833744,-0.0393632129,0.1031703874,-0.0242617410,0.0807941929,0.1153250784,-0.0048580822,0.0238298234,-0.1373305768,-0.0806534365,0.0691288635,0.0179823563,-0.0939690992,0.0285372343,0.0100429794,-0.1041731089,0.0594051071,0.0283530150,-0.0767101645,0.1236334592,0.0299371611,-0.0167647060,0.0478721149,0.0491958372,-0.2224769443,-0.0130841341,0.0617536232,0.0021674985,-0.0348520242,0.0085631236,-0.1483664513,-0.1021377221,0.0200868770,0.0977169573,0.0466312394,-0.2308672667,0.3360540867,0.1223662272,-0.0500470027,-0.0267940350,0.0292485394,0.0715516135,-0.1481436938,0.1176362857,0.0834690258,-0.0371933430,-0.1456383616,0.0916022211,-0.0483361781,0.0618882515,-0.1899056882,0.0345126465,-0.1058219820,0.0691797882,-0.0807749331,-0.0865309313,-0.1288380176,-0.0685394704,0.0470105521,-0.0748242065,0.1514297873,-0.0288279019,-0.0214687139,-0.0337764807,-0.0766628757,0.1011267006,0.0099120177,0.0058740028,0.0914516374
0.0407273620,-0.0662126988,-0.0518862307,0.0425994657,-0.2816229165,-0.0337168947,0.0910005271,-0.0372576304,-0.1856943667,-0.0273594018,-0.0556864776,-0.0520267785,-0.0363125838,0.1423801929,-0.1382917017,0.0941510648,0.0663119480,0.0484557115,0.0668032393,0.0992271751,-0.1320837736,0.0282329265,-0.0083618592,0.0395879820,0.0733527690,0.0434286334,0.0488731936,0.0927944705,-0.1166216433,-0.0463316180,-0.0302975439,0.0133900987,0.0304636881,0.0320029557,0.1117176339,-0.0301907435,-0.0155785223,0.0781508312,0.0313973986,-0.0228480715,0.1124596372,-0.1154816300,0.0688431635,0.0881714299,-0.1184785217,0.0773105994,-0.0344342217,0.1163745746,-0.0328060985,-0.0304634068,0.0901491940,-0.1006825194,-0.0953286737,0.0426351950,-0.0450932533,0.1903034747,-0.0529073887,0.0117470743,-0.0140103707,-0.0306294467,0.0749510825,0.1354894638,0.0020717999,0.1361965090,-0.0334221013,0.0152455708,-0.0097554168,0.0527844504,-0.1020144001,0.0234327558,0.0394770503,0.1130990759,-0.0424458869,-0.0384611450,-0.0228708033,-0.0353305303,-0.0393201709,-0.0569406524,-0.0702333674,-0.0008412557,0.1104437485,0.1371798664,0.0807603076,-0.0054696938,-0.0304067936,0.0491409078,-0.1373879761,-0.1008830592,-0.0490031168,0.0259764288,0.0452422313,-0.0137149710,0.0560125634,-0.0764238238,-0.0441823266,0.0092010014,-0.0299478415,0.0932674110,0.0559950806,-0.1971238106
-0.0691369772,0.0943937004,0.0857864693,0.0709813982,0.1429225504,0.1473156214,-0.0114707816,-0.1459309161,0.0484308004,-0.0140841464,-0.0202619657,-0.0064330697,-0.0052702865,-0.1045718119,-0.0635619834,0.0043561421,-0.0003812011,0.0656668544,-0.0763018206,-0.0022220355,-0.0581564493,0.1304154098,0.1024334133,0.0474421680,-0.1014651209,-0.0485660546,-0.0026905870,-0.1348988563,-0.0929434076,-0.1807756722,-0.0098350812,0.0538462549,-0.0371137224,-0.0411281437,0.0517889224,-0.0920490995,0.0107177142,-0.1854406446,-0.0544824451,0.0687842667,0.0327114426,-0.0431303680,0.0945839882,-0.0407263190,-0.0649778172,-0.0185417850,-0.0240727663,0.0928495377,0.0804844722,0.0394378863,0.0385760218,-0.1528035998,0.0535355881,-0.1437834650,0.0468654074,0.0181335863,-0.1081153154,0.0810571685,-0.0396657437,-0.0945824012,0.0560977794,-0.0731759071,0.0386333801,0.0246101450,0.1220774129,0.1042813137,0.0667193085,-0.2267839462,0.1346139163,-0.0266771130,0.1126498058,0.0066131554,-0.0428718291,-0.0234153699,0.1245420501,0.1199145094,-0.1035276428,-0.1198053658,-0.0103273597,0.0196671411,0.0759242103,-0.1557715088,-0.0977036133,0.0240492113,-0.0354288444,-0.0118875103,0.0968870446,-0.0688636526,0.0445224121,-0.0649822652,-0.0369878523,-0.1079631895,0.0208431948,0.0100276014,-0.0654194951,-0.0411188789,-0.0079170987,0.1036913171,0.0524865463,0.2895235121
-0.0260517616,0.0228722673,-0.0056103296,-0.0081095379,-0.1002805904,0.0541240908,0.0562000610,-0.0758873969,-0.0518839061,-0.0651206300,-0.0148776760,-0.0019369390,-0.0442354418,0.1079424247,-0.0247291755,0.0756979883,-0.1059679464,-0.0764524192,0.0329062678,0.1483073086,-0.0865964741,-0.0789344013,-0.0358167104,-0.0030459475,-0.0141340690,0.0160889868,-0.0044891401,0.0523345806,0.1117949933,0.0681741834,-0.0219028722,0.0318997949,-0.1313110441,0.0554907694,0.0255337674,0.0968540981,-0.0785369277,-0.0049853572,0.0504971668,-0.0533025227,0.0259267054,0.0009021579,0.0621484816,-0.0241931193,-0.1301894039,0.1285599321,-0.0196632817,0.0660844669,-0.0138849895,0.0519320033,0.0834536850,-0.0726039261,-0.1147928536,-0.0724828169,0.1134002209,0.0497750975,-0.0849845931,0.0432834886,-0.0435721017,-0.0090155648,0.0455144495,0.0847064182,0.0914477408,0.1250429302,0.0502113253,-0.2121998370,0.0784268156,-0.2312791944,0.0623274259,-0.0211330764,0.0593006685,0.0494485795,0.0213178489,0.0717585087,-0.1575814635,-0.0782063901,0.0375339575,-0.1106021553,-0.0713353008,0.0532836728,0.0287981350,-0.0164432004,0.0503330864,0.0519677699,-0.0466984361,0.0141071314,-0.0976677462,-0.0730351433,0.1045952812,-0.0217989627,0.1674174368,-0.0351159461,0.0479213484,0.0339732766,-0.0745586604,0.0304431673,-0.1505723894,-0.0457888469,-0.0432277136,-0.1831738055
-0.0761705711,0.0268281661,-0.3915137649,-0.0239983201,-0.1019589826,0.1406930536,0.1799160987,0.1946043372,-0.0106382668,-0.0268347822,-0.0374455601,0.0243424606,0.0206062160,0.1881825328,0.0081562782,0.1421595216,-0.0431446247,-0.1576226056,0.0396390557,-0.0126189003,-0.3129635155,0.0448448770,-0.0978647918,0.1030372903,0.0937199667,-0.1344430596,0.0050958586,0.1162974834,0.1908631176,-0.0632848591,-0.0198597182,0.0327266902,-0.1243988127,-0.0258522369,0.1538483799,0.0085980520,-0.1367850453,-0.0062123504,-0.0241719894,0.1640167832,-0.0431831144,0.0208433326,0.0238831006,-0.0031333752,-0.0857194811,0.1739475280,0.1984983087,-0.0186787583,-0.0272671953,0.0745008737,0.0649043620,0.0243647601,-0.0766592249,0.2141510844,-0.0284361299,0.0789506361,-0.1531568617,-0.0468272455,-0.1931683123,-0.0529592372,-0.0118887620,0.0966573879,0.0445077047,0.0286527909,0.2795542181,-0.1571975201,-0.1020528972,0.3548160493,0.0954996943,-0.0604144409,0.0222832002,0.0530121773,-0.0201407466,0.0575287603,-0.0248470549,0.1352497637,-0.0585342012,0.0362854488,-0.0062803673,-0.0110496627,0.0904009193,-0.0144445654,0.2542800009,0.0930556059,-0.0415817611,0.0758361518,-0.0608840361,-0.0636314973,0.0594368093,-0.0206387043,0.2272186577,0.0785935447,-0.1150672585,-0.0047209403,-0.0038114514,0.0788322762,-0.0100964000,0.1587826312,0.2136059254,-0.2041803449
-0.0145769892,-0.2184781432,-0.0169606488,-0.1403318495,0.0147697218,0.1023771390,-0.1213167980,-0.0271360595,0.1171351001,0.0215593446,-0.0711593032,-0.1166775897,-0.0329622924,0.0111535424,0.1390705258,-0.1529161185,-0.0595947132,0.0675939023,0.0781944618,0.0406675972,0.2119088322,-0.1198885739,0.0456908830,0.0963548124,-0.0952350944,-0.1001889557,-0.0457986780,0.0854505450,-0.0098476205,-0.0665461645,-0.0004165448,-0.0001065263,-0.0862815082,0.0473848209,-0.1596840620,0.0655185282,0.0074644950,-0.1333525628,0.0426359288,0.1494074464,-0.0302496050,0.0747702420,0.0799477845,-0.0493143462,-0.0511017665,0.0165799037,-0.0467938893,0.0180106796,0.0819570199,0.0431727991,-0.0546088368,-0.0778304636,-0.1001672521,-0.1263697743,0.1184803098,0.0705592558,0.0520244949,0.0712690502,0.0116063245,0.0127894124,0.0158802327,-0.0975842848,-0.1554814726,0.0165263899,-0.1823237240,0.0156094674,0.1320626885,-0.2430275381,0.1711223722,0.1031247154,-0.0109581342,-0.0533047579,0.0334665664,-0.0097260745,0.0445839986,-0.0411595292,-0.0697702691,-0.1250731796,0.0453676283,0.1062557474,0.0725634322,0.0762728006,-0.2411814928,0.0825310871,0.1445695311,0.0267420858,-0.0393373109,0.0347994901,-0.0262253098,-0.0003749301,-0.0832340792,0.0910245627,0.1708497554,0.1063638628,-0.1218445897,-0.0028273531,-0.0297863372,0.0133969244,-0.2191106379,0.2771042585
-0.0249340292,-0.0250538532,0.0232956391,0.0311250929,0.1775493622,0.2403280735,0.0015453318,-0.0455739275,0.0799367651,0.0526878349,-0.1423674822,0.0776414648,-0.0169700831,-0.1387474090,0.0678171590,-0.1551613361,0.1150325090,0.0107433815,-0.1266818792,0.0720643029,0.1130683497,-0.0319347493,-0.1113937721,0.0615025423,0.0563622937,-0.0709134638,-0.0889967158,-0.0750112534,-0.1911669523,-0.0612113886,-0.0513083488,-0.0258443784,-0.0208064634,-0.0842762440,0.0780231804,-0.0238781758,-0.0017813769,-0.0728907213,-0.0689874515,0.0160019603,-0.0099004982,0.0266816188,0.0786583573,0.0356985256,0.1102707833,0.0682064444,-0.0315275379,-0.0699997321,-0.0238013919,0.0569996722,-0.1028567255,-0.0561677516,-0.0199448615,-0.1555428654,-0.0926736593,-0.1744977981,-0.0460125580,-0.0450536273,0.1256472617,0.1039849371,0.0695979297,0.0536689423,0.0079575917,0.0251927357,0.0281355139,-0.2058828622,0.1001025215,-0.0155129917,0.0802044496,0.0123873139,-0.0458822809,-0.0424257927,-0.0540185831,-0.0463229381,0.1106856540,0.0344798192,-0.0700015500,-0.0731720254,0.0113262273,0.0516828150,0.0608335845,-0.0876898170,0.0827234387,-0.0476801805,0.0025490304,0.0730424002,-0.0976808295,-0.0335840285,-0.0174652226,-0.0502758734,-0.0777042657,-0.1196971610,0.1489373147,0.0020532231,0.0760713518,-0.0912364870,0.0880008787,-0.0621407181,-0.1243363619,0.1318978220
0.0383311324,-0.0659037828,-0.0730588809,0.0800438449,-0.1060940623,-0.0845096782,0.1368472129,0.0821725652,0.0074399998,-0.0489588566,-0.0696938336,-0.0544720963,0.0945186615,0.1151057109,-0.0334441699,0.1430082768,-0.0991163999,0.0369694158,0.0563300475,-0.0542767905,0.0090809045,0.0486121923,-0.0709251389,-0.0448153056,0.1193161681,0.0275804512,0.0146491844,0.0530683957,0.0662733391,0.0834328756,-0.0979817510,-0.1541720033,-0.0095087262,0.0015429411,0.1086438000,-0.0145648243,0.0377098359,0.1363103390,0.1015097797,-0.0776207820,0.0600567088,0.0399672352,-0.0781880245,0.1218023151,-0.0932000056,0.0580693558,0.1095293984,0.0422192588,-0.0191627815,0.0798858851,-0.0615900718,0.0506043695,0.0519960076,-0.0141500719,0.0526806526,-0.0144160884,-0.0768360049,-0.1296181977,0.0897212103,0.0439494252,-0.0448144637,0.1155064479,0.0274402890,0.0147642093,-0.0621070825,0.0185047258,0.0163846202,0.0128799602,-0.0679834634,0.0870545357,0.0675627813,0.0533632115,0.0762158111,0.0959940255,-0.0097763687,0.0660182834,-0.0115401056,0.0055898353,-0.0247350056,-0.0080086077,0.1133983284,0.1342893690,0.1476412416,0.0235535745,-0.0429675356,0.0819030255,-0.0436513647,-0.0505068712,-0.0790419057,-0.0562813506,0.0286850501,0.0257984567,-0.1431807429,-0.0027923600,-0.0114939343,0.0986195579,0.0018215870,-0.0137598962,-0.0862108544,-0.1172492802
-0.0207354091,-0.0232640207,-0.0133190546,0.0177937988,0.1533198208,0.0064119417,-0.0951544046,0.1244102344,0.0994331241,0.0030102558,-0.0771529153,-0.0100767314,0.0010330533,-0.0499636717,0.0908502266,-0.0642225146,0.1765337288,-0.0297090523,0.0453219377,-0.0586868115,-0.0341495238,-0.0229932182,-0.0057894075,-0.0146377943,-0.1060887352,-0.0181660485,0.0383113176,0.0086790752,-0.1360279173,-0.0176719967,-0.0761680081,-0.0574358329,0.0626631901,-0.0714733005,-0.0840570554,-0.0462758094,0.0609190203,-0.1502843350,-0.0312087350,0.0242296960,-0.0256065484,0.0370935239,-0.0748721510,0.0003367087,0.0358736031,-0.0858441219,-0.0443389565,0.0379534625,-0.0530817881,0.0884542242,-0.0746355206,0.0155504188,0.0113761369,-0.1419555992,-0.0493693240,-0.1339408159,-0.0614749826,0.0551947765,-0.0349917002,0.0059850663,0.0407563634,-0.1488416493,-0.0338987671,-0.1064395905,-0.0146921752,-0.1757550240,-0.1553637683,0.0370452777,0.0779455155,0.0678466931,-0.0317661278,0.1439950764,0.0205822848,0.0079135001,0.0595553704,0.1000142843,-0.0603580587,-0.1018376946,0.0674480423,-0.0341896974,-0.0790074468,0.0929983631,0.0100127580,-0.1068079844,0.0652895868,0.0904398486,-0.0165728908,0.0743775070,-0.0147484848,0.1347697079,0.0014242929,0.0079536149,0.1626701206,0.0385330580,0.0250525251,0.0488170385,0.1278630942,-0.0742954239,-0.0408363268,0.1582397521
-0.0250365529,0.0298304651,0.0430390686,-0.0234226789,0.1634956449,-0.0450416282,-0.1077395231,-0.0321537219,0.1291933507,-0.0008492323,-0.0141661940,0.0548816994,-0.0359235406,-0.1096638665,0.1280916035,-0.0778259113,-0.1079754010,-0.0662032217,0.0244773310,-0.0296472907,0.0335686393,-0.1420417279,0.1433726400,-0.0297324657,-0.1613601744,-0.0118556907,0.0210678857,-0.1355890036,0.0000376038,-0.0537680797,0.0237703137,0.0145853981,0.0941289440,-0.0868023857,-0.0482261255,0.0694134906,0.1574757844,-0.0071163392,0.0042300522,-0.0771111771,-0.1134566814,0.1069871858,-0.1417269856,-0.1300335526,0.1502055377,-0.0550135598,0.0080602439,-0.0289722234,-0.0830678716,0.0130565986,-0.0301952846,0.0817609727,-0.0169376340,0.1414088309,0.0062019150,-0.0650056303,-0.0180544499,-0.0122150779,0.0612638071,0.0521038622,0.0148488926,0.0487105250,-0.0106161758,0.0080170240,-0.1346570700,0.1154495031,0.0604202300,0.2191111594,-0.0455222540,0.0532560013,-0.0853036270,-0.0443683676,0.0431911498,0.0518628582,0.0783348829,-0.0986274630,0.0123371836,0.0140964566,0.1730248630,-0.0694434866,-0.1472441405,-0.0894288942,-0.0359471701,-0.0417073406,-0.0454670191,-0.1445876956,-0.0049303910,-0.0290203001,-0.1028415561,-0.0173077788,-0.1740509272,0.0372249670,0.0415542796,-0.0444111601,-0.0616612211,-0.0564093627,-0.1226312071,-0.0109852133,-0.1282104999,0.1975649446
0.1121579558,-0.2235429585,0.0866214335,-0.0253195502,0.0388212055,0.0852785558,0.1130617633,0.1826201826,-0.0171961170,0.1359828562,-0.1395780742,0.0651630238,0.1684389412,0.1489432901,0.1158129126,0.0115791680,-0.0011718649,0.1602659076,-0.1032646522,0.1227498949,-0.0926340222,-0.0095616141,0.0550804734,0.0459407419,0.0199231151,-0.1325954944,0.0319495834,-0.0111030936,0.0205946844,-0.1305942386,-0.0872254074,0.0513998382,-0.0077981860,0.0914034620,0.1073429212,0.0955214426,0.0246515926,0.0509145670,0.0299907476,-0.2526192963,-0.0817416832,0.0366220437,0.0179244559,0.0707583427,-0.0219571125,0.0533933565,0.1011106223,0.0838336498,0.0638797432,0.0229603685,0.0016559882,-0.0416307300,0.0622908957,0.1178668588,-0.1267880201,-0.1948814094,0.0820544586,0.1393831819,0.1319929808,0.0325637162,-0.0085436320,0.1790787876,0.0159137323,-0.0989715233,-0.3027365208,0.0797324702,0.1281359792,0.1346826404,-0.2110490054,0.0973534212,0.0338675007,0.0621320270,-0.0010491825,-0.0836690217,0.1495653987,-0.0085000023,-0.1071278676,0.0011741617,0.0593070872,-0.0701246411,0.0501172692,-0.1477614492,0.0788173750,0.0508934446,0.0760818645,0.1517501920,-0.1109102145,-0.1192699447,-0.0474768169,-0.0458176397,-0.0132659581,-0.0604442097,0.0338444896,0.0662741140,-0.2166530788,0.0771859139,0.3590967059,0.0609879792,0.2089936435,0.0732659847
0.0219031740,0.0075039985,0.0741444454,-0.0127531020,0.1912366897,0.1137399673,-0.0510220937,-0.0589115173,0.0946835056,0.0043081576,0.0204526745,-0.0522558615,0.1363608688,0.0529457591,-0.0578271411,0.0388569459,-0.0062920693,-0.0053157653,-0.0188165531,-0.0787926987,-0.0666108280,0.1163372472,-0.0566270873,0.0807922557,-0.0566002615,-0.0552999526,-0.0731201395,0.0486838631,-0.1777917743,-0.0613368191,-0.0431032516,0.1590623707,-0.1260400563,0.0435276926,0.1376402080,0.0860140994,-0.0097000943,-0.2104631513,0.0224422272,-0.0428834371,-0.0469346717,-0.0416277982,-0.0808173195,0.0480413847,-0.0794487670,0.0691966116,0.0319852419,0.0837435126,0.0342754833,-0.0181433298,-0.0765301660,0.0376565196,0.0408007912,-0.1262521893,-0.1017160863,0.0269754753,0.0708610937,-0.0266118608,0.0361962579,0.0802797452,0.1069025695,-0.0062946822,-0.0663482621,-0.0559157692,0.0623161271,-0.0005445244,0.1006624624,-0.0373944975,0.1801389307,-0.0814580619,0.0554118827,0.0714153200,0.0306932945,-0.0905036405,0.1995963603,0.1218509898,0.1022604853,-0.0090528810,0.1029016897,0.1088206843,0.0726135299,0.0220790897,-0.0436965190,-0.1215137690,0.1062404960,-0.0724491775,-0.0272940490,-0.0231099501,-0.0072689331,-0.0499398746,0.0470309965,0.0922017545,0.0631184801,-0.0406833403,-0.0744649768,0.0523891747,0.0330254063,0.0671266243,0.0598197170,0.2168329060
0.0318346992,-0.0185208637,-0.0167316701,-0.0496652797,0.1904150993,0.1493098587,0.0320568271,-0.1339266598,0.1270080805,0.1358283162,0.0545759648,-0.0356549099,0.0229748562,0.0392045528,0.0839083120,-0.0690844432,-0.0646488070,0.0429395512,0.0134231821,0.0485272333,0.0895874724,0.0323632061,-0.0020569107,0.0794007480,0.0223406367,-0.0482278578,-0.0399326906,0.0333069116,-0.0467069373,0.0376978666,0.0615426153,0.0833773911,-0.0149963107,0.0064292424,0.0847251937,-0.0582451113,-0.0704205632,-0.1098381877,0.0351023972,-0.0571571849,-0.0905972570,-0.0448436365,0.0934821740,-0.0825173333,-0.0761431009,0.0791957825,0.0330536999,0.0851716995,0.0244579446,0.0210392810,-0.0267695189,0.0366486087,0.0524774007,0.0709031373,-0.0759506226,-0.0495302007,0.0925248191,-0.0600922108,0.0844152570,-0.0444645509,-0.0205900893,-0.0939212069,-0.1252210289,-0.0634115413,-0.0762829706,0.0915743113,0.1348136365,-0.1374881715,0.0809750929,-0.0389299132,-0.0691273212,-0.0027537402,0.0231332984,-0.0722069442,0.0185881350,0.0334320553,-0.0275937784,0.0164976660,-0.1099331230,-0.0035598581,0.0655338615,-0.1098760515,0.0698263347,-0.0867555588,-0.0660554767,-0.0694202855,-0.0143489251,-0.1025938317,0.1170005426,-0.0084880041,0.0715015531,0.0097056609,0.0566947125,-0.0580659844,-0.1062857360,0.0810376182,-0.0758844614,-0.0762517974,-0.0860605985,0.2782673538
0.1507645696,-0.0665152147,-0.0244449805,0.0205062404,-0.2265804410,-0.0043178238,0.0663794577,-0.0349624045,-0.0572290756,0.0514364541,0.0519046597,-0.0369092487,0.1649668068,0.0061234105,0.0729739666,0.1165192053,-0.1212807149,0.0021679264,0.0240464117,0.0451294407,-0.1566707939,-0.0972237810,0.1678860933,0.0646316633,0.0820847154,-0.0809753761,0.0751962066,0.0436197743,0.0294004828,-0.1822762340,-0.0085123368,-0.1716744155,0.0616889931,-0.0217468664,0.0944404379,-0.1163137332,0.0573012754,0.1460190266,0.1003990993,0.2163136005,0.0355811156,0.0238567460,0.0318706408,-0.0458489060,-0.1259345114,0.0778430551,0.0000536747,0.1183627248,-0.1620395780,-0.0356390402,-0.0917195752,0.0520768128,0.0886937231,-0.1706331968,0.0064557786,0.1566004604,0.1414448768,0.0391669646,-0.1049032137,0.0684540942,0.1172975600,-0.0375717990,0.1473243088,-0.0231554154,-0.4058614373,0.0656151474,0.1862704903,0.1112741306,-0.0670143142,0.0222079847,0.0061613400,0.0120739909,-0.0233487412,0.1093958840,-0.0429885909,-0.0239138547,-0.0004756948,0.0183173362,-0.0414691195,-0.1317097992,-0.0091984756,-0.0566384643,-0.1634739190,-0.0099618239,0.0452350527,0.0749189258,0.0008064866,0.0722796470,0.0829934850,-0.1489629298,0.1034909114,-0.0573680550,-0.1618569642,-0.0571318716,0.0128613096,0.0635932460,0.0016071314,-0.0255479086,-0.1288700998,-0.0957948864
-0.0222596340,0.0096816579,-0.0148784574,-0.0034972935,0.0396084189,0.0991730988,-0.0787532255,-0.0733790770,-0.0706962720,-0.0782931224,0.0007488075,-0.1054565907,-0.0849411935,-0.0837564170,0.0085469261,0.0766555592,0.0052535660,0.0184956249,0.0672924221,-0.0166576765,0.0819276273,-0.1789771914,-0.0846758932,0.0596517362,-0.0036884495,-0.0110477302,0.0289889742,-0.0740315989,0.0454093963,-0.0856032595,0.0273207203,0.1164979786,0.0933703184,0.0324468389,-0.0114511689,0.1429708451,0.0046979487,-0.0312209520,-0.0017951302,-0.1090451255,-0.0448197424,-0.0702734143,-0.0000179741,-0.0259735771,0.0505544171,0.0681263208,-0.0291795600,-0.0582441203,0.1216971129,0.0391942523,-0.0217652023,-0.0668038428,0.0986863673,0.0993867069,0.1530317664,0.0375377052,-0.0066574207,0.0969538987,-0.0613440238,-0.0574749894,-0.0789381340,-0.0871407092,-0.0097118812,-0.1027075127,0.0012813283,-0.0950287506,-0.1113263816,-0.0393762216,0.1034003943,-0.0636513680,-0.0691950843,-0.0875004679,0.1044681072,-0.0519158095,-0.1024083048,-0.0115109207,0.0353774056,-0.1121416092,0.0752928853,0.0777484775,0.0600766018,-0.0092242211,-0.0303488467,0.1027514860,0.0832853168,0.0130148577,0.0799089447,-0.0626181066,0.0046017207,0.0656351745,-0.0256822649,-0.0037869359,-0.0151835624,-0.0778025761,0.0193244070,-0.0714370161,0.1042842418,0.0505722314,0.0080275275,0.0576159209
-0.0987973511,-0.0346468724,0.0405984670,0.0513728969,0.0730453283,-0.2278479934,0.0446584225,-0.0468944162,-0.2101798654,0.0509203486,-0.1256365478,0.1024403125,-0.0850033388,0.1039447635,0.0611049943,-0.0574972108,0.0174747203,0.1110284626,0.0685997978,0.0579284020,0.0867271200,-0.0728150606,-0.1716406196,0.0293641612,0.0845839083,0.0118790669,0.0187438373,-0.0847935081,-0.2237814367,-0.1962367445,-0.1746932119,-0.0313052163,0.0105554862,-0.1135430336,0.0673481449,0.1159766912,-0.0604102314,0.1044730246,0.1160000041,0.0159275606,0.1533280611,-0.0046112821,0.0889773741,-0.0254951827,0.0818439722,0.0800620988,0.0836673677,0.0585545078,0.0808339268,-0.0840665624,0.0583972372,-0.1219362393,-0.0046292241,0.2134977579,0.2168627977,-0.2430239171,0.0434116460,0.1375570893,-0.0342879109,0.0132227270,0.0830349103,-0.0747196153,-0.0903812647,-0.0489876941,0.0386611558,-0.1449919790,-0.0104422066,-0.0371710472,0.0352448635,0.0633785799,0.0438802950,0.0809073225,0.0496961549,-0.0873079151,-0.0008791361,-0.0609938987,0.0232428759,-0.0254388843,0.1017104834,0.0479610041,-0.0693733245,-0.2408982366,-0.0014997877,0.0525640398,0.1318159997,0.0659971163,-0.1327851564,0.0166145116,-0.0500839688,0.0588236861,-0.1027518436,-0.1612503082,0.1604192853,0.1257538050,0.0055754003,-0.1028567851,0.1053650156,-0.0363602564,-0.0447827764,-0.0827134550
0.0970258415,-0.0156476237,-0.1132831797,-0.0142619442,0.0656723157,0.0119080357,-0.0065762778,-0.1732464582,0.0958014652,0.0532841869,-0.0222522896,-0.1107487381,0.0294599347,-0.1463862807,-0.0582306236,-0.1314535141,-0.1402177662,-0.0308324937,-0.0945203081,-0.0689251721,0.2138174027,-0.0976853073,0.0063695037,0.0597400367,-0.0084458059,0.0520525388,0.0051303091,-0.0721919015,0.0712967291,-0.0183393247,0.1332238317,0.1301361173,0.0796488971,-0.0387064107,0.0370954499,0.1035449132,0.0196989924,0.0244294032,0.0642185062,-0.0085792542,-0.0622017086,-0.0737004876,0.1311175525,0.0000753649,-0.0208141599,0.0272060186,0.0588688105,-0.0825172216,0.0779287815,-0.0576636121,0.0370471925,0.0340525061,0.0491929799,-0.0594142936,-0.0098041417,0.0215161871,0.0936393291,0.1075460166,0.0337862372,0.0652789026,-0.0417206399,0.0412265025,-0.1051158309,-0.0353800021,-0.0180260856,0.0559638329,-0.0698626488,-0.0627319217,-0.0210484732,0.0704500377,0.0373356938,-0.1448958516,0.0204137899,0.0791323036,0.0897056833,-0.0176826492,0.0755331814,0.1442601085,0.0258138217,0.0798426792,-0.0735496655,-0.0688816756,-0.0358894914,0.0136197470,-0.0361464396,0.0103276204,0.0700099096,-0.0148772057,-0.0212502088,0.1360385567,-0.0019446008,0.0801201537,-0.0685185567,-0.0259018112,0.0173654817,0.0452306382,0.0057373457,0.1147501394,-0.1556055397,0.3721298873
-0.0247165225,-0.0591848753,0.0411058664,0.0426703431,0.2308645695,0.1400546730,0.0453593433,0.0875780135,0.0836226791,0.0542755462,-0.0632203519,-0.0058395253,0.0929626226,-0.0231689438,-0.0156830773,-0.0504399464,0.0400399193,0.0372862294,0.1040956527,-0.0050635515,0.0269980486,-0.0340670981,-0.1811978966,0.1110179946,-0.0753907785,-0.0223161019,-0.0528199710,0.0323622413,-0.1950820088,-0.0460873209,-0.1751784831,0.0738623887,-0.0955048203,0.0337313041,0.0807088241,0.0239014868,-0.0433598012,-0.1025412381,-0.0371269062,0.1021906883,-0.0187977981,-0.1230716482,0.1086326689,-0.0383247472,0.0705817640,0.0555582009,0.0264301840,-0.0262372885,0.0655461475,0.0315400809,0.1317144334,-0.0340930410,-0.0038297919,-0.0381134078,0.0721577331,-0.1011314169,0.0030197415,-0.0378389731,0.1769801229,-0.0058911797,0.0417743735,0.1447542906,0.0012311161,0.0587402992,0.0362531506,-0.3148005307,-0.0739487037,0.0073158257,0.1507135928,0.0418657809,0.1339788884,0.0048850938,-0.1045978144,0.0716082528,0.0320402347,0.0775028542,-0.1507766843,-0.0581024736,-0.0293373019,0.0633607209,0.0179463122,-0.1640653163,0.1135515124,-0.0301350225,0.0955999121,0.0436954610,-0.0346189886,-0.0755728260,0.1172029078,0.0729292110,0.0655540153,0.0941006020,0.1646681577,0.0462689102,-0.0110749369,0.0537116230,0.1615920067,0.1078977063,-0.0614776127,0.1729484051
0.0417853035,0.0002176309,0.0527182110,-0.0695568919,-0.1798736602,-0.1837474257,0.0657119453,0.0016020716,-0.0297716670,-0.1070487127,-0.0598157346,0.0313290693,-0.0617893636,-0.0843102112,0.0432454050,0.0474758446,-0.0259497203,0.0055354522,-0.0706288069,-0.0485113561,-0.0611722060,-0.0546474457,0.1374705881,-0.0695808530,-0.1041807905,0.1221962869,0.0488359258,0.0676245093,-0.0958838463,-0.0054779644,-0.0055031967,-0.1891921610,0.1099936962,-0.0312753469,0.0604649857,-0.0255001672,0.1078572646,0.1284787655,-0.0655838624,-0.0419935510,0.0464244895,-0.0520113111,-0.1484120488,-0.1075617447,0.1286753714,-0.0626975372,-0.1050846726,-0.0123416847,0.0175462384,-0.0973479152,0.0242516883,-0.0047584884,0.0332752168,0.0988446102,-0.0226597823,0.0024915694,-0.0018893086,0.0478110351,-0.0682924390,-0.0431824960,-0.0843913853,0.0292915553,0.0039645196,-0.1332635880,-0.0403892398,-0.0344647095,-0.0631728470,-0.0385009721,0.0641026422,0.1420107335,-0.0449977219,0.0327510834,0.0846100822,-0.1250554770,-0.0578169078,-0.0409660637,0.0386157706,-0.0220950563,0.0398955047,0.0880400836,0.0808607414,0.1282445937,-0.1190830469,0.0237277485,0.0487725623,-0.0454867892,0.0467625558,0.0578993000,-0.0843734667,0.0718797967,0.0793444440,-0.0192750879,-0.0450568832,-0.1218724921,0.1444796473,0.0213013552,0.1121976301,0.0510402583,-0.1145818010,-0.3942507505
-0.0273747817,0.0157601070,-0.0010029924,-0.0026258933,0.0267426595,0.0707190782,0.1077587530,-0.0914386436,0.0915414467,-0.1069665551,0.0602621213,-0.0346361324,-0.0611178689,-0.0659782067,-0.0079079540,-0.0446604043,-0.0177722890,0.0358284339,-0.0312648341,0.0518767163,0.0694509372,0.0821655989,-0.1106523275,-0.0327612422,-0.0223104805,-0.0504022762,-0.0296942461,0.0095220963,0.0960636958,-0.0158363301,0.0746550336,0.1316735744,0.1028946787,0.0345091373,-0.0935153589,-0.0572783537,-0.0890154541,0.0353174284,0.0546489321,-0.1156440750,-0.0244392324,0.0158545338,-0.0246775486,0.1115891337,-0.0920620114,-0.0884629190,-0.0711724833,0.1063781083,0.0029547296,-0.0220246688,0.0504540578,0.0002629100,-0.0370863229,0.0214258656,0.0410836376,-0.0132504664,-0.1238064095,-0.0700029731,-0.0767983720,-0.0434782766,-0.0370977782,0.0347009115,-0.0582232252,0.0675737858,-0.0754650012,-0.0151028177,0.0288788434,-0.0631884485,0.0921500772,-0.1067495644,-0.0758294985,0.0859823450,-0.1028948203,0.0583406240,-0.0203707367,0.0192645863,0.0389015526,0.0443275720,-0.0204764195,-0.0298608243,-0.0374900959,0.0409239419,-0.0614254996,0.1175689101,0.0002445402,0.0984762982,-0.0565769672,0.0640885457,-0.0277259797,-0.0367300883,0.0727633163,-0.0538952462,-0.0422473215,-0.0684097931,-0.1032124832,-0.0603598952,-0.0006012061,0.0658613145,-0.0958385691,-0.0300521813
0.0947663188,-0.0550751612,-0.0351059102,0.0328860246,0.0635788143,0.2013980448,-0.0010051207,0.0654536709,0.1030882075,-0.0408737659,-0.0412688442,-0.1519106776,-0.0589767657,-0.0348954834,-0.0096827382,0.0313809849,0.0442194641,0.1000636593,-0.0460214205,0.0494669303,-0.0448050164,0.0819664225,-0.1785194874,-0.0401096083,-0.0400826409,-0.1032264829,-0.0272583887,-0.0900493711,0.0128172068,0.0623895302,-0.0786838681,0.0179178864,-0.0012805510,0.0714392588,-0.0601743460,0.0000470121,0.1063817888,-0.0837253779,0.0687466338,-0.0360706672,0.0681620762,0.0535067916,0.0182294752,0.0167064052,0.1018400118,0.0698815733,0.0209409185,-0.0803243965,0.0282958504,-0.0175225828,-0.0215452667,-0.1216551363,-0.0316220224,0.1252188683,-0.0647119954,0.0191346779,-0.0066883913,0.0289460924,0.0607671887,0.0913591981,-0.0503466800,0.0456115380,0.0064014094,-0.1178679019,-0.0526235290,-0.2173017710,-0.0281882081,-0.0079363929,0.0111028999,-0.0394300632,0.0856523886,0.0675871819,0.0788782313,0.0495609380,0.0125713451,-0.0571732707,0.0895846337,-0.0092919329,-0.0077503757,-0.0285189226,-0.1203025952,0.0003853589,0.0380298980,0.0154778417,0.0571128167,-0.1141232103,-0.0901528150,-0.0316133834,0.0534515940,-0.0270781629,-0.0428080745,0.0190522093,-0.0063794455,0.0255472511,0.0216803141,0.0600878261,-0.0225805696,-0.0637653470,-0.1377426982,0.1895913929
0.0181813110,-0.0085325390,-0.0297466461,-0.0057681329,-0.1639049053,0.0038585172,0.1231476516,-0.2444135994,0.0771125481,0.0999924615,-0.0528445914,-0.0877908692,-0.0952862799,0.0329306684,-0.1126630828,0.0833400562,0.0619339161,-0.0584150814,0.0437756889,0.0303729214,0.1051414907,0.0251069739,-0.0568737388,-0.0254471991,0.0940788910,-0.1150917485,-0.0712241009,0.0542145558,-0.0774390846,0.1631442755,-0.0083144745,0.0006569987,-0.1092660576,0.1081041768,0.0148463324,0.0802774280,0.0441692173,-0.0467177480,0.0534279682,0.3656592369,0.0609419569,-0.0930906162,0.0452909544,-0.0688328296,-0.0816523954,0.0708769783,0.0306443553,-0.0009853728,-0.0605438203,0.0269520134,0.0564225391,-0.1155949980,-0.1176392660,-0.4165985286,0.1225698590,0.0840661228,0.1129677743,-0.0841560289,0.0184988268,-0.0740421563,0.0432398282,-0.0367215760,-0.1072143242,0.1656274647,0.4435764253,-0.1295045465,-0.3642590940,-0.3373944163,0.0331379771,-0.1157911420,-0.0481032729,-0.0473400727,-0.0467470475,0.0386380069,-0.1499257088,-0.0370552503,0.0436343215,-0.0369632244,-0.1016183347,0.1315178871,0.0125384890,-0.0293843113,-0.0663320571,0.0306480955,0.0403046310,-0.1976944953,0.0385615379,-0.0744335949,0.0271228887,0.0743462741,0.1290876120,0.0728550926,0.1004666612,-0.0415549539,-0.0833712742,-0.0955154747,-0.2132454216,0.0009870280,0.0902696326,-0.1904851347
-0.0634682477,-0.0307104141,-0.2203935236,0.0159869287,0.0543840118,0.2001459450,0.0644166842,-0.1550993621,0.1472150385,-0.1376182586,-0.0045815571,-0.1849752367,0.0162720755,-0.1694204211,0.0399399325,-0.0242363922,0.0165132191,-0.3902550340,-0.1433306485,-0.1396636665,-0.1276633143,0.1604475528,-0.1888844222,-0.0176524036,-0.0117612546,0.1145413071,0.0140236756,0.0883592591,0.3052770197,0.4307272732,0.2669748962,0.2197022736,0.0377671234,-0.0098061720,0.0986626074,0.0610679276,0.3169492781,0.2372935563,-0.0121376449,0.4038734734,-0.3078971803,0.4390254915,0.0360507853,-0.2292585671,0.0162679628,0.0576624610,0.0960101262,-0.3087946177,0.0260990597,0.1810097247,0.0695149377,0.1339571774,0.0090235947,-0.2920857072,-0.0872452781,0.2852748334,-0.1904731393,-0.1621374190,-0.3327596486,0.1869019866,-0.2308581471,0.0450797155,0.0043242131,-0.0226473976,-0.4043608010,0.2240024805,-0.3366285563,0.2370725870,-0.3359120786,-0.1723704934,-0.1510176510,-0.0686554685,0.1664917916,0.1883765906,-0.2330532521,0.0460723862,0.0248784814,0.2149999440,-0.0671621263,0.2753967047,-0.3590214550,0.0255638529,0.0420077294,0.0314315073,-0.2213875800,-0.5385373831,0.2358830869,0.0047058789,-0.1142241880,0.0734016970,-0.1401412487,0.0577480309,-0.1492438316,-0.1595318168,0.0628851429,-0.2156352252,-0.3864453733,0.0443920642,0.1610213816,-0.0733289123
-0.0285373088,0.0203120485,-0.0340914279,-0.0143197579,-0.0901159272,-0.0362479985,-0.0633961633,-0.1272317618,-0.0085081048,0.0870805457,0.1171683595,-0.1035430431,0.0041148062,-0.0116541078,-0.0100536579,-0.0211872216,-0.1428579688,-0.0439338125,0.1101399139,0.0186191518,0.0615326501,0.0802636370,0.0125895822,0.0905629098,0.1051043794,0.0958054736,-0.0945221335,-0.0341248699,0.0389822684,-0.0982260853,-0.1390513778,-0.0435933024,0.1375455707,0.0502148829,-0.0320802741,-0.0113064311,-0.0359284915,0.1742563844,-0.0181871578,0.1255891323,-0.0301813446,0.0740517154,-0.0315720215,-0.0664794222,0.0155509999,0.0238329601,0.0043835943,-0.1118998379,-0.0291566551,0.0599944964,-0.0145291649,-0.0337172858,0.0929276049,-0.1852402240,-0.0923614949,0.1627619117,-0.0649020076,-0.1200897843,-0.1280859858,0.0000082062,-0.0723500401,0.0432345644,0.0097248293,0.1038432047,-0.0294139255,0.0738156885,0.1499363333,-0.0838833079,0.0475592427,-0.0794476718,0.1063385531,0.0775947124,-0.0424184799,-0.0551396012,-0.1778249890,-0.0410848111,-0.0906455293,0.0987467319,-0.0281672180,0.0251457207,-0.0354598500,-0.0326869711,0.0084701972,-0.0063907760,-0.1840432137,-0.0251520686,-0.0986472294,0.0741317570,0.1101961732,-0.0769255608,-0.0598197207,0.0367231555,-0.0264344979,0.0456093550,0.0839735791,0.0130508589,-0.1708237678,0.0772072822,0.1750505567,-0.0841558203
-0.0209984984,0.0416215397,-0.0216346737,-0.0186844971,-0.1817973256,-0.1504263431,0.0127671240,-0.1197870895,0.0178200528,0.0670882687,0.2298602313,-0.1347868741,-0.0648758039,-0.0652825311,0.0739504844,-0.0460640118,-0.2238922119,-0.0667123422,-0.0511591248,-0.0044414503,0.1056950986,0.0357076824,0.2197003663,0.0867688581,0.0455046818,0.0785776824,-0.0793565288,0.1905545294,0.0582774617,-0.1380169094,0.1967839152,-0.0322574154,0.0688368976,-0.0520589314,-0.0334231444,-0.2259096056,-0.1831373572,0.1368612796,-0.0561051145,0.0970593914,0.1341187805,0.0337938629,0.0883248597,-0.0273926370,-0.0849409848,-0.0248061437,0.0243539382,0.0372193903,-0.0125169568,0.1509014219,0.0924350098,-0.0356245451,0.1350349486,-0.0730175078,0.0158252250,0.2766059041,-0.0331150219,0.1216643900,-0.1554303765,0.0371824093,-0.0122096865,-0.0042122588,0.1521149874,-0.0600709580,-0.1690996885,0.2153930664,0.3095942736,0.0186077170,-0.0972769484,-0.0306183770,0.0024577035,-0.0853702798,-0.0114661753,0.0678737611,-0.0497505814,0.0291096773,-0.0266854092,-0.0071092336,-0.0859031156,-0.0519590303,0.0322914720,-0.0794933811,-0.0725049451,0.0632565469,-0.1090944111,0.1532824785,-0.0204308853,0.0204310436,-0.0249275044,0.0791623220,-0.0274506379,-0.0907891542,0.0816058517,-0.0625957251,-0.0371290445,-0.0214320403,0.0379839018,0.0820716172,-0.0376855284,0.0121895680
-0.0371241197,0.0261772014,0.0033868814,0.0112942792,-0.0316903554,-0.0308217481,0.0193861574,0.0779742002,0.0351648517,0.0129078245,0.0299880393,0.0968306437,-0.0046631866,-0.0406634584,-0.0511518158,0.1575199962,-0.0933994651,-0.1185349599,0.0039842851,-0.0621449202,0.0385824852,-0.0592219718,-0.0136074610,0.0727229714,-0.0293742139,0.0278764144,-0.0193873532,0.0981499404,0.1015861705,0.0946464166,-0.0756649971,0.1341419369,0.0346494354,0.1382417232,0.0758988932,-0.0177573022,-0.0087003969,0.0363320485,0.1105384752,-0.0900392532,-0.0436038151,-0.0242338795,0.1127271429,0.1741463691,-0.1664551795,-0.0333925299,0.0006969135,-0.0040695537,0.0257207267,0.0051636272,0.0618135035,0.0181053039,-0.1181580350,0.0496909283,-0.0857838839,0.0324099399,0.1055003777,-0.1087635905,0.1316093951,-0.0749527961,0.0577018373,-0.0304578524,0.1335788965,-0.0091295810,-0.0406416170,0.1049869731,-0.0476502739,-0.1449937671,-0.0514157824,-0.0167142842,0.1091604754,-0.0317318514,-0.1364911646,-0.0413317755,-0.0467851199,0.0154312141,0.0100514963,-0.0777927339,-0.1376427412,-0.0854434296,0.1368498504,-0.1139771417,0.0416939668,0.0037429116,-0.0061789122,0.0072788452,-0.1111960113,-0.0824280605,0.0686082095,0.0339662619,0.0052323444,0.0487777144,-0.0303838346,-0.0269689225,-0.0188101977,0.1504960656,-0.0733580217,0.0476374291,0.0217115637,-0.1748363078
0.0391179696,0.0367219038,-0.0191437937,-0.0048228893,0.0621813163,0.0564747564,-0.0029018910,0.0154183526,0.1301137656,-0.0126503184,0.0549753308,-0.0447115265,0.0744182318,-0.0420712493,0.0754411072,-0.1811755449,-0.0365696326,-0.0894546583,0.0370543934,-0.1176334545,0.0986789390,0.0099885408,-0.0412322916,0.0145941442,-0.1880007088,-0.0768892989,-0.0301825330,-0.1726535708,0.0181348361,0.0041935341,-0.0938914716,0.1361280531,-0.0256854221,-0.0430006199,-0.0364774987,0.1135922074,0.0257685762,-0.0609080940,-0.0311570875,-0.0366491377,-0.0399925224,0.1107821241,-0.0360870883,0.0252629388,-0.0484485216,-0.1053007171,0.0323503353,0.0741554350,-0.0028224785,-0.0053475797,0.0487221852,-0.0913359076,-0.0877033770,-0.0324229486,0.0185717996,-0.0879533961,0.0569074750,0.0316876769,0.1033411846,0.0033544356,0.0612662807,-0.0207770690,-0.0116071571,-0.1413429379,0.0145035395,-0.0035711667,-0.0487114936,-0.0805261731,0.1841343790,-0.0373186842,-0.0217695385,-0.1388875097,0.0983059406,-0.0580844693,0.1200231686,0.0823883265,0.0641262233,-0.0776484683,0.0648446530,-0.0324039944,-0.0712735727,0.0752274320,-0.1423689723,-0.1627223343,-0.0021241813,-0.0677032396,0.0614956170,-0.0361655019,-0.0837229267,0.1043157876,-0.0954494625,0.0404304713,-0.0521444418,0.0236195941,-0.0600402988,-0.0611314587,0.0924367532,0.0637757331,-0.0914973617,0.1135122478
-0.0532701761,0.0313411579,-0.0085941218,-0.0183687396,0.1218602508,-0.0136928977,-0.1476234496,-0.0024908264,-0.0138365105,0.0541715510,0.0511895306,-0.0913367495,0.0720499679,-0.0045331023,0.0141119072,-0.1078965887,0.0986501873,-0.0387528986,0.0594624840,-0.0263496526,0.0808534548,0.0674445257,-0.0635396317,-0.1021072268,-0.0938119367,0.0501332805,-0.0753410682,-0.1105524600,-0.0480121672,-0.1064451858,-0.0285022520,0.0259368159,-0.0400458016,-0.0489157327,-0.1248549968,-0.0962697417,-0.0392697006,-0.0544458926,-0.0377971455,0.0628954619,-0.0395500548,0.0429885909,-0.0227961931,-0.0106937680,0.1120426282,-0.0507465675,-0.0096288007,0.0308602601,0.0071180239,0.0197095908,-0.0520078093,0.0691927001,-0.0032839281,-0.0104074636,0.0401500612,0.0429431759,0.0505105630,0.0829302296,-0.0088974945,0.0423855260,0.0256904531,-0.0373767726,-0.0013294347,0.0373022333,0.0824824125,-0.0515054651,-0.0135780275,0.1452825367,0.0841275230,0.0708540678,-0.1132183522,-0.1095339581,0.0964732990,0.0685090199,0.0234389044,-0.1011181846,0.0055492180,-0.0493514463,0.0319505855,0.0978216529,-0.1151561588,0.0305545703,0.0170639399,-0.0877745748,0.1568382531,-0.0696606040,0.0417981930,-0.0829158649,-0.0438015424,0.1021798328,-0.0633897260,-0.0768321902,0.0526234023,-0.0842576101,-0.0195585955,-0.0500402749,0.0432223640,0.0488346033,-0.0875019953,0.1499259323
0.0281180330,0.0016083758,-0.0378838815,-0.0151938898,0.0674740672,0.0127493152,-0.1253791153,-0.1044707298,0.0771238431,0.0020253749,0.1057258770,-0.0812157616,-0.0544670299,-0.1450760961,-0.0015002738,-0.0092304433,0.0099821519,-0.0800869763,-0.0215802789,-0.0589887723,0.1393479258,0.0561549664,0.0045237644,-0.1647759676,-0.1017885730,0.0176812857,0.0003831077,-0.0736652315,0.0065023582,0.0584172495,0.1053538471,0.0719366595,-0.0076160696,-0.0357512236,-0.0418026373,-0.1114402786,-0.1126937866,0.0891171321,-0.0076588755,-0.0350845717,-0.0995152071,0.0378419198,-0.0750294402,0.0526927933,-0.0459119901,-0.0557281747,-0.1438107640,-0.1092654318,-0.1015376970,-0.0168501269,-0.1666978896,0.0946963653,0.0275085587,-0.2067384720,-0.0656581745,0.0173834953,-0.1010082811,-0.0307677332,0.1184854209,-0.0534804203,0.0334741771,-0.0271133725,0.0100416699,-0.0422971286,0.0184258129,0.0433993824,-0.0572007708,-0.0969544724,-0.0136344209,-0.0160092991,0.0182334650,0.0015617419,0.0135076484,-0.1102633923,-0.0241054837,0.0730154961,0.0000511200,0.0103587378,-0.0490509309,-0.0018271676,-0.0344720781,0.0602737479,-0.2742094100,-0.1254816353,-0.1175512969,0.1482621729,-0.0753451064,0.1398907155,-0.0725154504,0.0650434867,-0.1271072775,-0.0561329834,0.0348666310,-0.1085518822,-0.0223878808,-0.0221806671,-0.0897332877,-0.0212634355,-0.0216579046,0.1703218073
0.0072958204,0.0075924094,-0.1164360121,-0.0265440382,-0.1431878358,-0.0743599162,0.0623681284,-0.0476168580,-0.0328705981,-0.0479893163,-0.0778176188,0.0518811233,-0.0609349720,0.0910111591,-0.0974628106,0.0149683738,-0.0460597835,-0.1410262585,-0.0126591539,-0.0507524759,0.0009437876,-0.0223404579,-0.1353852451,-0.0040532900,0.1053094268,0.0181725472,-0.0646290630,0.0031707995,-0.0628685206,0.0289558433,-0.0815189406,0.0312960185,-0.0968973637,0.0545504019,-0.0656441748,0.0409928039,-0.0027324525,0.1693293005,0.0354447812,-0.0627788752,0.1198165417,0.0289884973,0.0995421410,0.0411063209,-0.0030012880,0.0073627443,-0.0404841118,-0.0213494767,-0.0275877193,0.0341218188,-0.0839389861,-0.0433878787,-0.1172879338,0.0589785762,0.1507191956,-0.0051959390,0.0306992978,0.1263331920,-0.0702276304,-0.0275053158,0.0552239791,0.1202621162,0.0759774446,0.1573362350,-0.1321448982,-0.2285789847,-0.0263038743,0.0551524758,-0.1186519563,0.0155072538,0.0621456839,0.0097709615,-0.0265573636,0.0255715251,-0.1933683604,-0.0304098278,-0.0221657064,0.0513230748,-0.1019840837,-0.0397342145,0.1157093272,-0.0039056949,0.0744337589,0.0338159055,0.0657439828,-0.0396642871,-0.1948174238,-0.0029951481,0.0853414536,0.0227715913,0.0937896967,-0.0384770967,-0.0209544841,-0.0700152814,0.1108999848,0.0655505061,0.0638412163,0.0096001402,-0.0928064361,-0.1905055791
0.1128934473,-0.0372655466,-0.0621572807,0.0111908428,0.1238191351,0.0188532323,-0.0091710435,0.0786231011,0.0279846080,0.0110983755,-0.1084237173,-0.0950518623,0.0495035015,0.0512216687,0.0883879736,0.0174426679,0.1084537432,-0.1282121539,0.0532231815,-0.1140439883,-0.0652407631,0.0247220974,0.0167466998,-0.0399317779,0.1651804298,-0.0289591756,-0.0346515514,-0.1002013460,-0.0491776988,0.0220741313,-0.0467860475,-0.0908133090,-0.0112694195,-0.0425628014,0.0820882171,0.0492295809,-0.0354405604,-0.2405263931,-0.0434119031,0.1039772555,-0.0715910941,-0.0032369965,-0.1942867935,-0.0450864360,0.0079240827,-0.1210856214,-0.0139522599,0.0111951288,0.1150098443,-0.0841057450,0.0428938754,-0.0342524163,0.0132505242,0.0579722710,0.0733186901,-0.0715019628,0.0595506132,0.0362656564,0.0401142649,-0.0629455298,0.0111184167,0.0666669235,-0.0205042735,0.1195763573,0.0958554819,-0.0894287452,-0.2154199928,-0.0177888293,0.2165011317,0.0117422529,-0.0556570701,-0.0873891413,-0.0970598981,-0.1575785279,-0.1566563249,0.0241676606,-0.0974543467,0.0177884791,-0.0653862134,0.1465405971,0.0656724349,0.0580392927,-0.0410992242,-0.0571998507,-0.0237592105,0.0720453337,0.0616885461,0.0717965215,0.0287662614,0.0868752971,0.0697103813,-0.0543672144,0.0722647980,0.0811941400,-0.0202873293,-0.0012201867,0.1771754920,0.0389625914,0.2240806818,0.0652673542
0.0419257656,0.0065573039,0.0465537384,-0.0448526293,0.1880179197,0.1234444082,0.0122782374,-0.0168691389,0.0973211378,-0.0386841334,0.0117210997,0.0140730469,0.0794369727,-0.0285611972,-0.0426907614,0.0218171608,-0.0099161677,0.0992966667,0.0847362280,-0.0192145128,-0.0451112203,0.0053610806,-0.0341503546,0.0954818800,-0.0473352000,-0.0528305210,0.0945810005,0.0279894434,0.0276713278,-0.1024051979,-0.0120051829,0.0276232678,-0.0270971265,0.1118484214,0.0560250431,-0.0598705858,-0.0627419651,-0.0981315896,0.0134522337,0.0481088087,-0.0517925434,-0.0866625234,0.0876904652,-0.0984380022,-0.0504376777,0.0287702587,-0.0654434189,0.0645939037,-0.0745465085,-0.0574327148,-0.0358485468,-0.1512887478,-0.1050040424,0.0589190573,-0.1046837345,0.0884306654,-0.0568127036,0.0833404139,0.0996976793,0.0599361546,0.1207730025,-0.0364262275,-0.0339953229,-0.0363380611,-0.0681478158,0.0266932994,-0.0189121310,-0.0064136148,0.0405511968,-0.0548861250,0.1196471304,0.0802256241,0.1092844531,-0.0284719635,0.0489786565,-0.0193244386,-0.0459799431,-0.0390679054,-0.0241606198,-0.0406034403,0.0624076389,-0.0966997519,0.0520835482,-0.0160269551,0.0655474663,-0.0157377403,0.0270806998,0.0488616265,-0.0426986068,-0.0881244242,-0.0619722381,-0.0292753745,0.0708801001,0.1194174439,-0.1134450734,-0.0430569574,0.1168269888,0.0925425291,0.0171400532,0.2721946836
0.1572989970,0.1225904897,-0.0501259975,0.0966151133,0.0330121852,0.0512834638,0.0264616739,0.0280460306,-0.1553940326,-0.2403926551,0.0605256110,0.0194752831,0.0818985552,0.0465883873,0.1550251693,0.1319035888,0.0301331338,-0.0638276935,-0.0148432124,-0.1255857348,-0.0235335324,-0.0933821425,0.0773023963,-0.0441831090,0.0133340126,0.1166131273,0.1438809484,-0.0354299583,-0.2235461771,-0.0701465532,-0.1275745928,-0.0854131654,0.1588595957,-0.1356110126,0.0402389355,-0.0195856374,-0.0530334488,-0.0306165759,-0.0118985297,0.2357318103,-0.0045151655,0.1118863598,-0.0943156108,-0.2043105811,0.0337643065,-0.1314544827,-0.0958391577,-0.0520773754,0.1290494353,-0.0408949219,-0.1640044898,0.1717921346,0.0309405569,0.0037942543,0.0339711793,0.0011237274,0.3648181260,0.1153149307,0.0283715315,-0.0159285329,-0.1390312314,0.1020703614,-0.0142582534,-0.0693792552,-0.0622866750,-0.1614144146,0.2521933913,0.3373320997,-0.1319807023,0.1232346222,-0.0892929360,-0.0332702994,-0.0128689557,0.0251075830,0.0218396802,-0.0669914857,0.0457084216,-0.0148427701,-0.0090973787,-0.0171048809,-0.2157006264,-0.3141614199,-0.0600112975,0.0901824012,0.0779645592,-0.0832311362,-0.1656082422,0.1248333156,-0.0216467995,0.0125017483,0.0690936968,0.0152293928,0.0510393567,-0.1254156679,0.0660964698,0.0022013851,0.0756381303,-0.1279636770,-0.1732134819,0.0303060375
0.0574327037,-0.0630669072,0.0553418025,0.0308776405,0.1893466115,0.0590709522,-0.0473403372,0.0499741025,0.0519717373,0.0661010891,0.0168789532,0.0186678991,0.0231196582,-0.0364782549,0.0065783462,-0.0447077900,0.0849532187,-0.0413104594,-0.0330845080,0.0507136956,0.1029174253,0.0742631182,-0.0873453468,-0.0366205536,-0.1427824646,-0.0844330490,0.0097709252,-0.0591512620,-0.0714369789,-0.0456879921,0.0253559034,0.0847868100,0.0117267333,-0.0067680338,-0.0244521201,0.1101384237,-0.0033986580,-0.1545734704,-0.0860919654,-0.0694818795,-0.1110579595,-0.0740131512,-0.0653024167,-0.0554726124,0.0004417735,-0.1043788716,0.0723122135,0.0531139858,-0.0465894714,0.0233855024,0.0646159574,-0.0877122432,0.0966074988,-0.0688948780,-0.1001713499,-0.1307680458,-0.0715028867,0.0223589055,-0.0285572540,0.0869809017,0.0847524703,-0.0517894886,-0.0087270178,-0.1251466572,0.0021149635,0.0428104103,0.0070333714,-0.0508112274,0.1035691127,-0.0668235645,0.0756880045,0.0314798206,-0.0266042575,-0.0567151681,0.1446993798,0.0729140341,-0.0157846045,0.0592770055,0.0998758376,0.0165992547,-0.0340473801,-0.0549346209,-0.0712275282,-0.0176300835,-0.0148971714,0.0322003029,0.0698920190,0.0899873376,-0.0032149302,0.1193828806,0.0061938390,-0.0521668009,0.1069494113,-0.0781584084,0.0928164795,-0.1099872291,-0.0180866886,-0.0035366947,-0.0100614857,0.2288225293
-0.0984102488,0.1005022004,-0.0724727958,-0.0576982796,-0.0410656705,-0.0114053451,0.0859938636,-0.0604346916,-0.0677648187,0.0860807523,0.1007051989,-0.0396320671,-0.0090918746,0.0972533301,0.0220653992,0.0441374257,-0.0681405142,0.0146323470,0.0735508651,0.0272566043,0.0321313441,-0.0521523431,-0.0664016083,0.0510335006,0.1126108989,0.0680893064,-0.0855952054,0.1065116525,0.1746112704,0.0944729894,0.0714095458,-0.0447008386,0.0380372591,-0.0043152370,0.0298581868,-0.0996604338,-0.0008184326,-0.0060052676,0.0051449500,-0.0655045733,0.0672852620,-0.1223740354,-0.0286449436,0.0733473524,-0.1097692326,-0.0127328001,0.1073866114,0.0009394143,0.0437739976,-0.0906528309,-0.0382891707,-0.0888569802,-0.0260849930,-0.2027447820,0.0664731488,0.0963514373,0.0533351898,-0.0335480385,0.0986088291,-0.1019229814,-0.0528714061,0.0820870399,0.1389350444,0.1269455254,0.1293975711,0.1606929302,-0.0649408251,0.0435110331,-0.1345816851,-0.0950912014,0.0600830428,-0.0273127891,0.1185146347,0.0306969695,-0.0167717226,0.0072536864,0.0507418625,0.1265708506,-0.0608272143,0.0054422086,-0.0060913363,-0.0566672571,0.0574221723,-0.0565630421,-0.1341153532,-0.0160187632,-0.1079170927,0.1189611703,0.0488866344,0.0578068160,0.0576913804,0.0569183901,-0.1211182848,-0.0454024933,0.1075283140,-0.0061602811,-0.1408076286,0.0084183449,-0.0840768367,-0.1491337717
-0.0001753386,0.0024179779,-0.1053296477,0.0029737072,0.2042905390,0.1338950098,-0.0947214812,0.0181646813,0.0875973627,0.0911144763,-0.0432751179,-0.1144282892,0.1409355849,-0.0968506709,-0.0301849470,0.0347211994,0.0225006770,-0.0123494575,0.0781228542,0.0697023720,-0.0490097627,-0.0244395360,-0.0166592244,0.0549480170,0.0626043305,-0.0080952607,0.0303000715,0.0038282922,0.0714847967,-0.0220331494,0.1271637976,0.1178563610,-0.0714397952,-0.0683103055,0.0612704046,0.0102268755,0.0642737001,0.0195056126,0.0412759334,0.0908922106,0.0244458914,-0.0356960595,0.1110607013,0.0733652636,-0.0465905517,0.0356510654,0.0695652217,0.0773561224,-0.0187004283,0.0410462767,0.1241063923,-0.0719551668,0.0910770074,-0.0007160677,-0.0348261558,0.0450288989,-0.0063481061,-0.0449410044,0.0595210232,0.0112064602,-0.0460986160,0.0325322561,0.0200687591,-0.0671496689,-0.0843114704,0.0172550101,-0.0489822812,-0.1068723053,-0.0449269377,0.0620196573,0.0232247487,0.0200626664,0.0505685285,0.1040038392,0.0900715292,-0.0733086690,0.0882903114,-0.0589677505,-0.0524563603,0.0473609865,0.0885537639,-0.2095075101,-0.0477988608,-0.0540491976,0.0982072130,0.0132470718,0.1360430121,0.0201493409,0.0207865071,-0.0189548284,0.0793869868,-0.0585310683,-0.0539891310,0.0475214981,0.0453033745,-0.0045806458,-0.1007530391,-0.0400316156,0.2065066397,0.3674134016
0.0798947364,-0.0666660592,0.0619875714,-0.0220178142,0.0205518380,0.1654231399,0.0249519665,0.0314054377,0.1533757448,0.0125095099,-0.0377390012,-0.0392397866,0.0298406277,-0.0322258882,0.0730097443,-0.0551086366,-0.0469980538,-0.0667786896,-0.0692986324,0.1098860204,0.0508825332,-0.1126642749,0.0297642685,0.0204951447,0.0356525108,-0.0485514104,0.1093139574,-0.0696930215,0.0646105036,-0.1833033413,-0.1107116342,-0.0387836210,-0.0894555002,0.1151782647,0.0133559350,-0.0142097175,-0.0589731261,-0.1697906703,-0.0172961168,-0.1928385049,0.0374669246,-0.0641702041,0.0979050100,-0.1208117306,-0.1134410053,0.0642482564,0.0567431636,0.0943142325,-0.0845328942,-0.0463490896,0.1508648843,-0.0251699220,0.0286550615,0.1890237033,0.0831583068,-0.0624798238,-0.0492590144,0.0794530436,0.1488274932,0.0059417533,0.1272308826,-0.0113266408,-0.0520551540,-0.0196646731,0.0597710945,-0.1590506732,0.0702791587,0.0315533057,0.1223080233,-0.0552493669,0.1035169289,0.0007491212,0.0492281318,-0.0750706717,0.0162222758,0.0739271641,0.0002501885,-0.0252717454,-0.0547417253,0.0389772840,-0.0295415185,0.0363377817,-0.0029359753,0.1013796404,0.1021728814,0.0064771050,0.0483774357,-0.1313340515,0.0349139273,0.0778231695,-0.0888608322,-0.0488594919,0.0409420356,0.0777513608,-0.0175127964,0.0274473727,0.0569408424,0.1357457936,-0.1194273680,0.1153218374
-0.0347467475,-0.0627111346,0.0504268631,0.0876976103,-0.0594093017,-0.0730482638,0.0091191577,0.0523693971,-0.0821793973,-0.0987331122,-0.0508596376,0.0993796736,-0.1068129390,-0.0573880337,-0.0800530165,0.0077257934,-0.0388154089,-0.0379697643,-0.0925438851,-0.1514610648,-0.0594120659,-0.0790289044,0.0487540253,0.0154450862,-0.0201836247,0.0172924343,-0.0675359815,0.0715194643,-0.0683137476,-0.0121902898,0.0212716535,-0.1397509575,-0.0083896723,-0.0479598455,-0.1161389500,0.0793562606,0.1056530699,0.0116327954,-0.0979070812,-0.0182712432,-0.0701499283,-0.0700507313,-0.1231230497,0.0409596041,-0.0540288724,-0.0859324485,-0.0901678503,0.0423199832,0.0252361558,-0.0910074562,-0.1401635557,0.0513764657,0.1312630624,0.0007339445,-0.0280243848,-0.0602811463,0.0544247404,0.0357528664,-0.0775694549,0.0653293431,0.0073687453,-0.1421631128,0.0648768991,0.0587735288,-0.0530043319,0.1124118119,-0.0211043078,-0.0045184554,-0.1258647144,0.0908434615,-0.0863442346,-0.0915765762,0.0457081124,-0.1441688091,-0.0172606912,-0.1112880334,0.0687917992,-0.0348871239,-0.0135933850,-0.0739907026,-0.0372488275,-0.0092704473,0.1178717017,-0.0889715254,-0.0473630801,0.0512590073,-0.0244001243,-0.0287439916,-0.1260598898,-0.0804675668,0.0104499478,-0.0149169993,-0.0948074311,-0.0563084744,0.0897354558,0.0838863850,-0.0001686838,-0.1115228981,-0.0581994057,-0.2762237191
0.0816142559,-0.0447998568,-0.0092931828,0.0062399567,-0.0068560815,0.1308685243,-0.2650494277,0.0280992482,-0.0087571777,0.0410832725,-0.0153458230,-0.0413978398,0.0944800004,-0.0615836754,-0.0160732009,-0.0890451074,-0.0416526385,0.0167660173,-0.0176434647,-0.0919404253,0.0825681612,-0.0430162176,-0.1188339889,-0.0572033040,-0.0577494651,0.0499918275,-0.1015609279,-0.0489075743,-0.0363190025,-0.0044581443,-0.0408044755,0.0484403558,-0.0361360088,0.0633707494,0.0521517657,0.0843460485,-0.0788941979,0.0086015891,-0.0736742392,0.2507250011,-0.0776119679,-0.0095384866,-0.0094518168,-0.1834354848,0.1276445985,-0.1024177074,-0.0798941851,0.0729592517,0.0147651844,-0.0350802019,-0.0794426501,-0.0760943443,-0.0625869632,-0.1009594724,0.0411867946,-0.0686952546,0.0471933298,0.0795201585,-0.0270413868,0.0154056959,-0.0716378763,0.0957543999,-0.0597716309,0.0101169245,0.0867288560,-0.0670815110,0.0188469850,0.1734563112,0.0744051561,-0.0542800240,-0.0180924367,-0.0344642773,0.0078996206,0.0139116496,0.0073497929,0.0796815977,0.1095350012,-0.0391458906,0.0792298988,0.0490247011,-0.1099583656,0.0325932726,-0.1572015584,-0.0730418190,0.1305326968,-0.0816053599,0.1577531993,0.0615068004,0.0103327734,0.1582994461,0.0382476076,-0.1011394933,0.0699406639,-0.0885982290,-0.0793558136,-0.0889962316,0.1270096153,0.0898905694,0.2001565397,0.0794478580
0.0081117982,0.0167769808,-0.0419907719,0.0124482289,0.1555022150,0.2063635588,0.0213138815,0.0694019422,0.1800985336,-0.0221773461,-0.0961856991,-0.0498225763,0.1493306011,-0.1194397584,0.0423398837,-0.1072695330,-0.0551434495,0.0694613531,0.0900954977,-0.0881248116,0.0425244123,-0.0564357564,-0.0767940208,0.0698086023,-0.1005725414,0.0318197012,0.0525668971,-0.1362809092,-0.0178407934,-0.0062168678,-0.0299221929,0.0201308411,0.0299242493,-0.0682414100,0.0680089667,0.0537795462,0.0169894192,-0.0631259531,-0.0587339923,-0.0476896241,0.0092327939,-0.0722665042,0.0129524339,0.0428371653,0.0115259392,0.0993572623,-0.0648637861,0.0758498684,-0.0519944690,-0.0248594917,-0.0814832300,-0.1035438031,-0.0536199883,-0.1246808767,-0.0185273346,-0.0770833045,0.0594092123,-0.0360798426,0.0253396668,-0.0763220340,-0.0494050495,-0.0312091075,0.0383589156,0.0819418281,0.0920509472,0.0142247006,-0.0048345379,0.0083016362,0.0373666845,-0.0581936091,0.0472065359,-0.0608431548,0.1012395397,0.0302122962,0.0610677898,0.0261131693,0.0200954210,-0.0945520326,0.0878495350,-0.0127493897,0.0430344790,0.0061673946,0.0660570487,-0.0890526623,-0.0232520327,0.0488683097,0.0660277829,-0.0053347349,0.0924801603,-0.0204480086,-0.0936554000,-0.0243013594,-0.0492495820,0.0159761123,-0.0686326250,-0.0136407111,-0.0601551905,-0.0488562174,0.0123018026,0.2254295945
-0.0062450343,-0.0286152456,0.1288899332,-0.0150163667,0.1305839866,0.0524455607,-0.0633633211,0.0671241879,0.0711214095,-0.0159153529,-0.0964430720,0.0724017918,0.1025654227,-0.1479551643,0.0886519179,0.0272834431,0.2889801264,0.0351491496,-0.0335476175,0.0327365026,-0.0266304426,0.0442660600,-0.0247391257,-0.0190466233,-0.0904835910,-0.1142470017,0.0881238803,-0.0523054525,-0.1106240973,-0.0818081871,-0.0833147094,0.0336787440,0.0021859561,-0.0749497190,0.1268748343,0.0144214472,0.0135346064,-0.1020974740,0.0713753700,-0.0029924207,0.0043436624,0.0514378473,0.0696003884,0.0312449299,0.1181234643,-0.0334720537,-0.0931384936,-0.0584870987,0.0498801023,0.0666113272,0.0261442084,0.0603670552,-0.0171761196,0.0523397550,-0.0329044871,-0.0158839375,0.0510571525,0.0343419500,-0.0548216850,-0.0032832031,-0.0151135577,0.0682860464,-0.0998022035,-0.0609982684,-0.0500544123,-0.0470407195,0.0845212564,0.1108619347,0.1399039328,-0.0799304768,0.0265396722,0.0677376315,-0.0872590095,-0.0716449991,0.1760132164,0.0591914281,-0.0720894560,0.0072807102,-0.0660851598,-0.0024703462,-0.0427511372,0.0539840162,0.0358888656,0.0017004698,-0.0355095789,0.0225941725,0.0618701056,-0.0951746032,-0.1003471613,0.0463454500,-0.1324592233,-0.0251441635,0.0677177832,-0.0776512995,0.0181452818,-0.0771625713,0.2126844227,-0.0124871302,0.1676205248,0.1882318258
-0.0226568710,0.0881176963,-0.0149438921,-0.0824899301,0.0320172906,0.0074535864,0.0870426521,-0.0724752769,0.0971554592,0.1139121056,0.1010482535,-0.0432016924,0.1472792923,0.0593410507,0.0670828894,-0.1011998206,-0.0261611603,0.0504096523,-0.0354497433,-0.0425768048,-0.1246272326,0.0028671618,-0.0316483155,-0.0415643603,-0.0059669223,-0.0661812574,0.0421171598,0.0068761278,0.0123763168,0.0463039279,0.0778936222,-0.0635370091,0.1033457890,-0.0621505678,-0.0776245669,-0.0482069664,0.0061940406,-0.1073330939,-0.0825935155,-0.1039761379,-0.0826588348,-0.0178362653,-0.0527619049,-0.0092041986,-0.0531860553,-0.0219552442,-0.0964097306,-0.0204968750,-0.0014067204,0.0201718099,0.0140977930,-0.0685791224,-0.0062813866,-0.1255882978,-0.0496382788,-0.0020667335,0.0709388703,-0.1480944157,0.1889979690,-0.0292815343,0.0846397504,-0.1044097319,0.1860348284,0.0897345021,-0.0034950858,-0.0015850211,0.2628024220,-0.1659736186,0.0266052894,0.0027422353,-0.0008077708,0.0774900988,0.1127507687,-0.0812410489,0.0290731862,-0.0394141525,0.1035108119,0.1391108036,0.0104753301,-0.0722415149,-0.0526047982,-0.0224895254,-0.0952654779,-0.0946283638,-0.1265381426,-0.0244602729,-0.1659936756,0.0432550758,0.0855926201,-0.0554466993,-0.0460911132,-0.0376268737,0.0241598543,-0.1100045666,-0.0657586977,-0.0554715060,-0.0916920453,-0.0321649387,-0.0095362831,-0.0327379033
-0.0128591508,0.0465519689,-0.0116061233,-0.0439328216,0.0810565054,-0.0012655945,-0.1215571761,0.0647247285,0.0696776956,0.0008787221,0.0910092294,-0.0802505091,0.0490505733,-0.0894492492,0.0522846803,-0.0066285185,0.0582987033,0.0131528368,-0.0470050685,0.0534520335,-0.0090317437,-0.0689642951,-0.0587322973,-0.0481303968,-0.0864849240,-0.0188382436,-0.0088031143,0.0245275572,-0.0330310315,-0.0822441652,0.0591072477,0.0281665027,0.0412197560,0.0444517545,0.0809530020,-0.0667088777,0.0099056270,-0.0668857768,0.0148871839,0.2244952917,0.0129231345,-0.0034397852,-0.0959651172,0.0289863497,0.0898356587,-0.1158453748,-0.0096230572,-0.0541068204,-0.0291640200,-0.2436609715,0.0288525559,-0.0317258537,-0.0763574988,0.0833936483,-0.1119810194,-0.0652050003,-0.0213731639,0.0731685907,0.0821400061,0.0406396985,0.0353028513,0.0730689839,0.0147236949,-0.0475150980,-0.0662235469,0.1000192165,-0.0522206426,0.0204512514,0.0986487344,-0.0117900940,-0.0843656510,-0.0678174570,-0.0281149000,0.0269264672,0.0829920545,-0.0779181272,-0.0361889414,-0.0870534405,0.0115141822,0.0246078912,-0.1507520229,-0.0502819307,0.1611899287,0.0517062023,0.0664500371,-0.0975882635,0.0576247089,0.0118798427,-0.1052593216,-0.0163215809,-0.1166311055,-0.0891221985,0.0537387244,0.0090405419,0.0211831890,-0.0028407932,0.1292622387,-0.0641983151,0.0375872627,0.0915349573
-0.0133902384,0.0516673587,0.0171441603,0.1275073141,0.0794196576,0.0274954159,0.0024102749,0.0476368964,-0.0438331030,-0.0334870219,-0.1046348587,0.0352444723,-0.0042997422,-0.0855189040,-0.0372877494,0.0510789827,0.1455105394,0.0110372724,0.0683283061,0.0985457599,-0.0723092556,0.0451469868,0.0909961686,0.1315877438,-0.0772093758,-0.1140495390,-0.0248570964,0.0658865422,0.1283724010,0.0818214640,0.0660502538,0.0049594673,0.0401301235,-0.0272088442,-0.0305132046,-0.0388056859,-0.0823546350,-0.1222349331,-0.0343251824,0.0484976545,0.0665483475,-0.0571146160,0.1130988747,-0.0241106711,-0.0308183972,0.0617672093,0.0863668472,-0.0447488874,-0.0507037751,-0.0345272049,0.0713073090,-0.1707991958,-0.0633904189,-0.0425148793,0.0750493556,-0.0364953876,0.0091593666,-0.0915330052,0.0660617054,-0.0500513390,-0.0103134662,0.0380696431,0.0178573914,0.0466497317,0.0519306064,0.0084310435,-0.0858473033,-0.0295065660,0.0099357823,-0.0751364008,-0.0250960831,0.1231979504,0.0341804065,-0.0133762183,0.0474908501,0.1085045859,-0.0659671873,-0.0991793498,-0.1101160720,0.0258484557,-0.0360050723,-0.0586847067,0.0026260612,0.0404237397,0.0528373905,-0.0949314907,-0.0463172160,-0.0183762964,-0.0269384459,-0.0773476362,-0.0289136283,-0.0605242848,-0.1256347001,-0.0079332246,-0.1432415694,-0.0011838335,0.0100734634,0.0814806074,0.0979444459,0.3736959994
-0.0012391955,-0.0278355535,-0.0179046299,-0.0371104255,-0.1906252503,-0.0722310096,0.0835034698,0.1264275014,-0.1473627687,-0.1338591576,0.1028864756,0.0984542668,-0.1284435987,0.0837992877,-0.0175134055,0.0040102084,0.0628321096,0.0814943910,-0.0164249856,-0.0559257306,0.1256844401,0.0191030763,-0.0225480124,-0.0338209346,-0.1001865715,0.1437203735,0.0332686715,0.0535057932,-0.0786983818,-0.0098166717,-0.0182342213,-0.2204442024,0.0804962814,-0.0164593942,0.0648045614,-0.0861530006,0.0882480443,0.1177918315,-0.1475956589,0.0339033641,-0.1157810688,0.0503587425,-0.1428403109,0.0351078920,0.0541510470,-0.1194323376,0.0398879088,-0.0197061189,-0.0870819688,0.0672898591,-0.1565149724,0.1746374071,0.0997885689,0.1621507406,-0.0378947780,-0.0136047406,0.1084684730,0.0445536524,-0.0682477504,0.0095353164,-0.1010295823,-0.0608913526,0.1169321239,-0.1408405155,-0.1184801236,0.0174668673,-0.0018629890,-0.0058062971,-0.0337755233,0.1050229073,-0.0420542061,0.0652812570,0.0776347741,-0.0552953966,-0.0027436859,-0.0734009966,0.0095724193,-0.0632761121,0.1402691454,-0.0563354492,-0.1010646895,0.0387935229,-0.0671813041,0.0561093353,0.1094173267,0.0652843043,-0.1152762100,0.0359915011,-0.1537960619,-0.0601738021,-0.0205189548,0.0550612882,0.0736546591,-0.1801981777,0.1936439723,-0.1128081456,0.0300514232,-0.1678337902,-0.2285549939,-0.4173955917
-0.1081866622,-0.0192930792,0.0346207730,0.0179419555,-0.0012644960,-0.0596468635,0.1038609222,0.0206419714,-0.0700281411,0.1247652993,-0.0509308130,0.1559727788,-0.0885304064,0.1731997728,-0.1278482229,-0.0303304885,-0.0331331827,-0.0192436390,-0.0638480484,0.0788770020,0.0890582278,-0.0451813303,0.1540915072,0.0323726386,0.0237085596,-0.0093662906,-0.0298250243,0.1878897399,0.1323913336,0.1260404140,0.1077336520,0.0077602668,-0.0683773607,-0.0442131534,-0.0164148845,-0.0120317126,0.0173878092,0.0443265475,-0.0373313092,0.1347562373,-0.0382923149,-0.0297698509,0.1303594857,0.1305009127,0.0048131649,0.0539186373,0.1185302958,0.0401723385,0.0945311934,-0.0423940718,0.0417526066,0.0309835449,-0.1253354102,-0.1997960210,-0.0097003262,0.0929941162,-0.2043991983,0.0371161699,-0.0792944580,0.0272967368,0.0695861802,-0.0045001791,-0.0270530786,0.0719650611,-0.2233647853,0.0448641181,-0.0057660532,-0.1476975977,-0.1357135922,-0.0827657953,0.0029651069,0.0427084416,-0.0556282215,0.1336818784,0.0028729287,0.0355753154,-0.0528245606,0.0542553775,-0.1257449090,-0.0977716520,0.0692354068,-0.2104953825,-0.0409410894,0.0738628358,0.0109649282,-0.0170952883,0.1234600097,0.0265618693,-0.0337665342,-0.1419199854,-0.0138549032,-0.0501019582,-0.0253932904,0.1059017330,0.0262132548,0.1516416967,-0.0549412966,-0.0638908893,-0.0962068960,-0.1096391901
-0.2293537855,-0.0721389428,-0.0674541369,0.1017694250,0.0523973592,-0.0619227141,-0.0282448232,0.0693326443,-0.2304125875,-0.0955434591,0.0544177443,0.0546627603,0.1479789466,0.0649715066,-0.1063272282,0.1968021542,-0.0281846523,0.2274124026,0.0573572777,0.1068590060,0.0093207806,0.0137430048,0.0904323161,-0.0236805510,0.1636779904,0.0486158580,0.0568318479,0.0891131833,0.1178704202,0.1695321649,-0.0120193241,0.0135825230,0.0366619378,-0.0844826922,0.0508780740,-0.2493994981,-0.0765668899,0.1599640697,0.0214885511,-0.0179186780,-0.0014198160,0.0921117738,0.0453952104,-0.0190984178,0.0104972096,0.0168212466,0.0939671770,0.1590939313,-0.0823907852,-0.1287874430,0.0153758833,0.0796859637,-0.0343368165,0.1544117481,-0.0511642396,-0.0187796187,-0.0828246623,0.1227455735,-0.2088699341,0.0381158479,-0.0148560917,0.2205905020,0.0584316626,0.1660185754,-0.2008941621,0.1730670780,0.1256718487,-0.0939358622,-0.2927622795,-0.1143472046,-0.0258379504,0.0998394638,-0.1250155270,0.0489141718,0.0763831139,-0.0842333734,-0.0956562385,0.0592105649,-0.1480676383,0.0360770784,0.0783008561,0.1762097776,-0.0244085994,0.0841664746,-0.0075912084,0.0552062616,-0.0291046314,-0.1150889769,0.0454799384,0.0903781429,0.0506805740,-0.1126273796,0.1213596910,0.0712316707,-0.1315410435,0.0486925170,0.1383789629,-0.0103616063,0.6590937376,-0.1260353774
0.0667867288,-0.0227033608,-0.0439755954,-0.0003359901,-0.0293836985,0.0698066205,-0.0258182287,0.0563580617,-0.0051730359,-0.0198354144,-0.0115642538,-0.1315746605,0.1511327773,0.0634672642,-0.0016700969,0.0544274598,0.0343717858,-0.0373025611,0.0797315314,-0.0649598166,-0.0400651395,0.0386335105,0.1893921942,-0.0073872940,-0.0572350807,-0.0435561165,0.0696617886,-0.0581358001,-0.0878192037,-0.0272175316,-0.0370770767,0.0097726136,-0.0072179115,0.0365515798,0.0152249187,-0.0373130739,-0.0542691499,0.0905517414,-0.0810908377,0.0484713875,0.0993405059,-0.0057042479,-0.0678129047,-0.0073112515,-0.0014939780,0.0306142531,0.1067145467,-0.0807033405,-0.1076360270,0.0373128280,-0.0593850873,0.0640399531,-0.0258460157,-0.2695750892,-0.0242880117,-0.1035934314,0.0005446501,0.0495857671,0.0429290086,-0.0797880366,0.1211109981,0.1173188612,-0.0107808392,0.0255259946,-0.1347051263,0.0319877826,0.2436734885,0.0581245124,-0.1681312174,0.0086594094,-0.0584557392,0.0787031204,0.1035918593,0.0528877228,0.0229354091,0.0442816876,-0.0880234912,0.0827711672,0.0509059466,0.0190902166,-0.0232905839,-0.0635525361,-0.0539604723,0.0661384091,-0.0715330318,0.0540150553,0.0817333460,0.0116105527,-0.0202218499,-0.1790778488,-0.0447586887,0.0284198690,-0.0660771579,-0.0658895820,-0.0734735355,0.0983321443,0.0900739208,-0.0139207216,-0.1339089423,-0.0063239094
0.0277414098,0.0577330962,-0.0013368573,-0.0835939646,0.1656126529,-0.0417062938,-0.0089017209,0.2158665657,-0.1393330395,0.1204025894,-0.0878042802,-0.1572023183,0.1052620113,0.1294740736,-0.0650032312,0.0710102022,0.1301867515,0.1506396532,0.1343207210,0.1873627305,0.2193640620,-0.0480534434,0.1040062010,-0.0254954807,0.0905353799,-0.0355947688,-0.0077123051,0.0026135030,-0.2553481162,-0.0936587453,-0.0234482139,0.0485258996,-0.0284594744,-0.0609384216,0.0295413211,-0.0738528967,-0.1399835497,0.0330424495,0.1236049235,0.3746211827,0.1582955420,-0.0640749708,0.1405814588,-0.0171845872,-0.1097068861,0.0307448208,0.0331864916,0.1689494699,-0.0639806539,0.0701287538,0.0866692960,-0.0458121821,0.0630511269,0.0456524231,-0.0057798619,0.1029533297,-0.1086181775,0.1320260316,-0.1721248031,-0.1466199160,-0.0619983897,-0.0703044757,-0.0003877332,0.0551855899,-0.2401032597,-0.1399914324,0.2391579747,0.0648366064,-0.0972750410,-0.0515557081,0.0594320633,0.0486312322,-0.0312770978,0.1165350303,0.0425903276,0.0571266189,-0.0938033015,-0.0900923461,0.0285625067,-0.0734160468,-0.0413280018,-0.0426264592,0.1553181559,0.1307164580,0.0704553500,0.1266798824,0.1072052568,-0.0776491612,0.0266430061,0.0463342704,0.0678270906,-0.1618049890,0.1731262654,-0.0088120298,0.0236833356,0.0382348672,0.4569894969,0.1209486574,0.2751250565,0.1007677615
0.0508016162,-0.0977854580,0.0163254309,0.0624946728,-0.1226730421,-0.0911196694,0.0663117766,0.1238370091,-0.0800205991,-0.0673805177,-0.1041030437,0.1308788657,0.0093650436,-0.0004965067,0.0068041049,0.0892382413,0.0040432145,0.0657260641,0.1360369325,-0.0273347143,-0.0450143032,-0.0720701516,-0.0744463801,0.0882197395,0.0649555773,0.0323125198,0.0545510873,0.0047478122,0.0658881217,0.0216270797,-0.0009692212,0.0287450813,-0.0079190033,-0.0790850073,0.1202162057,0.0886801779,0.0424115881,0.1564088762,-0.0437554494,-0.1924929172,0.1183198839,-0.0156305693,0.0032082146,0.1035069302,0.0244718511,0.1249201819,0.1108760536,0.0872534439,-0.0350491218,0.0434937067,0.0924628228,-0.0110951392,0.0578934513,-0.0108527066,0.0157244783,-0.0358870775,-0.1288106591,0.0042674816,0.0351988003,-0.1101247743,0.1172334552,0.0546957627,0.0513767749,0.0262240507,-0.0781357065,-0.0830428228,0.0005230356,0.0786938742,-0.2013633698,0.0823143050,0.0169738289,-0.0070980759,-0.1144357100,0.0652470440,-0.1399427354,-0.0790443644,-0.0703831911,-0.0638531595,-0.1317415535,0.0250891875,-0.0232549831,0.0536338091,0.0412554331,0.1693166792,-0.0757878572,0.1087094024,-0.1114060357,0.0062947255,-0.0164131410,-0.0803668201,0.0862653330,0.0847763270,-0.0353931189,-0.0306782294,-0.0844707116,-0.0007123628,0.1090785787,0.0955494717,-0.1033487469,-0.1448135674
-0.0275749061,-0.0624435171,0.0217133481,0.1034580544,0.0898854360,0.1044726372,-0.0354785286,0.0519031473,-0.1146983132,-0.0913114324,0.0630083755,0.0407733582,0.2764861584,-0.1014956757,0.0322304517,-0.0591748022,0.0236603469,0.0264895316,-0.1022058502,0.1595322192,0.0866682455,0.1446453184,0.0465577357,0.0620655306,-0.0101389959,0.0240984391,-0.0056872326,0.1276505888,0.0537880473,-0.0134206433,-0.0509392880,-0.0664529279,-0.0886070505,0.0780348405,0.0352193825,-0.0602071770,-0.1514249891,-0.0982716903,0.0574898124,-0.1053285524,-0.0819045231,-0.0420314707,0.0219151415,0.0780098289,-0.1032960042,0.1033244729,0.0317905806,-0.0747007951,-0.0389714763,0.0234096218,-0.0509320349,0.0670023412,0.0401600264,0.1371425539,-0.0043670032,-0.0974245071,-0.0956019759,-0.1432621479,0.1102776751,0.1295897514,0.0359806903,0.0428211167,0.0447733253,-0.0506985970,-0.1728191227,0.0113532105,0.1659606248,0.1879476905,-0.0199805629,0.0169338491,-0.0177318752,0.0088292276,-0.0642066374,-0.0864467099,0.1059571803,-0.0120982677,-0.0724855140,-0.0093466630,-0.0015552792,-0.1786242425,-0.0331998579,-0.1180609018,0.1177146733,0.0329046622,-0.1622234136,0.0413806327,-0.0298169777,-0.0497884601,-0.0810208395,0.0394910499,-0.0730215162,0.0219195243,-0.0018109023,-0.0843489394,0.0303462110,-0.0286348443,-0.0047561587,0.0913889483,-0.0285193305,0.0367497392
0.0497084819,-0.0368291400,0.0230242256,0.0185336974,-0.2975734174,-0.0379850008,0.0825025588,0.0410714224,-0.2092768997,-0.0935206115,-0.0471953526,0.0609257370,0.0879259706,0.0647418126,-0.0020368281,0.1246077344,-0.0211787913,-0.1372442394,0.0082807848,-0.0508797579,-0.0697635636,0.0066072270,-0.0341981910,-0.0240594391,0.0671020523,0.0159921292,0.0311460309,0.1216902882,-0.0079020634,-0.0181788076,0.0294453446,-0.1317031235,-0.0313124955,0.0068390369,-0.1009058580,-0.1274216622,0.0832550600,0.2284290642,0.0361868702,-0.0044710818,0.1041867733,-0.0723461807,0.1012581810,0.0658687949,-0.0717916116,0.0603878051,0.1318602115,0.0511711128,-0.1550719291,0.0247836094,0.1223172769,-0.0082185306,-0.0399228446,-0.0392885096,-0.0773480684,0.1707757860,-0.0664021373,-0.1243988127,-0.3225623071,-0.0309087131,0.1263652742,0.0770979673,0.1417786628,0.1046632081,-0.0607590377,0.0202945061,0.0745600834,0.0013167755,-0.0941429138,-0.0499291308,0.0693221986,0.0229964368,0.0418345146,0.0181337129,-0.2605282068,0.0052288524,-0.0153895747,0.0031717531,-0.0336445719,-0.1247868016,-0.0163925346,0.0373117141,0.0289090946,-0.0221795700,-0.0189512279,-0.0920776501,0.0480607040,-0.0666721612,0.0279753432,-0.0751874447,-0.0168663096,-0.0357861631,-0.0047916928,-0.0118697919,-0.0873500183,0.1153843179,0.0441626348,0.0291474052,-0.0916350409,-0.2016485333
-0.0283950027,-0.0203107093,-0.0209819991,0.0456425287,-0.1954112649,-0.0645937845,0.0762761533,0.0932170376,-0.1704057604,-0.1077870876,0.1298833787,0.0332795940,-0.0232814811,-0.0726189315,-0.0676563829,0.0188897029,-0.0100398175,0.0187576246,-0.0423785038,-0.1061394960,-0.0403558798,-0.0125838201,-0.0297950190,-0.0057635233,0.1099169999,0.0347938128,-0.0671257004,-0.0234344676,0.0138796363,0.0866193324,-0.0548250675,-0.1404011697,-0.0111100357,-0.1004462540,-0.0410981104,0.0601387061,-0.0101511143,0.1693089008,-0.1254068017,0.0940226540,-0.0027748032,-0.0620089807,-0.0878430754,-0.0789451525,0.0199651588,0.0403728038,-0.0520596020,-0.0813041851,-0.0187262297,-0.0939834490,-0.0041321111,0.1532788426,0.1133515760,0.0868639201,0.0598936118,0.1504105330,0.0908699110,0.0874828249,-0.1353884637,0.1080809161,-0.0460230745,-0.0867793784,0.0233533476,0.0460904576,-0.0289610047,-0.0521948934,0.1042303219,0.0394379087,-0.1470213830,-0.0306200162,-0.0770771503,0.0007583333,-0.0884033814,-0.0206854939,0.0155842267,0.0271027274,-0.0583794415,0.1101502478,0.0963901207,-0.0578631721,-0.0624378175,0.1371734440,-0.0862643048,-0.0223711338,0.1029295996,-0.0624070056,0.0577520393,0.0789717957,-0.1005062759,0.0376148671,0.0835358649,0.0028553379,-0.0475149527,-0.0956105292,0.0123984599,0.0172166098,0.0782943144,-0.0759106427,-0.0452940650,-0.2461608350
0.1122132167,-0.0142323822,0.0701318309,-0.0464903079,0.0363938324,0.0801776722,0.0238019396,-0.0005288033,0.0793475285,-0.0249675605,0.0582272001,0.0355995111,0.0525675677,-0.0845019072,-0.0059526390,0.0601096861,-0.0443737991,0.0019031952,0.0456789806,0.1220610663,0.1007827520,0.0937948152,0.0742251724,0.0127668530,0.0507243052,-0.0519914217,-0.0815686136,-0.1036815718,-0.0552956611,-0.1675540358,-0.0337228775,-0.0180104934,-0.1117985100,0.0416252203,0.1026559025,0.0781687200,0.0167513005,-0.1651138961,0.0745200366,-0.0931610540,0.0403792113,0.0923244283,-0.0492204577,-0.0453613475,0.0500755832,0.0867254362,-0.0588544235,0.0611637868,-0.0155695444,-0.0029380817,-0.0455159210,-0.1120628491,-0.0023802079,0.0010265242,0.0208417270,-0.0471306853,-0.0232124999,0.0917969644,-0.0839015767,-0.0492791086,-0.0221649855,-0.0022556335,0.0115095908,-0.0377339907,0.0165694859,0.0706698820,0.1065280512,-0.0622209795,0.0490758903,-0.0267921891,0.0680395290,-0.0614174157,0.0485525914,0.0646225214,0.1272854954,0.0977671146,-0.0886512324,-0.0874021426,0.0251560230,-0.0657287017,0.0823494196,-0.0881653428,-0.0066740829,-0.0524073392,-0.0281725712,0.0331537127,-0.0450794585,-0.1051817387,0.0284531154,0.0362399481,-0.0593060441,0.0269828066,0.1050362065,-0.0350832827,0.0057040337,-0.0415678658,0.0540940948,0.0273741577,-0.0211098529,0.3010646701
-0.0361789800,0.0437597521,-0.0749190524,-0.0873771086,0.1328459531,0.0761334002,0.0919331610,0.0707052350,-0.0879117772,-0.0859014541,-0.1376591474,-0.1124190837,-0.0303663053,0.0301511660,0.0243579559,-0.0384658277,0.1177924499,-0.0516662113,0.0612700507,0.0294612776,0.1002716944,0.0329035707,-0.2140679061,0.0142162777,0.0260728952,-0.1054586321,-0.0569113120,-0.0053471350,0.0494635552,-0.0047446988,-0.0228555202,-0.0540279374,0.0574835315,0.0569302589,0.0414592437,0.0453322828,0.0461461507,-0.1150289401,0.0208856855,0.0329912491,-0.0704630762,-0.1170132458,-0.0389035083,0.0620261766,-0.0725618899,-0.0680859163,-0.0000112678,0.0711712018,0.0062027699,-0.0346397236,-0.0658335388,-0.0752653033,-0.0376470871,-0.0216513965,0.0983246565,-0.0413935445,-0.0175845493,0.0441391021,0.0349728353,0.0615660362,-0.0869713947,-0.0130454171,0.0251350515,0.0311496947,0.0076107541,-0.0805148035,0.0204879958,0.0352047384,0.0480255000,0.1095109135,0.0018718548,-0.0532190055,-0.0509772450,0.0395336710,-0.0742927343,-0.1207732186,0.0007304217,0.0470712073,0.0062149805,-0.0607929416,-0.0135979243,0.1496679038,-0.1705662310,-0.0269851815,-0.0145830354,-0.0896713808,-0.0803595930,-0.0342514329,0.0116540957,0.1291591376,0.0549740531,0.0082247006,0.0715447888,0.0385010727,-0.1152728051,-0.0048236069,0.0196831822,-0.0302205496,0.0376610495,0.1340005696
-0.0402799807,0.0646149740,-0.0071441368,-0.0607232824,0.0626854151,0.0405428074,0.0675513819,0.0537467524,0.0252328124,0.0435615554,-0.0315922387,-0.1018590704,0.0213861018,0.0513283424,-0.0071513052,-0.0653841496,-0.0611790158,-0.0931291208,-0.0423868261,0.0679409206,0.0626924634,0.0717774630,0.0085163256,0.0120507805,0.0033448911,-0.0477184281,-0.0272389557,0.0548399314,-0.0543408729,-0.1644683480,0.1153060943,-0.0925294533,-0.0831685215,-0.0539099500,-0.1227457002,-0.0665900707,0.0031016767,0.0590760186,-0.0784721449,0.0835009366,-0.1122460067,-0.0595327094,-0.0388558432,0.0589430928,0.1309470385,0.0188267138,-0.0535905138,-0.0173856597,0.0279806294,0.0188983381,0.0977283791,-0.0616483949,0.0844451785,0.1243630350,0.0870475024,0.0131704332,-0.0342521556,0.0196014866,-0.0127134472,0.0267895292,-0.0467877612,-0.1205262020,-0.1701890081,-0.0835755840,0.1699924618,0.0425453521,-0.1551475525,0.0144263394,0.1410841346,0.0893085897,0.0119027337,0.0726420879,-0.0634726584,-0.0949233770,-0.0954590216,0.0727290213,0.0625210330,-0.0667454228,0.0671784058,-0.0151301119,0.0794595629,0.1084231511,0.0032087190,0.0295460261,0.0551520735,-0.0114465440,-0.0663486198,-0.0872340649,0.0726499483,-0.0330415890,-0.1107362658,0.0136729619,0.0392783731,0.0592201352,0.0485714488,-0.1556117535,0.0087708198,-0.0274781343,0.0776216388,0.0233185403
0.0303332079,0.0481639318,0.0175606366,-0.0515773557,0.2315788865,0.1467343867,-0.0295538232,0.0984866098,0.1049768850,-0.0486012511,-0.1223392487,-0.0676670223,0.0795443207,0.0454732776,-0.0174613707,-0.1186748073,0.1455163807,0.0772364736,0.0398555510,0.1103805900,-0.0382040665,0.0097314529,-0.0684240237,0.0765409470,-0.0810605735,-0.1356244087,0.0188990347,0.0129483109,-0.0556602962,-0.0274408236,0.0315172374,0.1203190535,0.0211600643,-0.0048166891,0.0160600748,-0.0482840724,0.0088881208,-0.1606191099,0.0662334934,0.0333575197,-0.0785990581,-0.0370784216,0.1166602820,0.0132907778,-0.0174691752,0.1081760079,0.0585079901,0.0761753321,-0.0298473481,0.1052815095,-0.0107689295,-0.0749674588,-0.0064731282,0.0168308355,-0.0496425368,-0.1367665976,0.0409634374,-0.0218528733,0.0584644340,-0.0766549855,-0.0650395080,0.1175447702,-0.1359980851,-0.0267291423,0.0880758390,-0.1040326878,-0.1018764228,-0.0937196687,0.1653335094,-0.0163985826,-0.0327250585,0.0874888375,0.0181948151,-0.0271534603,0.1625034958,0.1363885999,-0.0703876242,-0.1175629497,0.0095358156,-0.0041771564,0.0578708276,-0.1448926628,0.0757897422,0.0623125732,-0.0441640988,-0.0579194278,-0.0566904843,0.0258014705,0.0458332188,-0.0859548748,-0.0801446140,-0.0377990454,0.0120410444,0.0452180356,-0.0025407716,0.0671044737,-0.0534144454,-0.0448233932,0.0832781717,0.1974376142
-0.1149893105,0.0090316944,-0.0104462309,0.0458952002,0.0170521177,-0.1609226316,-0.2292671055,-0.3530006707,-0.0605390035,-0.0221281815,0.0914445296,0.2657692432,-0.2162994295,-0.1243653893,0.0743330047,-0.2322956473,-0.2740997970,-0.5211227536,-0.1154169664,-0.4002534151,-0.0431835279,-0.1064906940,0.0163347181,-0.3007648587,-0.1094262600,0.0538714826,-0.0663385391,-0.2902756631,0.2982066870,0.0133396629,0.1675504595,-0.0283787549,0.1845511049,-0.0577858426,0.0189348496,0.0870266259,0.2937617898,0.0753911436,-0.3129995763,-0.0882864520,-0.2408778071,0.4781430364,-0.1886800975,-0.3192090690,0.1683198512,-0.1356858462,-0.2416424304,-0.3987951875,-0.0776842460,-0.0876243338,-0.0435880311,0.2847144008,0.1018901691,-0.0714530945,-0.1984958500,0.1069842651,-0.2662624121,-0.0906253159,-0.2277137488,0.2940630615,-0.3420855999,-0.1199988723,-0.0640969798,-0.0945291743,0.3852545619,0.1802738011,-0.2185667306,-0.0288661458,0.0318989754,0.1196227595,-0.3329089880,-0.1423455924,0.0504324473,-0.1551708728,0.1528117359,-0.1080288440,0.2574529648,0.1286283880,0.4628402293,-0.0425242335,-0.3179372847,-0.1534355432,0.1562579423,-0.2173247337,-0.0963574350,0.0149060208,0.1697379649,0.0528594516,-0.0711529776,-0.0281015839,-0.2853410542,0.0211110879,-0.1179551259,-0.3125205934,0.1783487946,-0.1384017318,-0.4591529071,-0.1957669258,0.0451745503,-0.0312408917
-0.0889877975,-0.0628239736,0.0006069029,0.0344663374,-0.1632170975,-0.3142428398,-0.0361665525,0.0714513361,-0.2237996906,0.0500590466,0.2644481957,-0.2081641555,-0.0737821832,0.1220407933,-0.1231011599,0.1436242759,-0.1158321574,-0.2954529822,-0.0266040806,0.0408663638,-0.0413908437,-0.0602086335,0.1052945852,-0.0350174159,0.0445549898,-0.0987622291,0.0594899766,0.0284681879,0.2441730350,0.0398287140,-0.0080414712,-0.0001036943,0.2099445164,-0.0123154176,-0.1281071603,-0.1041259840,-0.1135574058,0.2760761082,0.0391457267,-0.0959223434,0.0019424267,0.0306546316,-0.0507063717,-0.0105075445,-0.1285841018,-0.0304200184,0.0409532525,-0.0858814344,0.0482575521,-0.0917197764,0.0093441540,0.0233379453,0.0523448177,-0.1203723326,0.0367038101,0.3954422474,-0.0266304184,-0.0748611093,-0.1123777777,0.0318051018,0.0801157430,-0.1010565832,0.0899725705,-0.0490924157,0.3194944859,0.1374607980,-0.0420354195,0.0413638502,-0.0573188402,0.0803623497,0.0076783900,-0.0925325826,0.0748448372,0.0684968084,-0.1482489109,0.0225328673,0.0293780640,0.2781490386,-0.1183985770,-0.0986728743,0.0131058507,-0.2396285236,0.0472698882,0.0092071593,-0.1889575869,-0.0148567893,0.0919787213,0.0387679152,-0.0081248069,0.1066131368,0.0183115304,0.3039603233,-0.1957175136,0.1066429317,-0.0489102267,-0.0104713477,-0.2259479314,-0.0269168280,0.1222545207,-0.1477566361
-0.0612430871,-0.0462242477,0.0986980200,0.0191132892,0.0313746445,-0.1114142016,0.0304531567,0.0187476482,-0.1477875710,0.0269936938,-0.0282871779,0.1380272657,0.1068733409,0.1810521036,-0.0469285622,0.2251616567,0.1183675826,0.3979447186,-0.0259815250,0.2008152753,0.1194856390,-0.1408336610,0.0772137418,0.1015531048,0.1003946140,-0.1562460065,-0.0130507005,-0.1019262895,-0.2332925647,-0.1123189703,-0.0392703228,-0.2173834145,0.1049846411,-0.0643301234,0.1753727496,-0.0149158901,-0.2131680846,-0.0956201032,0.0279635079,-0.0167966895,0.1295717657,0.0081889620,0.0903697684,0.0108824195,0.0571565628,-0.0720329210,0.0487604402,0.1495879441,0.0993847400,0.0469626747,0.0725290328,0.0070814788,0.1429488063,0.2917283475,0.0910878181,-0.1627804786,0.0269231442,0.2575913072,-0.1890977919,-0.1254708618,0.0555732511,0.0445340835,-0.1123079881,0.0845813081,-0.4355908632,-0.1983603984,0.1729656011,-0.0049933922,-0.1429079324,0.0451988503,0.0835710168,-0.0512434505,-0.0543825179,0.1315684021,-0.2243683934,0.0271206461,0.0120746586,-0.0004250681,-0.0293577332,0.0258723833,0.0793642402,-0.2042478621,0.0286499169,0.1553362608,0.1396600008,0.1911967844,0.0322580598,-0.0973659679,-0.0764344037,0.1420599520,-0.0164607354,-0.1414371729,0.0636048093,0.0007799147,-0.0115000606,0.0368996598,0.6476350427,0.0471599698,0.1147315204,-0.0824022144
-0.0831146166,0.0847635120,-0.0114315134,0.1103362292,0.1311898530,0.0541147292,-0.0745737851,0.1269808263,-0.0161689036,-0.1279572248,-0.0819516480,-0.0711254999,0.0139079737,-0.1191818416,0.0287587438,0.0750319138,0.1511005163,-0.2195219845,0.0011929269,0.0345422849,-0.3360813260,-0.0940399319,0.0485615060,-0.0166194253,0.0847998708,-0.0847473443,-0.0967544466,-0.0092339106,0.0796296373,0.0922554657,0.0491661988,-0.0926598310,-0.0533242486,-0.0506551638,-0.0152116613,0.0167640671,0.1116445735,0.0394300744,-0.0304648187,-0.0904654115,-0.1028416902,-0.1250911653,0.0217491370,-0.0054352586,0.0101940436,-0.0167312343,-0.0808698088,0.0528274849,0.0323682316,-0.0813089609,0.0245586690,0.0838168934,-0.0701462850,0.2864537239,-0.0996109098,-0.0876018405,-0.0732424185,0.0806358606,-0.0341818407,0.0641799942,-0.0138922976,-0.1144834608,0.0063184332,-0.0942263454,0.5061986446,0.0740195885,-0.1775153428,0.0577254221,-0.0063883211,-0.0231858306,-0.1003950611,0.0511124954,-0.0570831932,0.0963018015,0.0309277363,0.0183556657,0.0640401319,-0.0080607627,-0.0768620670,-0.0671836287,0.0631201342,0.2211474180,-0.0459435284,-0.0869536474,0.1412547231,0.0153882764,0.0675736666,-0.0563083924,-0.0222243723,-0.0376542173,-0.0614766851,-0.0122178467,-0.0313025825,0.0496052727,0.0905388966,-0.0590654276,0.2492375225,-0.0490963981,0.2722981274,0.0216788501
0.0322845876,-0.0163713116,0.0409611240,0.0150676202,-0.1057324558,0.0911946595,-0.2214787602,-0.2904609442,0.0862176791,-0.0697011277,0.1341450959,0.1407203525,0.0149840703,-0.0608720332,-0.0069863186,-0.0896990001,-0.0842507482,-0.0341235623,-0.2038922310,-0.0137593411,0.2040752321,-0.0669288561,0.2203996032,0.0215699151,-0.0581264123,0.1330000311,-0.0778978541,0.0177228879,-0.0276712067,-0.3230555654,0.0911722779,0.0672807246,0.1165070012,0.0073238206,-0.0327856205,-0.1005110145,0.0419653133,0.0538207442,-0.1626959741,0.2281429023,-0.0285426956,0.0951393619,0.0470811017,-0.0202179346,0.0773571730,-0.0358412229,-0.0629915819,-0.2376719862,0.0235282499,-0.1052986234,-0.0194227789,0.1017208621,0.0914249718,0.2402055860,-0.1119689569,0.3361330628,-0.0540480502,-0.0024017356,0.1158456057,0.1378182620,0.0013308801,-0.0746941641,-0.0438302122,-0.1383240819,0.0236375891,0.1906214356,0.2378725410,-0.1439556479,0.0579108745,0.1372216344,-0.0575654618,-0.0877139941,0.0380598940,-0.0649956241,0.3721254170,0.0825833529,0.1632633507,0.0024746314,0.1768072546,0.0132002588,-0.0542151630,-0.1695432663,0.0100892531,-0.1458753943,-0.1321904510,0.0799695402,-0.0237471387,0.0313437544,-0.0615498908,0.0547352880,-0.0384136997,-0.0682544559,-0.0129075814,-0.0560351871,0.0585330985,-0.0183219407,-0.2161688805,-0.0146403136,-0.3000123203,0.1504798681
0.0246373136,-0.0005315530,0.0234490763,-0.0091552511,-0.0654807389,-0.0198192913,0.1519462466,0.0641148612,0.0783547834,-0.0226356816,0.0526563898,0.1463894099,0.0381317399,-0.0503686853,-0.0053530526,0.1472418010,0.0435719304,-0.0802260786,-0.0075506833,0.0182328112,-0.0806419253,-0.0549949519,-0.0009571950,-0.0100031598,0.0509506389,-0.1107346863,0.0743226409,-0.0110071227,0.0867621079,0.1275884956,-0.1125541180,-0.0960707441,0.0419506431,0.0016428669,-0.0406091139,-0.1179731190,-0.1109697223,0.0660500824,0.0842762291,-0.0892160088,-0.0087191854,-0.1395592242,-0.0304036196,0.0606578141,-0.1153121218,0.0593109652,0.0562562495,-0.0062858667,-0.1486676782,-0.0195868015,0.0872559771,0.0904689804,-0.0146040274,-0.0682599694,0.0872816071,-0.0025338004,0.0768798888,-0.0415523686,-0.0501475185,0.0576555058,0.0745148882,0.0056996061,0.0234140828,0.0207845811,-0.0091911796,0.0303919576,0.1318498403,0.0250903517,-0.1771786064,-0.1056086496,0.0722991303,0.1786652058,-0.0346741639,-0.0131453061,0.0177443642,0.0084958803,-0.0420513302,-0.0663558617,-0.0277303010,-0.0202249102,0.0622755848,-0.0163882840,-0.0147050982,0.0058665872,0.0177162830,0.0051809745,0.0084066298,-0.1144779399,0.0866954699,0.0297693443,0.0321666859,-0.0944373235,-0.1196992025,-0.0513011925,0.0539143458,0.1086048335,0.0479667857,0.0064236787,-0.0466086194,-0.0760572255
0.0831558257,0.0142815895,0.0103770057,-0.0420298614,0.1153120250,0.0842213333,0.0191926565,0.0056418143,0.0513519235,0.1588191986,-0.0292434804,-0.0221146252,0.0768675804,-0.0192461535,-0.1223390549,-0.1080826148,-0.0762351155,0.0937850177,-0.0223407485,0.0440074317,-0.0091094980,-0.0120499395,0.0112383459,0.0430005305,-0.0974386856,-0.1005601436,-0.0792083889,-0.0467118733,0.0099017397,-0.1703733355,-0.0711373165,0.0243383124,0.0097288163,0.1076115817,0.1537345052,-0.0321998857,0.0223602634,-0.0151874796,-0.0191183053,0.0668410212,-0.0584331900,-0.0330322273,0.0646417961,0.0589105748,-0.0625320897,-0.0424549431,0.0208875667,0.0689364895,-0.0490062237,0.1027719602,0.0235359315,-0.0732547790,-0.0766505525,-0.0957658142,0.0120296124,-0.0781347975,-0.0773852915,-0.1016073674,0.0733093917,-0.0124807656,0.1064274460,0.0535450540,-0.0931514725,0.0273934491,-0.0926438719,0.0167457499,0.1570982337,-0.0478545651,0.0699416548,-0.1258510947,0.0240386762,-0.0773451701,0.0525878407,0.1075200364,0.1752041727,0.1226370484,-0.0384772420,0.0821080282,0.0597226508,0.0320292599,0.0257779229,0.0173689965,0.0369367264,-0.0567640811,-0.0421251096,0.0586855039,0.0741353035,-0.0323478356,0.0137805194,-0.0612997785,0.0814309567,0.0369508564,0.0034051524,0.1619752795,-0.0076540662,-0.0720232278,0.0761919841,0.0034521692,0.0887988806,0.3283102214
-0.0041333209,0.0118886223,0.0308171567,-0.0052413810,0.0969164073,0.1334650815,-0.1043947861,0.0006396079,0.0376761667,-0.1175773889,-0.0813756511,0.0461276583,-0.0406677760,-0.1069313213,0.1056795344,-0.0369079709,0.0794820562,0.1528549641,-0.1560918093,0.0493238606,0.0221755654,-0.0200592633,-0.1195100546,0.0821254626,-0.0093143880,0.0262928642,0.0014670432,-0.1125498191,-0.0230403859,0.0371099077,-0.0665994734,-0.0654951483,0.0008640706,-0.0070929322,0.0669837445,0.1513549685,0.1244316474,-0.0752953961,0.0799262524,-0.0867981985,0.0270349607,-0.0240879003,-0.1072081476,-0.0339507386,-0.0268791579,-0.0414673649,-0.0712223873,0.0817669556,0.0726108328,-0.0645262673,-0.0172749572,0.0182435345,-0.0250894390,0.1339342445,-0.0164528806,-0.1389490366,0.1609479189,0.0721443743,-0.1053451374,0.0101182153,0.0316363573,-0.0940858498,0.0032483668,-0.0489659607,-0.0256127249,-0.1013251841,-0.1243824810,0.0927578807,-0.0182014890,0.1325667799,0.0162879359,-0.0568520576,-0.0518364571,-0.1136576012,0.1460284740,-0.1405747831,-0.0284632817,-0.0099694701,-0.0000771111,0.0520740636,-0.0822422057,-0.0610392503,0.0571101047,-0.0433582179,0.0143934032,-0.1219208315,0.0596891493,-0.0143506695,0.0432169512,0.0531236529,-0.0577611253,-0.0566286743,-0.0372939371,0.0829898790,0.0091526825,-0.0148344534,0.1036583111,-0.0193146877,-0.1760610044,0.0905446559
0.0131512117,-0.0401145667,-0.0171391554,0.0351632610,-0.1289672405,-0.1881520301,0.0417255349,-0.0404447131,-0.0805584639,0.0179188307,0.0229676217,-0.0606107302,-0.0095003387,0.0019698755,0.0283326264,-0.0402663387,-0.0100492425,-0.0933227465,0.0980430916,0.1109972745,0.0245528184,0.0028125148,0.0813420564,0.0610494018,0.1406680048,-0.0646833107,0.1010062620,0.0819218904,0.1424797326,0.0511222258,-0.0086507089,0.0307174064,0.0605835170,0.0031569276,0.0535411499,-0.0346447267,-0.0711469129,0.1196252108,0.0996161476,-0.0866499916,-0.0217523240,0.0006131412,0.0134459892,0.1477669775,-0.0786388665,-0.0829625651,0.0743578300,-0.0201474745,0.0658864975,0.0893551335,0.0919237584,0.0118191149,0.0664785430,-0.0508327298,-0.0245773513,0.0824422166,-0.0292929951,-0.1043754891,-0.0582125559,0.0343337692,-0.0551677570,-0.0848945901,0.1306784600,0.1190364584,-0.0572950691,0.1015526801,-0.0047550583,0.0656266287,-0.1105964258,0.0874494836,-0.0587256551,0.0573151782,-0.1893827766,-0.0047664447,-0.0602707788,-0.0732384399,-0.0063533168,0.1287072748,-0.1243849173,-0.0738928542,0.1061948761,-0.0537728034,-0.0124037396,-0.0256461464,-0.0929310545,0.0415162370,-0.0479536615,-0.0041860822,-0.0075037479,0.0350738689,-0.0036314719,-0.0415858664,-0.1119019687,0.0016536408,0.0425760448,0.1335651875,0.0348896235,0.0939653665,0.0853042826,-0.1354965866
0.0409873128,-0.0995777175,-0.0773431137,0.0896121189,0.1697131097,0.0615042858,-0.1313267052,-0.1185627580,0.0790025294,0.0071161906,-0.0505764149,-0.2251108289,0.0693546906,-0.1586433798,0.1347538531,-0.0981333703,0.0294502489,0.0913385674,0.0109723583,-0.0835800096,0.1774892360,0.0009497241,-0.1233661994,0.0337159224,0.0151385460,-0.0239590369,0.0111215878,-0.1099072546,-0.1032830626,-0.0901079997,0.0995098948,0.1484793723,0.0476795211,0.0239214282,-0.0745796412,0.1072862744,-0.0420222245,-0.0741868243,0.0130041577,0.0937300250,0.0023204950,0.1038951129,0.0480835214,-0.1029800922,0.1448799670,0.0447048843,-0.0701081753,-0.0627683774,-0.0320539884,0.0259314589,-0.0930634364,-0.0923346579,0.0941797495,-0.0147743383,0.0585685521,-0.0150650973,0.0161281042,0.1011543497,0.0200479310,0.0769501552,-0.0711515769,-0.0673467815,-0.0611546971,-0.0978933275,0.0256123748,0.0235283505,0.0304272454,0.0004591013,0.0290681329,0.0700445697,0.0128344921,-0.0859963000,0.0694175959,-0.0964633897,0.2080222666,-0.0122914528,-0.0064877374,0.1080856025,0.0136725763,0.0777336806,-0.0439661033,-0.0589823946,-0.1084420756,-0.1085368916,-0.0622882880,0.0544537157,0.0555733517,0.0234479792,-0.0125215407,-0.0283343326,-0.1006378829,-0.0761433914,-0.0597434416,0.0745995715,-0.0540703982,0.0113116344,-0.1005969346,-0.0636871010,0.1040465385,0.2324146330
-0.1016111523,-0.0311223865,0.0529559255,0.0411671884,-0.2312084436,-0.1844043583,-0.0297378879,0.0372627638,-0.2221219689,0.0561962277,0.0721317530,0.0358220376,-0.0015766633,0.0301919114,-0.1037815064,0.0398557186,-0.1998812705,-0.2811363637,0.0598627627,0.0959405452,-0.1428506970,-0.0648134947,0.0565794110,-0.0445064232,0.1134413928,-0.0854534581,-0.0858024657,0.0553126931,0.0711225495,-0.1180230677,0.1105045825,-0.1277769357,0.0635843650,0.0058707576,-0.0345741138,-0.1144899055,-0.0002887036,0.2258063704,0.0763369352,0.0269399714,0.1119857132,0.0323413126,0.0998867601,0.0406276099,-0.0001891343,-0.1387964040,0.0084265424,-0.0312817991,0.0804301724,0.0395852514,-0.0357861295,-0.0358586535,0.0039873766,0.0856352299,0.0630796552,0.3230322003,0.0734244809,-0.0846309215,-0.0626210272,0.0485220924,0.0628639311,-0.0328199454,0.1375789195,0.1294977963,0.0856116042,0.2255935818,0.0899437144,0.0802791491,-0.1413659900,0.0143003222,0.1189601049,-0.0402053930,0.0155871976,0.1114212573,0.0580098592,-0.0854262486,-0.0066138590,0.1256731451,-0.0296033937,-0.0053731822,0.0123507641,-0.1346224546,0.0531562679,0.0223349798,-0.0015883493,-0.0790418312,0.0399919786,-0.1028242409,0.0066966726,0.0515711084,0.0071989135,0.1283772737,-0.2133410871,-0.0693081766,0.0724735186,0.0317715704,-0.1626702100,0.0286221672,0.2316998094,-0.1141028628
-0.0644092411,0.0836802572,-0.0410467237,0.0241642874,0.0726206526,0.0727954209,-0.0946872979,-0.1441165507,0.0478982851,-0.0428866260,0.0359571762,-0.0145758707,0.0396389514,-0.1397809088,-0.0515508167,-0.1099437699,0.1167002991,-0.0840011835,-0.1018785760,0.0052556484,-0.0686624497,0.0911091641,0.0609804094,0.0166613925,0.0299669597,-0.1178389415,0.0654689521,-0.1149922162,0.0046236077,-0.1430664062,0.0579062365,0.1324729472,0.0501406193,0.0219930429,0.0476074554,0.0124006867,-0.0620318651,-0.0076653352,0.1000479013,-0.0095511852,-0.0936002657,0.0591027737,-0.0692648739,0.0449185930,-0.0336240157,0.0241965111,-0.0633838251,-0.0457356609,0.0181076862,-0.0794448033,-0.0751209110,-0.0397458412,-0.0887797847,0.0996526778,-0.0702185556,-0.0382737033,-0.0828318968,0.0656304359,-0.0960704908,0.0844136104,0.0381402448,0.0182126090,-0.0707153156,-0.0336926877,0.0623375811,0.1869635284,0.0675813928,-0.1475547254,0.0020260857,-0.0347928889,-0.0021513316,-0.0538003743,-0.0256459210,-0.0447907448,0.1557794958,-0.0220236108,-0.0317729525,-0.0148496740,-0.0895449519,0.0460321270,-0.1080454141,0.0280555896,-0.0955788270,0.0212808978,-0.0231828373,-0.0157003962,0.1217896938,0.0335303433,0.0132824425,-0.0366963670,0.0507915989,-0.0690471083,0.0581373870,-0.0691571757,0.0374780074,-0.0361196287,-0.0044669965,0.0279665813,0.0228803251,0.3055236340
-0.0033579585,0.0086417897,0.0260264147,-0.0144663416,-0.1267036349,-0.0815464184,-0.0283041559,0.1011395976,-0.0341244079,-0.0666368157,0.0684802011,0.0587850250,-0.1074508056,-0.0280200336,-0.0067592761,0.1162158996,0.0150203286,-0.1247929335,-0.0013209748,-0.0644276515,-0.0336823277,-0.0260316264,0.0629034266,0.1113657877,0.0514863022,0.0415261015,0.0220170300,-0.0555268861,-0.0620879680,-0.0001377290,-0.0113639068,-0.0932546258,0.0836157277,0.0546300374,0.0785409659,0.0539942533,-0.0159401577,0.1194629148,0.0009176988,-0.0417180620,0.0035630469,-0.0733454004,-0.0004879520,0.0593271703,-0.1014566198,0.1085488796,0.1266615689,0.0082839103,-0.1142039821,-0.0697956681,-0.0322020613,-0.0118031148,-0.0812738687,-0.0547476895,-0.0173178669,0.1042460650,-0.1143710315,-0.0906136557,-0.1061517522,-0.0891889259,-0.0464220531,0.1101002917,0.1296644956,-0.0576163679,-0.1026973650,-0.0090042064,-0.1026124731,0.0102151930,-0.0469385013,-0.0346973091,0.0552708507,0.0814565495,-0.0767952502,0.1025466919,-0.0019988692,-0.0724051148,0.0564248227,0.0544264168,0.0008765139,0.0590054989,0.0307171885,-0.0872852206,0.0613125786,0.0246049613,-0.0542736948,0.0642098188,-0.0636720434,-0.0952578485,0.0358404629,-0.0924209133,-0.0131972199,-0.0584735759,0.0085715465,-0.0870840326,0.0733895451,0.0677941889,0.0659311116,0.0636488199,-0.0544170812,-0.2116767615
-0.0361643322,0.0966343433,-0.0771470889,-0.1085221469,-0.0546009727,-0.0442844070,-0.0463423878,-0.1702604592,0.0809251145,0.0803819969,0.0389894769,-0.2188759595,-0.0926584750,0.0239828285,0.0093092388,-0.1168971658,-0.0427613258,0.0034555309,0.0300581418,0.0583273359,0.1601813436,0.0159559771,-0.0378399976,-0.0885076523,0.1291929483,0.0104182400,-0.0454226248,0.0299845263,-0.0400270633,0.0483707935,-0.0784926787,0.1303613782,0.0387861840,-0.0077490155,0.0278889015,0.0090779960,-0.1712685674,-0.0748542473,0.1123765483,0.0533572026,-0.0606117360,-0.0838901252,0.0439164788,0.0192140341,0.0465274379,0.0900733247,-0.0463485047,-0.0506250039,0.0261436887,0.1990145147,-0.0018324694,-0.0792521536,0.0278274845,-0.2093948275,0.1273819804,0.0411204249,-0.1613903642,-0.0107322549,0.0874986872,-0.0509694293,-0.0335482210,-0.1417761147,0.0946812481,0.0602960698,0.1253299713,0.0541254729,-0.1045585349,-0.1784122139,0.1327343136,-0.1706491560,0.0359029509,0.0423931964,0.0080965087,0.0902481601,-0.1975987852,0.0175371747,0.0778927431,-0.1470688730,-0.1405102015,0.0632836297,0.1671753377,-0.0052795792,-0.0891770124,0.0416377708,0.1236169487,0.0254766364,0.0065681688,-0.0334103964,0.0958317220,0.0320106857,-0.0278253611,0.0458850116,-0.0731335878,-0.0605439954,0.0440006107,0.0481800474,-0.1006521732,0.0321961679,-0.0174047444,-0.0810683221
-0.0001795625,0.0943908691,-0.0215478018,-0.0747153088,-0.1433229893,-0.1774275899,-0.0104437396,0.0768021569,-0.0070389388,-0.0519795232,0.0945621431,0.1648960412,-0.0705003962,0.0170393772,-0.0757658109,0.0161083099,0.0338129364,-0.0432685092,0.0108436635,0.0079896180,-0.0291491002,-0.0686948895,0.1250937879,0.0545334890,0.1506335139,-0.0907200873,-0.0229991581,0.0413953252,0.0371448509,0.0078351339,-0.0502677709,-0.1294720620,0.0709394664,0.0128216259,-0.0208184328,-0.1630188972,-0.0569576807,0.0597094037,0.1159606278,-0.0348691903,0.0120579060,0.0192389581,-0.0291928332,-0.0276507400,-0.0844133645,-0.0279418901,0.0923142731,0.0648202002,-0.0690470189,0.1099040210,-0.0944232494,0.0277111307,-0.0893779248,-0.0295495298,0.0124986367,-0.0092238681,0.0296023563,-0.0818894506,-0.1004324406,0.0521830805,0.0375319086,-0.0825868547,0.1483307928,0.0988400951,0.0101681771,0.1289454252,0.1218376532,0.0660888851,-0.1442240328,-0.0571581684,-0.0482223369,-0.0018132741,0.0777922645,-0.0768753961,-0.1103821322,-0.0548457503,-0.0780503824,0.0178083163,-0.0696341768,-0.1074712276,-0.0061732987,0.0810875595,0.0977506563,-0.0431274585,-0.0437096581,-0.0390610062,-0.1174287796,-0.0961966440,-0.0717016757,-0.0608908534,0.0488575362,0.0648078248,0.0443457216,0.0019341239,0.0984272957,-0.0242060218,0.0459836237,0.0523049049,0.0924324021,-0.1765754968
0.0903130993,-0.0470805876,-0.0488693863,0.0151840765,-0.0976469368,-0.0564945564,0.0155680599,-0.0389539413,-0.1348875314,0.0276866183,-0.0648207515,-0.0914687961,0.0212892964,0.0649724752,0.0102133742,0.1059698462,-0.0536756217,0.0123424670,-0.0531168580,-0.0796713978,-0.0178578477,0.0047731679,0.1247909144,-0.1274370551,-0.0812096074,-0.0641018227,-0.0051386175,-0.1056851298,-0.0093115140,-0.0068183313,0.0093822451,0.0638286248,-0.0423572585,-0.0401206426,-0.0159518346,-0.0579792820,0.0255662166,-0.0073974431,-0.0394309983,-0.1429271400,-0.0709062964,0.1448469460,0.0619228892,0.0854101330,0.0703028664,-0.1420642436,-0.0770022124,-0.0500332303,-0.1733478606,0.0382597074,-0.0439048707,-0.0074534533,0.0983749032,-0.0664313436,-0.0861989930,0.0947009772,-0.0932291597,-0.1001311541,-0.0626702383,-0.0619064979,-0.0133643597,-0.0237283707,-0.0066388771,-0.0387578979,-0.0861677527,-0.0481959358,0.1992278993,-0.0583556741,-0.2056977749,-0.0177831352,-0.0748515651,0.0418813899,0.0939421803,0.1302888542,0.0093090860,-0.0525091439,-0.0442951992,0.0677646697,0.0130655663,-0.1190040410,0.0122387344,0.0934691057,-0.0748001188,0.0351643004,-0.0186250769,0.0856255889,0.0772861466,0.1454962492,0.0476646163,-0.0427368954,-0.0940831229,0.0423960462,-0.0241893604,-0.1190282330,0.0849904418,0.0984154716,-0.0020798098,-0.0892270431,0.1822848022,0.0682770982
0.0100665735,0.0113093266,0.0680385008,-0.0256698374,0.1164661646,0.2275230139,-0.0837777779,-0.0783789903,0.1067852154,0.0458942056,-0.0328254029,0.1332718283,-0.0502252206,0.0164956376,0.0951545835,-0.1301222444,0.0466176569,0.1390202940,-0.1041128412,-0.0527965724,0.1286863685,0.0496707596,-0.1382206529,-0.0537648499,0.0071797203,-0.0070946519,-0.0026328382,-0.1732761860,-0.0314477682,-0.0755791292,0.0928034782,0.0920512751,0.0372078195,-0.0209801942,0.0178931057,0.1935562193,0.0149281435,-0.1818429083,-0.0463754907,0.0007033938,-0.0367819183,0.1093898118,0.0530574694,-0.0484209470,0.0375763215,0.0500061475,-0.0362383537,0.0061850762,0.0156038636,-0.0799865276,-0.0716203451,-0.0566606708,-0.0134447273,0.0315171257,-0.0079441359,-0.0509956181,0.0665727928,0.0983946100,-0.0127073340,0.0227034166,-0.0984786674,0.0082390644,-0.0484156013,-0.1262049377,-0.0585878342,-0.0454702191,0.0133752143,-0.0737886578,0.1636713594,-0.0346998647,0.0563883483,-0.0316878930,-0.1140907779,-0.1484309584,0.1425212771,-0.0578221083,-0.0287241600,-0.0776279643,0.1063446999,0.1321068853,-0.1183825284,-0.0623624250,-0.0613404997,0.0227718651,0.1490357667,-0.0937613100,0.0403314754,-0.0570133142,-0.0621686578,0.0251568370,-0.0063034454,-0.1029589847,-0.0038628487,0.0216242503,0.1008047312,-0.0558074899,-0.0238467753,0.0010427790,0.0613265783,0.1616027653
-0.1122907326,-0.0105336010,0.2277090102,-0.0711522400,-0.0228644274,-0.2767817974,-0.0074231499,0.0647931695,-0.0092755863,-0.0538719296,-0.1070076004,0.0314977840,0.0225515384,-0.0384245068,-0.0454943068,0.0436997749,0.1011219174,-0.0884504914,0.0816147253,0.0262378417,-0.1964195520,0.0133441593,0.1975700557,-0.1680302322,-0.0215075649,0.0795381516,0.0727431178,0.0945349187,-0.1670636535,-0.0415115394,0.0190314483,0.0011360801,0.0108240135,0.0500007644,0.1200581789,-0.0774239153,0.0024602485,0.0742082223,-0.0712138191,0.1042347178,-0.0629815981,-0.0599253513,-0.0464062355,-0.0814069659,0.0688009188,0.1041969359,0.0270802286,0.1414782256,-0.0878371969,0.0633697137,-0.0685332566,0.0234122835,-0.0462895036,0.0098615522,-0.3399901986,0.0919744149,-0.1284442693,0.0888992921,-0.2315478325,0.0184797421,0.0117690377,0.0073217545,0.0508135520,0.0899858400,0.2102345377,0.1441578120,-0.0999276266,0.4353269339,-0.1892020255,-0.0666260347,-0.0356885605,0.0313305408,-0.0386274457,0.0438356139,0.1547770351,-0.0525111258,0.0004270110,-0.1252647340,0.0405920744,-0.1314689219,0.1099688113,0.2519086003,0.4574445486,0.0528358780,0.0896420255,-0.0683374777,0.1608955711,-0.1075676233,-0.0664939284,0.0572473854,0.0297827274,-0.0931342468,0.1003320292,-0.1106717661,0.0523485057,0.0118612954,0.1771789044,-0.0556755513,0.9641256332,-0.1496037841
-0.1319852918,-0.0305201840,-0.0198589433,0.0720119774,0.1807433963,0.1183775961,-0.0548068583,-0.1468967944,0.1475321651,-0.0404601172,0.0444973409,-0.1143039539,0.0841083080,0.0299134217,0.0542407595,-0.1465546191,-0.0122140897,-0.0892609656,0.0240839794,-0.0095866146,-0.0694595724,0.0651703030,-0.1644611061,-0.0187137052,-0.1295472682,0.0848425105,0.0280111432,-0.0562172160,-0.0397565216,0.2253223360,-0.0257011056,0.1074502692,-0.0475512855,-0.0469133407,-0.0887394324,0.0914472938,0.0883845612,0.0044486769,-0.0063236272,0.0069628563,-0.0792846605,0.0415505059,0.0644974262,0.0187456477,0.0694418624,-0.0805538073,0.0129193645,0.0558259375,-0.0154606672,-0.0781750754,-0.0560137257,-0.0258019175,0.1269492209,0.1315219551,0.0155883525,0.1311864406,0.0767549351,0.1576262861,-0.0926802009,0.0222396217,-0.0082398849,-0.0677126274,-0.1238849908,-0.0105090505,0.2103013247,0.0168742910,-0.1220099404,0.0346626453,0.0717963129,0.0204461627,-0.0825093836,-0.0102034984,0.0467280857,-0.0237706397,0.1405474246,-0.0584163740,0.0311692152,0.0784779415,-0.0055913832,0.1214373857,-0.0076954272,-0.0107135559,-0.1059843451,0.0308742262,0.1143349111,-0.1632872075,-0.0156357493,0.0863976404,-0.0634918660,0.1233767271,-0.0665805861,-0.0159124099,-0.0043748165,-0.0227547847,0.0998788476,0.0006562960,-0.0473056249,0.0167195871,0.0874499902,0.1853033304
0.0358139500,-0.0689464584,-0.0066026170,0.0566454157,0.1469637901,0.0977441669,-0.1074720398,-0.0334551334,0.0131260278,0.0004737542,-0.0275308210,-0.0564103425,0.1109670997,0.0222197734,-0.0261723660,-0.0569821261,-0.0194736999,0.0840101242,0.0392480269,0.0501051359,0.0719553903,0.0035611347,0.0201949906,0.0715933219,-0.0493514650,-0.0645109117,-0.0956756398,0.0097965691,-0.0098829679,0.0269121714,0.0411800668,0.1549271345,-0.0020428977,0.0373148695,0.0413679108,0.0410443097,0.1087920368,-0.1520652026,0.0391543545,-0.0343069248,-0.0333564430,-0.0432059541,-0.0390494913,-0.0067545478,0.0881895572,-0.0662510097,-0.0872299597,-0.0174517650,-0.0488729998,0.0151334479,0.0500501096,0.0729155466,-0.0643240958,-0.0532973967,0.1012271419,-0.1790805459,0.0670215935,0.0257805213,0.0533722676,0.0154733304,0.0132702477,0.0100687267,-0.1432082951,-0.1111127809,-0.0138551751,-0.0001306634,0.0580307581,0.0019003910,0.1879688352,0.0480774939,-0.0389494412,-0.0005040313,-0.0128488606,0.0484811366,0.0179640371,0.0501610897,0.0298854299,0.0715590343,-0.0334890112,-0.0632606074,-0.0331279151,0.0436754450,-0.0749477521,-0.0445404798,0.0187641047,0.0750986114,0.0389583223,-0.0663564950,0.0519074500,0.0555317476,-0.0944126099,-0.0946669430,0.1053757742,0.0798534378,0.0050111790,0.0384531058,-0.0139981760,0.0913747475,0.0334364697,0.1575267464
0.0761903226,-0.0808164179,0.0438997783,0.0684197694,-0.0059636226,-0.0296087861,0.0332332738,0.2194611430,-0.0618792027,-0.0762542114,-0.0682404786,0.1358559132,0.1582617909,-0.1057220697,-0.0027746668,0.0535019301,0.1059467271,-0.1067603454,-0.1468501240,0.0421307385,0.0371928103,-0.0737061277,0.0449521430,0.0845219642,-0.1173100621,0.0045918641,0.0100050103,-0.0643218383,0.0738670677,-0.0419987515,0.0063235201,-0.0732932165,0.0565779097,-0.0741548613,0.0922129005,0.0412840433,-0.0795835778,-0.0570688024,-0.0547762290,-0.0560158528,-0.0126644215,-0.0238858089,0.0358537361,0.0757204667,0.0553102754,-0.0990503505,0.0789350718,0.0229243208,0.0664714500,0.0143582551,0.0699519515,0.0723003522,0.0750725344,0.0152762029,-0.0027501346,-0.0937912613,-0.0292579122,0.0375792235,0.0354053602,0.1239457279,-0.1238208190,0.0651393831,0.0533923730,0.0474404357,-0.1279838234,0.1680361331,0.1229626015,0.2447022349,-0.2213696688,0.0775959715,-0.1155331060,0.0008414987,0.0071836021,0.0425244719,0.1303253025,0.0177713130,0.0943716019,0.0908831507,-0.0640841424,-0.1186472923,0.0088178413,-0.0935624018,0.1203280240,-0.0443600416,-0.1711700410,-0.0013501248,-0.1237533316,0.0379201397,-0.1304143518,0.0346301347,0.0460876673,0.0826284215,-0.0726789981,0.0270707086,-0.0062010176,0.0075084059,0.1167951971,0.0597062148,0.1819051206,0.0510800444
-0.0888403729,0.0476707593,0.1647273600,-0.0155702690,0.1168476790,0.0431634821,-0.1395408213,0.0034320909,-0.0141047686,-0.0610037893,0.0060282638,-0.0432411507,0.0563831665,0.1051348522,-0.0209390223,-0.0420015901,0.1016911790,0.0928303897,-0.0728465840,-0.0232942030,-0.0038445559,-0.0060342187,0.0933721066,0.0367033221,-0.0425058119,0.0399775766,0.0600004196,-0.0934280753,0.0368487388,-0.1375507116,-0.0880481750,-0.0302853584,-0.0270334929,-0.1012500226,-0.0710316375,0.0064478712,0.0052000606,-0.0373838767,-0.0531651303,-0.0894881189,0.0696841702,-0.0324793980,-0.0087346183,-0.1443471014,0.0589921363,-0.1477186829,0.0007091774,-0.0106762527,0.1068220362,-0.0873299763,0.0443190522,0.0209496040,0.0111173159,0.1473367214,0.0151834721,-0.0252773482,0.0886005312,0.0162850916,-0.1196545586,-0.1293548644,-0.0420092493,-0.0474824458,-0.0498519093,-0.0408372320,0.0404926315,-0.0733165517,0.1240766272,-0.0508233607,-0.1413853616,0.0947563350,-0.0087652989,-0.1130422130,-0.1433394253,-0.0943519473,-0.0633233488,0.0809714496,-0.0259296950,-0.0595691837,-0.0256386064,0.0264748279,-0.0417718962,-0.0442409553,0.1205325201,-0.1222362742,0.0969924480,0.0073886896,0.0204993933,0.0404749326,-0.0123938005,0.0557005368,-0.0852284208,-0.0755765289,0.0138307409,0.0361937024,0.0072984030,-0.0709347352,0.1295307130,-0.0014359085,0.1874253005,0.1566767991
-0.1226432920,-0.0133270957,-0.0010000769,0.0351171643,0.0991421193,-0.0241177995,0.0361273512,-0.0973672494,-0.0000394883,-0.0114541231,0.0710296854,-0.1555322409,-0.0957346782,-0.1269469112,0.0275178626,0.0223632567,0.0731757060,-0.0822512880,-0.0835461318,0.0737638026,-0.0256666169,0.0199905857,0.1288047433,-0.1135110483,-0.0963754877,-0.1058820039,-0.0795327276,0.0587952621,0.0135182468,-0.1673498154,0.1087008491,0.1745105833,0.1416602135,0.0245417207,0.0934132859,-0.2075540870,0.0033569483,0.0943787321,-0.1019776613,0.1437290311,0.0158241764,0.0306870528,0.1413769871,-0.0487638488,0.0658771396,-0.1337697804,-0.0864525139,0.0156682320,-0.1031747535,-0.0155065674,0.0769980773,0.0410320908,-0.0450357608,-0.2839526236,-0.1107464209,0.1498350799,-0.1906698644,-0.1326635778,-0.1911984384,-0.0115389572,-0.1671162397,-0.0902754143,0.0809148848,-0.0340346657,-0.2175746262,0.2392822951,0.0747697130,-0.0445035882,0.0243908353,-0.0899316669,-0.0094190761,0.0044443747,0.1237764731,0.0886387751,0.0985540897,0.1218287423,0.0538079329,-0.0355226062,0.0321549363,-0.0316500999,0.0992342457,-0.0874990821,0.0926058143,-0.0417447649,0.0097192787,-0.0297402665,-0.0656514019,0.1017609686,0.0498836897,-0.1386344731,-0.1375481635,-0.0324162282,-0.0681969970,-0.1220874786,0.0417426936,0.0397382788,-0.1615668982,-0.1543753743,0.4113825262,0.0356521606
0.0086210584,-0.0240797997,0.0171381813,0.0369883254,-0.1322965771,-0.0293009412,0.0761600360,0.1113013402,-0.0327058956,-0.0105469739,0.0663503855,-0.0811290145,-0.0939434469,0.0703101307,0.0216869954,0.1133665293,-0.1325149387,-0.0774973556,0.0149256345,-0.0165626798,-0.0320648849,0.0853840709,-0.0136776902,-0.0174980685,0.0006508076,0.1055817977,-0.0837383941,0.1105920449,0.1039880663,0.0656995773,-0.0366291441,-0.1537022442,-0.0212764591,0.0110340165,0.0709064528,-0.0008664643,-0.0786293596,0.0428199433,-0.0630034283,-0.0900310576,0.0284991842,-0.0021602244,0.0190200899,0.0774269998,0.0151330912,0.0662543997,0.1275867671,-0.0420458205,-0.0579418838,0.0119414674,-0.0561921708,-0.0000335474,-0.0088197170,-0.0883674249,-0.0399603024,0.0086347423,0.0328154936,0.0160936099,0.0338108465,-0.1087987572,0.0517648906,-0.0751451030,0.0568110980,0.1099347472,-0.0973455533,-0.0169721693,0.1047556028,-0.0695526898,-0.1576510966,-0.0239119902,0.1095833629,-0.0503171384,0.0365517847,0.0234470107,-0.0873903409,0.0560016073,-0.0519585051,0.0634303391,-0.0307323746,-0.1098958850,-0.0557125509,-0.1743292511,0.0665830299,0.0361937433,-0.1189938560,-0.0441854931,-0.1422601342,0.0724260658,-0.0022621574,0.0751223117,0.0567795150,-0.0051817899,-0.1175565496,0.0065422640,0.0837958157,0.1337771863,0.0498803407,0.1067706645,-0.1085086614,-0.2828224301
0.0876445770,0.0778731182,0.0252381675,-0.1189654917,0.1852067709,0.1221445054,0.0467106812,-0.0359024145,0.0893145576,0.0393826552,-0.0580059104,-0.0101372292,-0.0089053763,-0.0568450615,-0.0729883313,0.0159304496,-0.0772877336,-0.0593076758,-0.0521435775,0.1237779409,0.0130311279,0.1186843067,-0.0098418687,0.0600090399,-0.0956399888,0.0130336210,0.0384646766,-0.1043993607,0.0629853830,-0.0559369586,0.0138702262,0.0376429744,0.0011360499,0.1107101962,-0.0019564554,0.0852895379,-0.0739089325,-0.1552852392,-0.0506025255,0.0327951722,0.0272364747,0.1010601148,0.0586808324,0.1007879153,-0.0895254910,-0.0124664670,0.0759039596,0.0892120451,-0.0628104359,-0.0269586332,0.0729434267,-0.0095443688,-0.0242053084,-0.0417783931,-0.1403918564,0.0411110483,0.0171452593,-0.1024665162,0.1075479239,-0.0050468459,0.0786952227,-0.0124938712,0.0159191396,-0.0443633944,0.0132383965,-0.0102053825,-0.1038030088,-0.0655821115,0.1098128036,-0.0997954831,0.1308203787,0.0262451544,-0.0436427556,-0.0507902317,0.1435452551,0.0435256064,-0.0105394144,-0.0071235537,-0.0848155767,0.0650730357,-0.0115461061,-0.1671884209,0.1046770513,0.0576374345,0.0442846790,0.0658338815,0.0852784291,-0.0257979222,-0.0153876198,0.0076571708,-0.0105948485,-0.0199756995,-0.1045661420,0.1378221214,-0.0658966228,0.0204395428,-0.0287093818,0.0947334766,-0.0129340664,0.3333937526
0.0148610948,-0.0983540192,0.0031734307,0.1068738326,0.0104728919,-0.0277378615,-0.0863877535,0.1629649848,0.1468794346,-0.0729233772,0.0699043348,-0.0077362070,0.0311520249,0.0425962768,0.0197122432,0.0834279805,-0.0686004758,-0.0541475303,0.0140807778,0.0742505267,0.0927879140,-0.0226552337,0.0976391584,-0.0331145711,0.0114288935,-0.0577101707,-0.0347922109,-0.0927936658,0.0907073542,-0.0355010442,0.0064509842,-0.0245573577,0.0816200525,0.0300377309,0.1050682515,-0.0211634748,0.0000024359,-0.0920837596,0.0589536466,0.0735024959,-0.0185538549,0.1412026435,0.0810746029,-0.0956724659,0.1081080809,-0.0341526531,-0.0970017910,-0.0463910550,-0.0267929398,-0.0493528359,-0.0266770329,0.0256000273,0.0861382857,-0.0433632620,-0.0251740478,-0.0154471276,-0.0691635609,-0.0150783304,0.0715917274,0.0288000219,0.0330642499,-0.0752154961,0.1405189633,0.0104076769,-0.1959540844,0.0899597034,0.2079197615,0.1753241718,-0.1687753350,-0.0360460877,-0.0805807188,-0.0762010664,0.0128659494,0.0739661753,0.1232389882,-0.0684601739,-0.0385952778,0.0253064167,-0.0714030787,-0.1013215333,-0.0628647804,-0.0667661726,0.0033172979,0.0452932604,-0.0919889286,0.0828461647,0.0518034175,-0.0056972145,-0.0425282978,-0.0770097896,-0.0736953393,0.0398257747,-0.0410943255,-0.1000173315,-0.0354349092,-0.0233837701,-0.0381126739,0.0663339123,0.0691820979,0.0224709772
0.1032736078,-0.1057367176,-0.0170712601,0.0234997012,0.0376662761,0.1533894539,-0.1183711812,0.0761548281,0.1351355612,-0.0108763790,-0.0164662953,-0.0579797998,0.1029385403,-0.0183727462,0.0757674649,-0.0373120531,0.1257033050,-0.0460760295,-0.0205407031,0.0525202379,0.0401302055,0.0087299533,0.0008146031,-0.0388548672,-0.0179319251,-0.1016963571,-0.0027799071,-0.0936702713,-0.0960326046,-0.1751195043,-0.0445259809,-0.0952906087,-0.0630276203,-0.0137914345,0.0765750036,0.1281445026,-0.0197272338,-0.0472950861,-0.1034509987,0.0103518665,-0.0916086957,0.0695365146,-0.1008941382,0.0431954600,0.0184465479,0.0107348403,-0.0889579803,-0.0243355930,-0.0649761185,-0.0691087022,-0.1149593145,-0.0392577425,-0.0708654672,-0.1011571437,0.0177125409,-0.0339350104,-0.0708427802,0.1145493612,-0.0152989272,0.0974331796,-0.1047200784,0.1058341041,-0.0896875784,-0.1294479668,0.1143448278,-0.0766348019,-0.0777872801,-0.0571451001,0.1751839221,0.1117970794,0.0725731999,0.0326086283,0.0797101036,0.0366107896,0.0526576787,0.0359060653,0.0924671367,0.0245662089,-0.0239474494,0.0263864100,-0.1272852719,0.0198104698,-0.1386087239,0.0520331822,0.1318273395,0.0928734392,0.0576788932,-0.0783865750,0.0389030240,0.0956649333,-0.0447035991,-0.0462240390,-0.0178029966,-0.0027452053,-0.0263539404,0.0486884043,0.1694880873,0.1027800590,0.0089365523,0.1809649765
0.0273921154,0.0850775391,-0.0900097564,-0.1138679013,-0.0509750880,-0.0517476983,0.0210572854,-0.0465730838,0.0081174048,0.0344018377,-0.0505767241,-0.2121673524,0.0797042549,-0.0424525626,-0.1459369957,-0.0955864862,-0.0619647838,-0.0631029904,0.0848948956,-0.1149947941,-0.0888463706,0.0755498335,-0.0172854792,-0.1297887564,0.0255761184,-0.0492971502,-0.1015705317,0.0596494526,0.1550034285,-0.0316518061,0.1872706711,0.1413690895,0.0334558375,0.1012034416,-0.0682624429,0.0137754474,0.0500263721,0.0426127054,-0.0075405575,0.0017550584,-0.0997898132,-0.1933288425,-0.0863609686,-0.0237110332,-0.0652501732,-0.0115897441,-0.0833343118,0.0825475752,0.0411429480,-0.0015918752,-0.0586217456,-0.0341092385,-0.0854866356,-0.0491874255,0.0793808252,0.0426390842,0.0259545557,-0.0446778052,0.1017465591,0.0241409019,0.0386230424,-0.0682193935,0.0219091792,0.0123553481,0.1693899333,0.0666689947,0.0101319021,-0.1966454834,0.1736280620,-0.0090196393,0.1115892529,-0.0122646252,0.0508887284,-0.0119637344,-0.0003839454,0.0803100169,0.0876705050,0.0351689458,-0.1102014706,0.0295551680,0.0053571910,-0.0653050244,-0.0852785930,0.0553700551,-0.0351777002,-0.0183175243,-0.0172925405,0.1116444916,-0.0148850800,0.0098730447,0.0005463832,-0.1726420075,-0.0877778754,0.0364614353,-0.0578025989,0.0696925223,-0.0961709395,0.0313443691,0.0090770824,-0.0556930639
0.0295991600,-0.0106180869,0.0473141707,0.0240191165,0.0777806342,-0.1606904864,-0.1243710071,0.1010708436,-0.1350972950,0.0260764174,-0.0763711110,0.1428539902,0.1755608767,-0.0481091626,-0.0157453734,0.0083850678,-0.0162326507,0.0810123384,-0.1028569043,0.0426866785,0.0313392058,0.1022115573,0.1587931067,0.0405740663,-0.0315666683,0.0606209636,0.0722120702,-0.1289758384,-0.1467045397,-0.1515291333,-0.0696335807,-0.0149889737,-0.0461848639,-0.0193795301,0.0768565238,0.0803692564,0.0742639005,0.0204719286,-0.0393964909,-0.2782209516,0.0009736927,0.1269051880,-0.0910449028,-0.0638498366,0.1301975995,-0.1419746280,-0.0846226364,0.1247269362,-0.0259619262,0.0574784838,-0.0136611639,0.1292191148,-0.0200569164,0.0510635898,0.0146246338,-0.0395052060,0.0398708396,0.1078013331,-0.0973585770,0.0969373658,-0.1013917550,0.0137316473,0.0968460888,-0.1111600548,-0.3079772294,0.0176259503,0.3678502142,0.0151953734,-0.0654919669,0.0668369085,-0.0972394198,-0.0486520939,0.1359793991,0.0856800675,0.1282957196,0.0657800809,-0.0763728768,0.1024986058,-0.0018910449,-0.1667294353,-0.0475157760,0.1295870095,0.1157855168,-0.1106746569,0.0908431634,0.0483891480,-0.0960259587,-0.0828981623,-0.1705468297,-0.0729379058,0.0260303598,-0.0858590454,-0.2040052265,0.0859627873,-0.0059049628,-0.0597010329,0.0568057112,-0.0376699902,0.1214966029,0.1362983137
-0.0540631190,-0.0624447353,0.0001275853,0.0414464101,0.1512458026,0.1881165206,-0.0107789924,-0.0223895609,0.1720390022,0.0878236964,-0.0646069944,-0.1366122961,0.0925513059,0.0453966334,-0.1115013286,0.0631827712,0.0312473737,0.0899999291,0.0644555911,0.1317702979,0.0414896235,0.0594662651,0.0156518612,0.1657807529,0.0947395042,-0.1821801513,-0.0522578992,0.0334779546,-0.0574819632,-0.1308438778,-0.0886258706,0.0296428576,-0.1524248123,0.1356304437,0.1131013632,-0.0553963184,-0.0529354215,-0.1448653936,0.1590625644,-0.0198818035,0.0574131124,-0.1066630110,0.0700618923,0.0817667171,-0.1164173856,0.0178885907,0.1185722277,0.0746317431,-0.0886041522,-0.0412523970,0.1807732582,-0.1407193542,-0.0737421736,-0.0866995007,-0.0299330261,-0.0626829788,-0.0106038069,-0.1336780638,0.1218417212,-0.1272312254,0.0338305123,-0.0691307858,0.0268907007,0.0798318535,0.0049924105,0.0908635333,0.1124030501,-0.0534631275,0.1387678683,-0.0627202019,0.1502264738,0.0413653031,0.0491493866,-0.0525452606,0.1266698837,0.0835305378,0.0025639327,-0.0891731754,-0.0424895920,-0.0238250215,-0.0554243959,-0.0875891969,0.0502086207,-0.0294093173,-0.0355959721,-0.0339679047,0.0365435518,-0.0700431243,0.1264690608,0.0543833300,0.1023671627,0.0740829110,0.0745486990,0.0349219628,-0.0734110028,-0.0127612902,-0.0016013449,0.0819757208,0.0028575724,0.2983370125
0.0008173676,0.0311381333,0.0476189479,-0.0072315671,-0.0296882503,0.0077358973,-0.0777077377,0.0919534266,0.0459519252,-0.0240460020,0.0483348370,0.0135669969,-0.2136033326,-0.0878044888,0.0288256817,0.0723688379,-0.1021291018,0.0166001171,-0.1726147234,-0.1369678527,-0.1074392051,-0.1277823895,-0.1019190401,-0.1046263054,0.0157821067,0.1699075699,0.0165546332,-0.1047771126,0.1209525317,0.0790012330,-0.0115283029,-0.1473449171,0.0848901048,-0.1037548855,0.0484580286,-0.0336412825,0.1648700833,-0.0050153635,-0.0548766106,-0.0084333895,-0.0333803259,0.1409969181,-0.0544411317,-0.0392569266,0.1649455130,-0.0810275003,-0.1468334496,0.0272641536,-0.0681576878,-0.1202921644,-0.1932716221,0.2184476256,0.0917352065,0.1498389244,-0.0586715154,0.0604184419,-0.0153420465,-0.0813882798,-0.0492296517,-0.0090738945,-0.1344696134,0.0107390909,-0.0553844385,0.0169075429,0.0900885165,0.0458610766,-0.0677476376,0.0168083105,-0.1320433617,-0.0190434717,-0.1862596273,-0.0577834994,-0.0299187545,-0.0147027811,-0.1478411406,-0.1802931130,0.1641305387,-0.0356225818,-0.0064655705,0.0400091559,0.0409425832,-0.0010585986,-0.0372481421,-0.0966167301,-0.0074542924,-0.0372844711,0.0077487924,0.0711897537,-0.0529222228,0.0759262666,-0.0678459927,-0.0389469042,-0.0376198851,-0.1213694587,0.2004545182,-0.0666087419,-0.0784317777,-0.0125914356,-0.0633075014,-0.4198726416
-0.0486570150,0.0797990486,0.1136235669,-0.0533026084,0.0788850784,0.1527283341,-0.0750988722,-0.0249015540,0.0424997844,-0.0065042228,-0.0238491092,0.0636759475,0.0658335239,0.0631610677,0.0382402614,-0.0164448619,-0.0528065860,-0.0098289987,0.0777192637,-0.0147005627,-0.0605033152,0.1053740904,0.0776637271,0.0575896353,-0.0888625383,0.0009332506,-0.0682846010,-0.0273462217,0.0670735911,-0.1734379083,-0.0608022921,-0.0676736683,0.0576189496,0.0631016120,0.1056619212,0.0708937868,0.0818799660,-0.0689492822,0.0936140716,0.0692032799,0.0073285205,0.0822442695,0.0835974962,0.0619385578,0.0487137437,-0.0796215087,-0.0220359992,0.0073876553,0.0898074731,-0.0548350699,0.1076361760,-0.0941776782,-0.0325973928,-0.0874017552,-0.0655845851,-0.0822299942,-0.0786978081,0.0124795847,0.0246057864,-0.1144490317,0.1102155223,0.0130696250,-0.0796270147,-0.0074342145,0.1208110750,0.1615455449,0.0503506139,-0.0673048124,0.0226533730,-0.0052716741,0.0852852687,-0.0260078013,-0.0626403168,-0.0724356100,0.0757726803,0.0342700109,-0.0750500858,0.0310046989,-0.0853190944,0.0614394546,0.0066561289,-0.0744397566,-0.0094151488,-0.0966769382,-0.0007710723,0.0208831504,0.1300305277,0.0526241064,-0.0567179099,0.0858479738,-0.0035829642,-0.0514512360,-0.0539347380,0.1091974080,-0.0472700745,-0.1239664406,-0.0916412994,-0.0888691992,-0.0023538573,0.0910124555
-0.0579962693,-0.0033314202,0.0736858547,0.0423428342,0.2175787091,0.1689072996,-0.1080816239,0.1705197990,0.0151456017,0.0222777016,-0.1025527865,0.0487862714,0.0402816162,-0.1294332892,0.0806894153,-0.0205160826,0.0376412868,0.1124045849,-0.1627270728,-0.0589623451,-0.1199711412,0.0546733215,-0.0621610656,-0.0121658007,-0.1429697275,-0.0221666489,-0.1214947551,-0.1511607170,-0.1440464854,-0.0046630641,-0.1772923917,-0.0804950073,0.0948302597,0.0435859375,-0.0900797024,-0.0334630348,0.0322614983,-0.1590097100,-0.1224204600,-0.0393580869,-0.0799497664,0.0360626951,-0.0673898235,0.0272632726,0.1368851811,-0.0666499808,0.0444975793,0.0018154152,-0.0979602784,-0.1288593709,-0.0117863640,-0.0647191480,-0.0802950710,0.1536405087,-0.0055160001,-0.2751055956,0.0528079793,0.0829596892,0.0273781922,-0.0518868566,-0.0642494559,0.0272654127,0.0165580697,0.0107645988,-0.1953711361,-0.1453796029,-0.0207474213,0.1807478815,0.0414538831,0.0901974291,-0.1152050570,0.0794772208,0.0020727690,-0.1149309725,-0.0189351719,-0.1103760153,-0.0108974436,-0.0487921759,0.0720008686,0.0226956028,0.0041094348,0.0217412058,-0.0302113350,-0.1326418370,0.0333648697,-0.1217720807,-0.0762788579,-0.0697105452,0.0224257726,-0.0008854315,0.0020479336,0.0100666909,0.0338361152,-0.0409417860,0.1013616174,-0.0613004752,-0.0474548452,-0.0178101137,0.0623708777,0.1843828410
0.0176608935,-0.0371928252,-0.0261490457,-0.0177603904,0.0329827257,0.1694129407,-0.0992204770,0.0030291064,-0.0068722568,-0.0771520436,-0.0780519098,-0.1266066283,0.1077989861,-0.1227933019,-0.0533475950,-0.0832266212,0.1183819696,0.0174422674,-0.0342676193,-0.0891096145,0.1088807285,0.1037775949,-0.0309794694,0.0924262255,-0.0368671790,-0.0275439043,0.0006338392,0.0508813895,0.0482836999,-0.0708623230,-0.0195296723,0.0352667123,0.0250461455,-0.0300164297,0.0350358561,0.0672451630,0.0533706397,0.0153634595,0.0787485018,0.1775622815,0.0795192793,-0.0342631452,0.0209704358,0.0462591499,-0.0474285036,-0.0041753850,0.0263825580,0.0228165966,-0.0595243834,0.0646405518,0.0702024847,-0.1096089259,-0.0090393461,0.0292791929,-0.1159571782,-0.0400020443,0.0314221755,-0.0348550826,0.0301690251,-0.0483010598,-0.0771924779,0.0942009836,-0.1286590844,0.0278011039,0.1172149405,0.0606114082,-0.1110146046,0.0988441929,0.0582486168,-0.0715677440,-0.0723028257,0.0643752739,-0.0736041293,0.0119591346,0.0535935052,-0.0505337678,0.0913964957,-0.0198475663,-0.0848816186,0.0727782995,-0.0548897758,0.0864670947,-0.1395225227,-0.0865601972,0.0252859704,0.0414531417,0.1555396616,0.0266971048,0.1045643315,-0.0386855826,-0.0957301781,-0.0273327231,-0.0101552159,-0.0467316471,-0.1266506314,-0.0627628937,-0.0135840708,0.1112931818,-0.0140084112,0.3129036725
-0.1435724944,-0.0335025676,-0.0154204899,0.0643775538,0.2995562851,-0.0139696496,-0.0197097007,0.0421077162,-0.0422827676,-0.0285484809,0.0157025829,-0.1217010021,-0.0702214092,-0.0931845009,0.0295576472,-0.0843764022,-0.0204609316,-0.0861607194,-0.1163432151,0.0520503372,-0.0188612528,-0.0013863776,-0.1014590189,-0.1303685009,-0.1508062333,-0.0627867803,-0.0152322548,-0.1416644901,0.0742774010,0.1256780326,-0.0530728661,0.1025566533,0.0908045620,-0.0597820170,-0.0438215137,0.0359165072,-0.0537910797,-0.0707893297,-0.0313597992,-0.0124520510,-0.0724341348,0.0399330333,-0.1155156493,-0.1118928194,0.1081920415,-0.0182325728,-0.0995823294,-0.0916445181,0.0064383126,-0.0095544579,-0.0146082677,-0.0522689968,0.0895890221,0.1935054511,0.0556796826,0.0202004295,-0.0423742309,-0.0220201947,0.0792619437,-0.0704535767,-0.0216697771,-0.1318985671,0.0131109934,-0.1466669589,0.0913226232,0.0511363633,-0.1684761941,0.0690076947,0.1327317208,0.0629386529,-0.0662421659,-0.0436701514,0.0177738834,-0.1088138521,0.1512804776,0.0790988728,-0.0341593400,0.0554767139,0.1334696710,-0.0129640400,-0.0634655505,0.2039492577,0.0447029434,-0.0386773683,-0.0360355787,-0.0680695400,0.0067218593,-0.0342847705,-0.0344052017,-0.0327376388,-0.1610109508,0.0724629834,-0.1010552049,0.0847448930,0.1122773886,0.1007606611,-0.1246501133,0.0645422041,-0.0123572769,0.2152878791
-0.2209251523,-0.0027156144,-0.0145289972,0.0941165760,-0.3167618215,0.0751963928,-0.0957068130,0.1080535650,0.1070345715,0.0916436017,-0.0601223297,0.1842353493,-0.0692253187,-0.1094893515,0.1033606604,-0.1603065282,0.2219148576,-0.0735588297,-0.0592847243,-0.1367219537,-0.0047993027,-0.0738265291,0.1497594714,-0.0966516659,-0.3835911453,0.1108277962,-0.1629290432,-0.1646748483,-0.0773382336,-0.0810657814,0.0534628555,0.1143924072,-0.1948595494,0.0673328117,-0.0446900390,0.0630913004,0.0347443074,-0.1940569878,-0.1664647162,0.0777622089,-0.1638088971,0.0769871250,-0.1684552729,-0.0067963586,0.0682529062,-0.0778894126,-0.0805017948,-0.0343446620,0.0187887941,0.0047901748,0.0069570532,0.0252809450,-0.2279090583,0.0328486972,-0.1181873307,0.0617805123,-0.0539352000,0.0135923931,0.0296276454,0.0554837696,-0.1234243661,-0.0253309645,0.0534294322,-0.0320024900,0.0752114803,0.1817363799,0.2294817418,0.2147085220,0.0179076325,-0.1976622790,0.0219609533,0.0294504799,0.0238154884,-0.0843261406,0.3904905319,0.3116529286,-0.1147249192,0.0200849436,-0.0708071887,-0.0610824153,-0.1426055431,0.3761926293,0.0745650604,-0.0912453309,0.0758784935,0.0620171987,0.1387577653,0.1044444591,-0.1347110122,0.0780406967,0.0650571734,0.1129005104,0.1260712445,0.0174131244,-0.0886705667,-0.0296492986,0.0791679844,0.0491351970,0.2196017355,0.0632485673
-0.0341297127,-0.1533463299,0.0165149663,-0.0706508011,0.1551033407,-0.0490359180,0.0913477987,0.0694175735,-0.1980923861,-0.0775686353,0.0763382614,0.1511686146,-0.1611572653,0.0651187599,0.1062359661,0.0321829468,-0.0002225865,0.0000423936,-0.1084488556,-0.1975445598,-0.0255599059,-0.0017543630,0.0473002456,-0.2266998887,-0.1136670783,0.2260137051,-0.0912718475,-0.1930540651,-0.1172634214,-0.2030615509,-0.0645482615,-0.1190531701,0.0908506066,-0.1505401284,-0.0359690860,0.0458970927,-0.0539406762,0.0571383759,-0.1216908917,-0.1020997837,-0.0070775705,0.0009813260,-0.2111497670,-0.0989783779,0.2361032516,-0.0760144889,-0.0406787731,0.0714440793,0.1273735911,0.0983181223,-0.1557040960,0.2597818673,0.0343349427,0.0648825988,0.0493687391,-0.0586705133,0.0662947670,-0.0296512954,-0.1348961890,0.0372990295,-0.2007082999,-0.0229731295,-0.1546409875,-0.1606384367,0.1129774749,-0.1692691743,-0.0891945586,-0.1292707026,0.1470712274,0.1234381422,-0.2336163372,-0.1257272959,0.0145973386,-0.1419239342,-0.1115936339,-0.2252593935,0.0386154242,-0.0326143242,0.0486541986,0.0208089091,-0.1023434773,0.0456161574,-0.0424017385,-0.1248773485,-0.0151866898,0.0030790307,0.0464293063,0.0527545251,-0.0664250627,0.0496224910,-0.0678384528,-0.0696326345,0.0743246526,-0.1181340739,0.3589751422,-0.1619796157,-0.0092659574,-0.1857682019,-0.0104051232,-0.5492205620
0.0260408316,-0.1145386472,0.0510280244,-0.1199678704,0.1637777537,-0.0073767169,-0.0808819085,0.0664509982,0.0329221264,-0.3250419497,0.0514584482,0.1146192625,-0.2994348407,-0.2046048790,0.2487776130,-0.0286914352,0.0560597107,-0.1348363459,-0.1011235565,-0.2783512473,-0.2207935154,-0.0121324277,-0.1872412115,-0.3401419222,-0.2230791748,0.2130683362,0.0560237728,-0.1829872131,-0.1493339092,0.2615303695,0.0500069857,0.1358545572,0.0696088746,-0.2584834695,-0.0800501406,0.1272024661,0.1240926534,-0.1540511549,-0.2228470743,-0.0689148903,-0.1337083131,0.2522229254,-0.3026277125,-0.1604309976,0.3240688443,-0.1602068245,-0.2432159483,-0.1111800671,0.0323106684,-0.0099994289,-0.1966150403,0.2793948054,0.0837860405,0.2056393921,-0.0904819742,-0.2660529017,0.1434335858,0.0034900815,-0.1714479327,0.1345007420,-0.2616116107,-0.0929634571,-0.1727219969,-0.2555536926,0.0816182867,0.1008258834,-0.1736666113,0.1398549974,-0.1419541985,0.1472454071,-0.2876458168,-0.0296593551,0.0165653583,-0.2496622354,0.1174542829,-0.1118586585,0.2191952318,0.0343543403,0.1311757416,-0.0295695923,-0.1678851396,0.1707372963,-0.0411432311,-0.1438585669,-0.0658299029,-0.1790698022,0.1724521667,0.2252988964,-0.1369964480,0.0636244938,-0.2819065750,0.0574833937,0.0578164160,-0.2174552381,0.1804551929,-0.0807905644,0.0116513334,-0.1574833244,0.4761829078,-0.7453025579
-0.0152053284,-0.0267285425,-0.1096349284,0.0003882685,0.1005521715,0.2807157636,-0.0413505100,0.2151123285,-0.0107552968,0.0186528265,-0.2099008709,0.3025937378,0.2155345082,-0.0597433373,0.0516979806,0.1290246695,0.2803621590,-0.1638558656,-0.0810706764,0.0480054058,-0.1113884747,0.1197583899,0.0420968235,0.0832897648,-0.0585269071,-0.1693492979,-0.0172518417,-0.1802514791,-0.0849331841,0.0024584979,-0.0152746011,-0.0194523707,-0.3398673236,0.0491474792,0.0212602634,0.0316331573,-0.0493516773,-0.2980774939,0.0049267756,0.0554692522,-0.0339941569,0.0508572124,-0.0058635892,0.1311035007,-0.1193777919,0.2071918249,0.1479895264,0.0392618626,-0.0677785799,0.1115169004,0.1617519110,-0.0244261585,-0.3211673200,-0.1238679811,-0.0632423609,-0.3317423761,-0.0124479085,-0.0658028796,0.1666501760,-0.1547752768,0.1199059114,0.2879436314,0.1008839905,0.0137283364,-0.2377924621,-0.0270206239,0.2646976709,0.5095105767,-0.0619959757,-0.2786586285,0.1877761930,0.1680523753,0.0141438777,-0.0142566012,0.1605139524,0.3284671307,-0.1258534789,-0.0540421046,-0.1751129776,-0.0252336860,0.0046388153,0.4448657930,0.0222536158,0.0046279309,-0.1816466004,-0.0145170987,-0.1025387719,-0.0615370423,0.0628459603,-0.1735774726,0.1569572836,0.4440919757,0.0652357191,0.1314334720,-0.2084853053,0.2008664310,0.2117012292,0.0739078894,0.2398016155,0.1667926311
0.0160420351,-0.0278213862,-0.0809952915,0.0860120878,0.1335595101,0.0740140378,0.0225433130,-0.0700977445,0.1885497123,-0.0549519472,0.1501383781,0.0596398078,-0.0477652028,-0.0530094728,0.1498947293,-0.1143304110,-0.0706828237,0.0254577640,0.0186844468,-0.1847718805,0.1978807896,-0.0908329487,-0.0867493227,-0.1765857935,-0.1668192893,0.1702066511,0.0940840468,-0.0943663716,0.0600605309,0.1830996424,0.1006612629,-0.0209687445,-0.0239880085,-0.0677844808,-0.0896978974,0.0700477734,0.1887143254,-0.1397193074,-0.1107920259,0.1267314255,-0.1374950558,0.0005011573,-0.1328050196,-0.0546914041,0.0910943598,-0.1150210053,-0.0971934795,-0.0893736854,0.0892055482,-0.1000789627,-0.0932898447,0.0745014995,0.1207277626,0.0004268620,0.0958264619,0.0613957867,0.0616119541,0.1151742637,-0.0095909117,0.1607081741,-0.0999366492,-0.1408604831,-0.0746371970,-0.0194396526,-0.1164414659,-0.0162696298,-0.0264915843,-0.1500465274,0.1036105528,0.1436409205,-0.0328264870,-0.1079959720,0.0134876873,0.0222978219,0.0735763982,-0.1724404246,0.0006492442,-0.0253998395,0.0856056511,0.0727399513,-0.1363012493,0.0736079589,-0.1601103395,-0.0659557208,0.1081279069,-0.1001214534,0.0925258324,0.0885269344,-0.0533945225,-0.0089960340,-0.1831654310,0.0203788150,0.0427232310,-0.0991202667,0.0694448426,-0.0608741902,0.0130063500,-0.1583377272,-0.0542458072,-0.0907643810
0.0712286010,-0.0405517854,-0.1173427328,0.0898608193,0.1934120059,-0.1041161790,-0.1100028828,-0.1500815302,-0.2160466462,-0.1936404109,0.1541936100,0.0826202407,-0.1380862296,-0.1578476876,0.0829946175,-0.1308222264,0.0479503162,-0.0782446638,-0.0938619971,-0.2180928141,-0.0306665394,-0.0607520379,-0.0381464921,-0.0717389211,-0.1388345957,0.2921512425,-0.0288437381,-0.0457407162,0.0117339483,0.0648717433,0.1437902749,-0.0680716336,0.2017499357,-0.2233758569,-0.0410136022,0.0026536670,0.0456211492,0.0462875590,-0.0984293520,-0.1449431330,-0.1548562050,0.0958884284,-0.1976512223,-0.1536923647,0.1565680057,-0.0633987263,-0.1246870980,-0.0526400432,0.0718966424,-0.0915682614,-0.2496064603,0.2063030899,0.0810038373,0.1894997358,-0.0165947601,0.2291795611,-0.0283134952,-0.0357930250,-0.2116898000,0.1236706227,-0.1645009667,0.0003386239,-0.1179820821,-0.2123133540,0.0185999479,-0.0577401035,-0.0207459182,-0.0213858783,-0.1481258124,0.1437356472,-0.1179215387,-0.0043912595,0.1019438058,-0.0064600473,-0.0147219822,-0.1175275296,0.1372964084,-0.0090983845,0.0585560389,-0.0328651294,-0.1136939153,0.0180465467,-0.1356086433,-0.1495414674,-0.0017216426,-0.1175099313,0.1336843222,0.1552597135,-0.1489113718,0.1666450649,-0.2019779384,0.1460065842,-0.0764442682,-0.2060742527,0.1711608618,-0.0963732377,-0.1225529462,-0.1340954006,0.1937503964,-0.5956705213
-0.1086161062,0.0490487367,-0.1383539885,-0.0604993515,0.1131123826,-0.0173998121,-0.0983003452,-0.1381779313,-0.2661024332,-0.1089385301,0.1253932267,0.0270504523,-0.0680646747,-0.1382534206,0.1217124313,0.0556202494,-0.0929291099,-0.0883697048,-0.0871634632,-0.1650525928,0.0354813375,0.0743480623,0.1174608395,0.0172752999,-0.0663615614,0.1602193415,0.1464395672,0.0046934667,-0.0959924906,-0.1734347045,0.1029405743,-0.0527012013,0.0947603211,-0.0774017051,-0.0413995646,0.0118260942,-0.0107505647,0.1210892573,0.0084078619,0.1606174409,-0.0949388221,0.0604960695,-0.0128446212,-0.1530797631,0.1051362306,-0.1501598954,-0.1522684842,-0.1353648454,0.0979060009,-0.0988207087,-0.1513753235,0.0121417847,0.1403806657,0.1261090785,-0.0496654212,0.2397287637,-0.1096779183,-0.0220012255,-0.1728350818,0.1031274050,-0.1884252727,0.1126502231,-0.0664954633,-0.0834468156,-0.0363554284,0.1035302356,0.0180498511,-0.0401024632,-0.1349788159,-0.0935928151,-0.1217254549,-0.0898472816,-0.0391244031,0.1770107150,-0.0679358691,0.0265963450,0.1622268409,0.0251285024,0.0970489085,-0.0174552258,-0.0298035834,-0.1466383785,-0.1368335336,0.0110261329,-0.0511698201,0.1119583175,0.2081828862,0.0616564490,-0.1386306733,0.0302333329,-0.0485215671,-0.1470859051,-0.0250219628,-0.0953947529,-0.0860401616,-0.1415154785,0.0113106389,-0.1757503748,-0.1169217303,-0.2498512119
-0.0193831101,0.0588311180,-0.0388595834,0.0041261264,0.1294105351,-0.0689463913,-0.1258806884,0.0624647848,-0.0817908496,-0.0265436284,0.1496379226,-0.0630039200,-0.2121199518,-0.0960056260,0.2047458142,-0.1656830162,0.0294771884,0.1231620088,-0.0548298880,-0.1291519701,0.1644905657,0.0719785914,-0.0439164564,-0.1875507832,-0.2421605885,0.0374318771,-0.0197567884,-0.1867370307,-0.0627082959,0.0802231729,0.0358731933,-0.0519647375,0.1960985214,-0.1841953546,-0.1016911194,0.1303674579,0.1161964759,0.0766109005,-0.1478299201,0.0390328318,-0.0473107882,0.1842253953,-0.0195569843,-0.1069499627,0.1373951733,-0.2362507433,-0.1135294139,-0.1679763943,0.0711756125,-0.1194364280,-0.2345528305,0.0545903333,0.1332386285,-0.0333855972,0.0200457349,0.0174531285,-0.0752992332,0.0605730079,-0.1747927666,0.1248313412,-0.1807495207,0.0199469998,-0.0104332799,-0.0754632875,0.0886502340,0.0738552660,0.0211838223,-0.1534984857,0.0188563969,0.0570150279,-0.2128716707,-0.0514831021,0.0662103891,0.0593300685,-0.0128758932,-0.1119674593,0.2049077749,0.0779923797,0.0527671762,0.0379298702,-0.1071374416,-0.0907223001,0.0600303486,-0.1686435491,-0.0104341600,-0.0611580499,0.3245748580,0.1772820055,-0.0872754902,0.0222596824,-0.0890595093,0.0195159800,0.0092986031,-0.1706796736,0.1645190567,0.0048135528,0.0369306915,-0.0758540779,0.1239612028,-0.0568369329
0.0527056977,-0.0362360030,0.0039043657,-0.0520920344,0.2687109709,0.1183421463,-0.0517270565,-0.0146697946,0.0359185413,-0.0190625321,0.0242426135,0.3010540605,-0.1773309261,-0.0286452882,-0.0181171931,0.0567218028,-0.0525167063,-0.0146877896,-0.1004328355,-0.0969635770,0.0531181470,-0.1021929681,-0.0798539892,-0.1287215352,0.0572540164,0.0098727178,-0.0537560843,-0.0536422171,0.0018238425,0.0995127186,0.0186875649,-0.0208834782,0.0186424199,-0.0414028689,0.0567000471,0.0035253181,-0.0264926832,-0.0776815191,-0.0677424669,0.0412629880,-0.1019729003,-0.1012785733,-0.0552980006,-0.0558593869,0.1404627860,-0.0247752815,-0.0959342644,-0.0588828772,0.0233066380,-0.0280263256,-0.1329662800,0.0969265848,0.0345098227,0.0367354900,-0.0688013881,-0.1500790715,0.0482637621,0.0994030833,-0.0276408456,0.0434053056,-0.0554154888,-0.0482686497,-0.0470808037,-0.0352717824,0.0649204105,-0.2420888692,0.0711874887,0.0269318763,0.0464040861,0.0334205180,-0.0595117323,0.0078533161,0.0141375642,0.0405759774,-0.1721766293,-0.0892529190,0.0513393953,-0.0914124176,0.1405892521,0.0978361964,0.0227909498,0.2258713841,0.0004994721,-0.1042028069,-0.0102126775,-0.0276860353,-0.0036687730,0.0143031040,-0.0939918458,0.0631887093,0.0336781405,-0.0651960373,0.0472930521,-0.0374151655,0.0218508430,-0.0845881999,0.1856702715,-0.0178171769,-0.0902611613,-0.1472530365
-0.0622914955,0.0597419180,0.0254765097,-0.0409165546,0.1854827404,0.1145065054,-0.0642799214,-0.0884342641,-0.0664089099,-0.2575365603,0.0294614248,-0.0551146567,-0.1509351283,-0.1583603770,0.2046098560,-0.2235516161,-0.0534344912,-0.0012917414,-0.0842647478,-0.0784025937,0.0767137408,0.0441637225,-0.1692643017,-0.1972758472,-0.1095232219,0.1686199158,0.0191732123,-0.1018249989,0.0455348305,0.2448758930,0.0764060989,0.0931822807,0.0495131724,-0.1521342695,-0.0983440802,-0.0288927350,0.1168857813,0.0109639885,-0.0563624464,0.1218115166,-0.0323936716,-0.0309283305,-0.2110745758,-0.0535273179,0.2303008437,0.0187482368,-0.2348551452,-0.1457062066,-0.0514850691,-0.0367046818,-0.2816774845,0.2053528726,0.0451908149,0.0248081591,0.0548723415,0.1327470094,0.0984752774,0.0557958372,-0.1209417582,0.1881333292,-0.0787866786,-0.2526294291,-0.0454928130,-0.1201857999,-0.0017978660,-0.0434620529,-0.1444543302,-0.0514952689,-0.0070299450,0.0398212187,-0.1010227576,0.0292180143,-0.0785162747,-0.1283752918,-0.0345352702,-0.2363974005,0.0566506833,-0.0543261170,0.1341508627,-0.0423032753,-0.0287202653,-0.2030260116,-0.1487278342,-0.1233226582,0.1144111529,-0.0708533078,0.0671729296,0.1682300121,-0.0746177882,0.1107885092,-0.1196334213,-0.0331862047,-0.0734661296,-0.2026766092,0.2045958936,-0.1271987259,-0.0105692381,-0.1119582653,-0.3419117332,-0.2448548377
0.0471966155,0.0247033946,0.1330780089,-0.0212288368,0.2891680598,-0.1192888618,-0.0647128224,0.1426270455,-0.3077019155,-0.1430383474,-0.0385382995,0.0465213209,-0.2301734686,0.0499845855,-0.0534802526,-0.0664486811,0.1972935945,0.0189260505,-0.0216869228,-0.0577765629,-0.2161505222,0.1326577067,0.0412645526,-0.1560714245,-0.0460220166,0.0726537332,0.0373141058,0.0236212295,-0.0179472435,-0.0204470754,0.0075386059,-0.1664973497,0.0739716887,-0.0867812634,-0.0271408800,0.0489229783,0.1422317475,0.0472060256,-0.0311522186,0.0535202511,-0.0607515201,0.0276805069,-0.0605379939,0.0048833010,0.0938262120,-0.0701304004,0.0424965881,0.0423979089,0.0631916225,0.0256297383,0.0086755650,-0.0079535022,-0.0535312891,0.0576799586,-0.0083662234,0.0363092683,-0.0537828133,0.1095730290,-0.3125200570,0.0870857835,-0.0696900040,0.0305711217,0.0631811917,0.0291939583,0.0475546680,-0.0715158209,0.0303909034,0.0409855880,-0.0571357273,-0.0086059505,-0.0083232960,0.0847855732,-0.0963765681,-0.1343653798,-0.2747423649,-0.1382622421,0.1376573592,-0.0960373953,0.0090412349,-0.0388909914,0.0672112629,-0.0148607064,-0.0178572871,-0.0631922334,0.0726786032,-0.1285140365,0.1447821409,0.0320739299,-0.0724557266,-0.0151654854,-0.1615729183,-0.0747232437,0.0263421889,-0.1499963403,0.0675289556,-0.0463295318,0.2253831476,-0.0208978765,0.0760996044,-0.3957942128
0.1099636182,-0.0690947324,-0.1382113844,-0.0328635871,0.1040675119,0.1363061965,-0.0653431714,-0.0144043472,0.0641638711,-0.2054979652,0.0876397491,0.1888374984,-0.0032704030,-0.1914617419,0.1803197414,0.0243642516,0.0818792954,-0.0975833535,-0.1956044585,-0.1470482200,0.0354613811,-0.1044792682,-0.2509768903,-0.0880036950,-0.3832030594,0.2713627815,0.1626809090,-0.1256675869,-0.0362115353,0.2363599539,-0.0070358920,0.1697341353,0.0250615645,-0.1394505501,-0.0503444560,0.0321028940,0.2589142919,0.0472107641,-0.2684834301,0.0736750886,-0.2533938289,0.1555500925,-0.1603043675,-0.1984774917,0.1755851805,-0.2091855109,-0.2915982008,-0.0660856292,0.0949273854,-0.1126438230,-0.2585260868,0.1798501164,-0.0058068298,0.1542918384,-0.0735081807,0.0123267705,0.0490538627,-0.0200195909,0.0723466650,0.2614476979,-0.2660014629,-0.1251345575,-0.0232258774,-0.2456737608,-0.0434603803,0.0147116669,-0.1481178999,0.0028093674,0.0042663985,0.0028268001,-0.3501601219,-0.1527601779,-0.0445897542,-0.1737356335,0.2445679754,-0.0356554203,0.2279827297,0.1263820827,0.2092159390,0.1230281964,-0.2203390151,0.1494803280,-0.0925056413,-0.0886973292,-0.0202273391,-0.2389487624,0.0176836438,0.1687053144,-0.1868596077,0.0476826280,-0.1470442265,0.0258604046,0.0584527515,-0.2475772202,0.2578417063,-0.0624198131,0.0059633302,-0.1066235006,-0.1656379700,-0.4398547411
-0.0905526653,-0.2051932961,-0.2366994470,-0.2131084502,0.1800971031,-0.0361026339,-0.0029126343,-0.0738977566,-0.0960165635,-0.3857243955,0.0860795677,0.0447104312,-0.1508068144,-0.0789306611,0.1558086127,-0.0963718891,-0.0995623246,-0.0201045144,-0.2126751691,-0.1774203628,-0.0690091178,-0.0458083414,0.0433906615,-0.3319805861,-0.3448380828,0.4206095636,0.0527340397,-0.1941043735,0.0152603341,0.1020088270,0.1943269670,-0.0118593145,0.1627412736,-0.3904271126,-0.0872996226,0.0901928470,0.1786330044,0.2165209055,-0.2488771528,-0.1421576738,-0.2523142695,0.1616732180,-0.2568055391,-0.3045957088,0.2480070442,-0.2050008923,-0.1761566252,-0.1043817699,0.0508893467,-0.0026123852,-0.5585350990,0.5194042921,0.1932027489,0.1453580409,-0.1120717078,0.1169968322,0.0662671924,0.0714207292,-0.1215560064,0.3063505590,-0.4377336204,-0.0872452781,-0.0958875418,-0.3174884915,-0.0936174393,-0.0295349583,-0.0459805988,-0.2091485560,0.0872660205,0.1098598540,-0.5579187274,-0.2274595350,0.0869854838,-0.1068811193,-0.1024311259,-0.3390962780,0.3120218217,0.0048308391,0.2827208638,0.0704883486,-0.0798450410,-0.1104338169,0.0839415044,-0.2781994343,0.0748004615,-0.1539282799,0.1460873485,0.2527708411,-0.2883195579,0.0085196253,-0.2286832780,0.1136098653,0.0784545839,-0.6278849840,0.5958773494,-0.2414846867,-0.1782169789,-0.5114678144,-0.2021457106,-0.8625543118
0.1454991251,0.0628748238,-0.1093978733,-0.0721808150,0.1358522475,0.0947398096,0.0468070582,-0.0797355995,0.1794567704,-0.0392335020,0.0272442997,-0.0457862355,-0.0578693748,-0.0119270701,-0.0152404895,0.0317146555,0.0903380960,0.0199685358,0.0439136103,-0.0061118077,-0.0650793239,-0.0508027226,-0.0772098973,-0.0357457735,0.0124936970,0.0983082727,0.0043155383,-0.1367334425,-0.1018057987,0.1181706861,-0.0313137807,-0.0537720546,-0.0456851795,0.0181716066,-0.0211049337,0.0387466028,0.0606334843,-0.1486632973,-0.0709941387,0.1954652518,0.0274565201,0.0394520834,-0.1163200662,0.0366912559,0.1089696959,-0.0321073867,0.0096411472,-0.0428530835,0.0913461745,0.0209078323,0.0058871633,0.0356654115,-0.0756343007,-0.1088560596,0.1012285724,-0.1679596901,-0.0643960908,-0.0564146303,0.0089231748,0.0575227737,-0.0866417438,-0.1405132562,-0.0100868773,-0.0146981440,-0.0992494524,-0.2706313729,-0.0440128148,-0.0693898723,-0.0060365228,0.0548086911,-0.1110208854,0.0430305339,-0.0484569818,0.0239364263,-0.0798225179,-0.0158861186,0.0802055746,-0.0760436282,0.0653941110,0.1346784681,-0.0306307189,0.0879998431,-0.0737759396,0.0157539733,-0.0125078503,-0.0495699644,-0.0374750532,0.0895792618,0.0108499220,-0.0869374946,-0.1460961401,0.0289698001,0.0321066231,-0.0996014327,0.1243168637,-0.1968506724,0.0950728282,-0.1082863063,-0.1914888173,-0.0429574586
0.0626170412,0.0053373738,0.0532687865,0.0498006046,0.2088771164,-0.0005004028,-0.0456588753,0.0730353594,-0.0842792690,-0.0814880729,-0.0614582673,-0.0417642780,-0.0797338039,-0.1007518992,-0.0311783757,-0.1152643636,0.0540416650,0.0751336962,-0.0854545906,-0.0393076837,-0.1098911613,-0.0296794623,-0.0344963558,-0.0861575529,-0.1179599315,0.1128349602,-0.0233422890,-0.0978489742,-0.1780101508,-0.0956233367,0.1159683540,-0.0803050846,-0.0389832594,-0.0243231002,0.0502346307,0.1048173606,0.1223284677,-0.0773200244,0.0150314020,-0.1752015203,0.0443845391,-0.0471874364,-0.0868551657,-0.0934925377,0.0994355306,-0.1005939394,-0.0985604152,0.0186342169,0.0428027734,-0.0505172387,-0.0611382164,0.1022525802,0.0272804964,0.0052952953,-0.0495521426,-0.0334194116,0.0224721562,-0.0436161160,-0.0507294387,0.1438691169,-0.0224316828,-0.0067808237,-0.1365643740,-0.0339422114,0.1224341467,0.0060557276,0.0138837360,-0.0061004343,0.1148237810,-0.0144760637,0.0157304108,0.0152551029,0.0897056907,-0.0294919778,0.0522620566,-0.0753354356,-0.0225356799,-0.0793653503,0.0524798222,-0.0196003113,-0.0403456539,0.0353136361,-0.0500246063,-0.0368371606,0.0132899890,-0.0027197455,0.0650072545,0.0484524295,0.0183867570,0.0390651748,-0.1369279474,0.0432844535,0.0866424292,-0.0941545293,0.0409828536,-0.1864760071,0.0849928185,-0.1142952368,-0.0129295699,0.1430410743
0.0814318359,0.0531366430,0.2688246369,-0.0991392434,0.3676393330,0.0363646671,-0.1047907621,0.0940762684,-0.2490932643,-0.1490601897,-0.0037241990,-0.1905351579,-0.3160734773,-0.0452178791,0.1346676797,-0.0397210047,0.1796004772,-0.2243765742,-0.0074517066,-0.1405215263,-0.3975197673,-0.0469024815,-0.0544234179,-0.4525451958,0.0033479729,0.1000904217,0.0305730775,-0.2644138932,-0.0298007764,0.0678654537,0.0062380256,-0.2109397054,0.0990541205,-0.1281513423,-0.0869629756,0.0039614793,-0.0189666990,-0.2256211042,-0.1555276513,-0.1334753484,-0.0492178984,0.1344490647,-0.1322921067,-0.0778484046,0.1867088377,-0.0618358925,-0.0064910776,-0.0794251263,-0.0442115553,-0.1322417408,-0.1973982006,0.2216588706,-0.0247267634,-0.0403694995,0.0232515596,-0.2109804600,-0.1802771837,0.0897404477,-0.2226833999,0.0217324905,-0.1645262688,-0.1075441763,-0.0833864808,-0.1041198447,0.4248092175,0.0604276843,-0.1905263513,0.0208286680,-0.0546245947,-0.0551386215,-0.0619142093,-0.0285770372,-0.0161652006,-0.2330393046,0.0965319350,0.1251559407,0.0394678861,0.1103690714,0.2007177025,-0.0182440337,-0.0925921425,0.2967248261,-0.0254375953,-0.1046266779,-0.2092786282,-0.1404024214,0.2946242094,0.1248369217,-0.0328143612,-0.0468579382,-0.2264310271,0.2044034600,0.0444241054,-0.2388294637,0.2268895209,-0.0121099316,0.1567253321,-0.1794347167,0.4068664312,-0.4703054130
0.1732011437,0.0010146059,-0.1068862900,-0.0883893669,0.0668625683,-0.0641289055,-0.0583421066,0.0385471880,-0.1246616766,-0.2469456941,0.0796717331,0.0562607795,-0.2306250930,-0.1691959351,0.0547209382,-0.0311165433,-0.0699741915,-0.0885863006,-0.1085897684,-0.1505774111,0.0602292679,-0.1179402173,0.0342406109,-0.2075016499,-0.1688320190,0.3304874897,-0.0282261595,-0.1405704916,-0.1158007383,0.0927252695,0.1468927413,-0.0575945489,0.0735600144,-0.1256289035,-0.1471077353,0.0621722564,0.0581536517,-0.0046205944,-0.2078016251,-0.1164297909,0.0240483675,0.1666660905,-0.1247816756,-0.1675342172,0.1222708151,-0.2158527374,-0.1319639236,-0.0629801676,-0.0488412865,-0.0915285796,-0.2892462909,0.3438137174,0.1424967349,0.1683501750,-0.0785793588,0.1828474700,0.0538062900,0.1165568531,0.0118711703,0.1364091039,-0.1599691957,-0.0013426237,-0.1608245820,-0.0935481563,-0.1153600663,-0.0205411147,-0.0586572625,0.0712151378,-0.1062159240,0.0993810594,-0.2298229486,-0.1076578945,0.0695087463,-0.0197155289,0.0432236567,-0.2661974132,0.0908048823,0.0174857602,0.0108488705,-0.0816400796,-0.1241593957,0.0723973364,-0.1045927778,-0.0761469081,-0.0382103287,-0.1744473130,-0.0316487662,0.1165434048,-0.1040766761,0.0163347144,-0.1655401140,-0.0205063559,-0.0893173069,-0.1680860370,0.3625346720,-0.1049022079,-0.0987582132,-0.2062982768,0.1132736951,-1.1457400322
0.0472017936,-0.0636505783,-0.1740372032,0.1082202271,0.1298208684,0.2503634691,-0.0725955069,-0.1839855164,0.1577783227,-0.2993632555,0.1091280431,0.2906624973,-0.0738291070,-0.1100147739,0.1012495756,-0.1099508852,-0.1536133587,-0.0153836282,-0.2394857556,-0.1926680952,0.1207470223,-0.2777772844,-0.0069842413,-0.1287863106,-0.3471502662,0.3549753428,0.0637493059,-0.2246676683,-0.2094874680,-0.2193547785,0.1055988818,0.1080523804,0.1326066554,-0.0361933112,-0.0648138225,0.0567843951,0.1760012358,0.0211438872,-0.3027381897,-0.0804375261,-0.0666235611,0.2052283287,-0.3224973977,-0.2222544104,0.1056027636,-0.1592346132,-0.0009026234,-0.2608057559,0.1239432245,-0.0052540964,-0.2785042524,0.2997011542,-0.0027890715,0.2446490973,0.0646948367,0.0489982180,-0.0406475477,-0.0126135098,-0.2173044682,0.2226887643,-0.2673846483,-0.1035897359,0.0000755481,-0.1543415189,-0.2825395465,0.0762301460,0.0905770436,-0.0182195902,0.2722970545,0.0308065340,-0.2405844778,-0.2340118587,0.1709662378,-0.1987897903,0.2459543049,0.0111253792,0.1127678677,0.0086046644,0.2961806953,-0.0197430905,-0.1142001674,0.1133512035,0.0618715584,-0.1056864113,-0.0057051871,-0.1787156016,0.2036603987,0.3076860905,-0.2498067468,-0.0685580522,-0.0423867926,0.2551616430,0.0773984864,-0.3157844543,0.1620233506,-0.1164800897,-0.3122186661,-0.3322425187,0.0037008822,-1.0616945028
-0.0698535815,0.0892278925,0.0883817822,0.0289259907,0.0946337059,0.1586935520,-0.1295380890,-0.0781396404,0.0670824274,0.0023999678,-0.0671630800,-0.1190940291,-0.0023463713,-0.1078389660,0.0489255860,-0.1796744168,0.0524765365,0.0398932621,-0.0695099235,-0.0784853101,0.0130626606,-0.1014597863,-0.0831928328,-0.0239533763,-0.1612336189,-0.0193572119,-0.0114108240,-0.1505238414,-0.0375779420,0.0250269286,0.0659882650,0.0827182978,0.1363504678,-0.1606670469,-0.0094793113,-0.0276597701,0.1093624681,-0.2280427814,-0.1205249950,0.0806669593,-0.0446532890,0.1479641944,-0.1502501070,-0.1254917085,0.0629879162,-0.0160143115,-0.0280871931,-0.0848397166,0.1057596430,0.0828503668,-0.0915087387,0.0304088313,0.1087723598,0.1032620221,-0.0247180909,-0.0748879910,0.0845277309,0.0895121992,0.0223947857,-0.0275011025,-0.0120831067,0.0139322188,0.0137428427,-0.0951583534,0.2242198139,0.0887559056,0.0531264320,0.0171482824,0.0585176796,0.0722914338,-0.1266460270,-0.1054956988,-0.0791771263,-0.0048646266,0.1312881559,-0.0447052941,-0.0054467320,-0.0268705450,0.0118344715,0.0777095705,-0.0792515427,0.0054513440,0.0482567064,-0.1453172266,-0.0049047237,-0.0486329384,0.1966554075,0.0673554912,-0.0317224190,0.0450575948,-0.1734367460,0.0535223000,0.1166157424,-0.1401804090,0.1497743577,-0.1950677186,0.0454371609,-0.1055717245,0.0510509275,0.0587587506
-0.0197384618,-0.0003979808,-0.1196698770,-0.0444986783,0.4178766310,0.2500999272,0.0014912724,0.0805277079,-0.0351452641,-0.0910247490,-0.0585706905,0.0313524082,-0.0097330296,0.1825983524,-0.1162837595,0.0167793874,0.3359199464,0.0149604604,0.0570704527,0.0331522673,-0.1109610498,-0.0422657877,-0.0670082197,-0.1545689553,-0.0730984360,0.1080091298,-0.0092377886,-0.0203622468,-0.0784430802,0.1559198052,-0.2180046439,-0.1856194288,0.0630341619,-0.0852808505,0.0719731599,-0.0004623856,0.0389545523,-0.0496922880,0.0332346447,0.1034578383,0.1131444946,-0.0319863111,-0.0321747363,0.0582663827,-0.0296052005,0.0129086180,0.0654372349,-0.0465508290,0.0982698873,0.0828081295,-0.0143391658,0.0380177647,-0.1450411677,-0.0883500278,-0.0213247947,-0.1661831886,-0.1528322548,-0.0803157538,-0.0902448446,-0.0038904650,-0.0685377494,-0.0537901185,-0.0951064378,0.0694695413,-0.0282754153,-0.4418033957,-0.0592022203,0.0287379902,0.1141675338,-0.0440540873,0.0321751386,0.1002086252,-0.1966489553,0.0223384127,-0.3430156410,0.0828071609,-0.0348341800,-0.1190741360,-0.0695658922,0.0449745841,0.1327293813,0.1065280065,-0.0877888203,0.0700125098,0.0197937842,0.0948661566,-0.1194911972,-0.0323639512,-0.0287988000,0.0529822744,0.0720755756,0.0903425366,0.1538228095,-0.0612505972,0.0276916381,0.0664338320,0.0696875304,0.0170240831,-0.0114046093,0.0313128233
0.0556116402,0.0651118830,0.0779956356,0.0236724038,0.1700317860,0.0431969985,0.0327745415,0.0487882383,-0.0465120599,-0.0980103612,-0.0686482042,-0.0655169487,-0.0990250185,0.0345640667,0.0076481444,-0.0942611396,0.0783148333,-0.0298317093,-0.0400417633,-0.0104157338,-0.0204431247,-0.0931111723,-0.0946280509,-0.0426627845,-0.0965298712,0.0464591160,0.0948163420,0.0210664123,-0.0720785037,-0.0866860002,0.1539355516,0.1141392067,0.0993046016,0.0646375492,0.0751096755,0.0192201883,-0.0333919264,0.0160432011,0.0555459000,0.1455340385,-0.0271551367,0.1256858855,-0.0574053712,-0.0868646502,0.0262468513,-0.0704835057,-0.0581202023,-0.0386963524,0.1174883172,0.0694690049,-0.0945048109,-0.0488993153,-0.0623973496,0.0959940106,-0.0746546462,-0.1269284487,-0.1040519327,0.0034774758,-0.0939998105,0.1180933714,-0.1337198615,0.0612728707,-0.0152004240,-0.0227596201,-0.0469740964,0.0896226093,-0.0384463295,-0.0919570029,0.1277120560,-0.0831953809,0.0209353343,0.0386553742,-0.0319557004,-0.0103337802,-0.0154605005,0.0441369228,-0.0173469186,-0.0912647471,0.1042109951,-0.0752925500,0.0491772629,0.0488879867,-0.0739584491,-0.1459666491,0.0644139946,-0.1339384764,0.0579183288,0.1336310953,-0.0686012581,0.0342594869,-0.0754401609,-0.0331143774,-0.0495281368,-0.1389077008,0.0948614478,-0.0432327203,0.0336134993,-0.1230207458,-0.0704576895,0.0908205286
0.0596402511,0.0933192074,-0.0774417222,0.1355914921,0.1704755574,-0.0698910654,-0.0957281142,-0.0739954636,-0.1443202943,-0.0752318650,0.0463043191,-0.0517912395,-0.1265368313,-0.1290611327,0.0865004882,-0.0778955221,0.1140651256,0.0952029452,-0.0699815452,-0.0889362171,-0.0041250796,-0.0586469993,0.0294250324,-0.0552520864,-0.2003593445,0.2677212059,0.0967084616,-0.1192643493,-0.0896599218,0.0696548223,0.1148603261,0.0916658640,0.1716025770,-0.1253668517,-0.1752673984,0.0167157855,-0.0323828273,0.0702574402,-0.0479195490,0.0676043853,-0.1277945787,0.0137509657,-0.0602623262,-0.0566634201,0.0875717551,-0.1599591225,-0.0529011637,-0.0522200800,0.0752024278,-0.0051085060,-0.1195709556,0.2039996535,0.0525793880,-0.0166717637,-0.0585096218,-0.0083208382,-0.0864322931,-0.0307876989,0.0171834417,0.0862623826,-0.0348177925,-0.0624691769,-0.0343235694,-0.1039094031,0.0869238973,0.0553449579,-0.0709677711,-0.0044787256,0.0199536886,0.1445976645,-0.0581075139,-0.1193504781,0.0551508628,-0.0800371766,0.1063577160,-0.1167080328,0.1574394703,-0.0340106115,0.1166680083,0.0096691484,-0.0626783893,0.0480890125,-0.0213592276,-0.1045086160,-0.0593288802,0.0161149576,0.0004523281,0.0123495478,-0.1829277426,-0.0244064853,-0.0399514586,-0.0027153785,0.0304470286,-0.2370893806,0.3359751701,-0.0449523516,-0.0793244466,-0.0651516616,0.0451795422,-1.1123864651
-0.0870367959,-0.0444062538,0.0793695375,0.1326242536,0.0742221400,0.0385049321,0.0391815677,0.0144026708,-0.1240731403,-0.0377687663,-0.1212820187,-0.0515875295,-0.2516572475,0.0675690621,0.1222760677,-0.0365842134,0.0436372198,-0.0262444243,-0.1254010499,-0.1852224469,-0.0578362793,-0.1135613769,0.1315606236,-0.1928966194,-0.0182337724,0.1696629971,-0.0037354622,-0.0301009770,-0.2185976952,-0.2412188202,-0.0276320651,-0.1846118718,0.1858176887,0.0065968386,0.0246592946,-0.0122063300,0.0911930650,-0.1174088195,-0.1633726656,0.2090021074,-0.0481389277,0.0445780717,-0.0121362284,-0.0225720294,0.1939942986,-0.0224585235,-0.0664489195,0.0410192944,0.1223184094,0.0346831605,-0.0585225597,0.1611298025,-0.1136406213,0.0392675847,0.0666000992,-0.0870108977,-0.0451790802,-0.0189427789,0.0048645460,0.1252334863,-0.1459050328,-0.1296798587,-0.1133301780,-0.1623525172,0.1632028222,-0.2605803907,0.0960280001,-0.0453981087,0.1396751851,-0.0643118918,-0.1310013235,-0.0963561460,-0.0303076338,-0.0757547989,-0.0416571200,-0.0902932063,0.0371001959,-0.1922412068,0.1046069488,0.0531061329,0.0740936995,0.0678041577,-0.0682703778,-0.0224531163,0.0958176628,0.0157040637,0.1107153073,0.1600669920,-0.0886823088,0.0236269105,-0.0358560868,-0.0014473578,0.1417225301,-0.1312983036,0.0999703333,-0.1877963692,0.1197311506,-0.1283597052,-0.1318873912,-0.1586115062
0.0204177648,-0.2564601302,0.0669636279,-0.3066168725,-0.1134307906,0.0058588004,-0.0260177944,-0.0980483219,0.0778345242,-0.0126832891,-0.0627337024,0.1498363614,-0.0113846920,0.0855511725,0.1034058556,-0.0051943068,0.1280625015,-0.0567480288,-0.1416220069,-0.2221097052,0.0902324021,-0.0358185917,-0.0402893014,-0.1616826206,-0.2344464511,0.1286089718,-0.0893594772,-0.1626015455,-0.0341114886,-0.1944679171,-0.0306342226,0.1573336869,0.0504984669,-0.1101389602,-0.0959254131,0.0076111597,-0.0628225803,0.0608951077,-0.1363047212,0.0751891062,-0.0257477611,0.0706810579,-0.1402039528,-0.1343815327,0.0476904698,-0.1027758271,-0.1092974544,0.0054200864,0.0637232661,-0.0847036839,-0.1950285435,0.2529129088,0.0857043341,-0.1837471873,0.0406970419,-0.2494046092,-0.0629665479,0.0633767545,0.1755549163,0.1540936679,-0.0147630870,-0.1074781567,-0.0366324335,-0.0923595056,-0.0088704238,0.0901307613,0.0251335148,-0.0293929260,0.3869213164,0.0254010689,-0.2402556241,-0.0296584554,-0.0543185398,-0.1693359166,0.0725308433,0.0355435722,0.1732614636,-0.0229054186,0.1500242949,0.1986587048,-0.0736295134,-0.0790004805,-0.0829343125,-0.0121751828,0.0945046172,-0.0231727697,0.0280243140,0.0752638280,-0.1785520613,-0.0579032190,-0.1804437339,0.0089686858,0.0722210854,-0.2033027560,0.2458425760,-0.0020854743,-0.0810150057,-0.1930415034,-0.1404273659,-0.5809695721
0.2058679909,0.0756624639,-0.3735052049,-0.1777036935,-0.1267672479,0.0810064375,-0.2142507136,-0.2971809506,0.1873013973,-0.3893138468,0.0459523536,0.2845693231,-0.1311825663,-0.1505703479,0.1987451762,-0.2003329396,-0.4212154150,0.0842094645,-0.2099975646,-0.1292176992,0.1395382583,-0.1598731875,0.1881171018,-0.0961503834,-0.3889042139,0.3653339446,0.0008777507,-0.2280728370,-0.0138233136,-0.4036498666,-0.0127459718,-0.0978430510,0.1869285107,-0.1257415265,-0.2355123311,0.1364684701,-0.0665748715,0.0478214584,-0.3626115322,-0.1386334598,-0.1809070855,0.0920186639,-0.3397983611,-0.1443318874,0.2711195946,0.0038552000,-0.2155379057,-0.1807041913,0.1118968800,0.0055902363,-0.1319887489,0.3734660447,0.2213357389,0.2972517312,0.0158954989,0.1607014686,0.1639348567,-0.0561913885,0.0848670304,0.1988956183,-0.1321334690,-0.4481671453,-0.1534782648,-0.1560546458,0.0514851399,0.0842931494,0.1267395765,-0.2130435258,0.6561397910,0.1113045663,-0.2981723249,-0.2448173612,0.0261691008,-0.1767107248,-0.0215107761,-0.1953001022,0.1421239376,-0.1223325655,0.4150699377,0.1120005101,0.0247266293,0.0907791629,0.0552299172,-0.0972886160,0.0044055171,-0.1750873625,-0.0048653209,0.1622125655,-0.1530872732,-0.1177476421,-0.0881506875,0.0190892257,0.1445161998,-0.3902961612,0.2401393056,-0.1430903077,-0.2929291129,-0.2166644633,-0.1891040057,-0.6959722042
0.0551112369,0.1676477045,0.0854691043,0.1571210921,0.0009405588,0.1786497384,-0.1318933070,-0.0734436885,0.0861594379,-0.1587491035,0.1524957120,0.1063452885,-0.1508835405,0.0025542730,0.0885788649,-0.1437380761,0.1294790655,-0.0345924571,-0.0815736726,-0.1253315508,-0.0594088249,0.0168929063,-0.1952406168,-0.2031948566,-0.2098790854,0.2692752481,0.0239677373,-0.1318701059,-0.1186787635,0.1042137146,-0.0308022741,0.0508526638,0.2568500638,-0.0730426386,-0.0630126074,0.0961204842,0.1854917109,-0.1745210588,-0.1473872215,-0.0340981111,-0.1174115315,0.0925205946,-0.1303967834,-0.1093966365,0.2238372862,-0.1120663062,-0.1354835182,-0.1070410907,0.0567828566,-0.0974460393,-0.3186529875,0.2411650419,-0.0571837835,0.1703751981,0.0539900512,-0.1312755942,-0.0369664617,0.0274268314,-0.0845733359,0.1616794020,-0.2107061595,-0.1527395844,-0.0418290049,-0.1467792839,-0.1265994012,0.0095351581,0.0127466442,-0.0171367079,0.0243238248,0.0994119495,-0.2846548557,-0.1423093677,-0.0571651086,-0.0802960172,-0.0196898058,-0.1763268411,0.1165369526,-0.0173745807,0.0955168828,0.0045258347,-0.1390900463,0.0166207012,-0.1171070784,-0.2144172937,-0.0123821152,-0.1787003130,0.1236903518,0.0800024793,-0.2627200782,-0.0261743162,-0.1976762414,0.0541659370,0.0056280019,-0.2060635537,0.3844319880,-0.0377993211,-0.0633977652,-0.3083079755,-0.0756865814,-0.6710547209
0.0608808696,-0.1612050980,-0.1814985126,-0.0226858463,0.3260050416,-0.0532387197,0.0350484103,0.0423293598,-0.0910975710,-0.3248482049,-0.0006394977,-0.1079344749,-0.2575018108,0.0181741342,0.1038143858,-0.0714176819,0.0912085474,-0.0380305126,0.0630506352,-0.1507744640,-0.1739111245,0.0783891752,-0.0459223054,-0.3288620412,-0.1047015712,0.2387915850,0.0048939213,-0.0008601408,0.0438768752,0.2361977845,0.0455251969,-0.1978217512,0.1635315120,-0.1338385493,-0.1398286670,0.0612748712,0.0007371778,0.0430553108,-0.0860129073,0.0022843815,0.0602565296,0.0329720974,-0.1649892777,-0.2001252174,0.1959891617,-0.1124629602,-0.0879224390,-0.0852618665,0.1048971415,0.1301633120,-0.0919836164,0.1313281506,-0.0342729986,0.1380905658,-0.1101677567,-0.0032009792,-0.0036944586,-0.0805036277,-0.2358034849,0.0301931631,-0.2086049318,-0.0811081603,0.0446215905,0.0641251579,-0.0627289861,-0.0925838649,-0.1464845389,0.1472586542,-0.0566932447,0.0003562347,-0.1913902760,-0.0541868396,0.0595879145,-0.0456285328,-0.3015168905,-0.3223739266,0.1667765677,0.1170589849,0.1387989670,0.0109283244,0.0622299835,0.1527489573,-0.0343999639,-0.0599018857,0.0145254759,-0.1880085170,0.0277735237,0.1682281494,-0.1418644339,0.0363114662,-0.1810672134,0.0723484308,0.0241462458,-0.2106059045,0.2653942406,-0.1390648037,-0.0203121677,-0.1544374526,0.2368490845,-0.6410276890
0.1260490119,0.0019261112,-0.1353365034,-0.0221729260,0.1499796212,-0.1100383624,-0.2450242490,-0.0715457648,-0.0456616282,-0.1997956038,0.0559742078,-0.0677831843,-0.0605411194,-0.1078767553,0.2558199763,-0.1492224038,-0.0355083942,-0.0471334308,-0.2167280465,-0.1009536758,0.0302735660,0.0447841026,-0.1231084391,-0.2391758710,-0.2000052482,0.1536737978,-0.0052738148,-0.1235247552,-0.0079698209,0.0197214913,-0.0217440873,-0.1072913185,0.2172694206,-0.2459090948,-0.1666840911,0.0967353657,0.2034283578,0.0928819329,-0.2138357460,-0.1155933812,-0.0214925539,0.0762691498,-0.1566609442,-0.1979339868,0.1681741774,-0.2379725426,-0.2148179710,-0.1490150541,0.1399597079,-0.1596193314,-0.2818823755,0.2018880397,0.1982174069,0.0048053768,-0.0172634814,0.1985581070,0.0201998428,0.0447503664,0.0057482491,0.0884335712,-0.1245729625,-0.1910384595,-0.0726277083,-0.1638987809,0.0113216117,0.1561045498,-0.1068174690,-0.0410682932,0.0877063945,0.0131852152,-0.0914261714,-0.2173117697,0.1919318736,-0.1513487846,0.1168760434,-0.1646794975,0.1300619543,-0.0407466926,0.0724437758,-0.0225111041,-0.1758925617,-0.0446226336,-0.0571788289,-0.2131904960,0.0725542754,-0.1346230358,0.0216281936,0.1978558004,-0.0839919299,0.1582387537,-0.0727415010,0.1207344383,-0.0587151162,-0.2665475011,0.1986352354,-0.1838819832,-0.0851176828,-0.2418802679,-0.0098643890,-0.2682050169
0.1388220340,0.0315966755,-0.0556945913,-0.0137244537,0.1395340264,0.0040765577,-0.0341486186,-0.1726200283,-0.0331994817,-0.0659407377,0.1338904798,-0.0220665280,-0.1719106436,0.0033168872,0.1757704169,-0.0522454754,-0.0045786528,0.0116879363,-0.1324231327,-0.2488093227,0.1112257540,-0.0595272854,0.0361724831,-0.1324954480,-0.1423218846,0.0737690255,-0.0147827473,-0.0717827454,-0.1557025313,-0.0799394026,-0.0406172089,0.0160304289,0.2038314641,-0.0786128491,-0.0930921286,0.0450760797,0.1288862675,0.0186074972,-0.1756625623,-0.0287385099,-0.1065323204,0.1674102098,-0.2069436610,-0.0919141993,0.1545290202,0.0006153672,-0.0560522713,-0.1839396060,0.1096237823,0.0804491639,-0.1193383709,0.1548203826,0.1247850284,0.3156797290,0.0054909042,0.1131225899,0.1059852615,0.0544971265,0.0644438863,0.0811359733,-0.1049900278,-0.1342590004,-0.1995700747,-0.1146456674,0.0090939645,-0.0776349381,-0.0643554330,0.0118952151,0.1972670853,0.0953065977,-0.2473157793,-0.1681576073,-0.0063432916,-0.2159003764,-0.0720567703,-0.2267281562,0.1605260670,-0.0516243130,0.2263029069,0.0689789578,-0.1811899543,0.1150798351,-0.0345434286,-0.1182975844,0.1555627733,-0.1772981435,-0.0081166588,0.0725146160,-0.0590284280,0.0865801498,-0.1730586886,0.0920760483,0.0323650762,-0.1362316757,0.2372646481,-0.1497072726,0.0735399947,-0.2444667220,-0.0605733767,-0.3395241499
0.0354636796,-0.0038244606,-0.0950333402,0.1118815243,0.3173106015,-0.1251529902,-0.1160101816,0.0353427790,-0.0801546574,-0.1737509072,0.0047745183,-0.1286790520,-0.0305613521,-0.1438246667,0.0864853859,-0.0757603049,-0.0325888023,0.1216902360,-0.1858088076,-0.1003368050,0.1189084202,0.0785113424,-0.1238593012,-0.2119303048,-0.1732605100,0.2428781092,-0.0176730063,-0.0851796642,-0.0802874416,0.1222083345,0.0224164613,-0.0072783106,0.1156132221,-0.1106819734,0.0270892084,0.0859001577,0.1514880955,0.1600063890,-0.0751499757,-0.0633525327,-0.0241994560,-0.0027816219,-0.0587103851,-0.0920844153,0.1686658412,-0.0534312464,-0.2745218277,-0.0484798551,0.0007896199,-0.1010242254,-0.2512283921,0.3075780571,0.2411673367,-0.0487128571,-0.0631593019,0.0792181417,-0.0475569889,0.0785814822,-0.0346404612,0.1714940220,-0.0870243236,-0.1568990648,-0.1719043404,-0.1661083102,0.0439843982,-0.0371510796,0.0465924218,-0.0907324180,0.0291045289,0.0303890146,-0.2145041078,0.0282049868,-0.0026873723,-0.0520772412,-0.1529298127,-0.1823193729,0.2182932794,-0.0695949942,0.0373056456,0.0166626927,-0.1107026488,-0.2161849588,-0.1472714245,-0.1374323517,0.1654987782,-0.1659249961,-0.0184719451,0.2462278306,-0.1741083115,0.0868465826,-0.2284622192,0.0846728832,-0.0184194408,-0.2180673927,0.1999057829,-0.1948312670,-0.0692448467,-0.2122552991,0.0624912791,-0.4677696228
0.0315688588,0.1162168980,-0.1423604190,-0.0382771678,0.1406546384,-0.0089467689,0.0602386594,-0.1433865130,-0.0324421935,-0.0482540615,0.2252876759,0.1485202760,-0.3331377804,-0.0696467310,0.1652298123,-0.1660056859,-0.0600559004,-0.0604989491,-0.0444841608,-0.2290196717,0.1291141659,-0.1476345360,-0.0367492363,-0.2041418999,-0.1881349981,0.3349684775,-0.0636758432,-0.1131724641,0.0423507690,0.0534013398,-0.0956989452,0.0571896583,0.2195098847,-0.1244368851,-0.1784442663,0.0232180003,0.0989039242,0.0064062546,-0.1960728019,0.0589143597,-0.0553158596,-0.0339833573,-0.1572967470,-0.1232393682,0.1254116446,-0.1305610090,-0.2025471032,-0.2392675430,-0.0607032031,0.0456763469,-0.2081783563,0.3097400665,0.1464023888,0.0775913596,-0.0475855432,0.3420423269,-0.0458720364,0.0064625917,0.0780261979,0.2301235199,-0.0943045616,-0.2689337432,0.0092828656,-0.2371646762,0.0148732159,-0.0325756744,0.0039278637,0.0037906833,0.2283180654,0.1546011269,-0.2469606251,-0.1167844161,0.0523311123,-0.0731603354,0.1435737908,-0.1628973782,0.1121049598,0.0997280702,0.1381218433,-0.0776061863,-0.0370673798,-0.1103653312,-0.1301328391,-0.0398639925,0.0698642209,-0.1474324018,0.0657284111,0.1123294979,-0.1645384282,0.0571400635,-0.1497288048,0.0374551080,-0.0396274775,-0.2224949896,0.2983101904,0.0119577106,-0.1340921372,-0.1527139693,-0.0783505738,-0.8499979377
-0.0686739907,0.0180535074,-0.2350382209,-0.0014834420,0.1470717490,0.1862488091,-0.1550334543,-0.0499265492,0.0786948130,-0.0990564972,0.1205683723,-0.0016527643,-0.1005105227,-0.2051726431,0.1157228425,-0.0563309751,-0.1476712674,-0.0234114416,-0.1342012882,-0.1135717109,0.1693886667,0.0358751826,-0.1014821902,-0.0266742073,-0.2071151137,0.0810807347,0.0437365584,-0.1845515221,0.0959767178,0.2557284236,0.1102522537,0.1447925419,0.0173880439,-0.0593436845,-0.0778583363,-0.0079870000,0.0653166920,0.0046522389,-0.1017692611,0.0145751806,-0.1416898668,0.1082940474,-0.0225501359,-0.1797336042,0.1626695096,-0.1482029408,-0.1650276631,-0.0033305220,0.1323532611,-0.0916140899,-0.1693891287,0.1315490752,-0.0254037920,0.1688330770,0.0733941346,0.1084130257,0.0442768633,-0.0377640203,-0.1603576392,0.1952465177,-0.1642393023,-0.1258306950,-0.2033869326,-0.0475812778,-0.1225864440,0.0993984416,-0.0839589462,0.0171260964,0.0810356736,0.1485133469,-0.0439452268,-0.0987488106,-0.0040994585,-0.0297639314,0.0995712429,-0.2071211338,0.1760863364,0.1115995571,0.2118754387,0.0428774282,-0.1424657404,0.0766852796,-0.1130467653,-0.1845857650,-0.0015939727,-0.1030919179,-0.0105800582,0.0628187582,-0.1329519898,-0.0700356141,-0.1538373977,0.1579270661,-0.0551853552,-0.0368814506,0.1584868282,-0.1205661222,-0.0877920389,-0.1049453914,-0.0446171016,-0.3148002625
-0.1663927436,0.0529523343,0.2494689226,0.0765066519,0.0093884254,-0.0330623724,-0.0998327062,0.1215586141,-0.0865361318,0.0688587427,-0.1237353757,-0.0375244208,-0.0756242871,0.0325629003,0.0254327301,-0.1879032999,0.2586396039,0.0541740060,-0.0405116901,-0.1691923141,0.0061493698,-0.1377703547,-0.1332674026,-0.1200316176,-0.2132623941,0.0437183790,-0.0599103309,-0.2287928611,-0.2843302190,0.0926714763,-0.0387476832,-0.0965882018,0.0961466432,-0.0245638844,-0.0296473391,0.0271632597,-0.1784276664,0.0579812638,-0.1102690101,-0.0509337857,-0.0850565955,0.0560077727,-0.3139275014,0.0420776010,0.1944844872,-0.1109212935,-0.2145668864,-0.0758851469,-0.1363964230,0.0608478300,-0.1799327880,0.1449196935,-0.0082803136,-0.0698257834,-0.0473098606,0.0262816213,-0.2557701468,0.0449984968,-0.0614454225,0.1254776567,-0.1697861105,-0.1591428071,-0.1104070917,-0.1165100783,0.3047521412,0.1822860837,0.1317747235,0.0572219156,-0.1464980394,-0.0540570468,-0.1284717619,0.0774540529,-0.0742276683,0.0034943558,0.1091001034,0.0314874761,0.0065725809,0.0310515109,0.0341678225,-0.0073311408,-0.1184064299,0.4426162243,0.0460637622,-0.0323596559,-0.0567421913,0.3101349175,0.0649829507,0.0686365068,-0.1434653550,-0.0372394808,-0.1394857168,-0.0262223799,0.1338819116,-0.2905955017,0.1433367580,0.0996335000,-0.0306377616,-0.1416597068,0.3475671411,-0.6087155342
-0.0220373198,-0.0902157649,-0.0202737302,0.0422734432,0.1156253442,0.1281151623,-0.0524035990,0.0796093345,-0.0983689800,-0.0605208091,-0.1222059876,0.0018012334,-0.1407697946,-0.0300054885,-0.0030035705,-0.0003377929,0.0531439260,-0.0257509202,-0.1409811825,-0.1203338131,-0.1119794399,0.1201868430,0.0781297907,-0.0200730246,-0.0811464116,0.0780415908,0.0906696320,0.0189637411,-0.1371260732,0.0193682145,-0.0615531653,-0.1073265076,-0.0088918936,-0.0802110210,-0.0953291506,0.0727783367,0.0797101408,0.0612303987,-0.0239251554,-0.0288615841,-0.0886234045,0.0159764905,0.0433997437,-0.1268783212,0.1389849931,-0.0160903893,-0.0736145526,-0.0660870075,-0.0615184121,0.0397315510,-0.0446697325,0.0486421213,0.1093549430,-0.0144771338,0.0414358377,-0.0008923186,-0.0262946282,0.0758874789,-0.1619454324,0.1362383515,-0.0942511484,-0.1368652582,-0.0635285452,-0.1134106666,-0.0793594941,0.0661081076,-0.0771221444,-0.0752895623,0.0267627537,0.0286627840,0.0160987154,0.0339895822,-0.0349214226,0.0267915037,-0.0654260293,-0.1136375591,0.0721979961,-0.0322203748,0.0321256220,-0.0755585507,-0.0126351649,0.0764144212,0.0328168646,-0.0039184764,0.0817632228,0.0200106893,0.1687813848,0.0327380672,-0.0263265744,-0.0651658103,-0.1302811503,0.0507999919,0.0039052966,-0.1202273071,0.1009521410,-0.1590109468,0.1328162104,-0.0291311909,-0.0532292835,-0.0548364148
0.0209138766,0.0454825275,-0.0400543101,-0.0706878975,-0.0664433837,0.1812344044,0.0076034782,-0.1523440033,-0.0454874188,-0.1983618885,0.1043096930,-0.1967750937,-0.2754113078,-0.1832190603,0.2681477964,-0.0948379859,0.0681431442,-0.1804251522,-0.1611083448,-0.2580402493,-0.0411252044,-0.0013862703,-0.0515016280,-0.1203553900,-0.2129780650,0.4055182934,0.0450102538,-0.3239662647,-0.0691130385,-0.0102051739,0.0096494453,0.0023592638,0.2371157408,-0.2960074246,-0.1523158401,0.0004339586,0.1871750504,-0.0035428551,-0.4209223688,-0.1362183839,-0.1303334683,0.0464332141,-0.3124276400,-0.3256374002,0.3272708654,-0.1913712770,-0.2865107358,-0.1179623231,0.0733504742,-0.0174044818,-0.4031586349,0.3417277336,0.0965294391,0.0404911190,0.0588048548,-0.1317637563,-0.0184111074,0.0933441594,-0.1343660057,0.2968433499,-0.2704192102,-0.2637233138,-0.1964548826,-0.2182494700,0.0229670834,-0.0468575358,-0.1453503966,-0.0016367832,-0.0374158584,0.0385892279,-0.4838711321,-0.0128756482,0.0410868786,-0.1412864625,0.0604410134,-0.2708173692,0.2023999989,-0.0115436679,0.2253449559,0.0082733426,-0.0822054669,-0.0305995531,-0.0110332435,-0.2948244512,-0.0236228798,-0.1475520134,0.0604435205,0.3683847189,-0.3857630789,-0.0829216614,-0.2648849189,-0.0109263919,0.0341939591,-0.3992644548,0.5375521183,-0.2462502122,0.0076200417,-0.3877785802,-0.0134293567,-0.7012041807
-0.0583383851,0.0019780779,-0.0284409616,-0.0435468778,0.2055862397,0.1998174936,-0.0346400402,0.0453119315,0.0405524522,0.0483722314,-0.0757238567,0.1309541762,-0.0661113039,0.0123420795,0.0191869270,-0.0714009851,-0.0110284863,0.1490625888,-0.0906789079,-0.0981156677,-0.0167435184,0.0663367659,0.0005977969,-0.0912572294,-0.1222580224,0.0183730237,0.0305411760,-0.0712377578,-0.2349602729,0.1546041667,-0.0189291369,-0.0414619073,-0.0917603299,0.0799162835,0.0355326198,0.1097409949,-0.0583323725,0.0051251920,-0.0447965413,-0.0290640704,-0.0294071324,-0.0936076194,0.0082485666,-0.0845805183,-0.0092174122,-0.0684776679,-0.0086740628,-0.0234261509,0.1088180616,-0.0348041430,-0.0536980703,0.0347200707,-0.0386870876,0.0850211233,-0.0385744087,-0.1784757674,-0.0251271073,0.1136490777,0.1090638489,0.0869449973,-0.0277714171,0.0014073525,-0.1399228424,0.0565743223,-0.1224579141,-0.2552013099,-0.0331547149,-0.1081192195,0.0152715025,-0.1035849303,-0.0956209525,-0.0630144104,-0.1177648976,0.0000840752,0.0003907100,0.0380654447,-0.0572121367,-0.0690205917,0.0784025788,0.1262461692,-0.0526053458,0.1442859471,-0.0136883436,-0.0516367555,0.0918274149,0.0361854546,0.0475535616,-0.0385392457,-0.0894984752,0.0808719769,-0.0418772846,-0.0418326333,0.1742572039,-0.0426389910,-0.0069977604,-0.1129615232,0.0626650155,0.0019288122,-0.1188231334,-0.0411029831
-0.0025328663,-0.0182148274,-0.1828426421,-0.0751939639,0.1132000461,0.0203825161,-0.0038378662,0.0334970430,0.0882079378,-0.2617766857,0.0034458356,0.0882325023,-0.2662571371,-0.1172071472,0.0768047273,-0.1035268903,-0.0043558832,0.0425585322,-0.2444485575,-0.2756579518,-0.0738736838,-0.0339401662,-0.0079437150,-0.1607883126,-0.3160030842,0.1643446088,-0.0936618820,-0.1925107837,-0.1554551870,0.1534655988,-0.0496055633,-0.0400869772,0.0619369745,-0.0980154276,-0.0373969488,0.0591068715,0.0829560682,-0.1174253523,-0.1714780778,-0.0507754833,-0.2021267861,0.1727695763,-0.3226507008,-0.0915171131,0.2562390864,-0.0223749075,-0.2049307376,-0.1669127941,0.0254382938,-0.0158475079,-0.2418264002,0.2980810106,0.0932933688,-0.0146081597,-0.0558102056,0.0882300064,0.0103822500,-0.0029156955,-0.1912015676,0.1005863696,-0.2242960930,-0.2161096036,-0.0934728608,-0.1577867568,0.0531508625,-0.0300256126,-0.2292540520,0.0719805434,0.0581539497,0.0384272113,-0.1412594616,-0.0455369242,0.0190040767,-0.1722935587,0.0064892354,-0.2420193553,0.0516291149,0.0335936509,0.1335358322,0.1633514911,-0.0250644274,0.0298347417,-0.0417996086,-0.0411271900,-0.0472199172,0.0155673139,0.0463486500,0.2753101587,-0.2319976240,0.0830533355,-0.1949279010,0.1222911701,0.0549352169,-0.2909808755,0.2801337540,-0.2304749489,0.1055304855,-0.2758276463,0.0872537792,-0.3636629581
-0.0830777586,0.0771370456,0.0921535715,-0.0547863469,0.1638631374,0.1590405852,-0.0978187248,-0.0039229705,-0.0337346382,-0.0698349029,0.0522885732,-0.1330401897,-0.0934417546,-0.0240231585,-0.0118271187,-0.0428667031,0.0673655942,0.0574889518,-0.0917426571,-0.0391148850,-0.0624072626,0.0273261033,-0.0233259890,0.0227838885,-0.1215710416,-0.0305014197,0.0716241226,-0.0876296237,-0.1209298372,-0.1301915795,-0.0055584670,-0.0323821679,-0.0597187951,-0.0619432889,0.0895625204,0.0105890045,0.0377740785,-0.0921179205,-0.0380622037,0.2668290138,-0.0110270698,-0.0788093135,-0.0263020303,-0.1404657662,-0.0118274996,-0.0744034871,-0.1274543107,-0.0601372570,-0.0125558646,0.0959022418,-0.0900574252,-0.0808847100,-0.0413664766,-0.0765426010,0.0122421216,-0.1346244514,-0.0135968067,0.0760777518,0.0458356738,0.1059394106,-0.0870391130,0.0061743315,-0.1059843302,0.0554235429,-0.0846258625,0.0242211781,-0.0258412752,-0.1008336321,0.1219997108,-0.0019468355,-0.0066631651,0.0211162698,-0.0432341956,-0.0491309129,-0.0219346751,-0.0053447965,-0.0554842055,-0.0725056753,-0.0569576807,0.0472052917,0.0764083564,0.0690280646,0.0509760156,0.0240646619,-0.0774325877,-0.0649938956,0.0444819480,0.1126426905,-0.0689444691,0.0601223521,-0.0820573345,0.0126228388,0.0089635691,-0.0326846987,-0.0357919447,0.0242948197,-0.0332280248,0.0493843816,0.0112700369,-0.0833164155
0.0904656649,-0.0476927906,-0.0643750951,-0.0075842207,0.2397512347,0.1417512745,0.0399440005,-0.1346870512,0.0376165397,-0.1402111202,0.1721864045,0.1532279700,-0.2943139374,-0.0541398935,0.0969730914,-0.0007298051,0.0290427655,0.0644974336,-0.1799887866,-0.2149120718,-0.0907656327,-0.0756822005,-0.1856954843,-0.2030652016,-0.0932508186,0.2112148106,0.1088218018,-0.1360286027,-0.1736617237,0.1906487793,-0.1012862399,-0.1376187205,0.0947787985,-0.1243608445,-0.0167018324,0.1801837236,0.1906617284,-0.0628195331,-0.1210021079,-0.0570850894,-0.1849973798,0.1306354851,-0.0733787045,-0.0697044879,0.2546113133,0.0051257443,-0.2293232232,-0.1045754850,0.0892715156,-0.1191742793,-0.1052297279,0.1719620675,0.1289396137,-0.0406841300,0.0865335464,0.0059052985,0.1630284935,0.0237005670,-0.0041532805,0.1805447936,-0.1862924546,-0.0746992603,-0.1374874115,-0.2313809544,0.1559055895,-0.1181313992,-0.0645731539,0.0475045666,0.0704727545,0.1701377779,-0.0756261572,-0.0493644401,0.0321900658,-0.2145815641,-0.2124215811,-0.3082640469,0.2488649637,0.1547899991,0.2412542403,0.0552216806,-0.0407783166,-0.1653625965,-0.0539630614,-0.1271084994,-0.0621508881,-0.0301960260,-0.0646048263,0.2273736745,-0.1563606858,-0.0582350455,-0.2103875577,0.0360544436,0.1136302799,-0.2497746199,0.2501915991,-0.1213778555,-0.0996092558,-0.2430182993,-0.2754586339,-0.1519360840
-0.0427412428,-0.0485591702,0.1086820364,0.0281296931,0.3436793685,-0.0339266844,-0.0424169227,-0.0470876917,-0.0819747224,-0.1275694221,0.0581269488,-0.1715351790,-0.1258838326,-0.0421671718,0.1387924999,0.0191633701,0.0804225504,0.1316896230,-0.0054148394,-0.0757900774,0.1322111487,-0.0709301829,-0.0254708584,-0.1099678800,-0.2067043781,0.1376211792,0.0897542462,-0.0916250721,-0.0489857011,-0.1137738079,-0.1024706662,-0.0069701369,0.0251523834,-0.0450853705,-0.1043290049,0.1513341367,0.0054810108,-0.0533988588,-0.0165625960,0.1903031170,-0.0748135969,-0.0015761280,-0.0837207884,-0.0066691688,0.1017202735,-0.1153685376,-0.0231647044,-0.1646983176,0.0863308907,-0.0589560121,0.0124048954,0.0547029339,-0.0761775970,0.1079017073,0.0137311444,0.0973749161,-0.0849800706,0.0821564570,-0.0087422021,0.0674921125,-0.0174606666,-0.1540530324,-0.0554600433,-0.0228201635,0.0241248850,-0.1494406015,0.0882057920,-0.0696599111,0.1028010622,0.0828137621,-0.1565017551,-0.0995106623,-0.0106047001,0.0361429490,0.0376072228,-0.0975043848,0.0433740877,-0.0518004373,0.0568656586,0.0598829761,0.0375956483,-0.0003191706,-0.1113042161,-0.0046517625,0.1267066300,-0.0533026084,0.1411402375,0.1722559333,0.0166298281,-0.0004498394,-0.0858148560,0.0825465694,0.0722207054,-0.0514603071,0.1261102557,-0.0099524511,0.1150362566,-0.1523153037,-0.1823181212,-0.0516875200
0.0455098115,0.0422681123,-0.2204290479,0.1064815894,0.1641679555,0.0464795940,-0.1016218290,0.0148914680,-0.1259520799,-0.1903409362,0.1149191558,-0.0126004592,-0.2604644299,-0.1115456820,0.0503448360,-0.1523367912,-0.0554103367,0.0090276543,-0.1913335770,-0.0870373845,0.0409438424,-0.1066153869,-0.0888989493,-0.1365883350,-0.0879346654,0.2686527967,-0.0140758064,-0.2154140472,0.0277524162,-0.1324694455,-0.0574755669,0.0470941700,0.2059260607,-0.2108863443,-0.1497096866,0.1565660387,0.1651583016,0.1133022159,-0.2698279023,0.0341015868,-0.1238994747,0.0763144419,-0.1745200753,-0.1535058320,0.2039133608,-0.0685044453,-0.2328055501,-0.1164053306,0.1415237933,-0.0894637182,-0.2910984457,0.2913869321,0.0093156677,0.0313644335,0.1341574192,0.0571630560,-0.0380803794,0.0548379980,-0.2220222652,0.2817620039,-0.1336928755,-0.1888394505,-0.0715239868,-0.2439834774,0.0405597426,-0.1446700692,-0.0409041271,-0.0150052877,0.1211370304,-0.0215434954,-0.1651547551,-0.1411132216,-0.0262117796,-0.1991307437,-0.0489150621,-0.2267916948,0.0711922050,0.0284096431,0.1463709176,0.1359534711,-0.0167466793,-0.0515690595,-0.0444224179,-0.0913426355,0.1483191252,-0.1765251160,0.1520029604,0.1561435461,-0.1872648150,0.0960824788,-0.0389450453,-0.0850522518,0.1113158837,-0.1899911165,0.3053571880,-0.0886602402,0.1385634392,-0.1694401205,-0.0052975402,-0.6517217159
-0.0460072048,-0.0221858993,-0.0561236665,-0.0478892028,0.2669013143,0.0644511506,-0.0989418477,0.0136072878,0.0093007367,-0.1655847728,0.0535042733,-0.0462895483,-0.0758965909,-0.1140044928,0.1057556644,0.0259188600,0.0178519916,0.1353789419,-0.1449728906,-0.0766888633,0.0346724428,-0.0959317684,0.0526994877,-0.1391645223,-0.0629840642,0.0284237936,0.0195240751,-0.0995799601,-0.1004923955,-0.0929185823,0.0127557144,0.0280279536,0.0644887239,0.0380700827,0.0071166577,0.0080286898,0.0567426458,-0.1086868718,-0.0347591713,0.0245113168,-0.1434165090,0.0253449213,0.0220945347,-0.0717585608,0.1171223521,0.0329033285,-0.0459908359,-0.0331401005,-0.0269241873,0.0605625622,-0.0268804543,-0.0225095525,-0.0686809570,0.1184714660,0.0415359475,0.0402186811,-0.0801053643,0.0335221291,0.1121580750,0.1538251191,-0.0870583206,0.0500315614,-0.1136440858,-0.1401302069,-0.0477455705,-0.0965097994,-0.0603286661,-0.1431639791,0.0368401296,-0.0087712975,-0.0484682098,-0.1370362192,-0.0204020776,-0.0704230592,0.0707779601,-0.0521003157,0.0555444807,-0.0963040590,-0.0124404607,-0.0642805547,-0.0885003507,0.1996409148,0.0057307244,-0.0427420251,-0.0289382823,-0.1352473497,0.0318942890,0.0117480997,0.0393036678,0.1122169420,-0.0584976971,-0.0109973606,0.0532211438,-0.1678332388,0.1224342510,-0.1605909318,0.0349939577,-0.1259688437,-0.0748224333,-0.1330982000
0.0536111407,-0.0652550161,-0.0545180961,-0.0520418175,0.2775267363,0.0215718541,-0.0314782858,0.0082826708,-0.0283533931,-0.2694242895,-0.0649004057,-0.0074803573,-0.1955183595,-0.0463846810,0.0176192019,-0.0488478132,0.0330279991,-0.0942094848,-0.0288512241,-0.1216652393,-0.0470156297,-0.0610448048,-0.1209031865,-0.0874890164,-0.2007544041,0.1985609084,0.0387960970,-0.0351298712,0.0220006108,0.2858313322,0.0721115172,0.0754458010,0.1102314219,-0.0851428509,0.0114726936,0.0793904811,0.1914619058,0.0496642813,-0.0594420880,-0.0283123553,-0.1999286711,-0.0238961689,-0.1558412611,-0.0538130067,0.2139919996,0.0102431094,-0.2513768077,-0.0941453204,-0.0592728369,-0.0707976446,-0.1022858322,0.1183233708,0.1552885175,-0.1691837311,0.0942136571,0.0064835339,-0.0075753210,0.1061915830,-0.1004815474,0.1576132178,-0.2383058816,-0.1982946098,-0.0661391988,-0.1858651489,-0.0134199820,-0.0255238041,-0.1812865734,0.0925533250,-0.1419400573,0.1586492807,-0.2224467248,-0.1219342276,-0.0380369574,0.0035859682,0.0058070044,-0.1321215779,0.1902131289,0.1416268349,0.0850437135,-0.1141403913,-0.1367403269,-0.0771676153,-0.0689617023,-0.0743805096,0.0780605227,-0.1928922087,-0.0028220133,0.1177509725,-0.1088152230,-0.0478168167,-0.1709375679,0.1451911926,-0.0018986901,-0.2316929400,0.2453038096,-0.1178929508,0.0352103747,-0.1790158004,0.1658597440,-0.1586331576
0.0327051580,-0.0402319804,-0.1085266769,0.0789153054,0.0445865206,-0.0334619172,-0.0246780924,-0.0945619270,0.0215954352,-0.1702452302,0.0589926615,0.1315966547,-0.2061360329,-0.0102091962,0.0131090954,-0.1365074515,0.0038485192,0.0291648656,-0.0635896176,-0.0560206436,-0.0118182031,0.0582428500,0.0071740919,-0.1092401147,-0.2284800261,0.2106701583,-0.0686502606,-0.0873212665,-0.1113785431,0.0510158315,0.0877925232,-0.0131286765,0.1044033021,-0.1506154537,0.0060905446,-0.0553566143,0.0584842190,0.1262945533,-0.1268344820,0.0043620942,-0.0259017218,0.0874225050,-0.2733723819,-0.0655701980,0.2612318993,-0.0290853847,-0.1469510198,-0.1126642451,-0.0399455614,-0.0025391248,-0.2757307589,0.2686641514,0.1027450785,0.1815885901,0.0831846073,0.1330299973,-0.0349747874,-0.0584135465,-0.1316155493,0.1797692031,-0.1761423349,-0.1269220710,0.0284483936,-0.1733867377,0.0436294936,-0.0278511159,0.0063568978,0.0335917398,-0.0856617019,0.1013498232,-0.1593423486,-0.1340140998,0.1269276887,-0.1191324219,0.0861200020,-0.0886982009,0.0708374679,0.0295407549,0.1156752259,-0.0011374132,0.0009495728,0.0044216835,0.0006659193,-0.1990844309,0.1211094856,0.0168757010,-0.0325447097,0.0681683421,-0.1542871743,-0.0242730062,-0.1098020449,0.1134354770,0.0539991856,-0.2826809585,0.2581505775,-0.0582455583,-0.0064443173,-0.1077771410,0.1293929517,-1.2643554211
0.0835871547,0.0253945086,-0.1528480500,-0.0329914987,-0.0274001211,0.1136349812,-0.1058941558,-0.0803628415,-0.0596148558,-0.0476016589,-0.0041057896,-0.0954478607,-0.2509939969,0.0190676861,0.0558382235,-0.1266513467,-0.0671526417,0.0993827134,-0.0243992191,-0.1450179666,0.0900027901,-0.1341593117,-0.0342040733,-0.1132611781,-0.2263306826,0.1022078991,0.0480165109,-0.0603488907,-0.0956311002,-0.0511175133,-0.0583258793,-0.0761085525,0.2080466151,-0.1763296425,-0.0723824129,-0.0004469516,0.1515752971,0.0801293403,-0.1446628869,-0.0491894931,0.0217823517,0.0237134676,-0.1216212660,-0.0602123924,0.1549336612,-0.1339511424,-0.0226230100,-0.1484166980,-0.0229263324,-0.1001489758,-0.1958084852,0.2324122787,-0.0115442947,-0.0339675769,0.0825866237,-0.0687649548,-0.0518331788,0.1445391327,-0.0436406881,0.1142991036,-0.2254969180,-0.1647489071,-0.1293783635,-0.1209391579,0.1130898148,-0.0026991770,0.0589323193,-0.1112908274,-0.0495422445,-0.0069526248,-0.2335318625,-0.0111412648,0.0421084836,-0.1134594381,0.1196068972,-0.1393513530,0.0621303841,0.0935139880,0.0902786553,0.1313095987,0.0214574579,0.1264575720,-0.0852738842,0.0043480876,0.1173250750,-0.0693424568,-0.0215872116,0.2028884292,-0.0853711143,-0.0247403905,-0.1020533964,0.0796846226,0.0287098028,-0.0952946842,0.2619506419,-0.2131462395,0.0464292467,-0.1051686779,0.0298051704,-0.7849111557
0.0022545971,-0.0160328988,-0.0579001456,0.1076489836,0.3148672283,0.0883482248,-0.0372740515,-0.1648265123,0.1344652027,-0.0569058545,-0.0081775133,0.0759455711,-0.0520027727,-0.1443722993,0.0223983750,-0.1616026759,0.0436600000,0.1236771420,-0.0277687050,-0.0047741355,0.0581919141,-0.0921954066,-0.0527292639,-0.0580461472,-0.1103272513,0.0498274378,-0.0117275780,-0.0559656769,-0.1285973340,-0.1530990750,0.0354110599,-0.0398993678,0.1058264822,0.0226344001,-0.1334405392,-0.0233526248,-0.0247675069,-0.0043146349,-0.1827933043,-0.0098007517,0.0261383560,-0.0097114006,-0.0033113139,-0.1090482995,0.0891059265,0.0072704316,-0.0593014434,-0.0901125297,0.1658431441,-0.0445432812,-0.1312197745,0.0026570766,-0.0415695906,0.1856811494,-0.0080205631,0.1017165706,0.0136250081,0.0751952454,0.0555065721,0.1784276068,-0.0902080610,-0.0551919192,-0.1308517009,-0.1005851999,-0.0411709361,0.0365148485,0.0259132460,-0.1045673341,0.0312155373,0.0004568343,-0.0429948159,-0.0183368642,-0.1105659455,-0.0452372245,0.0025682321,-0.0218469538,0.0485970750,-0.0943649262,0.1698460281,0.0815233812,-0.0016269883,0.2245685160,-0.1835118681,-0.1777807325,0.0530731976,-0.2238204181,0.1586598903,0.0156885907,-0.0651287958,0.1480433643,-0.0437730774,0.0503735654,0.1913310289,-0.0681063458,0.1564600766,-0.1137282103,0.0048653437,-0.1717033684,-0.0039191428,-0.0707671270
0.1325443834,-0.0707017407,-0.0018039432,-0.0698822439,0.2003637254,-0.0276154764,-0.0692089945,0.0350755714,0.0941434130,-0.1081667319,-0.0519964807,0.0496078730,-0.1110069826,-0.0416406579,-0.0276018735,0.0156684648,0.0550134890,0.0626793504,-0.1217827871,0.0290486496,0.0167515539,0.0621055551,-0.0205043405,0.0422343425,-0.1010986120,0.0959301293,0.0830826238,-0.0463088676,-0.1403226256,0.0526736304,-0.0449632332,0.0419122726,-0.0820766091,-0.0969634801,0.0206308421,-0.0083880238,0.0328959823,-0.0130411731,-0.0140179135,-0.0655016005,-0.0749809518,0.0169306044,-0.0738490894,-0.0041134194,0.0829507634,-0.0381821580,-0.0609912574,0.0676416755,-0.0492093787,0.0052543199,-0.0963477716,0.0845336244,-0.0255974475,-0.0812646970,0.0142843761,0.0134858508,0.1184980646,0.0363171399,0.0745195150,-0.0099864183,-0.0588232651,0.0099298358,-0.0077834572,0.0096383216,-0.1596421450,-0.0121116741,-0.0950932577,0.0100217806,0.0020728691,0.0070090648,-0.0299635809,-0.0437751673,0.0345070213,-0.0522464104,0.0737089291,-0.0405685119,0.0403023735,0.0051384228,0.0222637132,0.0448867790,0.0203324314,-0.0529334918,-0.0471692681,0.0489893854,0.1017882079,0.0092153456,0.1089156568,0.1201846674,-0.0466418266,0.1081629992,0.0142057901,-0.0923586711,0.0561126731,-0.0042037806,0.1065501049,-0.0437597744,0.0696555451,-0.1261715144,-0.0935191736,0.0702615008
0.1496016830,-0.0226281919,0.0204897486,-0.1153789163,0.2449761480,-0.1013012677,-0.0573275164,-0.0042370325,-0.1113476157,-0.2615431547,0.0548840389,0.0000825897,-0.2783580124,-0.0612046123,0.2152060866,-0.0194969922,0.0561065972,0.0461621769,-0.1195083708,-0.2622881532,0.1383021027,-0.0924093276,-0.1352982968,-0.2626132369,-0.2757928669,0.3450018764,-0.0665873215,-0.1110868379,-0.1188879088,-0.1262878180,-0.0207533613,0.0037538698,0.1684438437,-0.2502171099,-0.1382858902,0.0327943191,0.0565178767,-0.1119476557,-0.1711067557,0.0081992662,-0.0245339125,0.1525726765,-0.2415176034,-0.1825921535,0.1980174333,-0.1564666927,-0.1446613371,-0.1200646237,0.0619803369,-0.1509139091,-0.1194568798,0.1548985839,0.1111267209,0.2577224374,-0.0292605758,0.1048923358,0.0052586556,0.0938749611,-0.0323950909,0.1835555583,-0.3047232032,-0.2347408682,0.0012279296,-0.1427060515,0.1872725487,-0.0018544481,-0.0434000567,-0.0219106786,0.1492544264,0.0565531775,-0.2629249096,-0.0563976988,0.0717358217,-0.1113101989,-0.0595322922,-0.1783609092,0.1593690962,-0.0737662911,0.2835737765,0.1559633762,-0.1361676157,0.1680412292,-0.0852645412,-0.2326994985,0.1502616704,-0.0457470417,0.1406365037,0.2628730834,-0.2417807132,0.2047976255,-0.2182830125,0.0533214770,-0.0275197644,-0.2516847551,0.2514662445,-0.1124309301,-0.0222293623,-0.2376284897,0.0403549410,-0.5056883097
0.2918798327,0.1162049025,-0.0654367805,0.0618277602,0.0260029715,-0.0101572825,0.0153280916,0.0298854914,0.2282829583,-0.0357620232,0.0844049081,-0.0752713308,-0.4699615538,-0.0305255987,0.0539853610,-0.1579461545,0.1438391060,0.1187610999,-0.1355388612,-0.1135735214,-0.1074701548,-0.1239720955,0.0099872155,-0.0818760768,-0.1648906916,0.1606921852,-0.0092167230,-0.1926220953,-0.0742128044,0.0081028156,-0.0657036975,0.0572052784,0.1875305176,-0.1617533714,-0.3139554560,-0.0260980092,-0.0602354482,-0.0916345268,-0.2405242920,-0.1300777644,-0.1297044158,0.0060687037,-0.2953959405,-0.1971905231,0.2169674188,-0.1042995304,-0.1210519299,-0.1200300157,0.1445079148,-0.0605822131,-0.0892071798,0.1143260896,-0.0622325502,0.0800676793,0.1082663909,0.0524120070,-0.0148716653,-0.0381752476,0.2366111726,0.2409040183,-0.1846817285,-0.4633067548,-0.0757516101,-0.1408131272,0.5384640694,-0.2007610053,-0.3650503159,-0.1467772126,0.2807733715,0.1281407773,-0.0978982523,-0.0033565951,-0.0015997209,-0.1762241423,0.0208539050,-0.1422884166,0.1353604645,-0.0489705689,0.1811921597,0.1000708863,-0.0026136932,-0.0640576407,0.1352342218,-0.0299968887,-0.0329255015,-0.0913238600,0.0616101436,0.1978144646,-0.0561319329,0.0043141306,-0.2027792335,-0.0444402546,0.0681267828,-0.2973487973,0.2448962629,-0.0626348406,-0.1022997722,-0.0896027833,-0.0540102758,-0.4997141361
0.2288306952,0.0148626138,0.0096852537,0.0983916521,0.1261299551,-0.1315568238,-0.0045797867,-0.1136633828,-0.0096880076,-0.1542637646,0.0910212100,-0.0427804925,-0.3178392947,0.0289728157,0.1683014929,-0.0124852946,0.0755287185,0.0543785095,-0.1324134618,-0.3059030175,-0.0453435034,-0.1034019738,0.0057818308,-0.2403620631,-0.3337332010,0.2985728979,-0.0588324703,-0.2272171676,0.1113274023,-0.0973624736,-0.0569847114,-0.0437310413,0.1991281211,-0.2037817836,-0.1130141318,0.0143674612,0.0662391037,0.1279671192,-0.2060663700,-0.0314346254,-0.1012359485,0.1222085580,-0.2463229299,-0.1833856702,0.3781206310,-0.1807173043,-0.0511160716,-0.1610491276,0.0689205527,-0.1781004220,-0.2368691415,0.3650206923,-0.0145228822,0.0806813315,0.0327545479,0.0729161128,-0.0313531794,0.0488294512,-0.1404764652,0.2363296002,-0.2425549775,-0.1432893425,-0.0575747639,-0.1906290501,0.0091249365,0.0257664453,0.0661156699,-0.0421669334,0.0498414002,0.0946168676,-0.3036480248,-0.1047134325,0.0504612923,-0.0666596368,-0.0869942009,-0.3199597895,0.1426900178,0.0622396320,0.1523983628,-0.0762728378,-0.1485581696,0.0041769301,-0.1195393205,-0.2055014670,-0.0727738440,-0.1497247368,0.1114048362,0.1796362698,-0.2491994649,0.1206722483,-0.2546636462,0.0770732686,0.0844032243,-0.3570178151,0.5347087979,-0.0655649230,-0.0791003406,-0.4114672244,0.0156169999,-1.2790811062
-0.0595346577,0.0472320244,0.0247542635,-0.0337743647,-0.1658591330,-0.0888378695,0.2303607315,0.1901847571,-0.1304069459,-0.1369163096,-0.1254471391,0.0787491947,-0.0030684040,0.0442920700,-0.1233246475,0.0831555799,-0.0532378219,0.0253499523,0.0685905963,0.0438670181,-0.2290644944,0.1220115796,0.1064354852,-0.1056110635,-0.0545189641,0.0049478337,-0.0834474564,0.1428921074,-0.1713293046,-0.1965730041,-0.0235578995,-0.0285740327,0.0217659492,-0.0887493715,0.0865463614,-0.1063407362,-0.1069834232,-0.0380397402,-0.0192599967,-0.1634810716,0.0264176205,-0.0822420716,-0.0788029954,0.0455264933,0.1121990830,0.1044754237,-0.0290788691,0.0553757325,-0.1480613202,0.1125838310,-0.0327495597,0.0608842857,-0.1263633221,0.4138152897,-0.1993419826,-0.0404531360,-0.0888635889,-0.0531567037,-0.1880168766,0.0588005818,-0.0786768943,-0.0521676801,0.0978923216,0.1466428190,-0.1488404274,-0.0245612841,0.2327747196,0.2656764090,-0.0619076714,-0.0559718683,0.0928829089,0.2000572234,-0.1741618365,0.0386727415,-0.0266081244,-0.0407285616,-0.0921197608,-0.0761687607,-0.1245516539,-0.1793186963,0.1602870524,0.0043631466,0.3068534732,0.0683526099,-0.1489308178,-0.0165159348,-0.0424754247,0.0354068130,-0.0081638666,-0.0405565575,0.0956626683,-0.1220024899,-0.0012356323,-0.0012268773,0.0803672597,0.0395302698,0.0395477153,-0.0932673365,0.0042938045,-0.0694265887
0.1355924457,-0.0055736182,0.0310262758,-0.1209991127,0.1794888377,0.0020037538,-0.1134422272,0.0342656113,-0.1110508442,-0.1752901375,0.0440086499,-0.1146869734,-0.2039190680,-0.0833798870,0.1072904170,-0.1144229099,0.0455004349,0.0265131127,-0.1743555218,-0.1053984463,0.1107057482,0.0372946523,-0.0518750511,-0.0708224475,-0.0585715733,0.0991779566,-0.0576777682,-0.1668628901,-0.0594432466,-0.0983252749,0.1614339799,-0.0912226140,0.0376763679,-0.1339676678,-0.1049097255,0.0312109925,0.1471270174,-0.0467339419,-0.1689411998,0.0042137853,-0.0537352487,-0.0219739806,-0.2067910135,-0.2016544491,0.1693034172,-0.0836273804,-0.0828682929,-0.0845702440,0.0814675316,-0.0585732162,-0.1642098725,0.2914768457,0.1433952600,0.0972153619,-0.0436356477,-0.0332388394,-0.0270767026,0.0634779632,-0.1063513532,0.1668756604,-0.0774007887,-0.1526871771,-0.1222606152,-0.0934373662,-0.0070428159,0.0216423348,-0.0126709351,-0.0437385850,0.1403516978,0.1108045578,-0.1825842708,0.0595682673,0.0502087250,-0.1415757239,0.0316564329,-0.2841451168,0.1557888538,0.0073984661,0.1380180717,-0.0369797796,0.0296034757,0.0002291902,-0.0922171175,-0.0138835851,0.0282576364,-0.0932108089,0.1083432809,0.2196092606,-0.0968584940,-0.0107854931,-0.1754231751,-0.0213490371,-0.0464237034,-0.1205124706,0.3171301782,-0.0761261061,-0.1014413238,-0.2002716213,-0.0132878972,-0.6912789941
0.0553446561,-0.0327158310,0.0745026320,0.0954743773,0.0584612004,0.0005910333,0.0137773398,-0.0692973137,0.0204901714,-0.2105587721,0.0594315007,0.0287045538,-0.2815022767,-0.1572528183,0.0315382853,-0.0695328265,0.0302859824,0.0221474338,-0.0817990154,-0.1664263457,0.0911159217,-0.0646504164,-0.1037988663,-0.2274143696,-0.1644493490,0.2348169684,-0.0797807798,-0.0285279788,0.0087173358,0.0707800761,0.0156441089,0.0537293069,0.1745540202,-0.1214144006,-0.0690924674,0.0184163079,0.0391238555,0.1043037772,-0.2985259295,0.0461339206,-0.1597722322,0.0216899365,-0.2988266051,-0.1355597675,0.1352500916,-0.1646450609,-0.1151678190,-0.1037094295,0.0822570249,0.0584287420,-0.1811923683,0.3123973012,0.1171621308,0.1290262491,0.0787786096,0.1171714813,0.0939368978,0.0821251348,-0.0766948089,0.1353104711,-0.1896757185,-0.2111536562,0.0337198190,-0.1738213599,0.0259434804,0.0101930993,0.0428526811,-0.1075753272,0.0515535921,0.0641145781,-0.3139950335,0.0073008062,0.0140966494,-0.1276399791,0.1478151530,-0.1147277579,0.0633272305,-0.0370562002,0.1963501126,-0.0384477451,-0.0067285835,0.0814127326,-0.0454500206,-0.0373543240,-0.0770782828,-0.0571850352,-0.0285641905,0.2044830918,-0.1881072074,0.0359726734,-0.1299945414,0.0886502042,-0.0703090802,-0.3011612296,0.4179822505,-0.0713066682,-0.0689310282,-0.2779859602,-0.0059670266,-1.0591557026
0.1103356257,-0.0170042478,0.1438447833,0.0157740656,0.1771291196,0.0665069893,0.0278308783,0.2491438836,-0.0425407551,0.2481587827,-0.1170146540,0.1366515011,0.1534948349,0.0703315139,-0.2765996754,0.0947894752,0.1453008652,-0.3057500124,0.0865683183,0.2117186487,-0.1657002717,0.1024960130,0.1856804192,0.1474380046,0.0784253255,-0.3574055731,-0.0644429550,-0.0143283056,-0.0155249853,-0.1031568050,0.0031658036,-0.0205199774,-0.1808592379,0.3557395637,0.2153356671,-0.0699897707,0.0018193411,-0.4223400950,0.1486898065,0.1470641494,0.3023150563,-0.0703888759,0.1544057429,0.1851654053,-0.2953303158,0.1883822232,0.2426451892,0.0967484862,-0.1875636429,0.0533919819,0.3730347455,-0.1922898144,-0.1760252714,-0.0102372486,-0.1696897596,-0.3325580657,-0.1955559999,-0.1443134248,0.0449122414,-0.2662561834,0.0721498206,0.1939317435,0.1552295387,0.3052271605,-0.0801733807,0.0091424333,0.0833743215,0.2632010579,-0.0168911032,-0.3520336151,0.2837628722,0.2486439645,-0.0312137939,0.1093343422,0.1738512069,0.3241711259,-0.1904951334,-0.0093341265,-0.1421122402,-0.0688304603,0.0500180721,0.1812392175,0.1020935997,0.0286382306,-0.2523679137,0.0243840702,0.0077095977,-0.1541349739,0.1426210999,-0.1137139574,0.0880386531,0.1131404191,0.0040396848,0.2435941398,-0.3109929860,0.1335379630,0.2751509845,0.0946893021,0.2072454840,0.2900099158
0.0907196254,-0.0563997254,-0.1085828245,-0.0401258394,0.2120063603,0.1240284070,-0.0655437037,-0.1062900126,0.0158739109,-0.1514319777,-0.1399289817,0.0990164950,-0.1289830059,-0.0817340240,0.1318780184,-0.0516182594,0.1756285876,0.0463605709,-0.0488715023,-0.0448720977,0.0608850606,-0.0313358754,0.0813433975,-0.0160905793,-0.1005585864,0.0396215394,0.0507561453,-0.1502060592,-0.1330704540,0.0125197126,-0.0290511642,0.0311029144,-0.0381012224,-0.0765055791,-0.0691882446,0.1170694157,-0.0184129626,-0.1352515370,0.0410132371,-0.0319774598,-0.1343537867,0.0423283391,-0.1321582347,-0.0182061773,-0.0174209569,-0.0287890825,-0.1001551226,-0.0566323400,0.0145538934,0.0053345752,0.0062920433,0.0829972401,0.1038178131,0.0296170823,0.0398935117,-0.0135319997,-0.0121734906,0.0275365338,0.0993509144,0.0459258370,-0.0909860432,-0.0822499916,-0.0989958942,0.0272050723,-0.0417613871,-0.0310218390,-0.1328946054,-0.0748696476,0.1122973412,-0.0985924080,-0.1188936308,-0.0872472823,-0.0891770050,0.0495930016,0.1484506726,-0.1442313343,0.1242127568,-0.0248750392,-0.0563743450,-0.0263022352,0.0255399048,0.1026112437,-0.1518557966,-0.0075638490,0.1022733748,0.0131104616,0.0244827811,-0.0218893234,-0.0919445828,0.0524558611,0.0163489431,-0.0994804502,0.2234857529,-0.0452835299,0.0131732039,-0.0455935821,-0.0362294950,-0.0409226418,-0.0222278200,0.0958249494
0.1164353266,0.0209541451,0.0247003511,0.0530924276,0.0758816823,-0.0171689596,0.0375052281,-0.1504950970,-0.0306298975,-0.1330799162,0.0027297488,0.0891858861,-0.1676303595,-0.1465299129,0.1110517010,-0.1537010521,-0.0142998490,0.1113642827,-0.0864352435,0.0221899338,-0.0235304516,-0.1131063476,-0.0408624932,-0.1342607439,-0.0979004279,0.1243180037,0.0209132694,-0.0758899003,-0.1340311915,0.1811452210,-0.0499061719,0.0760988146,-0.0140164113,-0.0916823298,-0.0719787553,0.1070517153,0.0757841542,-0.0599967688,-0.1712741554,-0.1180120036,-0.0243365970,0.0043752599,-0.0945463032,-0.0225580111,0.0284782574,0.0550811663,-0.0274039712,0.0144464700,0.0042889169,0.0860242620,-0.1042434573,0.0879407004,-0.0031268832,-0.0523195826,0.0128767733,-0.0675879270,-0.0189706478,-0.0158071164,0.0316020213,0.0277986620,0.0085895332,-0.0697797164,-0.2134077102,-0.1218136847,0.0322313942,0.0340285078,-0.1564054638,-0.0798338652,0.0276503619,0.1536374539,-0.1379118562,-0.0408793837,0.0293265246,0.0013197141,0.0751703382,-0.2141588628,0.1209785193,-0.0088150557,0.1121647954,0.0866189599,-0.0916219056,-0.0512243472,-0.0054600565,-0.1411371380,0.1518154591,-0.0702728778,0.0327340961,0.1112387404,0.0207084119,0.1177772954,-0.1556611508,0.0471304171,-0.0021888390,-0.1654421687,0.1540282965,-0.1822509915,0.0494743623,-0.0417912230,-0.0248654447,-0.0087674074
-0.1340155154,-0.0027950988,0.0261466522,0.0395153388,0.5195218325,-0.1108307093,-0.0627499148,0.1229391396,-0.2534532249,-0.1746021062,-0.0248124413,-0.0194852166,-0.1481003612,0.0650021881,0.1222406998,0.0029778311,-0.0560881421,0.0378102958,-0.0002602844,-0.0566699654,-0.0218600892,0.0678981096,-0.0030118930,-0.2518590689,-0.0995159894,0.1650464833,0.0645741895,-0.2136440724,0.0834541470,0.0993809998,-0.0641391352,-0.1938200444,0.1961511672,-0.0341489241,-0.0345943831,0.0598601997,0.0300388802,0.0641448721,-0.2351489663,0.0687920526,-0.0486113466,0.0969722122,-0.2136017829,-0.2723824680,0.0999896973,-0.0524105839,-0.1396707743,-0.0723914281,0.0377202928,-0.0796643123,-0.2570507824,0.1503920406,0.0708562732,-0.0109101851,0.1204425395,0.0340095013,-0.0638556927,0.1073589250,-0.1501681209,0.1920597255,-0.1465342790,0.0528535694,-0.0909273773,-0.0084735556,0.0483055450,-0.0497964919,-0.1083709374,0.1717791557,-0.1128363460,0.1893341541,-0.2014679164,-0.1306832135,-0.0313824601,-0.1365943700,-0.1812109649,-0.1777978837,0.2417041808,0.0027310387,0.1887593120,-0.1173496842,-0.1194215119,-0.1136805564,0.0517495200,-0.0779938325,-0.0503950194,-0.1230987981,0.1689257771,0.1695602834,-0.1612482369,0.0148161398,-0.1763892770,0.0402690135,-0.0185900331,-0.2320148200,0.0625184700,-0.3131767511,0.2013923079,-0.1545320451,0.0409517959,-0.4210686982
-0.1272847503,-0.0701086968,-0.0477387235,0.0290435925,0.1494080424,-0.0347962789,-0.0676660165,-0.0468184277,-0.1585395038,-0.2079344988,0.0874438658,-0.1303984076,-0.3421004415,-0.0984527841,0.0584894605,-0.1207215637,-0.0055789561,-0.0598730855,-0.0483884998,-0.1202939823,-0.0689718723,-0.0731019378,0.0797741562,-0.1411762089,-0.1042490676,0.1809408218,0.0955660492,0.0011466348,-0.0286097247,0.0671414211,-0.0337501988,-0.0833193734,0.0611414053,-0.1464107186,-0.1167483702,0.0798482746,0.1742649525,0.0685186908,-0.1859582365,0.0099371774,-0.0145652629,0.1044950783,-0.2637064755,-0.0875266865,0.1526689827,-0.1068549231,-0.0442935862,-0.1068200022,0.0123394178,-0.0204277467,-0.2407308668,0.1693591028,-0.0048302938,0.1923620552,0.0465498865,0.1239644811,-0.0238091722,-0.0383948050,-0.1243799776,0.1477253139,-0.2173873335,-0.1157177612,-0.0678563938,-0.2362191677,0.0698241219,0.0449730419,0.0837560222,-0.0997700989,-0.1112556085,-0.0075237178,-0.2076945752,-0.1451260448,-0.0287476052,-0.1079006195,0.0759826228,-0.0756309927,0.1763934046,-0.0350510925,0.1722846180,-0.0229546353,-0.0596577823,0.2693605125,-0.0719102770,-0.0407635719,-0.0621121265,-0.0426282659,0.1611943394,0.1707476228,-0.1133578643,0.0681187585,-0.1979935318,-0.0339201055,0.0670857430,-0.1859419793,0.2782801092,-0.2270736396,0.0092435954,-0.2000129968,-0.0003071024,-0.6498649120
-0.0305817463,-0.0460220873,-0.0281136464,0.0779807717,0.3693237901,0.1552071273,-0.0687551275,0.0599655807,0.0654668659,-0.1107877418,-0.0187557731,-0.0293850545,-0.0115269069,0.0736529678,-0.0352616608,-0.0379155651,0.0192245673,0.1504216194,0.0395662561,0.0214541312,-0.0447864160,0.0400260650,-0.0758907273,0.0047520115,-0.1389699429,-0.0838470981,0.0267785192,-0.1150110886,-0.0537080206,-0.0287847761,0.0130592473,-0.0370064154,0.0690805018,0.0225086380,0.0986704826,-0.0451283678,0.0127457548,-0.1434969008,0.0460637957,0.1408743262,-0.0003109029,-0.1118208617,-0.0222841725,-0.1178802773,0.0921751633,0.1373469681,-0.0304057244,0.0125623709,-0.0365619212,0.1095909551,0.0435324535,-0.0015290449,-0.0534280911,-0.0826819763,0.0511163063,-0.0162798315,-0.0181782730,-0.0103113707,0.0613142736,0.0479520448,0.0646565035,0.0780555606,0.0025010591,-0.0901367515,-0.0494887829,-0.1099062860,0.0359364338,-0.0774740353,0.0907029435,-0.1497177631,0.0848370045,-0.0577621497,-0.0810629874,-0.0871143043,-0.0093699461,0.0761425495,-0.0168731008,-0.0361177325,0.0287008006,0.0847917125,0.0675345659,0.0966830179,0.0789739192,-0.1163610965,-0.0202241503,0.0522956513,0.1222063079,0.0975103378,-0.1117630005,-0.0248601213,-0.0669455454,-0.0330472291,0.1504237354,-0.1295393109,-0.0513826124,-0.1256596148,0.2065075934,-0.0563016161,-0.0770233348,0.1748470664
-0.2205356807,-0.0553178415,-0.0970034376,-0.1769480556,-0.1075567380,-0.0683807954,-0.1533428729,-0.2127929330,0.0409116633,-0.4014163315,0.1861129701,0.3402253091,-0.0058907741,-0.0525645018,0.2640594542,-0.0244437642,-0.0457266979,0.1129278541,-0.3652902842,-0.2820340991,-0.1282037944,-0.0426107012,0.1162577495,-0.4889351130,-0.3973788619,0.4140178561,0.0152744921,-0.3524471223,-0.2770999670,-0.2204311937,0.1287178844,0.0530990884,0.1652074009,-0.4887700081,0.0196317062,0.0709375888,0.3807728887,-0.1195530370,-0.5073349476,-0.5390647650,-0.2660684288,0.2959593534,-0.3907007277,-0.1666164249,0.4283612967,-0.3183056414,-0.2444492280,-0.2388727963,0.1112510785,-0.0566315055,-0.5861979127,0.7144262195,0.2036276907,0.4328424335,-0.0261147358,-0.3931464851,0.0340094753,0.0298658367,-0.2770051658,0.5513914227,-0.3986794949,-0.1699098051,-0.0575312413,-0.2967761457,0.2258732617,0.1118519232,0.1934059113,-0.3791469336,0.0185495671,0.1537340730,-0.6697605848,0.0072000553,0.0861155987,-0.1752611250,-0.0692655519,-0.0876079947,0.3286626935,0.0123935230,0.4443873763,0.1152508482,-0.1857410073,0.0592314005,0.0459893942,-0.2708205283,0.0633635595,-0.0307795089,0.0261577424,0.2820536196,-0.5587165356,-0.1251621842,-0.3133336902,0.0213936754,0.1110617593,-0.4950894117,0.4825414717,-0.1931229830,-0.0033458080,-0.3146069646,0.2690052986,-0.7859359980
0.3182242215,-0.0733344108,0.2693408132,-0.1518805623,0.4393017888,0.0446293131,0.1509529054,0.0751990452,-0.1382005513,-0.1009296104,-0.0873567313,0.2666625381,-0.2054188401,0.1337292343,-0.1261859834,0.1599984318,0.1257258058,0.1231698170,0.1218656898,0.0500998273,-0.1533756107,-0.0238787625,-0.1238859817,-0.1594664305,0.0439579003,0.1124437675,-0.0211104210,0.0250525549,-0.1541488171,0.1509202570,-0.1702759862,-0.0341418684,0.1367952526,0.0055577531,-0.0432323292,0.0429213531,-0.0140943741,0.0889638066,0.0111058978,-0.0752403364,0.1913500279,-0.2021350563,-0.1989710927,-0.0468884706,0.0764636993,0.1278985292,0.0842645243,0.1580827683,0.0852725506,-0.0296512041,-0.0728276148,0.1121730059,-0.0330315344,-0.0355891921,0.0240706895,-0.1062345877,0.0826925561,0.0994364023,-0.1683218926,-0.0254296064,-0.0565613061,-0.1219727024,0.0238293987,-0.0208909195,-0.0595843270,-0.4123413265,-0.1271077693,-0.2533092201,0.0934705287,0.0685350373,-0.0700780526,-0.0134478202,-0.2242473066,-0.1258569509,-0.2526752353,-0.1879588217,0.0506380647,-0.1044551954,-0.0212736335,0.0692275614,0.0706792101,0.0015988002,-0.0391578265,0.0700097084,0.0305170510,-0.0498200879,-0.0231730696,-0.1478539556,-0.0516023189,0.0274794139,-0.0515870340,-0.0830107555,0.0083013307,-0.0116214892,0.2254965454,0.0308010541,0.1903802752,-0.0347226299,-0.1615333408,-0.3109043837
-0.0804308802,0.1179159954,-0.2807023823,0.0316539481,-0.0816846341,-0.1229007915,-0.1602340341,-0.0621474758,-0.1307287812,-0.3453854322,0.2172394693,0.1038171723,-0.1775086522,-0.0119550033,0.2015264183,-0.1231004670,-0.0764411911,-0.1547585875,-0.2078636885,-0.2081738412,0.0085724443,-0.0735710636,0.1131714657,-0.2937676609,-0.2568270266,0.2169691771,-0.0415241867,-0.2631137967,0.0286124516,-0.0586090498,0.1015887037,-0.1058124602,0.3150437176,-0.2665575147,-0.1732026339,-0.0351169556,0.1207523569,0.2265829891,-0.2533490360,-0.0737535134,-0.1992308795,0.0518769845,-0.1128926054,-0.0994945243,0.1982007772,-0.2093425095,-0.1026226431,-0.0905893445,0.1103771850,-0.0343671292,-0.2886044383,0.3214974403,0.1096881032,0.0956100225,0.0329655521,-0.1181938127,0.0409393236,0.0596230216,-0.2195005417,0.1718955338,-0.1901680827,-0.0819195658,-0.0007262092,-0.1222061738,0.2623361051,0.0666242838,0.0260833930,0.0088228537,0.2544445395,0.1475513279,-0.2189454883,-0.1577226222,-0.0263443124,-0.1558629423,-0.1481347382,-0.3086686432,0.2394894212,0.1211237013,0.3478253782,0.0568788871,-0.1573565006,-0.0883288532,-0.1529914290,-0.2148961574,-0.0743742064,-0.0988636091,0.1050110459,0.3019897640,-0.2772454321,0.0728580058,-0.2179770321,0.1362718791,0.0384035818,-0.3906507492,0.4401193857,-0.1299641281,-0.0053334562,-0.2574895024,-0.2688926756,-0.8202403784
0.0101096053,0.0246392936,0.0375542156,-0.0491506830,0.3588948548,-0.1765917689,-0.1357488334,0.0916517302,-0.2909641266,-0.1993450820,0.0600527711,0.0421549119,-0.1435478479,-0.0349522382,0.0723540410,0.0184792131,-0.0944014713,0.0995640382,-0.1505973637,-0.1967011392,-0.2398781925,0.0132617168,-0.0971358046,-0.3289771378,-0.1195570901,0.2276727259,0.0831719339,-0.1791010946,0.0575981028,0.2052822411,0.0873428211,-0.0336447097,0.2896349132,-0.1169505343,0.0201788191,0.2063101828,0.1788982749,0.1716328859,-0.1765824109,-0.3014913201,-0.0059771761,0.1613253653,-0.2650803030,-0.1801920980,0.2501661181,-0.1739710122,-0.0078757610,-0.1412742585,0.0226629768,-0.0005728278,-0.0538034476,0.1605895460,0.0027429615,0.7805959582,0.0624287017,-0.0080796061,-0.0330472291,0.0021487307,-0.4786697626,0.1347130835,-0.3580528796,-0.0423878618,-0.1488324255,-0.1270488799,-0.0205039140,-0.0027837923,-0.2079158723,-0.0461021475,-0.1663255394,0.1868913323,-0.1622340679,-0.1820697933,0.0564147942,-0.1579986811,-0.1747744977,-0.1356457025,0.2627941966,0.0037777973,0.0806651190,0.1001954973,-0.0576825701,0.1089572608,0.0380549133,-0.0155517301,-0.0723243058,-0.1783888638,0.2170260996,0.0515942536,-0.1729554534,0.0401080213,-0.1417347193,0.0755797625,-0.0012292478,-0.2137660235,0.2896339893,-0.2771508098,0.1485418677,-0.2321166247,0.4016515017,-0.5029335022
-0.0012920222,0.0609661303,-0.0846457183,-0.0095712515,-0.2146943659,0.0881763697,0.0124351270,-0.0213931911,0.0764420778,-0.0145783871,-0.0808343440,-0.0639020801,-0.0792843997,-0.0722521171,0.1741602272,-0.0532502234,0.0938440487,0.0521656610,-0.0543431379,-0.0015723252,0.1630048305,-0.0566843078,0.0620061643,-0.0345738865,-0.4411344528,-0.0288292803,-0.0197717305,0.0307547376,-0.1496311575,-0.0878120437,-0.0747329518,0.1453721374,-0.0149505921,0.0996947885,-0.0342878699,0.1618597806,-0.1625349671,0.1353915185,-0.0408551395,-0.1343812793,-0.0954824388,-0.1227020025,-0.0030924776,-0.1328667551,-0.0513768718,0.0374247730,-0.1245992482,0.0020003906,-0.0285372287,-0.0112385973,-0.0970527232,0.1537469476,-0.0628995001,0.0468462296,-0.0452373028,0.1927292049,-0.0281599779,0.1324757785,-0.0084548658,-0.0083806533,-0.1101061180,-0.1880090088,-0.1349081993,-0.2782362103,0.0094758635,-0.0059521552,-0.0344058946,0.0156600382,0.2273977399,0.0212498996,-0.0918834135,-0.1583612412,0.0052784006,-0.0520697460,0.0001412165,0.0563765913,0.0742418468,-0.1235045418,0.0535332076,0.1640106142,0.0636329427,-0.1518423110,0.0540694706,-0.1418500096,0.0198557097,-0.0265906956,-0.0332192965,-0.0211868510,-0.1911304742,0.0870821774,0.0790527984,0.1127472743,0.2477445602,0.0409125872,-0.1513044685,0.0732529089,-0.0900512487,-0.0714668259,-0.2712115645,-0.3158923388
0.0682426989,-0.0533501431,0.0346282348,0.0805177316,0.1956792623,0.0376507454,-0.1148924157,-0.1371168941,-0.0759016275,-0.1070790067,0.1351881623,-0.1135243773,-0.2437663823,-0.1020413488,0.0415313989,-0.0493033230,-0.0043804334,-0.0803038552,-0.0774938613,-0.1251313239,0.0891322941,-0.1156797335,-0.1302303672,-0.2052488625,-0.1648325026,0.2838749886,0.1309791803,-0.1392099112,-0.1419597715,-0.1005024090,0.0520863682,-0.1493937522,0.1385126263,-0.1343432963,-0.1589560062,0.0663929284,0.1060789526,-0.0723741055,-0.1162599400,0.0239075460,-0.0211095195,0.0131602874,-0.2254006565,-0.1140687689,0.2582244575,-0.0203542318,-0.0795877501,-0.2128926367,0.0750026181,-0.0199829694,-0.0909482688,0.1833461225,0.0742400736,0.0166554488,0.1347502321,0.1387013197,0.0704386309,0.1300055981,-0.1576604694,0.2190183550,-0.1738584340,-0.1807750314,-0.0338855013,-0.1185721904,0.0308403019,-0.0004171345,-0.0665555745,-0.0027303244,0.1104586348,0.1284082830,-0.1105125546,-0.0850788131,-0.0110892039,0.0019949258,-0.0552851744,-0.0921188891,0.0807271004,-0.0597757958,0.1635231376,0.0965684503,-0.0787532330,-0.0565601476,-0.0509176962,-0.1201799288,-0.0003638875,-0.1696151793,0.1629206985,0.1131585315,-0.2190606892,0.1738029867,-0.0517365597,-0.0224189591,0.0734041184,-0.1308133453,0.2619338632,-0.1108885854,0.0161336120,-0.1592383832,-0.1045699492,-0.5759899616
0.1396513134,-0.0616156422,-0.0621402897,0.0814119205,0.2158004493,0.0609651543,-0.0664841011,-0.1202963144,0.0427653864,-0.0485399812,0.0406465232,0.0063953428,-0.0792304799,0.0088959988,0.1077523530,0.0521298572,-0.0063338978,0.1094730645,-0.0001036027,-0.1195454225,-0.0704888254,0.0904964954,-0.1008685753,-0.0657277703,-0.1439018101,0.0343256965,0.0000948396,-0.0224361159,-0.1254902631,-0.0535440706,-0.0606602244,0.0492879227,0.0589482188,-0.0297921505,-0.0968517065,0.0938608944,-0.0106888833,-0.0557839982,-0.1093444005,-0.0041625206,-0.0150709562,0.0206280537,-0.0063860589,-0.1228682622,0.0100109996,0.0470968485,-0.0661532283,-0.1391528994,-0.0128119411,0.0554822460,-0.0439425558,0.0865499899,0.0945284739,0.0419587009,-0.0228877943,-0.1087672114,-0.0244732071,-0.0140186381,0.0076334588,0.1414877772,-0.0402511172,0.0118037807,0.0142862899,-0.1210030168,0.1092259809,-0.1390347332,-0.0082616592,0.0106554469,-0.0058858814,-0.0399282053,-0.0937131643,0.0690495148,0.0270924587,-0.0882749483,-0.0296134241,-0.1523663253,-0.0189893804,-0.0063473531,-0.0117354961,0.0646766648,0.0536464900,0.0269537549,-0.0974236429,-0.0872020125,0.1220722124,-0.1047730520,0.1259587854,0.1449995488,0.0604903586,-0.0465294532,-0.0520838089,-0.0369105563,-0.0042615426,-0.1373441368,-0.0370173343,-0.1576322764,-0.0796511173,-0.0523367599,-0.0213298667,0.0620145760
-0.0985177085,0.0312671214,-0.0110155568,-0.1366002262,-0.0291800313,0.0486926548,-0.0632034540,0.0497736968,-0.1438024491,-0.2546823025,-0.0183157437,0.1666798741,-0.2549180686,0.0143772895,0.0197584201,-0.0200792123,-0.0505830385,-0.0969255194,-0.1534316838,-0.0734830424,0.0272790156,-0.0133026680,-0.1515403688,-0.1475286931,-0.0682360828,0.2243273854,0.0690963119,-0.2087781429,-0.1058215797,0.0642539933,-0.0170389879,-0.0756909624,0.2088235468,-0.1637799889,-0.0569048524,0.1135790870,0.0133169545,-0.0007193217,-0.2536467612,-0.0580727682,-0.0441314839,0.1095669568,-0.3039409518,-0.1164921373,0.2451732159,0.0245421492,-0.2532167435,-0.0403257050,0.0446978956,-0.1188248619,-0.1850716919,0.1553506553,0.1791791022,-0.0117783146,0.0646789894,-0.0279300623,-0.0060518011,0.0769688636,0.0136028863,0.2545383871,-0.1593902260,-0.0379866734,-0.1860890090,-0.2130329907,0.0422298759,0.0180192478,-0.1710074991,0.0643441975,-0.0705384165,0.0046066539,-0.3129317462,-0.0645957217,-0.0638495833,-0.0972506031,-0.0720604062,-0.2167027891,0.1647295803,0.0830789208,0.2136284411,0.0031782724,0.0274421144,0.1129932851,-0.1338522881,-0.1646282226,0.0730546117,-0.0973367095,0.1018767357,0.1649516821,-0.2480785400,0.0597798303,-0.1681310385,0.1035531163,0.0975056589,-0.3372809887,0.2371872813,-0.1687764823,0.0880094096,-0.1995431632,0.0080100261,-0.8569742441
0.1714628786,0.0165393502,0.1009443104,-0.1059212983,0.1175256670,-0.0192289241,-0.0296510365,-0.0795475096,-0.1783730686,-0.1594444960,0.0674493462,0.2595280409,-0.1681527942,0.0355157927,-0.0351490155,0.0591487736,0.1760357767,0.0199977607,-0.0804823339,-0.1328798831,-0.0242815260,0.0225727465,-0.0660454705,-0.1894953847,-0.1405721456,0.2441496253,-0.0210272502,0.0167004410,-0.0215061028,0.0472471677,-0.0588783063,-0.1007156596,0.1952069998,-0.0344209448,0.0763355866,0.0776069984,0.0644572526,-0.0505496860,-0.1391536891,0.0904091001,-0.0824317932,0.1149281636,-0.1294063330,-0.1373265833,0.2823019028,0.0561116077,-0.1467426121,-0.0661553070,-0.0531075373,0.1000047848,-0.2543437779,0.1510136575,0.1057066917,-0.0116642350,0.0188246239,0.0319322422,0.0233320855,0.1253384352,-0.1473440081,0.2076871395,-0.2260896266,-0.0401520319,-0.0769139603,-0.1980502903,-0.0191569161,-0.0989476219,-0.0335775614,0.0901640579,0.0307789873,0.0312573649,-0.1537816525,0.0319020599,-0.0920074806,-0.1447964758,-0.0936904550,-0.0614424907,0.0366631635,-0.0307810511,0.1294027269,0.0605992414,0.0026751168,0.0572109893,0.0235387813,0.0542503223,0.0146354595,-0.2100862563,-0.0071912888,0.0961975679,-0.0689913332,-0.0147865694,-0.0537540428,0.1326745450,-0.0383645408,-0.2145946175,0.3043556213,-0.1486411095,0.0549198054,-0.0950002968,0.1353236884,-0.6912205219
-0.0734147877,-0.0347728543,0.0414229333,-0.0606834069,0.1365169883,0.0747479871,0.0373143144,0.0296492204,0.0750421509,-0.0629139394,-0.0482539833,-0.0773022324,-0.1541572511,-0.1064270809,0.1225489527,-0.0308481846,0.0298401378,0.0896626115,-0.0592285432,-0.0588376485,-0.1050367802,0.0494185090,-0.0201472547,-0.1119710878,-0.1642651260,0.0012650955,0.0030858968,-0.1054640412,-0.1684233248,-0.0179508105,0.1174578741,0.0539265685,0.0753844902,-0.0662590489,0.0704431385,0.0811960176,-0.0446600653,-0.1461585015,-0.0451239944,0.1110710949,-0.1207379475,0.1010147408,-0.0511669815,-0.0677014589,0.0406892784,0.0678138658,0.0296099894,0.0099866707,0.0069073783,-0.0345772132,-0.1596949846,0.0206424389,-0.0175873861,-0.0275814664,-0.0375964120,-0.1077820286,0.0164732784,-0.0128859002,-0.0398950614,-0.0228651613,-0.1695587784,-0.0018957953,-0.1168068126,-0.1493101418,0.0664784908,-0.1445349455,0.0535364263,0.1205674857,0.0241827779,0.0199200846,-0.0180846248,-0.0536088794,0.0384328291,-0.0269263908,0.0793213546,-0.0780267790,0.1685212851,0.0004324062,0.0395428836,-0.0712675080,-0.1108245775,-0.0021912318,0.1100311056,-0.0807540640,0.1183119118,-0.0948441923,0.1840748191,-0.0050409595,-0.1303297430,0.0409668982,-0.1561377347,0.0373159610,0.1581412256,-0.1285105795,0.1068644002,-0.2006518096,0.0854216293,-0.0403096676,0.1426669657,-0.2505342364
0.2793827653,-0.0548145510,0.0996624827,-0.0686206892,0.2922888696,0.0842777565,0.0210897774,0.1217933148,-0.1099715456,0.0432335921,-0.0431042574,0.0781901479,0.0812705830,0.0899712369,0.0212632883,0.0370509848,0.4890736639,-0.0102499789,0.0661582649,0.0461946763,-0.0798975751,0.0688288063,0.1716472805,0.0435272008,-0.0654457882,0.0846059397,-0.1202159673,-0.0165214781,-0.1874403059,-0.0122334883,-0.2382604182,-0.1303668022,-0.0065674414,0.0034980343,0.0532926135,-0.1427287459,-0.0569385327,-0.2471149117,-0.0383209586,0.0395059884,0.1784619391,-0.1100362986,0.0388949960,0.0663427114,-0.0408852100,0.1352134645,-0.0470108725,0.1054053903,0.0333380923,0.0893561244,0.1219459027,-0.0733940601,-0.1472748667,-0.1906299144,0.1907860190,-0.2108355612,-0.0613970459,0.0426701792,0.2230431885,-0.0543937944,-0.0270388741,0.0154259494,0.1244034693,0.0045634382,0.1342665702,-0.4248828292,-0.0063969521,0.1101284698,0.4855143726,-0.1549382359,0.1029430404,0.0675341189,-0.1013441309,-0.0736792460,-0.1624536961,0.0931115597,-0.1489745677,-0.0886845738,0.0456426069,-0.0355090499,0.2479302436,0.1891168356,0.0490068235,0.0800085589,-0.1903370321,0.1348783076,0.0483565480,-0.0590281114,-0.0096663600,-0.0931672528,0.0287826471,-0.1761940867,0.2473238558,0.0177192409,0.0299657844,0.1506286561,0.3248749077,-0.0156093221,-0.0145857325,0.0057613496
0.0908753797,-0.1266289204,-0.0103938309,0.0283885840,0.2699158490,0.1329432130,-0.0280412007,-0.1961539388,-0.1016723216,-0.1455417871,0.0534853488,-0.0758295953,0.0018945314,-0.2242614180,0.0978550315,-0.1840510666,-0.1096080989,0.0833923146,-0.1450913548,-0.0333848111,0.1675311327,-0.0701795369,-0.0865977705,-0.0822205320,-0.2757264674,0.0837156251,0.1379714161,-0.0620434992,-0.0839991271,0.0559746474,0.1117992550,-0.0634799302,0.0614983663,-0.1792187095,-0.2259048820,0.0814071670,0.1135572344,-0.1285531819,-0.2171784341,0.0468917638,-0.0245992411,0.2331681699,-0.1239234358,-0.0956629664,0.1542619914,-0.0991143808,-0.1385579109,-0.0503458455,0.1068008989,-0.1120297015,-0.0952082425,0.1862081438,0.0508418456,0.0613185950,0.0755277053,0.0360601395,0.0503643975,0.0199725814,0.0803459734,0.1141628623,-0.1832138598,-0.1594693214,-0.1326095313,-0.1863396764,0.1131256744,0.0565546229,-0.1533369571,-0.1064675599,0.1967236996,0.0274312720,-0.0371719077,-0.1001063138,0.0518435426,-0.0368347503,0.1553415656,-0.1292470247,0.0419748239,0.0478792936,0.1629300565,0.0291846637,-0.2156832069,0.0506943688,-0.1535708457,-0.1426418722,0.0894455463,-0.2034863830,-0.0215309244,0.1505082995,-0.0804622248,0.0785812512,-0.2175475508,0.0863918811,0.0908163711,-0.1366416216,0.1264442205,-0.0156611130,-0.2087204158,-0.1898232549,-0.1612321287,-0.1005811468
0.0054808198,0.0887603462,0.0738910884,-0.0548642650,0.2217919379,0.0690447316,0.0333303064,-0.0601779073,0.1237924993,0.0031246631,-0.0153274080,0.0125830378,-0.2364145666,-0.1019970849,0.1468888968,-0.1457058638,0.1049414948,0.0180102512,-0.0184252542,-0.1716685742,0.1284651756,-0.0344754569,-0.1037301794,-0.1292457283,-0.1968789101,0.1278208047,-0.0712460130,-0.1490803361,-0.0522142872,-0.0342400223,0.0483542420,-0.0323745273,0.1613557786,-0.0873876885,-0.1018055007,0.1154765263,0.1627646983,-0.0994452983,-0.0476166792,0.0298655946,-0.1185379401,0.0585135035,-0.1170134991,-0.0864254460,0.1523083150,-0.0963012800,-0.1073674038,0.0119237825,0.1585521698,-0.1015240178,-0.0142083596,0.0415435582,0.1523868889,0.1090063900,0.1114076823,-0.0120799802,0.0443020053,0.0978810415,-0.0222613458,0.0253520925,-0.0814538449,-0.1039354503,-0.1369050145,-0.1769272685,-0.0472234599,-0.0628982782,0.0606709272,-0.1627059579,0.0738649368,0.0302969757,-0.1789544225,-0.0677533746,-0.0382605977,-0.0250187721,0.0594950207,-0.0284105763,0.1666744500,0.0618538707,0.0109069524,0.0040043071,0.0337849744,0.0559937395,-0.1326615661,-0.1175644994,0.0989185050,-0.0470191278,0.0270984918,0.0780386254,-0.1345017999,-0.0031280899,-0.0849719793,0.0857255235,-0.0009593287,-0.1410852820,0.1825100034,-0.1539451629,-0.0925442204,-0.1969285905,0.0166837666,-0.2219604254
0.2602974474,0.0728124604,-0.2741639316,0.0042596366,0.1263717264,0.0542117171,0.0161778573,-0.0637001768,-0.0015783225,-0.2504939139,0.2173349559,0.1140514240,-0.3085681200,-0.1736638844,0.2229882330,-0.0924663618,0.0381475314,-0.1435327083,-0.2750447094,-0.2678197026,0.1060754061,-0.0423662327,-0.0539271310,-0.0807615072,-0.2999384999,0.3028590977,0.0534383580,-0.1017386466,0.0239391886,0.1008207127,0.1009024233,0.0718184263,0.2428238690,-0.0921551511,-0.0745346025,0.1224749535,0.2199930847,0.0303911120,-0.3508297205,-0.1195723861,-0.1943350285,0.1803613156,-0.1998184174,-0.1662855744,0.1816867590,-0.1373515874,-0.2236325890,-0.1703645885,0.0629328266,-0.0258189011,-0.2029106021,0.2643640935,0.1148269847,0.2266260386,0.0539424382,0.0637093186,0.1518129408,0.1123612970,-0.1802814901,0.3221272230,-0.3280447423,-0.0682776645,0.0076076635,-0.2826797962,-0.0117838653,0.0849739984,0.0326168425,0.1048986763,0.0219499730,0.1340575665,-0.2505867779,-0.1064128727,-0.0179379210,-0.2083324045,-0.0555450469,-0.2233166397,0.1588114947,0.0776358470,0.2552362680,0.0062932214,-0.1951027513,-0.1102030426,-0.1023519784,-0.2614156604,0.0193230491,-0.1259830296,0.0561224334,0.2681416869,-0.2289154679,0.0612171739,-0.0977050588,0.0763056576,-0.0795893222,-0.2950487733,0.3554608524,-0.2095712721,-0.0593833327,-0.2597305477,-0.0035537421,-0.9529434443
-0.0148272039,-0.0356920920,-0.0555885993,0.0041139019,0.2844017744,0.1573191881,-0.1329765320,-0.1064379215,-0.1012328118,-0.0587936714,0.0202318858,-0.1011264771,-0.1095291525,-0.0445211567,0.0638869032,-0.1482963413,0.1196384653,0.0093567986,-0.1714490354,-0.1723610908,0.0261302684,-0.0037280081,-0.1146998629,-0.1693608761,-0.0839600116,0.0790560469,-0.0682741925,-0.0871259123,-0.1170971692,0.0718660504,0.0533174872,-0.1391582787,0.1589999497,-0.0073902248,-0.0492205694,0.0313492790,0.0180816092,0.0090801585,-0.0498140194,-0.0611381270,-0.0496843420,0.1163260490,-0.1481117904,-0.1789956540,0.1158035621,-0.0356388763,-0.1802808642,-0.0277154017,-0.0235789046,-0.0417559966,-0.1399584413,0.1322433501,0.0376797915,-0.1116313785,0.0036179253,-0.0436380580,0.0271859858,-0.0038626974,0.0311211422,0.1083743423,-0.1815249026,-0.0452894606,-0.1376260072,-0.1107379645,-0.0012252616,-0.1132355928,-0.2122527808,-0.0035521681,0.1414730996,-0.0310017616,-0.0187362563,0.0397028513,0.0431230478,-0.1055298448,-0.0931249857,-0.2345164567,0.0050549954,0.0160449855,0.0687619001,-0.0403902009,0.0222345777,-0.0479886942,-0.0211174656,-0.0621796958,-0.0819632635,-0.1237621456,0.0492072515,0.1473823786,-0.0751489848,0.0220714044,-0.1936421990,0.0225244127,0.0085665844,-0.0738863200,0.0931389555,-0.0573728643,0.0543261357,-0.0545451716,0.0115086250,-0.1127135605
-0.0168752782,-0.0501841605,-0.0864960626,0.0450408868,0.1384712160,0.0796532854,-0.1080311835,0.0486494526,-0.0418218486,-0.2311698943,0.2248770744,-0.0367848985,-0.3188098371,-0.0720922351,0.1902294457,-0.0627249181,0.0207434408,-0.0612535365,-0.0463989079,-0.3059904873,-0.0865025669,0.0119352620,-0.0456468351,-0.2872124314,-0.1308321506,0.2405795157,-0.0177232735,-0.2100526690,-0.1015592217,-0.0062921154,-0.0248673446,-0.0103878584,0.1796507537,-0.0895079747,0.0031636010,0.0171174090,0.0855503008,-0.1284534633,-0.1964380443,0.1041721925,-0.1617415696,0.1877465248,-0.1834529638,-0.1472585052,0.2107475102,-0.0810322985,-0.0384968892,-0.1049120724,0.0256221443,0.0329125784,-0.3451413512,0.3173900843,-0.0305644218,0.1619589180,0.0962221548,0.0918243453,0.0159387421,-0.0084214285,-0.0510964654,0.1132638231,-0.1382472664,-0.2023741603,-0.0963178203,-0.2382572442,0.0597938783,0.0195210837,-0.0895901248,-0.0027287297,-0.1422948986,0.1219323352,-0.2432445735,0.0001988727,0.0291129127,-0.1602127403,0.0769352168,-0.1084322110,0.2440288067,-0.0475377217,0.1708087474,0.0685315207,-0.1383686662,0.2882928252,-0.0917371958,-0.1441138983,-0.0959370658,-0.0113542499,0.0023964865,0.2422695458,-0.1394574046,0.1092729941,-0.0295884497,0.3495227695,0.0676496923,-0.2894305885,0.3826833367,0.0022049705,-0.0663427636,-0.1945670247,-0.0421826281,-0.9144557714
-0.0512132198,0.0791787729,-0.0838441998,0.0258323774,0.1749664098,0.2581803799,-0.0011588095,-0.1207225546,0.1648032814,-0.2629618347,0.0800428241,0.1809239537,-0.2086008638,-0.0750223249,0.0968285352,-0.0657127723,0.0698412359,0.0170172919,-0.1926248074,-0.0344639570,0.0379998423,-0.0835185573,-0.0645739958,-0.1384907216,-0.0581350364,0.1511912197,0.0434052199,-0.0699219033,-0.1722166538,0.0500367023,0.0059142793,-0.0234533902,0.0506007746,-0.0292926338,-0.0785076469,0.1683038622,0.0752508119,-0.1516857892,-0.0537414439,0.0918528512,-0.1053964943,-0.0128671285,-0.1101878732,-0.0187275931,0.1440570503,-0.0017553259,-0.2235641181,-0.0202280991,0.0897810310,0.0414079428,-0.1842062920,0.1126641110,-0.0035939321,0.1198699176,0.0947593376,-0.0569354668,0.0470473357,0.0397256836,-0.0725014359,0.1374409795,-0.1009993479,-0.0604618490,-0.1030401215,-0.0729205385,-0.0732956305,-0.2031125128,-0.1590927392,-0.1023179367,0.1521096826,0.1120756716,-0.1317606121,0.0768607780,0.0696724281,-0.1653504372,-0.0572284199,-0.1207146868,0.1590857506,-0.0521190837,0.1458873004,0.1557242125,-0.1018424183,0.0885363668,-0.1324022710,-0.1217543408,-0.0173473284,-0.0799427256,-0.0148980627,0.1448532045,-0.2077266127,0.0423731431,-0.1806400567,0.0801378638,0.0515675806,-0.1104488745,0.1658040136,-0.1245822385,0.0321321711,-0.2236763984,-0.0950204954,-0.2934010029
0.1362108886,0.0358518995,0.5473468304,0.0655827075,0.0271100551,-0.1304222047,-0.0588486716,0.1362981051,-0.1947364658,-0.0357586816,0.0962512568,-0.2788765132,-0.2735321224,0.1821490377,-0.1184901297,-0.1599452943,0.0156151867,-0.0195439439,-0.0277683809,0.1284567267,-0.2070288360,0.0494005680,-0.2050611973,-0.2748054862,0.0649387911,0.2075409889,-0.0482164994,0.0419586822,0.2316476852,0.3687998354,-0.0382073447,-0.0616831779,0.2954902947,-0.0275900774,0.0273370836,-0.0407334901,0.0333846658,-0.0209767502,-0.0533478409,0.1714491546,-0.0317991972,0.0376252569,-0.2000083923,0.0221607331,0.1460608244,-0.1517060846,-0.1258187294,-0.0392190777,0.0518080294,0.0201853253,-0.2134902626,0.0382874683,0.2975799441,-0.0482312702,-0.0650461540,-0.0741279647,0.0755371824,0.0914011821,0.0589868054,0.0041907122,-0.0074965684,-0.3978882730,0.0214912146,-0.1293910593,0.0682193711,-0.3455171585,-0.0593008809,-0.5933406353,0.1380423307,0.0743480995,-0.1897391528,-0.0795483887,-0.0003489601,-0.0867691785,-0.3787668943,-0.3184060156,0.0305226091,0.0244368464,0.0276544485,0.0297874287,-0.0488368869,-0.3069238365,0.0003641457,-0.0514588282,0.0793754831,-0.0992384031,-0.0238116607,0.1496073455,0.1054966450,-0.0527955592,-0.1430462897,-0.0495833233,-0.0974451676,-0.1301914603,0.1850319058,0.0311968327,-0.0507958531,-0.1459480971,-0.1888881922,-0.4522435069
0.0388525724,0.1124958321,0.0583891086,0.1045592055,-0.0055171340,0.0080274763,-0.0553010739,-0.0996383205,-0.0064977119,-0.0796791539,0.1255241483,-0.1134201288,-0.1431802362,-0.0714644864,0.0638855919,-0.0185369905,-0.1158127040,-0.1051926389,-0.1283602566,-0.1104437560,0.0001019438,-0.0063977884,0.0507355854,-0.0693591610,-0.1922867447,0.1139600724,-0.0675373450,-0.1665991545,-0.1244026497,-0.3644901514,0.0293201413,-0.0448934622,0.0151706496,-0.1721284539,-0.0291145276,0.0801251009,-0.0138426684,0.0459994525,-0.0860375389,-0.0319536366,0.0015505743,0.1553592831,-0.1546683311,-0.2067321092,0.1159550026,-0.0699879527,-0.1008438841,-0.1661217362,0.0500697084,-0.0280209184,-0.0571484789,0.2247252315,-0.0365479998,0.3808943033,-0.0680582374,-0.0619596988,0.0336380377,0.1096213087,0.1249008328,0.1430323422,-0.1246725321,-0.1668775082,-0.1208952740,-0.1031518504,0.0718819946,0.0492569469,0.0496004038,0.0295859892,0.2905349731,-0.0229483657,-0.1815209091,0.0229434613,0.1669245064,-0.1031990424,0.1928713918,-0.0697754696,0.2081302404,-0.1634651870,0.0422840677,-0.0542698503,0.0174694192,0.0369181111,-0.0100543834,-0.0374779217,0.1088427305,-0.0936383232,0.0666047558,0.1355626285,-0.2322212607,-0.0148333292,-0.2019947469,0.0029925602,0.0733785555,-0.1284466982,0.2402891815,-0.1514530182,-0.0989837721,-0.1588060111,0.0856116414,-0.2339642197
0.0599486381,-0.0061384528,-0.0714624897,-0.0506464504,0.2314012945,0.0151655301,-0.1281062067,0.0449954458,0.0919870660,-0.0119272750,0.0024217817,0.1291129887,-0.1749070734,0.0136096682,0.0230806246,-0.0036544066,0.1054910272,0.1007710248,0.0066911089,-0.0854241326,0.0631461740,-0.1020038947,0.0117159858,-0.1990157813,-0.1822593063,0.1740144193,0.0599674955,-0.1224397048,-0.0452157333,-0.0530123934,-0.0054468145,-0.0637017787,0.0151234651,-0.1722085029,0.0584036671,0.0842292532,0.0322628580,-0.1231834292,-0.0187571682,-0.1203593463,0.0129839955,0.0375374258,-0.1054073870,-0.0458146259,0.1473415494,-0.0607477054,-0.0056160581,-0.0912089795,0.1240420789,0.0433601215,-0.0952871814,0.0673697740,0.0500443913,0.0307909623,0.0892789513,-0.0200853366,0.0888528228,0.0321206376,-0.0890496522,0.0089767464,-0.0994996876,-0.0553519055,-0.0120279258,-0.1336932033,0.1215358302,-0.0096860798,-0.1025074348,-0.0818691403,0.2102434933,0.0880789682,-0.0043616374,-0.0775535554,-0.0954931006,-0.0220917109,-0.0150617892,-0.2145302594,0.0542626977,-0.1079091728,0.0199517943,-0.0485994779,-0.0512375273,0.0635847449,-0.1213070452,-0.1300578415,-0.0228588637,0.0292210300,-0.0044672312,0.1018837839,0.0197181776,0.0384380557,-0.1279717833,0.0421684086,0.2107087374,-0.0581406839,0.0323303901,-0.0882163718,0.0090559972,-0.1249560639,0.0578976646,-0.0718058720
-0.0489477888,-0.1387128532,-0.0917403772,-0.1506693214,0.2353313416,0.0445274599,0.0297760107,-0.0510446467,0.0221616030,-0.3105985522,0.0175035316,0.0007910472,-0.0482910424,-0.0772986412,0.1829215288,-0.1120130718,-0.1048515886,0.0576058142,-0.1319693029,-0.0196073521,-0.0232277848,0.0567088947,-0.0720476657,-0.2157329917,-0.1393230259,0.2753121555,0.1036805809,0.0326910764,-0.1061886698,0.1313119978,0.1948670745,0.0740113631,0.1612775028,-0.0697992742,0.1267536432,0.0323284008,0.1199525967,0.1305084974,-0.2281824499,-0.1264234930,-0.0843609050,0.1391852796,-0.1644567549,-0.2090568990,0.1841842085,-0.0925388932,-0.0594738796,-0.0462406687,-0.0185166989,0.0186384358,-0.2401338071,0.1517162472,-0.0050208885,0.1963098645,-0.0442844033,0.2691292167,-0.0231191535,-0.0957554504,-0.1552093774,0.1540499032,-0.1729505211,-0.0915705487,-0.1215832606,-0.1257213354,-0.1842496395,0.0249392986,-0.0142648220,-0.1237724945,-0.0630399361,0.1788054854,-0.2438333631,0.0080362810,0.0498058870,-0.0417163000,0.0711387023,-0.1070231572,0.2360915840,0.0004211238,0.1675578058,-0.0816975310,-0.0783423856,-0.0357657820,0.0363363698,-0.0632989258,-0.0934293792,-0.0643371269,0.1333880275,0.0783506855,-0.2300200313,-0.0980956256,-0.0797678828,0.0178158171,0.0022168446,-0.2006924450,0.2132595181,-0.0850894302,-0.0772184134,-0.2532311380,0.1331877708,-1.0389739275
0.0402758010,-0.0695098341,-0.3163159490,-0.1259799749,0.2233037055,-0.0313538052,0.0044835857,-0.1558090299,-0.0466558486,-0.2585696280,0.2481715381,0.2038497329,-0.0683004782,-0.0482089408,0.2832045853,-0.0455274507,-0.2080570012,-0.1928695738,-0.2439242303,-0.2702321112,0.1898185909,-0.0589300804,-0.2451658547,-0.1230983809,-0.3138058186,0.2367160022,0.0994989127,-0.1433735490,-0.0112599283,0.2346498966,0.1704174727,-0.0261936523,0.1602068096,-0.2398087829,-0.1835975200,0.0010938103,0.1783821285,0.1224128231,-0.1352850348,0.1220596880,-0.1792358607,0.2181988209,-0.1508735418,-0.1414514929,0.2888906896,-0.1616857201,-0.2129570991,-0.2045708150,0.2015995830,-0.0407104120,-0.3962859809,0.3090433776,0.2038448155,0.0148214530,-0.0347718932,0.1350898743,-0.0528150722,0.1032795459,-0.2365507036,0.2532981932,-0.2291656584,-0.1303064078,-0.1291557848,-0.2726000249,-0.2285404354,0.0002315692,-0.0454504713,-0.1274748594,-0.0265434645,0.0572601072,-0.1929729581,-0.1493664235,0.1371906996,-0.0294915978,0.0225141086,-0.2743582129,0.2519695759,0.0709858611,0.2342882305,0.1123459712,-0.2422288507,-0.1248535961,-0.0886924639,-0.1572055668,-0.0836092085,-0.0922076255,0.0159361325,0.1687043458,-0.2241640091,-0.0944454148,-0.1395989954,0.0633061007,-0.0185108241,-0.1951867938,0.1770859063,-0.2163892388,-0.1277174056,-0.2502355576,-0.2368037552,-0.4055624008
-0.1123339087,0.1050018296,0.0876484439,0.0857018679,0.0715943128,-0.0220372807,0.0231563803,-0.0164378416,-0.1453382969,-0.1930975616,0.0255510397,-0.1261309236,-0.0859342366,-0.0864617974,0.0839420035,-0.0694552138,-0.0375200361,0.0905385092,-0.0762865841,-0.1020137519,0.0857691988,0.0517439879,-0.0800118744,-0.1722946912,-0.2184457630,0.3890821934,-0.1397119313,-0.0157274436,-0.0434488915,0.1266059875,-0.1759779453,-0.0893598348,0.1470137835,-0.1680809557,-0.2252259552,-0.0448776111,0.1451947093,-0.1316876709,-0.2639642060,0.0168680288,-0.0031084358,0.0234949365,-0.3465438783,0.0070896852,0.1878045350,-0.1571291685,-0.1876966953,-0.2060012966,0.0448074155,0.0533208884,-0.3035020530,0.1903734952,0.0985397473,-0.0184523817,0.1305327415,0.2571913600,0.1243031025,-0.0341149531,0.1019049510,0.0836363882,-0.1156283841,-0.1438287795,-0.0593896434,-0.1455955356,-0.0739141554,-0.1347125620,-0.0094710300,-0.1656001657,0.0119441478,0.1191141158,-0.2084831893,0.0177568085,-0.0531450547,-0.0748059526,-0.0419401415,-0.2747904658,0.0930492580,0.0784526467,0.2018664926,0.0346062183,-0.0017359111,-0.0384662673,-0.1078030467,-0.0486034192,0.0326921418,-0.0620236434,-0.0415147878,0.2192867398,-0.1264583021,-0.0644255057,-0.1914164573,-0.0397743098,0.0900989994,-0.3860836625,0.2665089965,-0.0895062461,0.0276409760,-0.1594182700,-0.3864255250,-0.8918696642
0.1369827092,-0.0643538386,0.0477800593,0.0734503344,0.2710376680,0.1159057766,-0.1447403431,0.0092236558,0.0163897462,-0.0024003633,0.1065346748,0.1228365675,-0.0137512060,-0.0885409266,0.0109189590,0.0036360535,0.1527354121,0.1046077088,-0.1273369789,-0.0618478134,0.0819133520,0.0374679975,-0.0036287799,-0.0428665280,-0.0229754858,0.1460908055,-0.0413087942,-0.1849732250,-0.0069275796,0.0177179277,0.1035885662,0.1385469139,0.1037190259,-0.1359132379,-0.0600836724,-0.0035236178,0.0602967776,-0.0533898398,-0.1496374607,0.0772686526,-0.1183488518,0.0770001560,-0.0970184430,-0.0559415519,0.1241850853,-0.0824385434,-0.1087073162,-0.0706957057,0.0307059158,-0.0017498841,0.0225633942,0.1057740822,0.0606953353,-0.0881827474,-0.0408935770,-0.0184229538,-0.0355829149,0.0861332864,-0.0936979353,0.0218171626,-0.0928486660,-0.1161563098,-0.1586239338,-0.0808290392,-0.0136028603,-0.0070464164,-0.1087871864,0.0354594216,0.1294962913,0.0292624962,-0.1655609459,0.0445915274,-0.0921142027,-0.0801900402,0.0557281524,-0.0208307020,0.0790303871,-0.0014012187,0.1423291415,0.0127580501,-0.0533921905,-0.0033650389,0.0404820479,-0.0197376087,0.0828662291,-0.2067095637,0.0500163510,0.0949648023,-0.1159335598,0.0238957088,-0.0960871503,0.0981339887,-0.0331785306,-0.1060937941,0.1060837135,-0.1388120651,-0.0008953853,-0.0226092618,-0.0048978953,0.0315506496
-0.0113842571,-0.0693616271,0.0059708739,0.0232691020,0.2506986558,0.0432108752,0.0542474985,-0.1278164834,0.0161981061,0.0360199995,0.0326622389,0.1107294858,0.0062606079,0.0241309311,-0.0582730733,-0.1424766332,-0.0486491658,0.1612007618,-0.0880264044,-0.1123869419,-0.0833330154,-0.0217111688,-0.0881519988,0.0216414779,-0.0565412752,-0.0466380157,0.0464329422,0.0206148531,-0.0848651305,0.0836030692,0.1057690755,0.0423225649,0.1067274809,-0.1274931729,-0.0900106058,0.0127916932,0.0749449730,0.0435412861,-0.1133687347,0.0041747065,-0.0886115208,0.0671565831,-0.1139096990,-0.0245191343,0.0278706290,0.0218362678,-0.1275496781,-0.0918264613,0.1232612729,-0.0797214508,-0.0508805774,-0.0276471898,-0.0365969054,-0.0758012682,-0.0387900472,-0.1889022291,0.0900366604,-0.0550622828,0.0389443189,-0.0471504852,-0.0497379638,-0.0331557319,-0.1656545252,0.0049379095,-0.1229484081,-0.0310295466,-0.1184592769,0.0457816459,0.0721094310,-0.0165288411,0.0214325190,-0.0278852154,0.0853636041,-0.0718124583,-0.0017341470,-0.1095593572,-0.0187663902,-0.0919887125,0.0453543402,-0.0072149425,-0.0710588172,0.0235323235,-0.0764491633,0.0011369006,-0.0243193880,0.0395233110,0.0920308605,0.1243061051,-0.0628894791,-0.0484855920,-0.0449624024,-0.0579798482,0.1843535304,-0.0803477913,0.1551167071,-0.1678628922,0.1277992129,0.0490448289,-0.0994627550,0.0732107460
0.1307246834,0.0615098588,-0.0170082692,0.1747830212,0.0921181664,-0.0686253160,0.0207379870,-0.0519436263,-0.0506256036,-0.0597749501,0.2068439126,-0.0615997314,-0.2132107317,-0.1249648333,0.1419732273,0.0907086134,0.1001844183,-0.0723787919,-0.1231165081,-0.2166028768,-0.0331143774,-0.0182870794,-0.0038557167,-0.2972090840,-0.1702702790,0.2169069201,-0.0777943805,-0.1351068616,0.0742320269,0.1338190883,0.0488781221,-0.1264859885,0.2367864698,-0.1110187545,-0.0652010664,-0.0759547353,-0.0189019814,0.0108412737,-0.2049479038,-0.1004273295,0.0077780006,0.1086256132,-0.2058425546,-0.0699691772,0.1714156121,-0.1829825193,-0.0315843038,-0.2162479162,0.0614082627,0.0551962778,-0.1460395902,0.1209859177,0.0663871244,0.0611811467,0.0357378200,0.0713636950,-0.0556584001,-0.0367110372,-0.0603685081,0.0959702879,-0.1463413090,-0.0887100473,-0.0869259536,-0.1076599136,-0.0007778748,0.0954578742,-0.0921135172,-0.0073820250,-0.0423273183,0.1710134149,-0.2134234458,0.0095379911,-0.0155913597,-0.1010044962,-0.0593949258,-0.1488828063,0.0408692323,0.0457364209,0.1905539632,-0.0840117782,0.0450369976,-0.0284543876,-0.0281060301,-0.0624496192,-0.0148930950,-0.1634143889,-0.0426668413,0.2456772476,-0.2234664261,0.0940125734,-0.2139235288,0.1339340061,0.0516835153,-0.3111434281,0.2818285823,0.0164600126,-0.0905560702,-0.2412155420,0.0340276845,-1.1860977411
0.0397560745,-0.0021320465,-0.0722456202,-0.0672064945,0.1750738621,0.1485593915,-0.1058705747,-0.0476949178,-0.0089209713,-0.0568487160,-0.1176437363,-0.1494573951,-0.0184371788,0.0666353330,0.0210238751,-0.1182810664,0.1093442068,0.0256381389,-0.0990677550,-0.0479756296,-0.0310874470,0.0086782025,-0.0491323546,-0.0313294306,-0.1128646955,0.1719842255,-0.0455729440,-0.0978527442,-0.0897087380,-0.0225647148,0.0668340325,-0.1245524660,0.0675158575,-0.0345096812,0.0305949766,0.1455683410,-0.0023933328,-0.0459595695,-0.0873726159,0.1522010416,-0.0493079200,0.0830491483,-0.1218830794,-0.1779312342,0.0988903791,0.0351849161,-0.0737101436,-0.1357298046,0.0545089841,-0.0709504262,-0.1929917037,0.0664236695,-0.0224517100,-0.0836777985,0.1066880599,-0.1737932116,0.0690402016,-0.0044557825,-0.0975798741,-0.0014280973,-0.0016649757,-0.0511518121,-0.0220994838,-0.1414743364,0.1639278084,-0.1550303847,-0.0051346701,-0.1554357111,0.0595861152,-0.0404526703,-0.1521781385,0.0260841679,0.0210583024,-0.0953640491,-0.1664923877,-0.0683311746,0.0478821769,-0.0607825704,0.1271842420,-0.0794132054,-0.0307445619,-0.1574943066,-0.0293806084,-0.1060948744,0.0459543876,-0.0400750376,-0.0141276997,-0.0123610841,-0.1926479340,0.0532635525,-0.0243665036,-0.0168477092,0.0623096824,-0.1373876929,0.2099899203,-0.0955355614,0.0298755169,-0.2102248967,0.0253010411,-0.2323167324
0.1039413959,-0.0226738863,-0.3124621511,-0.0482780077,0.1630609930,0.1324846447,-0.1083866805,-0.0679992884,0.0302126799,-0.2030026019,0.1830649823,0.2195385098,-0.2777805030,-0.0135804312,0.2720179558,-0.1843077987,-0.1736406088,0.0025078452,-0.2596713305,-0.2051541209,0.0137645388,-0.0761064664,-0.1073012501,-0.1587579101,-0.2276091576,0.3815002441,0.0422012359,-0.1202103645,-0.0719106719,-0.0839741006,0.0182183497,0.0068082041,0.1632027477,-0.2654998004,-0.2240340114,0.0647714064,0.1521232277,0.1256329566,-0.2481180429,-0.0706672743,-0.1772793084,0.0504460335,-0.2550685406,-0.1178266630,0.3236666024,-0.1830164194,-0.2238363326,-0.2460219264,0.0366109163,-0.1235364601,-0.2121627778,0.4090178609,0.0338110477,0.0699928328,0.0468136184,-0.1021798030,-0.0311470274,0.1214427054,-0.0873268992,0.1463267654,-0.1987543702,-0.0931965560,-0.0236428827,-0.1731657982,-0.2651650310,0.0552358218,-0.1848071963,-0.0677766129,0.0768895820,0.0997097865,-0.2959500551,-0.0950651392,-0.0395493358,-0.0378658250,0.0357813314,-0.2050073147,0.1033239737,0.0278005600,0.2105992585,0.2259880751,-0.1989922076,-0.2686406672,0.0103799207,-0.0836761221,-0.0671472475,-0.1244171858,0.1189261377,0.2883663774,-0.1878993660,0.0793368816,-0.1583459973,0.0309246741,0.0832931846,-0.3690921664,0.4610541165,-0.1843473464,0.0361097604,-0.2977599204,-0.2314596474,-1.0028884411
0.1509125680,-0.0191028528,-0.1703444272,-0.1114765182,-0.0336116441,0.0872161910,-0.1606091708,-0.0669186860,0.0486832596,-0.1833498776,0.1413097382,0.0287520550,-0.1092559993,-0.0483708531,0.1519425809,-0.1340208650,-0.1274015456,0.1205181554,-0.2451256812,-0.1278762519,0.1559611559,-0.0701158270,-0.1009981036,-0.1994165778,-0.0977287665,0.3980579078,-0.0552402437,-0.1891812831,-0.1341773719,-0.1486201733,-0.0139613179,0.0711743683,0.2662659287,-0.2224482894,-0.0602627806,-0.0024493979,0.1478563249,0.0650533438,-0.2551668584,0.0769056827,-0.1979636550,-0.0027030762,-0.2390194535,-0.1046748236,0.3155324459,-0.2011784315,-0.1147403792,-0.0937082320,0.0358964317,-0.0816196129,-0.3546569347,0.2730683088,0.0828953311,0.1026575789,-0.0823216885,0.0498125404,0.1495793313,-0.0686117783,0.0442507900,0.3021727502,-0.1372563690,-0.0763314590,-0.0217215195,-0.2694166005,-0.0736133531,0.1109270528,-0.0460878052,0.0437641032,0.1517486125,0.0996296853,-0.3295768201,-0.0734918416,0.1267369837,-0.1129210666,0.0689147562,-0.3155834675,0.1969600320,0.0892726481,0.2711801529,0.0390248261,-0.1410041451,-0.0038424120,-0.1402996480,-0.0728752986,0.1174350604,0.0174568500,0.0512435138,0.2553291321,-0.2757265866,0.0472159162,-0.2092306614,0.0652232543,-0.0473536663,-0.3770489693,0.3031815290,-0.0401027463,-0.1491039395,-0.2618432939,-0.2498271018,-0.9390367270
0.0486918837,-0.0408085436,-0.0542196557,-0.0569638051,0.0718349814,0.1336214393,-0.0045690914,-0.0957869962,-0.0692447349,-0.0736434832,0.0053993142,-0.0411156751,-0.0882622674,-0.0076116854,0.1141619980,-0.0454015620,0.0191413742,0.0378759876,-0.0296423826,-0.0703305453,0.1337666959,0.0629022345,0.0623883717,-0.1088024974,0.0038677494,0.1356554329,0.0933655724,-0.0184021704,-0.0985337943,0.0820305124,0.1166442335,0.0849334374,0.1392862052,0.0063962103,-0.0150872469,-0.0293125212,0.0813125148,-0.0546847917,0.0354853235,-0.0530682020,0.0467593968,0.0091257654,0.0498449244,-0.0914796516,0.0529982150,0.0538636632,0.0264215749,-0.1156118587,0.1106223091,0.0150830373,-0.0182934906,0.0664439797,-0.0433577634,0.0691668540,0.0902078524,-0.0274921171,0.0459481180,0.0225630254,0.0669764951,0.1355416179,-0.0408539511,-0.0464864634,-0.1217052191,-0.0617462285,-0.0865619481,-0.0269273072,-0.1215282381,0.0477080345,-0.0066527836,0.0230790749,-0.1460136771,-0.0794175938,-0.0272572376,-0.0536451451,0.0870966539,-0.0933915824,0.0180372912,-0.0166109726,0.0206635520,0.0627830327,-0.0565520674,0.0883641317,-0.1231337488,-0.1535376310,-0.0105246874,-0.1427420229,-0.0050114100,0.0204967018,-0.1292679161,0.1427934319,-0.0842259824,0.0062572495,-0.0511510037,0.0341237932,0.0799465254,-0.1740683764,0.0233117100,-0.0761163831,0.1080156788,0.1190509796
0.0460061505,-0.0111181252,-0.0180018991,0.0745725036,0.3412305415,0.0659057498,-0.0754436255,-0.1168588698,0.0207570251,0.0392023697,0.1230217516,-0.1012836546,0.0010282341,0.0033804274,0.0804671869,-0.0088773416,0.0503341891,0.1295921355,-0.1570499986,-0.0939584374,0.1921402663,-0.0879373401,-0.0621374883,-0.0456935167,-0.1832138151,-0.0217100009,0.0992193893,-0.0298429485,-0.0395655297,0.0688224658,-0.0202446971,0.0510620661,0.1294043213,-0.1245438904,0.0188838616,0.0049231397,0.0696407706,-0.0505789928,0.0057955678,-0.0730724111,-0.1032693237,0.1069353074,0.0597379282,-0.0888947248,0.0903939456,-0.0973695070,-0.0928703547,-0.0616616160,0.0265958551,0.0113207083,-0.1334712058,-0.0135972910,-0.0102251265,-0.0294583719,0.0969132707,0.0970977619,-0.0164405946,-0.0059685684,-0.0986147150,0.0513627827,-0.1007154062,0.0293141734,-0.0315837637,-0.0235541631,-0.0216902550,-0.0431919806,-0.1006283909,-0.1238651574,0.0873499140,0.0517228842,-0.1098544970,-0.0037652277,-0.0105705103,-0.0938502997,0.0566903725,-0.0882627070,0.0488300771,0.1029405817,0.0145193273,0.1234292015,-0.1513199508,-0.0453944616,0.0306262746,-0.1205771416,0.0306408014,0.0147059532,0.1406767219,0.0284359585,-0.0645053983,0.0744221285,-0.0771310851,0.0689143240,0.0109636076,0.0282958001,-0.0385539159,-0.0429355241,0.0677615479,0.0325354934,0.0010789237,0.1278593689
0.0532197803,-0.0764757916,-0.0660073981,-0.1377748251,0.0833611116,0.0271458197,-0.1702933460,-0.0458887666,0.0482177287,-0.1084277779,0.1685073823,0.0728529096,-0.1710169315,-0.1419737935,0.1818073690,-0.0635807514,-0.0578512028,-0.0149314580,-0.2117365301,-0.2314682007,-0.0255858619,-0.1200796291,-0.1948977411,-0.2505414784,-0.0851613730,0.2111075670,0.0902346745,-0.0375704058,0.1023290232,0.2617402971,0.1681623757,-0.0410690904,0.2500922084,-0.1847281456,-0.0607447103,-0.0433178172,0.1999453306,0.2241904736,-0.2210622579,0.0168903302,-0.2095003426,0.1809514910,-0.1496879309,-0.0924801677,0.3048180640,-0.0403652638,-0.0786763653,-0.2038609982,0.1470622718,-0.1371243596,-0.2965183556,0.0401365757,0.1952030212,0.1378257573,0.0522039235,0.0337745249,0.0523386858,0.0548376925,-0.0237506218,0.1229925752,-0.1341968477,-0.1816180050,-0.2220695466,-0.2440419048,-0.1068587080,0.1256375164,-0.1487922668,-0.1628593355,-0.1894479990,0.0960856825,-0.0853440613,-0.1698482931,0.0284857601,-0.0662160516,0.0154898744,-0.2967836857,0.1486901343,0.0181777738,0.2327277660,0.1103573069,-0.0752121583,-0.0087283729,-0.1943525076,-0.2000414282,-0.0637415200,-0.1876196116,-0.0229333397,0.0600206479,-0.0972776115,0.1146731451,-0.1881109178,-0.0161478017,-0.1227273494,-0.2661963403,0.1742252111,-0.2337512225,-0.0172596220,-0.2738495469,-0.1435805410,-0.1708917320
0.0200785864,-0.0816422775,-0.3494683802,0.0828399435,0.1498034894,0.0398586541,-0.0125106527,0.0229778029,0.0015564795,-0.1384636611,-0.0441797748,0.2844472826,-0.1280565411,-0.1627801359,0.1605719030,0.0844317824,0.0837431699,-0.0425811559,-0.1414969563,-0.2801647782,-0.0570136197,0.1008607596,-0.2334748507,-0.1870528758,-0.0354364589,0.2217736542,-0.0361476466,-0.1481463611,0.0376535393,0.3409899175,0.0018892627,0.0367210880,0.2012990415,-0.1257045716,0.0844259486,0.0531691723,0.3432043493,-0.1318742931,-0.2017993331,-0.0813953206,-0.1077235639,0.0726224408,-0.0992480516,-0.2637663186,0.1983370036,0.0108203841,-0.0863353163,-0.0488104224,-0.0540894307,-0.0283585638,-0.2142693549,0.1369497031,0.0198795684,0.1392277777,-0.1087658480,-0.1482176781,-0.0419190228,0.1156659275,-0.0021317960,0.1417366415,-0.2983607352,0.0931828767,0.0253300369,-0.0945139825,-0.0627102703,-0.1790740192,-0.0397792719,0.1494560689,0.1626163870,0.1710117459,-0.1381403804,-0.0476188250,0.0774366930,-0.0241426248,-0.1284715980,-0.0972974375,0.1356647164,-0.0018962007,0.0645921081,-0.1306018680,-0.0282380581,0.1283038855,-0.1403455287,-0.1158466935,-0.0679735467,-0.2105068266,0.1081907600,0.0552895144,-0.2791447341,0.0198758319,-0.1799590588,0.0819351375,-0.1180755720,-0.2203447521,0.2096868157,-0.1372603178,0.1089845896,-0.2647145391,0.0878189728,-0.2826920748
0.0403801799,-0.0643068403,-0.0717262104,0.0637424886,0.1542616934,0.1541362405,-0.0857394338,0.0059257564,0.0823125318,-0.1110498682,0.1235990822,-0.1123626605,-0.1288089901,-0.0471156165,0.1546108574,-0.1627468765,0.0950213671,-0.0801348984,-0.0671268702,-0.1449569166,0.0171028078,-0.0802091137,-0.0282814447,-0.0625093579,-0.1816457212,-0.0018594442,0.0149618117,-0.1323249638,-0.1291501224,0.1098228097,0.1351181865,-0.0079446696,0.0001279106,-0.0245765839,0.0126403579,0.0558233075,0.1477034241,-0.0735752806,-0.0028180142,0.1805862486,-0.1449596137,0.1772220433,-0.0353854187,-0.1540618092,0.1213121489,-0.1347260475,-0.0740466192,-0.0116950208,0.0575914644,0.0277054682,-0.1556600779,0.0259107612,0.1383934915,0.0723471642,0.0439674370,-0.0413308889,0.0986044407,0.0741075724,-0.1588839591,0.0466147959,-0.0295542106,-0.1746887118,-0.0493833870,-0.0169876590,0.1858220994,0.1508914232,-0.0041998639,-0.1224026382,0.1474818289,0.0626633391,-0.0199633967,-0.0170414988,0.0841631815,-0.0635682195,0.1214724854,-0.0930989385,0.1757203043,0.0180553552,0.0964137986,0.0539782420,-0.1400758922,-0.0892944559,-0.0555552840,-0.0966178477,0.0529660769,-0.1075854301,0.1721289009,0.1496061981,0.0160920732,0.0453171059,-0.0276983660,-0.0502317883,-0.0297404062,-0.1347498447,0.1332020611,-0.0796336606,0.0307630524,-0.0186740104,0.0051229601,-0.1237627640
0.1602966338,-0.1363288015,-0.2930635512,0.1271699667,0.3771217763,0.2363909334,0.1306630671,-0.0841414854,0.1663667262,0.1820151508,-0.2099937648,0.1083841398,0.3327648342,0.2155715376,-0.0259566177,0.1187972128,0.0763012767,-0.1868993938,0.1724577546,0.2666742802,0.4433108270,0.0041868160,0.2135219723,0.6504247785,0.0778870434,-0.2741782069,0.0619024448,0.2893799543,-0.2769014537,-0.5307409167,0.1870149523,0.2216996104,-0.2565984726,0.3213810027,0.2117855400,0.0381291360,-0.0836526304,0.0954352841,0.2643931210,0.3390720189,0.1163098142,-0.2268004119,0.3663582504,0.0312515013,-0.4816373289,0.2147749811,0.2210436910,0.0687018409,-0.1268812716,0.1968476474,0.3624130189,-0.2158458084,-0.3199729025,-0.1844535917,0.0666751862,-0.0142265018,-0.3037874997,0.0894781575,0.1448303312,-0.1636083722,0.2858756781,0.1444886476,0.2768353522,0.0919508711,-0.6863271594,0.1287155747,0.1688798517,0.5438838005,0.3048482239,-0.3651415706,0.3575554490,-0.0860575438,0.1104239076,0.3745781779,0.1750634909,0.2567195892,-0.2910686135,-0.0692744926,-0.1992554814,-0.0143136466,-0.0164564382,-0.3522517681,0.2571082413,0.1000680700,-0.1251492351,-0.0599090680,0.0312424935,-0.2919317782,0.3090142310,0.0040907525,0.3843845725,-0.0255952347,0.0693092272,0.3284878433,-0.4404020607,0.2458002716,0.0729026869,0.3415013850,-0.1708612889,0.5005470514
