-0.28687820,0.02540098,-0.04728090,-0.25017685,-0.01162170,-0.02603005,-0.03874364,-0.20464642,0.11455919,-0.16849510,0.18345341,-0.07817472,-0.03557381,0.02295084,-0.14325991,0.12502992,-0.10533132,0.32021087,-0.00448480,-0.11321548,0.16273940,-0.17435101,0.23570061,0.05015925,-0.16454254,-0.15699758,-0.17245214,0.05970675,0.07916041,0.02069006,-0.08191483,0.09018771,0.27296016,-0.05384459,0.14341247,0.04237502,-0.11715058,0.02573989,-0.00929826,0.00176783,-0.00044460,0.07895774,0.01973405,-0.22823559,0.03678891,0.08259505,-0.01457687,0.06569852,-0.11596797,-0.02984463,0.34839216,-0.16416909,-0.02762213,-0.28765917,0.06224966,-0.10183702,-0.10431140,0.03438895,0.02551801,-0.29511264,-0.00984466,0.15186830,0.03842876,-0.29145241,0.06775143,0.02256571,-0.00925126,-0.12868905,0.22541776,0.00829452,-0.00945453,0.16575783,-0.14586124,0.09272067,-0.19242346,0.05486715,0.10329740,-0.01205531,0.01286498,0.00348490,-0.01833792,0.00633449,0.07697780,-0.05864060,0.04642842,-0.05866078,-0.27750304,-0.06719910,-0.13077547,0.17171344,-0.09717866,-0.06311990,-0.04859577,-0.15360877
-0.11819676,0.01580671,-0.05852892,-0.18577302,-0.19104126,-0.06046542,-0.00654667,-0.25502917,0.00199574,-0.07036302,0.01970243,-0.09642597,-0.03949455,0.01558078,-0.15385346,0.14873461,-0.01128059,-0.01529850,-0.02005304,-0.05287960,0.04136501,-0.05071713,0.01669980,-0.02303285,0.03216033,0.04781180,-0.02499369,0.13444214,0.02926913,-0.08722588,-0.00611469,0.05182968,0.03650846,-0.04426869,0.04569675,0.08653329,0.01513215,-0.13331816,-0.10672176,0.03605518,-0.09855009,-0.03227856,-0.09424165,0.01346990,0.02390715,-0.03210044,0.06409720,-0.03677363,-0.00210773,-0.02062520,-0.01491312,-0.06350161,0.03450857,-0.25201970,0.07784055,-0.07762441,-0.09948508,-0.04757289,-0.00022632,-0.01576455,-0.17510347,-0.04359734,-0.11358003,-0.00519569,-0.06454773,0.02921337,-0.11713342,0.01783515,-0.07682717,-0.09245440,-0.22371696,0.13498896,0.06036850,0.13718116,0.02621385,-0.10209385,0.00533724,-0.11572879,0.08427734,0.11043575,-0.13638529,0.04441834,0.13468987,-0.11808687,0.17382026,-0.05516259,0.08386165,-0.03086580,-0.19304210,0.06472716,-0.10764898,0.07171697,-0.11362876,-0.14670165
-0.09852397,0.00714115,-0.02966007,-0.15545334,-0.16698304,-0.03188097,0.14710239,-0.22612387,-0.05323814,0.07878603,0.04135713,0.03306658,-0.00989661,-0.24924162,-0.15249188,-0.07579301,-0.02684433,-0.01190436,-0.05456405,-0.17028816,0.10070459,0.02781152,-0.03830791,-0.06738213,0.17918277,0.00407725,0.14500687,0.11660047,-0.08876683,-0.02647384,-0.02329301,0.19913255,0.04080462,-0.16704629,-0.17163223,-0.06068418,0.05277233,-0.01318770,-0.15385748,0.20539515,-0.15091953,0.01925439,-0.17267448,-0.02250472,-0.12802471,-0.11354032,0.16592534,0.02222142,0.19449089,0.03838079,-0.09447356,-0.02743298,-0.03099326,-0.18536782,0.11135291,-0.22873735,0.06016735,0.02883817,-0.00369482,0.11548415,0.10126343,-0.18251814,0.08828342,-0.08681640,0.05591074,-0.14316937,0.02055582,0.02145088,-0.06768369,0.04429644,-0.06956556,0.12011182,-0.01463028,0.17104328,-0.10261712,-0.16249777,0.17461829,0.14171414,-0.15875933,-0.00600910,-0.17832455,-0.02960592,-0.00145882,-0.18930627,0.07986286,-0.09479491,0.08470577,-0.11623052,-0.17598043,0.20904206,-0.14550193,0.02368179,-0.08122094,0.29365718
-0.19651313,0.04989824,0.13004781,-0.13087556,-0.17880274,-0.06240509,0.12057740,-0.04264151,0.10369173,0.00330779,0.09881774,0.04375309,0.04639235,-0.07380903,-0.02622100,-0.12698138,0.14559782,0.07615077,-0.16407289,0.14627466,0.02189962,0.13071010,-0.02346798,-0.02814754,0.30130970,0.05272465,-0.08768515,-0.03265895,0.02385441,0.03094069,0.00097508,0.15027043,0.19498889,-0.00031068,0.04521348,0.02136157,0.02772317,-0.02335849,-0.03697768,0.14643800,0.02667699,0.00536857,0.09751871,-0.17475021,-0.07458452,0.03085856,0.13244100,0.06510206,0.13876484,-0.11888692,0.04106867,-0.13470381,0.12138237,-0.28070238,0.00123937,-0.11338778,0.14207190,0.03419724,-0.05540806,-0.26098564,-0.29630563,0.10078018,0.11161844,-0.38603538,0.03955672,-0.00497868,0.01609606,0.01810993,0.21561213,-0.26031306,-0.08817849,0.05509558,0.15187702,-0.01085184,-0.21462385,-0.11840636,0.19525935,0.00841030,-0.03927629,-0.07229563,-0.13580182,-0.01348087,0.15366070,-0.04717591,-0.11442215,-0.03225307,0.10265631,-0.06914578,-0.02097146,-0.00530082,0.01124608,0.43893972,-0.00682051,0.27895042
0.14349012,-0.13948023,-0.07904170,0.08736694,0.02035684,0.13531360,-0.09188642,0.00632552,-0.15970168,0.00298267,-0.20077161,-0.05689013,0.01430542,-0.09622364,-0.04555522,0.11673513,-0.03096353,-0.07329134,-0.11362185,-0.13488092,0.02038674,0.02090553,-0.14494334,0.08505822,0.11972972,-0.02367312,-0.00771102,0.01438237,-0.06316389,-0.08535262,0.02766841,-0.01614535,-0.07443193,-0.08445388,-0.00801006,0.00625070,0.03503798,0.02583813,-0.12731130,0.07973711,-0.13703573,-0.13415854,-0.05754914,0.01867880,-0.10479923,-0.01980628,-0.00252047,0.10526314,-0.07148735,0.13892137,-0.03731757,0.04828375,0.04801589,0.02464495,0.16561660,-0.10474934,-0.02954226,-0.05653457,-0.12378971,-0.13173755,0.11974394,0.00669918,-0.11240410,-0.03443783,0.05569867,-0.04410044,-0.09334434,0.11826774,-0.16077350,0.01113140,-0.00636728,0.17584053,0.01340214,0.02493595,0.06543455,-0.13250463,0.09947328,-0.09430315,-0.14916898,0.00809579,-0.08303899,0.03720765,0.00212440,-0.03360830,0.11592206,-0.11274125,0.04890874,0.01806532,-0.09477898,0.07996969,-0.17163754,-0.05996652,-0.17115279,-0.16967018
-0.04719274,-0.11054464,-0.06890410,-0.14663206,-0.05339974,0.18402632,-0.08866347,-0.14142326,-0.11374427,0.16291925,0.04496986,-0.05332156,0.06186574,-0.09144464,-0.01128867,-0.05837162,-0.00825063,-0.11503401,-0.13935904,-0.19257548,0.11386047,0.05844834,-0.06549239,0.00027400,0.02819220,0.05244913,-0.01437361,0.10406856,-0.22412308,-0.00016463,0.10234880,0.12047637,0.17801674,-0.00927535,-0.17401166,0.02181713,0.12909177,-0.06827182,-0.04186577,0.06598986,-0.16477901,-0.02267790,-0.08046915,0.02130429,0.03466759,-0.18525238,0.08846238,0.18664278,0.14070848,-0.02933478,0.16666669,-0.11725947,0.13103662,-0.12129775,0.06501561,-0.11000373,-0.15370581,-0.10496521,-0.16277093,-0.07204385,-0.00103250,0.00221786,-0.08728746,-0.13547282,0.19393863,-0.24445896,-0.09758383,0.10241582,0.04446100,0.00931125,-0.21746925,0.12035994,0.04086872,0.09527306,-0.12229146,0.03163827,-0.13194290,-0.09067429,-0.03330778,0.03602415,-0.16941920,0.00878423,0.10165364,-0.04399252,0.05068327,-0.14180486,-0.00936376,0.03286037,-0.15379883,0.23199910,-0.14326043,-0.11182090,-0.19105610,0.18324067
-0.02312175,-0.03459875,0.35907054,0.07085282,0.25322816,-0.24413539,-0.27806851,0.33052114,-0.12177922,-0.15584123,-0.07730091,0.30770883,0.02164700,0.16180487,0.14768407,0.53865016,0.00036049,0.50139213,0.32016918,-0.02698217,-0.15573193,-0.32862908,0.26644588,0.02988661,-0.44789445,-0.33935967,0.04686582,-0.40612012,0.18185446,0.10245619,-0.27763781,-0.42860600,-0.24365216,0.22448343,0.50313151,0.23011635,-0.39438489,0.11136948,0.25066888,-0.26282379,0.13470373,0.15172012,0.20214239,-0.28667849,0.22154033,0.15613759,-0.21584831,-0.25831971,-0.34485209,-0.06347965,0.16082814,-0.18358617,-0.19289245,0.48303258,-0.18926577,0.33682892,-0.09121750,0.24093035,0.04731287,0.06115692,0.37236139,-0.18965945,0.18083195,0.21561217,-0.26707065,0.20434314,0.20923530,0.17404333,0.08615880,0.41141120,0.22853984,-0.22860929,-0.37642270,-0.19941609,-0.22385435,0.20011316,0.59624243,-0.02040731,0.03106763,0.13617192,0.39760345,0.00032488,-0.03789044,0.24345431,0.00975714,0.13599369,-0.25710827,0.18917596,0.19046848,-0.17920667,0.21119608,0.27335930,0.15209265,-0.10267813
-0.10720273,-0.25853923,-0.02199705,-0.10576835,-0.08628570,0.18745229,-0.12222596,-0.02008203,-0.21450217,0.21493720,-0.00367168,0.11304082,0.19313404,-0.13707255,-0.03695385,0.10823674,0.02109099,-0.07095659,-0.12999460,-0.19250536,0.10933425,-0.00026143,-0.06376158,0.08508715,0.02079520,0.07781017,-0.01116436,0.16354910,-0.10840439,-0.05274693,0.11295877,0.08956435,0.05119513,-0.16287902,0.01002894,-0.08370181,0.23023967,-0.06461341,-0.09114600,0.11140581,-0.17137906,-0.20824152,-0.13068594,-0.02894644,-0.02376799,-0.11116742,0.05009570,0.06799831,-0.06587272,0.08259995,0.11647934,-0.06726274,0.07015592,-0.08899123,0.11857344,-0.05264781,-0.05537843,-0.00599214,-0.15449068,0.21689321,-0.00266127,-0.00376303,-0.30061716,-0.06237927,0.17796959,-0.19520912,-0.04347709,0.00074189,0.03202450,-0.00071697,-0.06805983,0.06564929,0.14891833,0.00870234,-0.04071768,-0.06852851,-0.18314865,0.00073602,-0.20471165,0.06104142,0.09151443,0.13899440,-0.01369378,-0.06803504,-0.06385976,-0.07781633,0.09035292,0.01946322,0.00811013,0.09461211,0.01209765,0.01167944,-0.07180478,0.31815246
-0.08639982,0.00738760,-0.00641650,-0.12814848,-0.14918381,0.04673298,0.23071586,-0.14230058,0.06935400,0.10048915,-0.10291708,0.00514164,-0.00846637,-0.09165361,0.03620864,0.06588890,-0.03880417,-0.10683750,-0.08831688,-0.07120829,0.13773249,-0.00262500,-0.00594392,0.02994229,0.05810637,-0.04037267,-0.06817658,0.04225900,-0.03162169,-0.00742768,0.01123521,-0.03233676,0.02299180,0.03934034,0.09474603,0.00328623,0.01460999,-0.06818713,-0.08382710,0.15262008,0.08996203,-0.10105523,-0.06251673,0.11500991,-0.10027152,-0.15789276,0.06632710,-0.05894756,0.04069600,0.13008553,-0.00244553,0.00637401,0.03829037,-0.21151875,0.10898677,-0.05877348,-0.09281959,0.02142367,-0.12626725,-0.15293890,-0.28782049,0.01641125,-0.15899371,-0.00800259,-0.00173306,-0.14318776,0.08225063,-0.04565784,0.03760412,-0.10554267,-0.12878086,0.15630166,0.01907672,0.04405291,-0.10764769,-0.00373511,0.16934283,0.05075807,-0.12104382,0.01947331,-0.16185789,0.00098451,0.06903302,-0.07272133,0.01337933,-0.03044229,-0.11346827,-0.01271851,-0.01937312,0.02790533,-0.22507547,0.01779377,-0.09210807,-0.18947065
0.05744639,-0.00705284,-0.06020715,-0.00197167,-0.07209142,0.12609111,-0.02351012,-0.10200445,0.01269747,0.08895250,-0.09311941,-0.13125525,0.06708632,-0.06298475,-0.06511356,0.13292271,-0.10825440,-0.13788453,-0.15423729,-0.04618877,0.09488109,-0.09403671,-0.11034443,0.00169861,0.20538977,0.03674884,-0.02484344,0.17071737,-0.07528095,-0.00515253,-0.01874634,0.00938072,0.13480078,-0.07764143,0.02580653,-0.12462484,-0.00551018,-0.10743549,-0.11846980,0.13538167,-0.09502100,-0.07850740,-0.01696865,0.02636647,0.00836566,-0.20588857,0.03396088,0.16357908,-0.01085177,0.13386282,0.06957347,0.00126702,0.12022898,-0.02351529,0.10331076,-0.10529571,-0.12596123,-0.11012392,-0.10195184,-0.03660560,0.01528261,-0.09878957,-0.14007552,-0.02797483,0.14488313,-0.04459140,0.06773306,0.02132783,-0.08085953,-0.08574052,-0.16903761,0.04651767,0.01611434,0.07242922,0.12454239,0.04348307,-0.24100852,-0.14716068,-0.06802206,0.05040484,-0.14624520,-0.03879049,0.15101594,-0.10273632,0.06062256,-0.00102218,-0.04139728,0.10178014,-0.04886857,0.10562007,-0.19833533,-0.09906341,-0.20936184,-0.24462533
-0.19654739,0.08362152,0.04213613,-0.22781342,-0.13478073,0.04653735,0.07922447,-0.24164261,-0.09785424,0.06285111,0.08253190,0.20304644,0.07346308,0.00299574,0.00007240,-0.08126318,0.09255666,0.06893334,-0.15264840,0.02878572,0.03099574,0.11939289,0.04741804,-0.03393544,0.08536247,0.10594731,0.01566303,0.19352627,-0.01329137,-0.02515744,0.13276057,0.15179145,0.07983071,-0.09264859,-0.00210668,0.03939890,-0.01070913,-0.10050233,0.01323096,0.04032553,0.03542619,-0.08826379,-0.01040381,-0.06822935,0.06587980,-0.01692381,0.00653734,0.09572244,0.01193120,0.03053143,-0.07601337,-0.06476224,0.04055938,-0.08188191,-0.02902726,-0.04783331,-0.04852200,-0.11098189,-0.03152138,-0.01796435,-0.08074402,0.01350270,0.02022354,0.04093575,0.02587038,-0.02804977,-0.07428425,-0.06452574,-0.01452704,-0.18541420,-0.12767141,-0.05189882,0.06290615,0.12416030,-0.01954014,0.07331353,0.03178960,-0.11713719,-0.06187427,0.08033450,-0.01453805,0.07264587,0.06260353,-0.07626670,0.06266221,-0.03221273,-0.03677144,0.09288356,-0.08073811,-0.00085673,-0.22605714,0.14215140,-0.13407327,0.01047438
-0.10623091,-0.16537489,-0.05453657,-0.02673197,-0.17522071,0.04094674,0.01780883,-0.14916646,-0.01064702,0.11457855,0.06321831,-0.06415643,0.01966514,-0.07258548,-0.10441480,0.02593446,-0.00769763,-0.07905234,-0.06931700,-0.23172107,0.09114539,0.06129641,-0.20831463,-0.17033154,0.09491456,0.11560167,-0.09002594,0.10407621,-0.15707760,-0.13666810,-0.05633304,0.03823384,0.09838245,-0.06765262,-0.05791208,-0.10272533,0.10982540,-0.12713841,-0.04069728,0.05185530,-0.06711862,-0.04777957,-0.20810591,-0.00655724,0.00116910,-0.19488491,0.11882245,0.11944245,0.07710852,-0.05104154,-0.11173771,0.05456265,0.00364348,-0.12515101,0.25216031,-0.06251667,-0.07198025,-0.03115946,-0.24051811,-0.06013694,-0.03513117,-0.09260687,0.01616823,-0.11950973,0.04671388,-0.23067406,-0.06058233,0.01910077,-0.02951320,0.07380686,-0.01955935,0.16823104,0.10878375,0.18301970,0.11140147,-0.20621112,0.01122751,-0.11851124,-0.17264031,0.08743367,-0.15607698,0.09886906,0.15745765,-0.26154009,0.03510879,-0.05650193,-0.02653945,-0.07511442,-0.26968947,0.16411048,0.00614584,0.10433692,-0.20602612,-0.02848276
0.06037847,-0.04633157,-0.09563109,0.13745861,-0.13238700,0.12071671,-0.09470287,0.04796696,-0.07709491,0.07205815,-0.12909618,-0.01509500,0.03949508,-0.05875432,-0.25838155,0.06153810,-0.10526558,-0.09355813,-0.03959112,-0.18427606,0.20340863,0.09544450,-0.15110856,-0.01694887,-0.02849398,0.14108679,0.20536020,0.04551437,-0.13381535,0.06604298,-0.01495408,0.03020653,-0.02800955,-0.23473260,0.05880626,-0.07743626,0.10369792,-0.15666281,-0.09675121,0.14845072,-0.18276246,-0.13848646,-0.20525174,-0.00309220,0.03031930,-0.04255259,0.27333516,-0.00363892,0.12146722,0.01839333,-0.24215354,-0.04057006,0.02012731,0.03769493,0.22057770,-0.08094334,0.00413784,-0.07931669,-0.25260976,0.02787383,0.03518066,0.08839450,-0.05390610,0.01711088,0.03359465,-0.25189793,-0.02314144,-0.00672327,-0.17190738,-0.04971313,0.06774458,0.11489283,0.00956153,0.11451262,0.09103319,-0.07480794,-0.06211994,-0.03462305,-0.09358313,0.00548108,-0.22544083,0.06273263,0.14019056,-0.16451308,-0.00095987,-0.06137694,-0.01379132,0.08071355,-0.30999881,0.25083482,-0.10271207,-0.11522198,-0.20537940,-0.16877088
-0.04772657,-0.00525607,-0.03762744,0.06423105,-0.12906259,-0.09080020,-0.00629984,-0.05944112,0.01588358,0.03427318,-0.02685403,0.05209284,0.03934897,-0.00049106,-0.06578244,0.14207925,-0.01491063,0.03436984,0.00743840,-0.01614642,0.11344273,0.05152272,-0.12868212,0.01985271,0.20505871,0.07418235,-0.00843966,-0.00339434,-0.12907290,0.00119244,-0.02281273,0.09887675,-0.09109204,-0.04442392,0.12971835,0.03325477,-0.04105664,-0.02367661,-0.11342067,0.18335980,-0.05793293,-0.13607223,-0.05167480,-0.01992957,0.05210347,-0.12100865,0.09055649,0.09574094,-0.12252658,0.00346732,-0.11527935,0.03414108,-0.04501043,-0.01074668,0.09379263,-0.12147136,-0.09837716,0.01247651,-0.05764264,-0.14432609,-0.08416631,-0.08171429,-0.03152368,0.02741726,-0.02223220,-0.10147996,-0.06873715,-0.02090402,-0.00649003,-0.09318968,-0.10118700,0.00586285,0.03638824,0.06775375,0.04192882,-0.04813556,-0.00514696,-0.10017564,-0.12536232,0.13763735,-0.05057897,0.04726978,0.07058211,-0.09892768,0.09473419,-0.03152724,0.04607816,0.07966338,-0.05496505,0.05865254,-0.21694882,0.08077475,0.01925356,-0.17179365
-0.01030171,0.04042871,0.05299990,0.01889974,-0.14181550,-0.08651313,-0.08846934,-0.05696778,0.01323160,0.07384868,-0.04950619,0.03883684,0.06266741,0.02232483,-0.00982633,-0.05403054,0.03980064,-0.08287431,-0.07138500,-0.04108104,-0.01612854,0.07171293,0.02150323,-0.14305639,0.00720456,0.15234190,-0.02025002,0.05036339,-0.10678936,-0.03500156,-0.00018270,0.03765187,0.07623746,-0.09606535,-0.12763326,-0.10886370,-0.04417223,-0.09504312,0.01791269,0.11666277,0.00051190,0.00935772,0.05653916,0.08372487,0.04840977,-0.06819637,0.11411025,0.09250151,0.07164337,-0.10577498,0.09577730,0.09090833,0.05777335,-0.14931251,0.10179232,-0.16375972,0.01122284,0.02067823,0.02006922,-0.01617301,0.07117362,0.08679092,-0.15968618,0.02156310,0.08481356,-0.07056123,0.01995719,-0.00140658,-0.04417026,0.14854315,-0.10723894,0.08001070,0.06645796,0.14566353,-0.08397828,-0.01873281,0.05265475,0.04778876,-0.16057709,0.01190187,-0.10097629,0.08065491,0.09607825,-0.09668753,0.00592284,-0.15439187,-0.00613569,0.02749305,-0.04116396,0.09928055,-0.01730231,-0.05342718,-0.07872012,0.17797709
-0.18239133,-0.19803382,0.17543665,-0.32154155,-0.10488410,0.10694907,-0.31507063,-0.22080922,0.02844555,0.08695313,-0.01982445,0.12073433,0.06155660,-0.04817198,-0.14322416,-0.42363465,0.01223583,0.04326969,-0.34564418,-0.01891453,0.19608594,-0.04476795,-0.30383912,-0.13275413,0.09157983,-0.00224851,-0.06936174,0.16097564,-0.20654353,-0.02160125,-0.02165783,0.12574464,-0.14732316,-0.25452662,-0.22003007,-0.05345788,0.02932072,-0.30251950,-0.06918828,0.17248182,-0.18244448,-0.12114242,-0.16413896,0.17198332,-0.17236637,-0.17648725,0.09733016,0.05067468,0.02950981,-0.08414356,-0.15113108,-0.02130688,0.10510457,-0.17476244,0.18842366,-0.12044533,-0.10761371,-0.06344263,-0.11491325,0.53743327,-0.05571523,-0.06759729,-0.05749623,0.03828908,0.12060218,-0.08038161,-0.06093186,-0.01348954,-0.13242297,-0.09703917,-0.02930135,0.09829426,0.05899667,0.14002408,0.02915747,0.02527926,0.26209208,0.16608605,-0.02140916,-0.04869457,0.02801269,0.25231490,0.01526480,-0.14340913,0.00687508,-0.32410654,0.08481408,-0.00382667,-0.12335301,0.33117896,-0.08487998,0.01843700,-0.14831249,0.47970101
0.07454204,-0.15651231,0.04273186,-0.01184954,-0.22224136,0.09366505,0.00966632,-0.07623042,-0.01558882,0.16561083,-0.07292560,-0.12759194,0.08871055,-0.01844507,-0.10956442,-0.08423012,0.04548201,-0.05338462,-0.12121900,-0.07341181,0.11564073,0.03076898,0.01839832,0.03229809,0.08147696,0.11389116,0.10062207,-0.01946859,-0.04824369,-0.02815066,-0.04255842,0.07780442,0.01324650,-0.10179801,-0.07033700,-0.03993383,0.01412839,-0.06114534,-0.01744502,0.11548950,-0.10952230,-0.19420403,0.06104179,0.01360274,-0.02356574,-0.22013877,0.22229840,0.04893484,0.10578772,-0.04134958,0.14387673,0.00191194,0.10766372,0.05189722,0.05331509,-0.07028478,-0.04136686,-0.03422847,-0.18883996,-0.04934194,0.06023109,-0.09063607,0.00817309,0.03033328,0.18402822,-0.22061394,-0.11961922,0.09008966,-0.12930019,0.07273096,-0.23196888,-0.00853055,0.10204848,0.05473455,-0.05759395,-0.07288223,0.07831874,-0.11181436,0.01777885,0.16534796,0.01903145,0.13081120,0.04028405,-0.03004232,0.03310037,-0.00191889,-0.00443545,0.04605472,-0.21181531,0.11108619,-0.04373651,-0.10374732,-0.17119467,-0.03456320
0.26556021,0.10456127,-0.09930030,0.13475069,-0.27722964,0.15616000,0.45840150,-0.04160966,-0.08345992,0.15941697,-0.07527200,-0.19261573,-0.15756771,-0.16503334,-0.08816726,0.16141520,-0.30669513,0.06222895,-0.07054631,-0.26431552,0.28012630,0.03365022,-0.05357897,-0.11611267,-0.30337098,0.22212411,-0.01675914,0.08704042,0.03814875,-0.09936910,0.13099016,0.14927851,0.21136096,-0.17212942,-0.03947831,-0.01371504,0.07297567,-0.07553224,-0.16587713,-0.02490214,0.02429639,-0.06700479,-0.13562448,0.10845148,0.00865682,-0.15843159,0.25756523,-0.08356202,0.25695306,0.01983764,-0.02463999,0.09859039,-0.07812183,-0.17202337,0.20513040,-0.07839353,0.08473546,0.09750954,-0.16994375,-0.18242148,0.13951124,0.01327119,0.02910336,0.40906727,0.11984227,-0.06847250,-0.28582707,0.01139613,0.05509110,0.08389436,-0.04413493,0.11871389,-0.12334716,0.15142614,0.05756718,-0.00293234,0.04719479,-0.09161510,-0.03794802,-0.10169185,-0.26841581,0.04404735,0.20613635,-0.14353636,-0.12346774,0.01519503,0.11972588,0.11444591,-0.22192486,0.04975408,-0.17820910,-0.40369093,-0.23310573,-0.40045729
0.06932960,-0.16405074,0.01850177,0.12505174,0.04161519,0.09570485,-0.10659189,-0.02510257,-0.05366502,0.16678330,-0.07073553,-0.05262819,0.06543235,0.00958343,-0.10107689,-0.07783836,0.03000864,-0.09916982,-0.05078241,-0.09861629,-0.04009007,-0.02832079,-0.11165593,0.03027198,-0.08682343,0.16460381,-0.03533457,0.03382470,0.01947667,0.05945605,0.09882075,0.03224994,-0.05833855,-0.00523085,0.17133181,-0.03751501,0.08665050,-0.15363970,-0.17779550,0.09158769,-0.02849941,0.01100675,-0.09722695,-0.01289432,0.01804200,-0.04440488,-0.03506207,-0.03181298,0.07534472,-0.00213109,0.02881436,-0.00781726,0.10584055,-0.05521552,0.03846608,-0.07506578,-0.02066744,-0.03203502,-0.12583075,0.24845727,0.10586668,-0.01667112,-0.08582623,0.15662411,0.06767170,-0.16464999,0.01625791,0.13120945,-0.03170434,0.06910048,-0.13633890,0.09517475,-0.08116816,0.07612325,0.12403306,-0.07784806,0.09430077,0.08459012,-0.15644781,0.10849427,-0.08560899,0.20973544,0.10202081,0.00012419,0.04542653,-0.09382330,-0.07956298,0.06535785,-0.03929674,0.05847662,-0.11696243,-0.00482763,0.02592931,-0.01138774
-0.06582492,0.05690043,0.07011316,-0.12165252,-0.15534100,0.01730592,0.11345230,-0.03806017,0.16762747,-0.10701673,-0.00509651,0.04835463,0.08427782,0.07947855,-0.04694748,-0.10016742,-0.04691515,-0.01762003,-0.13060518,-0.06490536,0.02751745,0.01258110,-0.08736588,-0.05582494,0.13956447,0.00400996,-0.18333544,0.05613036,-0.05791505,0.02893611,-0.02413376,0.13080852,0.21361086,-0.02677133,0.03340799,-0.03607395,-0.15875535,0.03122296,-0.11479731,0.16330606,-0.00647720,-0.12778749,0.08701812,-0.09610565,-0.06597456,-0.10289842,-0.01968898,-0.00262862,-0.06155800,0.06306447,-0.03608353,0.03618683,0.08389158,-0.24769081,-0.00972737,0.00864108,0.02827155,-0.08938704,-0.03280449,-0.02475602,-0.34559226,0.03674302,0.09994589,-0.15664679,0.05095907,0.02987311,0.06632111,-0.03282323,0.06079347,-0.25798967,-0.10693331,0.01775744,0.03166253,-0.02671096,-0.08181323,-0.04455709,-0.13271296,-0.12176637,0.05923231,-0.05667698,0.00862084,0.03335138,-0.01604437,-0.04129675,0.00689403,-0.12715100,-0.08190315,-0.05789272,-0.12941505,0.06320286,-0.16034299,0.03120996,-0.12311476,-0.12123801
0.06278315,-0.11665180,-0.14062926,0.06613708,-0.04050117,0.05100994,0.02493710,-0.07732048,0.01789947,0.10024697,-0.06285076,-0.10951676,0.13643378,-0.12218939,0.00257879,0.13244362,-0.03956482,0.07344490,0.04634327,-0.07175765,-0.02017920,0.06312207,0.00025892,-0.01683318,0.03375376,0.15882444,0.09866881,-0.00048254,-0.11893944,-0.01900703,-0.07456784,-0.04650041,-0.12359078,-0.08336769,0.16229174,-0.01703386,-0.01855417,0.03391295,-0.00129950,-0.00437488,-0.00182353,0.04335167,-0.08780899,0.08871499,-0.04266421,-0.07723093,0.05721997,0.12210988,0.01767000,0.10039026,0.01173517,0.01998306,0.11155489,-0.08030653,0.13189724,0.00284592,-0.09195763,-0.03790486,-0.09753903,0.05810464,0.02226179,-0.03491024,-0.16593787,0.15420748,0.02091300,-0.04608173,0.05304205,0.18747330,-0.09385216,0.09203135,-0.06468396,0.05341370,0.09267769,-0.06198896,0.08281194,-0.10930301,-0.09190479,-0.03270107,-0.03125361,0.00919224,-0.05877494,0.13934551,0.03761182,0.05224057,0.05105144,0.03403865,-0.01777799,-0.00249952,0.05234537,0.03574738,0.01000105,-0.08339412,-0.14038339,0.08077039
-0.03868043,-0.10454937,0.00882839,-0.02309896,-0.11031162,0.10485503,-0.01871026,-0.22016433,-0.11350977,-0.00799270,0.02598936,-0.05105196,-0.05358461,0.05710305,-0.15389307,-0.01503286,-0.03495740,0.00365540,-0.14863046,-0.12720813,0.01626334,-0.01446186,-0.10789046,0.10175149,0.12326915,0.05891768,-0.08023515,0.05875209,-0.10283163,-0.08052919,0.04639193,0.09837045,0.01722927,-0.13606092,0.09041972,0.04286593,0.06564338,-0.08832239,-0.10279857,0.14617667,-0.11191866,0.06506276,-0.08423591,0.10470586,-0.09457503,-0.08598859,0.05429695,0.07498283,0.03948966,0.03477333,0.07459880,0.06605524,0.10021547,-0.03926297,0.13910697,-0.00706992,-0.01768056,-0.05279528,-0.08909962,-0.07746787,0.05778605,-0.09494079,0.10299855,0.05548396,-0.06025783,-0.01761755,0.02646918,0.07692864,-0.04382037,-0.03438656,-0.08074982,-0.00250529,0.02418493,0.08483344,-0.04708870,-0.04323867,-0.08862461,0.07757595,-0.11647710,0.00504401,0.02524332,0.04215569,0.08510280,-0.15984562,0.13469531,-0.03818452,0.12196942,0.01654803,-0.14665076,0.12423407,0.00326132,0.03637501,-0.10177411,0.05497932
0.03047733,0.03719065,-0.00369696,-0.11704188,0.02505268,0.02732095,-0.01598538,-0.20975058,-0.10042749,0.08893745,-0.06853717,0.00818625,0.07661677,-0.07725877,-0.01972998,0.01963737,0.07369757,-0.03208500,-0.02609766,-0.03645826,0.14632688,-0.00259311,-0.00636337,-0.17528267,-0.09099925,-0.06831223,-0.09941282,0.14443755,-0.11296590,0.07015239,0.11453201,0.11216229,-0.04255439,0.00867220,0.10429512,-0.11644081,-0.06620206,-0.16024926,-0.16354813,0.17933813,-0.03377918,-0.09704699,-0.09871212,0.10116848,-0.05966353,-0.05494507,0.02591264,0.03605103,0.19726825,0.06210977,0.15732892,0.02784669,-0.02164934,-0.02685677,0.13893569,-0.17662208,-0.16172391,0.06520195,-0.10841720,0.09050469,-0.13956192,-0.05982284,-0.01867601,0.02838386,-0.08501472,-0.06218344,-0.12023814,-0.10313295,0.00902695,0.01412484,-0.16691794,0.04458916,-0.16338636,-0.01289381,-0.01381160,-0.02166841,0.02504669,0.02165235,-0.03503262,0.10021101,0.00552923,0.14046627,0.13785183,-0.12332869,0.00130988,-0.03914868,-0.12405542,0.03242346,-0.03406325,0.17318293,-0.20773730,-0.03163479,-0.18297575,-0.07047159
0.07049146,-0.03415196,-0.05388931,-0.03391082,0.03831192,-0.00557679,0.33119702,-0.16117948,-0.06760747,0.03263374,-0.01825537,0.19747932,-0.00982876,-0.07480024,-0.19516426,-0.02939238,0.00483030,-0.03234082,-0.01053938,-0.04114978,0.05693350,0.04459350,-0.08030821,-0.01224473,-0.04783669,-0.05169022,0.00174694,-0.04988607,0.01604067,-0.10023703,-0.00868653,-0.11434090,0.01040882,-0.17738089,0.30684394,-0.11176784,0.12383728,-0.02885150,-0.04200829,0.03745460,0.01154139,-0.03975426,-0.04309079,0.06598306,-0.01992352,-0.03575673,0.20191003,-0.05119284,-0.24665931,0.01754013,-0.28116828,-0.06934484,0.03512835,-0.02095137,0.10911253,-0.07688928,-0.08124788,-0.05250139,-0.06624928,0.11276206,-0.01879512,-0.16577771,-0.10759848,0.31145588,-0.08321202,-0.01410820,-0.05704522,0.02700778,-0.17413367,-0.08876547,-0.03667884,-0.04648411,0.09065225,-0.00662657,0.15056053,-0.06692855,-0.26915556,0.05287616,-0.02583968,-0.00361452,0.09377309,0.02670754,0.03318793,-0.04069120,-0.10634644,-0.06379086,-0.01481684,-0.03542667,-0.19207460,0.08381879,0.14193070,0.05530389,-0.03308660,-0.13457213
0.33159396,0.06819402,-0.06637067,0.37130693,-0.05311016,-0.00991448,0.80902064,0.05187131,0.02293500,0.16837610,0.08971708,-0.32616156,-0.06207649,-0.13897926,0.15008362,0.04153997,-0.12130633,0.07652333,0.16809718,0.08812943,-0.11886790,-0.10898466,0.12949030,0.05440856,0.19732098,-0.05545856,0.18994260,-0.14853375,0.05706220,-0.09274659,0.13438009,0.18269324,0.14050697,0.08671991,-0.03135083,-0.08278621,0.04317512,0.12450955,-0.09308523,-0.19826275,0.05237471,0.18129481,-0.21250105,0.02171931,0.07901032,0.22876683,-0.08626221,-0.01021519,0.54827899,-0.00962232,0.34852806,-0.01772349,-0.03164861,-0.11315840,-0.06920191,0.11713209,-0.05635964,0.13245814,0.17623943,-0.15017609,0.11071499,-0.31325164,0.27604225,0.06645402,-0.13707429,0.20487300,-0.28887677,-0.06715661,0.11946399,0.14048603,0.21724592,-0.02591045,-0.08560671,0.11313225,0.14058070,-0.14512666,0.21269304,0.36732015,0.19214094,-0.08306853,-0.32594901,0.06612011,-0.21169810,0.04254469,-0.07926869,0.21750501,0.04239508,0.08142839,0.03240440,-0.22890882,-0.08301006,-0.48188931,0.02190545,0.10442476
0.08833244,0.04361407,-0.14436515,0.08877400,-0.18153365,0.14722243,-0.05036919,-0.23417717,0.04438333,0.16674727,0.00890538,-0.09720253,0.08086911,0.00700778,-0.02545903,0.05658539,-0.08352160,-0.13840353,-0.17129220,-0.08645496,0.11296184,0.03278911,-0.10079442,-0.01397167,-0.00963190,0.12073984,0.03385560,0.18069494,-0.14313158,-0.01927252,0.06730627,0.00006783,0.09558454,-0.04779074,0.01478861,-0.01968722,0.00768325,-0.19277796,-0.14794599,0.04457970,-0.12859677,-0.07564435,-0.01233398,-0.02603712,-0.05608380,-0.11293665,0.13316044,-0.04050703,0.11653241,0.04077963,0.07537646,-0.03349267,0.04861342,-0.12722205,0.01638542,-0.01210504,-0.07059865,-0.08420738,-0.00343970,0.01640867,-0.06037058,0.01431443,-0.13332459,0.10648546,0.08821592,-0.14243662,-0.02483276,0.08423143,-0.12000824,-0.03951090,-0.15353137,0.02666441,0.02589854,0.07240491,-0.00160158,-0.08479553,0.06043288,-0.14225104,-0.04698674,-0.02366967,-0.03428433,0.14115073,0.03095293,-0.17171112,0.14861776,-0.03937150,-0.03825822,0.09343352,-0.13688035,0.28776938,-0.06192357,0.03548267,-0.16849650,-0.05537794
-0.06215958,0.12622687,-0.01050955,-0.11935730,-0.03426282,-0.04027179,0.02776066,-0.27221510,-0.00012918,0.02148929,0.12204458,-0.23952839,-0.05677566,0.02161373,-0.13722210,-0.13685681,0.03104025,-0.05252528,-0.01437710,0.13620733,0.16706936,-0.08217866,-0.06855619,0.12670891,0.17827366,0.05491314,-0.07751079,0.09415626,0.00936268,-0.11481417,0.01924413,-0.02166817,0.20598361,0.07224307,-0.07820861,0.06433740,0.09856563,-0.15434010,-0.18877372,-0.02742925,-0.04369897,-0.01345538,0.06485958,0.00823266,0.07364094,-0.04008609,-0.04027753,0.05740018,0.14050098,0.09411891,0.21841304,-0.04790343,0.04023635,-0.37509754,-0.10621044,-0.10425919,0.09343569,0.02070148,0.04109637,-0.20111911,-0.21478395,0.02970848,0.09618808,-0.43993786,0.05472518,0.09946238,-0.01761979,0.05266054,0.00674073,-0.34992045,-0.08655082,0.02580659,0.06221721,0.09981271,-0.05893014,-0.03244371,0.07656012,0.11622691,0.01045539,-0.13971317,-0.29488274,-0.04829945,0.15077680,0.04199279,0.08449737,0.09617354,0.04016318,-0.02249283,-0.01582559,0.19304515,-0.13438226,-0.18140344,-0.00495945,0.00774984
0.01219388,-0.17501920,-0.00710453,-0.08840169,-0.19913334,0.14325914,0.02986411,-0.10421008,-0.18133619,0.22953457,-0.15230201,0.09687922,-0.03268889,-0.05970265,-0.02484261,0.05985969,-0.08148640,-0.04375760,-0.05838015,-0.13870250,0.12069271,0.10125513,-0.11446316,-0.12721245,-0.15259059,0.06574111,-0.09111556,0.20787396,-0.02254643,-0.07778464,-0.03211819,0.12321618,0.01190366,-0.21004137,-0.11772486,0.01215089,0.17745200,-0.04563393,-0.14866300,0.24853712,-0.14346276,-0.04284751,-0.07551461,0.04202447,-0.16631992,-0.06210824,0.05523144,0.17306301,0.02265737,0.08445965,0.07585272,0.04073940,0.10741333,-0.04703311,0.16741449,-0.02039728,-0.02344284,-0.03593099,-0.05350775,0.06538489,0.16119185,0.03604034,-0.04030260,0.01691581,0.04705558,-0.11854455,-0.06948618,0.00538050,-0.06414556,0.08758066,-0.22678326,0.08219964,-0.07713795,0.13316976,-0.00653943,-0.05251212,0.13191514,-0.04458702,-0.13849445,-0.00850725,-0.11261293,0.06853431,0.18363389,-0.03731488,0.11887468,-0.18472899,0.02963226,0.12358814,-0.11939707,0.11370650,-0.17024796,0.04125056,-0.05002757,0.10648004
0.07986775,-0.08064104,-0.02789997,-0.02451035,-0.09692494,0.14223067,-0.20533751,-0.07895352,-0.03439413,0.17693633,-0.04876237,-0.06572352,0.00098853,-0.13302468,-0.16386026,0.03255044,0.02914052,0.04762944,-0.17627256,-0.04428905,0.09104601,0.11168536,-0.17009236,0.02291940,-0.15766664,-0.04633669,-0.08281948,0.18164393,-0.08834741,-0.13781862,-0.05777175,0.09035553,-0.12592210,-0.07496941,0.01931022,0.02984215,0.12125529,-0.15256469,-0.17181237,0.16375346,-0.10096090,-0.20611244,-0.16063108,-0.03548234,-0.01895676,-0.04107923,0.05324356,0.14730929,0.07789759,0.10112540,0.01907783,0.15831225,0.07245777,0.01347782,0.13970846,-0.06566327,-0.08366669,-0.05717392,-0.16497403,0.09079633,-0.10522307,0.07851333,-0.00019922,0.17045303,0.08126012,-0.06684314,0.00241966,0.03610210,-0.01587386,-0.04180198,-0.07746629,0.16108799,0.03912777,0.19588140,-0.02896098,0.00955110,0.06939863,-0.03548274,-0.10729612,0.04023086,-0.09941594,0.14612743,0.02829785,-0.14310591,0.17574640,-0.01963028,0.06287284,0.08694809,-0.10607201,0.20292449,-0.13072042,-0.05476712,-0.02582904,-0.07971212
-0.11703841,-0.03448250,0.05344752,-0.07979988,-0.12654838,0.02018282,-0.11436231,-0.02412521,-0.08882251,0.11357684,-0.09699406,-0.14535271,-0.00688824,-0.05491506,-0.12173271,-0.00768090,-0.00611733,-0.07972749,-0.06254447,-0.07866815,0.09180252,-0.01659772,-0.15230116,0.00486564,0.07120880,0.00481703,-0.09015197,0.05925912,-0.19640110,0.00734551,0.10942502,0.04820278,0.08773283,0.03088556,0.01473326,0.00815544,0.14844137,-0.18795127,-0.10749558,0.14841828,-0.02545941,-0.24661843,-0.13303079,0.04445369,-0.13657159,-0.26385054,0.23511273,0.06974292,0.01743327,0.01291776,0.21073321,-0.07055546,-0.00429610,-0.17534113,0.02269432,-0.15478250,0.02250285,-0.08811144,-0.06490365,0.04125033,0.02610168,-0.02808047,-0.15519641,0.09164042,0.04817984,-0.23737858,-0.09040736,-0.03201514,-0.11529124,0.05218856,-0.15153895,0.16031460,-0.09434167,0.06495867,-0.12287001,-0.01417790,-0.04868768,0.00679345,-0.09759641,0.10009136,-0.01391195,-0.05635101,0.05345758,-0.21953884,-0.02735392,-0.02630131,0.09362648,-0.16557574,-0.09066976,0.21353631,-0.14823274,-0.05920453,-0.11022388,-0.02948427
0.05729650,-0.10501923,-0.03403162,-0.04753146,-0.06157872,0.02073145,0.01446021,-0.24817057,-0.03179216,0.07272985,-0.15542664,0.00920513,-0.03750229,0.01555987,-0.06802776,0.08022595,0.04974345,0.03295568,-0.21045986,-0.06944104,0.19006641,0.07080981,-0.01041951,-0.09040838,-0.03560906,0.10601898,-0.09537980,0.24407144,-0.15475221,0.00177855,0.10947549,0.09405318,-0.03046972,-0.13272619,-0.02478522,-0.09438295,-0.05399103,-0.19607714,-0.10552868,0.04042800,-0.11761256,-0.11790536,-0.00149706,0.00188644,0.03764267,-0.19533390,0.05171051,-0.04050030,0.10606378,-0.04717636,0.18435402,-0.04535391,-0.07696138,0.03881838,0.21474336,-0.07240988,-0.11784973,0.06384844,-0.04662538,0.02497455,0.10506654,0.10600303,-0.02715580,0.10791668,0.20728740,-0.13843104,-0.09893780,-0.04259717,-0.06054000,-0.05603198,-0.24363562,0.09495652,0.01355190,0.12887633,-0.02913694,0.02355353,-0.04145804,0.00322361,-0.14123112,-0.11416720,-0.13383940,-0.08952221,0.06133040,-0.17689070,-0.02399946,-0.18247171,-0.09830169,-0.03906983,-0.25484532,0.29205337,-0.01933885,-0.07524262,-0.23446359,-0.06485548
0.20411398,0.02363288,-0.13676180,0.07273580,-0.03341166,0.06178133,-0.02303433,-0.13301882,-0.16566645,0.03324354,0.00207785,-0.12562007,-0.03768975,-0.12408613,-0.19434527,0.07252795,-0.13110483,-0.28356734,0.00275494,-0.09906032,0.08106446,-0.00253131,-0.09586440,0.12525547,0.16221234,0.10013273,0.06132609,-0.00978327,-0.13504818,-0.18575567,0.12732129,0.24025883,-0.01341087,-0.15839538,0.09278347,-0.08784347,0.16171709,-0.01102652,-0.12989198,0.01013807,-0.06203765,-0.18162689,-0.17834148,0.12722485,0.03511438,-0.03068032,0.05355456,0.07063591,-0.02450296,0.07971878,0.06687063,0.02095898,-0.08110468,-0.10948030,0.17789471,-0.11186907,-0.00047279,-0.06198653,-0.08729094,-0.04388792,0.03579368,-0.12576234,-0.09831921,-0.07606371,-0.03660748,-0.02654768,-0.04994458,0.04163276,-0.15881506,-0.00987725,-0.06628332,0.20750542,0.16770916,0.05242731,0.04310188,-0.18097953,-0.15675169,-0.06920303,-0.02220695,-0.08428649,-0.18619660,0.04951784,0.22888994,0.00684644,-0.04190807,-0.08022755,0.12487004,-0.08293751,-0.18139119,0.05932134,-0.04007079,-0.22888741,-0.12673533,-0.02559341
-0.30435276,0.15878987,0.00053704,-0.37237340,-0.14875624,0.14731370,0.05942972,-0.11065687,0.12657401,-0.14995101,0.13336967,-0.15820394,0.14293888,0.09017261,-0.01134010,-0.11590378,0.01011862,0.08707189,-0.30524892,0.00308904,0.02946563,-0.02473013,0.24000016,0.06108264,0.02747065,0.15606916,-0.27646077,0.11533011,-0.19526735,-0.07434672,0.01528694,-0.00409414,0.26645178,0.14760789,-0.03931338,0.09884059,-0.02773459,-0.06677847,-0.19088592,0.19190502,0.04342056,-0.01692552,0.26765853,-0.15517396,0.14426161,-0.07047527,0.11443040,0.00964272,0.14459455,-0.11238444,0.24993257,-0.23358294,-0.09689240,-0.29769191,0.06739517,-0.09081381,0.00663627,0.22640131,0.01886177,-0.09224454,-0.00204639,0.19642814,-0.02031952,-0.40530449,0.17186970,-0.10097536,0.00424034,-0.24095826,0.24110882,-0.18263365,-0.18186465,0.13845687,0.12259464,0.12030173,-0.32516563,0.05870691,0.11965110,0.01604944,0.25018924,0.08819057,0.04564712,0.11885191,0.06197984,-0.00617069,0.11184281,-0.06644707,-0.02493826,-0.05147315,-0.02747747,0.18425295,-0.14003235,0.02833339,-0.14153594,0.33323130
0.00698397,-0.04876920,0.09750210,0.04347531,-0.07321887,0.09058221,-0.01826232,-0.10102272,-0.08312781,0.05162198,-0.08029345,0.04447503,0.03224682,0.02368945,-0.10449565,0.06811271,-0.04292787,-0.00729154,-0.07692846,-0.07694816,0.08790682,-0.10001156,0.05722988,-0.05464643,0.04281450,0.00933648,0.00051753,0.09007201,0.03046002,0.06571043,-0.05518888,0.11870220,-0.01394967,0.03003030,-0.11030329,0.01895833,-0.06535479,0.05175688,-0.12299889,0.05442186,0.06448689,-0.10337157,-0.11916684,-0.08425924,-0.01949075,-0.08359309,0.06037267,-0.01538346,0.01918409,-0.10977972,0.07206572,-0.04144953,0.09634799,-0.07155814,0.12280973,-0.02456120,-0.09096640,-0.11187869,-0.04621435,-0.00866827,-0.02467852,-0.05468220,-0.03805054,-0.00947011,0.04126356,-0.14898655,0.00165320,0.06173524,0.04755936,-0.03601466,-0.18078914,0.14495523,0.05490330,0.08950604,-0.10761528,0.03028919,-0.09226138,0.04775269,-0.09079277,-0.08567221,0.06339768,0.17814824,-0.02730262,-0.12499806,-0.03112512,-0.12368727,-0.05077073,0.02280972,-0.07917246,0.09786920,-0.05166655,0.00931607,-0.05887331,-0.04723309
-0.03034363,-0.08179179,0.05372281,-0.08971998,0.25890374,0.00143436,-0.65206146,-0.21420301,-0.00475273,-0.01938558,-0.11476343,0.14006040,-0.06917816,0.21272580,-0.11975303,0.11400551,-0.10742547,-0.12282202,0.14396155,-0.01436498,-0.19510224,-0.04655013,0.03021599,0.12031795,0.02187466,0.10265628,-0.02305352,0.02765674,0.15775380,-0.19696383,-0.08247213,-0.04746934,-0.17218225,-0.01100460,0.16283606,0.16428903,-0.01551803,0.12014964,-0.10185020,-0.21710610,-0.08682970,0.08846115,-0.02660423,-0.08659066,0.03733135,0.25980052,-0.17510228,-0.01692295,-0.19690575,-0.01259819,-0.05778988,-0.17029431,0.01390900,0.00746619,0.00662577,0.06193570,-0.08730645,0.00345356,0.12165424,-0.02418539,0.02576740,-0.05087686,0.04851192,0.09059691,-0.01959163,0.06563438,-0.11656132,0.06909782,0.05125542,0.08428483,0.21969168,-0.06121033,0.13771260,-0.12593459,0.02627852,0.13960735,-0.18848835,0.16541164,0.05303226,-0.04727796,-0.00814815,0.16989632,0.08490879,0.10017055,-0.06418772,-0.19973792,0.02660834,-0.06160600,0.02619780,-0.01427307,-0.00371596,0.02677274,-0.06561994,0.17398009
0.09816931,0.02378682,0.02844899,0.10741629,0.02830260,-0.06216844,0.02483825,-0.20799194,0.00462144,-0.00333289,-0.16180003,0.06523625,0.06001374,0.00961006,0.01776099,-0.05023579,-0.07031581,-0.14299434,-0.12918593,-0.09869583,0.05656562,-0.06050636,0.04903632,-0.01015545,0.20158832,-0.02899931,0.04396238,-0.02437229,-0.05691276,-0.10194176,0.00229936,0.01313730,0.06509016,-0.07785217,-0.05403185,-0.13726047,0.02402960,-0.04860608,-0.16308254,0.16231601,-0.00094417,-0.00872140,-0.07095625,-0.06174665,0.08081235,-0.01514965,0.08337551,0.05841343,-0.14837553,0.04312453,-0.12582913,0.02050104,0.07789196,-0.07789296,0.10731807,-0.12620173,-0.13349043,-0.15496357,-0.13864248,-0.19846819,-0.21434160,-0.04435062,-0.08374151,0.05329413,-0.09212421,0.04055741,0.09032822,-0.06213552,0.03485565,-0.02444171,-0.08023494,0.15866308,0.02716322,0.09935691,0.10176270,0.02083334,0.01808764,-0.06100106,-0.04924342,0.07005284,-0.08527478,-0.05022525,0.02444400,0.03967577,0.08750789,0.01304594,-0.01611514,0.14149198,0.00304084,0.13487381,-0.14708225,0.05926158,-0.00062091,-0.21742876
0.06685942,-0.12680577,-0.01097763,0.08885971,-0.18439080,0.17333844,-0.07534373,-0.20543456,-0.10660853,0.16271107,-0.15929583,-0.03340488,-0.04487008,-0.15042479,-0.18803184,0.05828571,0.06729653,-0.13077801,-0.11796595,-0.04603177,0.10663591,0.07017838,-0.06047415,0.06137447,0.11584511,-0.02538619,0.07694662,0.08334541,-0.11137585,-0.12713782,-0.03129681,-0.03107874,0.09475621,-0.14597660,-0.00787734,-0.04620309,0.06333968,-0.10290406,-0.16697653,0.15224209,-0.15792575,-0.02364642,0.01495879,0.07890931,0.01287517,-0.22141320,0.07382910,0.13299662,-0.01362247,0.01661983,0.02443196,-0.05154686,-0.04477099,0.00759225,0.07439081,-0.15742949,-0.17986947,-0.08205411,-0.04487761,0.07146470,-0.13965236,-0.05356501,-0.00081215,-0.06206746,0.04769735,-0.06854158,-0.02648604,0.04208185,-0.03489722,-0.06885309,-0.19585679,0.11841624,-0.01260336,0.13244072,-0.03000537,-0.05918439,-0.08736236,0.04410954,-0.06517564,-0.05228495,-0.10416241,0.09455925,0.16516380,-0.16488093,0.10314651,-0.10518973,0.01127795,-0.02257923,-0.14805341,0.20516711,-0.12996736,0.04086371,-0.14888513,-0.02220008
0.11732845,0.06343298,-0.00893683,-0.04241633,-0.01222329,0.05568253,-0.03177423,-0.08895067,0.04375076,0.05078069,-0.14511606,-0.01976975,0.08551907,-0.10161334,0.02284119,0.10743728,-0.02686452,0.05343043,-0.03046228,-0.07251703,0.10061277,0.04853331,-0.03635596,0.00221704,-0.09852553,0.07307240,0.03725681,0.07168468,-0.10256608,0.08692942,-0.01834187,0.00623401,-0.02735477,0.07021444,0.28085390,-0.00514468,-0.03765909,-0.03134240,-0.04430634,-0.03509673,-0.03276097,-0.04860867,-0.03297718,-0.00742913,0.04827502,-0.06878792,0.08729032,0.08138499,-0.04032911,0.07328881,-0.00561023,0.01403216,0.07202499,0.10748284,0.04481222,0.00195975,-0.13423432,-0.08679324,-0.03953509,-0.17673256,0.07115368,-0.00015681,0.01722216,0.09911872,-0.09184996,0.02394788,0.06156965,0.15718204,-0.12190288,0.07826387,-0.05977623,-0.04810353,0.02990546,0.06178431,0.05788052,-0.07050358,-0.13877667,0.10392340,-0.10400790,0.05555051,-0.08472941,0.07181418,0.13490269,0.03035473,0.16383368,0.02796127,-0.07129899,-0.04166239,-0.02156277,-0.05117543,0.01101495,-0.07527167,-0.11809816,-0.12830113
0.12539022,-0.01218554,-0.09783381,0.04842663,-0.08077811,0.03230656,0.10335145,-0.18905249,-0.09668571,-0.00022763,-0.15397623,-0.11686070,-0.02821785,0.00623643,0.00982089,0.07664145,-0.13148458,-0.00082570,-0.17515369,0.02135503,0.08962692,0.08233687,-0.09718248,-0.08492143,0.17773636,0.11475334,-0.00142595,0.11604108,-0.12119374,-0.08426249,0.00486391,0.00789279,-0.00043342,-0.16670251,-0.09737287,-0.14784937,0.00434192,-0.09929466,-0.05137402,0.11970550,-0.07211861,-0.03202603,-0.15576673,-0.03432793,-0.09822787,-0.17219229,0.03299920,-0.01721139,0.04648815,0.00640908,-0.00177922,0.12533900,0.08808017,-0.01971130,0.00278096,-0.19122997,-0.07560820,-0.01139616,-0.03148464,0.00455086,-0.23531833,-0.14383633,-0.13963354,0.00808441,0.18100214,-0.00701268,-0.02710395,0.06685642,-0.15896472,-0.16056126,-0.19361311,0.15163791,0.06373499,0.02414612,-0.04047738,-0.07474707,-0.02827792,-0.10377465,-0.12736844,-0.02832914,-0.02184540,-0.04966761,0.09495988,0.02535182,-0.02051504,-0.16820335,0.01940589,0.07908819,-0.21789657,0.17521603,-0.08354267,-0.05597256,-0.17147766,-0.30833358
-0.04153194,-0.03301704,-0.10090248,0.09318962,-0.02295211,-0.01040753,-0.04261892,-0.02666407,-0.02865752,0.02287208,-0.11937255,-0.09245623,-0.05458819,-0.06262129,-0.16493456,0.10917433,-0.15206152,-0.00756430,0.03210658,-0.17243826,-0.01553484,0.04256836,-0.06618624,-0.00633608,-0.06234841,0.01200257,-0.01660155,0.09070510,-0.04441484,-0.07399946,-0.08760553,-0.01255890,-0.07774042,0.01509549,0.08559778,-0.09587630,-0.00640739,-0.13150251,-0.17429879,0.13829091,-0.10923401,-0.11253379,-0.13480411,0.00319814,0.07978549,-0.11772759,-0.02379996,-0.00210169,0.03816634,0.10345809,-0.02653965,0.07459040,0.09932995,-0.09143016,0.09454507,0.00261381,-0.04408924,-0.02646946,-0.14886940,0.07316528,-0.12441095,0.00634611,-0.12416580,-0.02712696,0.06950747,0.00192546,-0.13969277,0.08571001,0.05118120,0.10411549,-0.07415475,0.02390823,0.09742610,0.02733925,0.01193720,-0.10374903,-0.02224525,0.04635780,-0.11888795,0.01704487,-0.07292396,0.08461654,0.07832468,-0.14535178,0.10280838,0.02752033,0.10576305,0.02060761,0.00754270,-0.00563062,-0.14821753,-0.06589713,-0.02865084,-0.06637066
-0.01948881,-0.07322194,0.01101337,0.05279911,-0.05852341,0.05196220,0.12765138,-0.10287185,0.02097171,0.02729968,0.00778321,0.03415425,0.11845522,-0.01983946,-0.06993432,0.00520139,0.06580880,-0.04232110,-0.19007348,-0.05080397,0.07027011,-0.03156107,-0.10494564,-0.06041741,0.02578689,0.01635215,0.10466261,0.16215314,-0.07796445,-0.14109884,-0.00719684,0.08291672,0.13843042,0.00523142,0.05292252,0.04643849,-0.03300198,-0.05197564,-0.19180128,0.22303757,0.00902785,-0.08839729,-0.06224452,0.11217853,0.04072576,-0.05768233,0.04336772,0.00623988,0.11249505,0.13007586,0.12757149,-0.09397344,0.07644778,-0.09635520,0.09992035,-0.03119319,-0.10266706,0.02296237,-0.12548858,0.06063939,0.02483384,0.03653675,-0.17507763,0.03651462,0.12369022,-0.15753464,0.04796946,-0.02084241,-0.02876491,-0.09821299,-0.16596158,0.13299297,0.02981885,-0.02504003,0.02800952,-0.10057569,-0.00572423,-0.07350059,-0.14330453,0.06009581,-0.01055523,0.12830134,-0.00859275,-0.14668316,0.11771596,0.00254300,-0.02225043,-0.01690486,-0.07622408,0.24643114,-0.12556727,-0.01953510,-0.19439222,-0.03502679
-0.04128335,-0.00359656,-0.10496807,-0.04800501,0.00468226,0.03544924,-0.02046550,-0.01643105,0.03463929,0.04842431,-0.14551969,-0.00927811,-0.03662827,-0.11190643,-0.16088644,0.05219992,-0.01998090,0.08077651,-0.15970340,-0.00985801,-0.00083273,0.10284932,-0.09955117,-0.00938866,-0.14617243,-0.03977827,-0.09046783,0.13971658,0.01299087,-0.05915607,0.08602930,0.15450983,-0.09041768,-0.11428209,0.07388197,-0.01242837,-0.03156454,-0.02436392,-0.09640235,-0.00441278,-0.05441812,-0.11601276,-0.12110185,-0.03493884,-0.09895635,-0.05948474,-0.02736015,0.11808355,0.07077104,-0.03241553,-0.03838635,-0.08842015,0.10229021,-0.06189780,0.11068606,-0.09938769,0.01249225,-0.12899216,-0.07173997,-0.18853545,0.05479974,0.06521128,-0.05752694,0.09962533,0.06419813,-0.12800740,-0.01264710,-0.05375575,-0.13723232,0.07768867,-0.03506628,0.16915005,-0.01210993,0.09372653,-0.04752371,-0.08332455,-0.03625342,-0.08806536,-0.06125484,-0.03058463,-0.17186949,0.02188016,-0.02024896,0.00344028,0.16459151,-0.11152721,0.04283372,0.05009719,0.01443023,0.07556155,-0.04790493,0.07659789,-0.07674152,-0.08473235
0.08694700,-0.14884399,0.08329901,0.01794631,-0.07320800,-0.05037539,-0.01196640,-0.03602323,-0.01388429,0.01475869,-0.06710037,-0.05694379,-0.11520649,-0.07919759,-0.14866593,0.00637651,0.02896351,-0.19436634,-0.10875085,-0.08344289,0.13117468,-0.06739239,-0.11419757,0.04919051,0.32882506,0.07397697,0.01321313,0.12679072,-0.10017210,-0.06673101,0.10259075,0.17254664,0.05494981,-0.16982932,-0.02466736,-0.00632802,-0.00549260,-0.07139135,-0.12361184,0.08722299,-0.06966610,-0.11716621,-0.09888354,0.01305230,-0.10129847,-0.05589212,0.07362967,0.09124661,-0.00706581,-0.10911904,0.06862176,-0.02916096,0.11263035,-0.08129765,0.10613664,-0.16942927,-0.08231906,-0.03626755,-0.02661139,0.11344475,0.06297509,-0.17231636,-0.02605489,-0.05320535,0.10711852,-0.12954824,-0.12322588,0.13290426,-0.07370664,0.00120798,-0.07984034,0.05930100,0.01398834,0.04281042,0.03947780,-0.05163292,-0.26400319,0.07581245,-0.12651153,0.06151526,-0.11708124,0.05606646,0.07284112,-0.15056616,-0.04562798,-0.11028685,0.07383355,-0.03275327,-0.15750027,0.10330594,-0.15188602,-0.17022288,-0.01888212,0.02698024
0.04824263,-0.05270845,0.03802185,-0.05287616,-0.04387428,0.09523556,-0.01098567,-0.12996566,-0.10796964,0.00280919,-0.02900667,-0.04329779,0.06945384,-0.14433852,-0.03373103,0.06268913,-0.03384849,0.02994744,-0.00626724,-0.04386952,0.08518863,-0.04525462,0.05408607,-0.07082936,0.13839690,-0.04511106,0.00335460,-0.00868463,0.01305697,-0.07944410,-0.06333577,0.12270386,0.03597193,0.03327971,-0.09509504,-0.02252526,0.04126737,-0.05318158,0.02749046,0.12836547,-0.06148923,-0.12534422,-0.08954968,0.01303542,-0.06402493,-0.11693338,-0.00730860,-0.01891615,0.05243959,-0.05477795,0.01630495,-0.02957206,0.06125316,-0.19814526,-0.02534024,-0.17201428,-0.07683519,-0.02680987,-0.12335330,-0.10740639,0.08943941,-0.00300388,0.00176868,-0.06418674,0.06799334,-0.14703487,-0.00026801,0.11617577,0.03201953,0.11456640,-0.07497019,0.04112126,0.11524326,-0.03093647,-0.00485227,-0.09381400,0.05739585,-0.01729288,0.05295679,-0.04036561,-0.05714598,0.05065993,0.05485203,-0.04939474,0.11000123,0.00177302,-0.07592796,-0.03355260,-0.09674069,0.05541090,-0.03090499,-0.00481447,-0.07176568,0.12774339
0.11566729,-0.06220237,-0.05286412,0.13250899,-0.01984879,0.13647243,-0.04365171,-0.20537561,-0.02758445,0.06420646,-0.15905783,0.06820673,-0.05314581,-0.09271236,-0.09398688,-0.02123106,-0.04574722,-0.11476178,-0.03247860,0.01044658,0.18719028,0.10390737,-0.02955751,-0.13250490,0.00113003,0.12865195,-0.05216796,0.03845262,-0.11800455,-0.11029550,0.07136950,-0.01373976,-0.07311246,-0.03762342,0.03165735,-0.10157108,0.07415500,-0.00668507,-0.01973205,0.17943990,-0.07717864,-0.00492340,-0.03268361,0.08378113,0.06011785,-0.20044452,0.09256345,0.11049080,-0.01482087,0.06210396,-0.00213826,-0.03052070,0.13215677,-0.05805847,0.04924282,-0.11355890,-0.02727538,-0.10192915,-0.15742640,0.04152347,-0.09152512,-0.08139023,-0.02887363,0.03097691,-0.02661350,-0.11532423,-0.04772813,0.09124678,-0.07995363,0.05661048,-0.03234592,0.00111895,-0.03372604,0.05434826,0.12182525,-0.00442921,0.02696832,0.04841724,0.01147872,-0.02008181,-0.05325383,0.16088118,0.09128864,0.02131104,0.09715112,-0.00284376,-0.00185010,-0.05463907,-0.05486753,0.12687910,-0.03944824,0.05488955,-0.04328781,-0.11620472
0.11941055,-0.07080936,-0.00724451,0.02378006,0.04758375,0.08262153,0.06629869,0.01985032,-0.02996049,0.06923583,-0.03934863,-0.11037708,-0.08534682,0.01647473,-0.05293652,0.17006925,-0.06418626,-0.04361209,-0.15005729,0.00969906,-0.05252147,0.00448101,-0.13410936,0.03790767,-0.02872241,-0.01638919,0.02573692,0.11753308,0.04310564,-0.09449731,0.06829528,0.11233607,-0.08463105,-0.03960298,0.17240018,0.00041574,0.13358134,-0.08917172,-0.03256274,0.01682248,-0.01645530,-0.01125341,-0.16956659,0.03700368,-0.05675851,0.04810831,0.11567079,0.04697480,0.03993937,-0.06018651,0.06855286,-0.04111798,0.13519977,0.11206967,0.01328995,-0.01917672,-0.07794684,-0.15120481,-0.06438470,-0.03598385,-0.03420942,0.10366498,0.04676736,0.17873241,-0.08290207,-0.14320676,-0.02805774,0.03669760,-0.04847410,0.00044493,0.00378202,0.12341312,-0.07628530,-0.01222107,0.08786622,-0.15476085,0.07974485,-0.15845759,-0.00337854,0.04781832,-0.17583621,-0.02598458,0.07092679,-0.11944528,0.16022915,-0.14633389,-0.00851547,0.03678723,-0.14379647,0.03742315,-0.08956812,-0.01044428,0.02706528,-0.03343521
0.04352384,0.05596586,0.02170877,0.05931141,-0.05295959,0.02693996,-0.09012412,-0.06293236,-0.01858888,0.10771438,-0.00441251,0.06094076,0.09571336,0.08403280,0.02932127,0.03496889,-0.05899771,-0.01131671,-0.07390138,-0.05011952,-0.10252726,-0.10936759,-0.01168992,-0.04172863,-0.07395786,0.04277555,-0.04345761,0.08173615,-0.10006209,-0.00770898,-0.11642507,0.09103925,-0.07344306,0.03236312,-0.01140983,0.04527205,0.08194520,-0.07154723,-0.06102507,-0.05470987,-0.00234228,0.02388981,-0.08912572,0.01694229,-0.05811905,-0.08493532,-0.11085940,0.06806456,-0.16367477,0.00583927,-0.01304867,0.00832885,-0.00965444,-0.07336465,0.05919632,0.06715983,-0.13775486,-0.09179909,-0.01141442,-0.13438497,0.00814537,0.04777112,-0.05568135,0.06264685,0.02562726,-0.03143067,0.05517451,0.15733458,-0.05182437,0.06225228,0.01658514,-0.00715690,0.06697036,-0.08808094,-0.03239988,-0.09622306,-0.13687178,-0.11130482,0.01343589,-0.04833005,-0.04657190,0.00721483,-0.02426325,0.02734677,-0.03933332,-0.03267685,-0.11079399,0.04439874,-0.04509222,0.09837596,0.03746229,0.08467790,0.08558780,-0.02446152
-0.04742931,0.02505272,-0.18441410,-0.10018956,-0.04618810,0.06699191,-0.01401582,-0.14644347,-0.02004424,0.17675483,-0.04849121,0.09255192,-0.04636837,-0.09407242,-0.11941832,0.06370701,-0.15193669,-0.19313030,-0.03363118,-0.11483842,0.20733570,-0.01847850,-0.07684518,0.07268674,-0.03003918,0.11501432,0.00527139,0.12845013,-0.01557249,-0.03392407,0.00487776,0.07249082,0.00967645,-0.05591115,-0.07747993,-0.12861703,-0.04133146,-0.21959871,-0.17251077,0.20915480,-0.00505218,0.01082531,0.01896778,-0.05821265,0.02970474,-0.01982233,0.12624633,0.03766596,0.13301793,0.09388636,0.15261032,0.10681846,0.07718471,0.01127906,0.14992216,-0.08978071,-0.16961652,-0.14486769,0.00062888,0.01388902,-0.05571198,-0.08692989,0.01860033,0.12204681,0.06558910,-0.00252017,-0.12438857,0.13887791,0.06122082,0.08710641,-0.05535499,0.08959405,0.10891236,0.19770473,0.13940230,-0.11244293,0.16209805,-0.02626169,-0.06254324,-0.00766151,-0.04155088,0.01672273,0.06796373,-0.17059676,0.07804276,-0.16256428,0.00365794,0.00543522,-0.20961162,0.28071409,-0.00080316,-0.05675193,-0.11151225,-0.14631455
-0.15623270,0.03680288,-0.06298894,0.13482104,0.02676772,0.06301191,-0.26975182,-0.53701019,0.00964198,-0.00752931,-0.09961260,0.14266603,0.19864251,0.06094522,0.03414374,0.20376629,-0.06487598,-0.00662941,0.05146031,-0.01657829,0.10744914,0.03527434,0.02502963,-0.03118587,-0.05341186,-0.09447008,-0.00666738,0.07928567,0.05171770,-0.16433358,0.06360327,-0.09904084,-0.01854087,0.03831010,0.04115385,0.20299880,-0.08223758,-0.09159316,-0.03638119,-0.07692451,-0.02644996,-0.01545170,-0.14125185,-0.04962706,-0.00544748,0.04575552,-0.04322322,-0.11805601,-0.23227443,0.28096980,0.14413355,-0.01192547,-0.06843104,0.29626611,-0.10302695,0.02214523,-0.40167919,0.10851944,-0.08321282,0.16001859,-0.06051277,-0.18644267,-0.21689746,0.43001574,0.04711363,0.06775693,-0.05862681,0.00642256,-0.10229225,-0.14633763,0.03203561,0.04994093,-0.09711012,-0.01866621,0.10851418,0.06889064,-0.42204186,0.00382616,-0.01577416,0.07714656,-0.04610715,-0.03088946,0.00077954,0.09154060,0.06345579,-0.02412914,-0.00163585,0.08457117,-0.10646180,0.05125529,0.10649970,-0.00004394,0.08378462,-0.73622662
-0.14130792,0.02358838,-0.07774863,-0.16059943,-0.01414057,-0.02286418,-0.09545070,-0.12970239,0.03122965,0.03857079,0.01958318,-0.08075855,0.02262945,-0.04359408,-0.05627091,-0.04269184,0.03966646,0.03869378,0.00104441,-0.07810939,0.07277261,-0.00511706,-0.00021081,-0.11096653,-0.02394414,0.08811218,-0.12229147,0.19079150,-0.08058068,0.00735176,0.01639187,0.09582438,-0.06285634,-0.01856882,-0.02939486,-0.15627609,0.04656385,-0.14757840,-0.03076450,0.13433708,-0.01716141,-0.06936640,-0.03610684,0.07128616,-0.14928293,-0.08590578,0.19117135,0.07375363,0.03273343,-0.06786297,0.11390521,0.07306214,-0.02656983,-0.14073586,0.11971185,-0.22820117,-0.01081260,-0.10312421,-0.06775717,-0.06815614,-0.06462692,0.06748016,-0.04930284,0.10311928,0.13538907,-0.18021315,-0.12551126,0.04738120,-0.00777176,-0.01869805,0.03070781,-0.00158504,-0.05882400,0.07350811,-0.06693544,-0.00492034,-0.06313849,-0.00215701,-0.01655016,0.00779651,-0.07593501,-0.06574237,0.03489360,-0.02112909,0.10250593,-0.19430931,0.09988547,-0.06236378,-0.19397074,0.14790599,0.06946646,0.00357177,-0.24112888,0.18379141
0.23050997,-0.05783453,0.08322331,0.28979015,-0.01108478,-0.08312725,0.03224245,0.21848248,-0.19947799,-0.06324711,-0.16822590,-0.14098753,0.05892158,-0.17406437,-0.03786735,-0.51902407,-0.01657768,0.06760152,0.11335855,0.02881347,-0.14191103,-0.01102199,-0.19769239,0.10970710,-0.27171806,-0.04990827,0.07483944,-0.20962083,0.05846756,0.09884975,-0.04321742,-0.06293210,-0.10753659,-0.14776976,-0.40982664,-0.05925216,-0.07508827,-0.14868976,0.14876035,-0.00260371,0.25656870,-0.05792993,-0.05347476,-0.03090726,-0.01128353,0.07375175,-0.03126376,-0.20248781,0.50675511,-0.20332915,-0.26089156,0.26862651,-0.15323225,0.11660667,0.01340804,0.19175409,-0.03188599,-0.10234672,-0.05842212,0.04088610,0.11041003,-0.02312624,0.01836578,0.14408652,-0.13339257,0.03568379,0.06100472,0.02330041,-0.11547044,0.07629336,0.19164909,-0.19031805,-0.14908937,-0.10643215,0.21692854,-0.02824193,0.00660270,0.31126335,-0.15448892,0.06862675,0.05693516,0.01265217,-0.05911294,-0.10393704,-0.25014511,0.06358560,-0.10744344,-0.00137343,0.05555931,-0.16555893,0.17816015,-0.24883403,0.11867330,-0.08034860
-0.04760288,0.05849055,-0.12776312,0.00280931,-0.09206881,0.06510740,-0.18515754,-0.12104648,-0.01380731,0.12399237,-0.15974842,-0.11091673,-0.01170365,-0.08148865,-0.05285528,-0.00954285,-0.01806044,-0.03724966,-0.16664240,-0.12591940,0.17076603,0.03303770,-0.12414540,0.00931741,-0.00959009,0.13773957,-0.00262863,-0.03328669,-0.00251035,-0.04182984,0.10797613,0.04992561,0.06106156,-0.12998921,-0.02009540,-0.00952778,0.00111729,-0.05915966,-0.03333697,0.19511613,-0.02238042,-0.00892806,-0.00238478,-0.03831929,0.04847526,-0.07701854,0.12520894,0.02619929,0.10700677,0.08547921,-0.08548403,-0.04736130,-0.02252049,0.00490522,0.03931149,-0.12264377,-0.18542896,0.01396705,-0.09238753,0.01371539,0.06438301,0.08529190,-0.13681380,0.04848224,0.01471370,-0.08241390,-0.06648072,0.07529163,-0.04382490,0.05532448,-0.22077715,0.07666373,-0.10454288,0.12536371,0.03462799,-0.13215053,0.12060986,0.01502614,0.01880077,0.01282603,-0.09260802,0.01900792,0.08483138,-0.06095951,0.12501571,-0.03524839,-0.01118159,-0.03311358,-0.05776910,0.12025656,-0.15235941,0.09774535,0.00876665,-0.01353732
-0.06006644,0.07027946,0.00342148,0.01652601,-0.17597947,0.14115211,0.05709187,-0.15803231,-0.08621268,-0.00677070,0.06923494,-0.06029604,-0.00476525,-0.14792566,-0.17055428,0.07464468,0.04447429,0.02790745,-0.17276582,-0.00075632,0.19779217,-0.05812806,-0.13471682,0.09730402,0.04851547,0.06526743,-0.04380813,0.21660960,0.00092531,-0.10538997,0.05644936,-0.01043033,0.01915589,-0.04395167,0.06877185,-0.04031415,0.07404076,-0.11588388,-0.01479901,0.08830706,-0.14153536,-0.12903932,-0.14014040,0.11224914,0.05033578,-0.05576682,0.06044320,-0.02799234,0.04511074,-0.04705492,0.04073787,0.08462643,0.10841169,0.04306459,0.11170677,-0.18687440,-0.15677249,-0.04754325,-0.09728373,0.07843533,0.06460501,0.02022161,0.03159504,-0.06766687,0.08556718,-0.12965807,-0.05595916,-0.03954593,-0.14547832,-0.00209897,-0.09730846,-0.02993990,0.00330152,0.07840870,0.02141668,-0.01773076,0.02235794,0.01003389,-0.02050321,-0.01295195,-0.03541737,-0.08889329,-0.00094263,0.01429311,-0.07686549,-0.00183611,-0.08041248,0.02757415,-0.10308416,0.09400378,-0.04919473,-0.08427685,-0.12904619,-0.05049669
-0.20410840,0.02599214,0.17257129,-0.38800830,-0.03357813,-0.10100094,0.15820773,-0.10765760,0.06833784,-0.12835538,0.07078360,0.16391551,0.24266982,-0.00191200,-0.09835758,-0.01377589,-0.00167324,0.23242091,-0.10278743,0.06093114,0.24477419,-0.05046732,0.11645751,-0.22398110,-0.13974965,-0.23362578,-0.29328710,0.07033673,-0.01224129,0.04313901,-0.08042008,0.10905322,-0.02660257,0.06927860,0.09793708,0.04706998,-0.18016736,-0.22897387,-0.03595405,0.10820652,-0.02281492,-0.15664603,-0.00257492,-0.28865966,0.17306514,-0.09322399,0.04103921,0.01373675,-0.03386079,0.06281064,0.21424770,-0.08058248,0.09435142,-0.15145467,0.02995929,0.07362036,-0.22368613,-0.02274809,-0.14668986,-0.32369009,-0.33993009,0.08977277,-0.02901008,-0.07509419,0.16154581,-0.05497446,0.06243284,-0.19024011,0.08842910,-0.18239783,-0.21645859,0.00411437,0.06011848,0.12050106,-0.18690807,0.09152736,0.11663345,-0.08641133,-0.03553568,0.09554271,-0.04264653,0.04821333,0.05496048,-0.08518648,0.18392228,-0.08257527,-0.19327523,-0.01737447,-0.17773733,0.20958270,-0.00731875,0.19069901,-0.10689504,-0.00515168
0.08061507,-0.05422525,0.00999446,-0.04713124,-0.09790163,0.03717071,0.04624508,-0.05437387,-0.02982943,-0.00627569,-0.12588553,-0.09472776,0.11178374,-0.04773259,-0.09443589,0.11812080,0.06428210,0.08904734,-0.15094920,0.03155604,0.01124920,-0.00255888,-0.09159754,-0.02299367,0.07936874,-0.02545208,-0.09408054,-0.01428003,-0.01323977,-0.00004677,-0.08413978,-0.00899070,0.03104735,-0.08536810,0.07311798,-0.04454679,0.04815146,-0.14298660,-0.09206288,0.14539808,0.05228403,-0.00635017,-0.01392429,0.03926215,-0.14578819,0.02052136,0.09707547,0.04452420,-0.05447168,-0.07480017,-0.16435596,0.01312433,-0.01284172,-0.11896265,-0.03542811,-0.01646373,-0.09232978,-0.03131086,-0.02375326,0.00195442,0.11441708,-0.12029762,-0.10831263,-0.00149925,0.06138266,-0.02945467,0.07245633,0.12471333,0.04643532,0.05542294,0.01009580,0.00735983,0.00314189,0.12941167,-0.04251818,-0.00807782,-0.02267289,-0.06546013,-0.00922722,0.13805148,-0.09241281,0.12642592,-0.02368273,-0.03760730,0.12845650,0.02129987,-0.01119200,0.06661189,-0.14009529,0.03588720,-0.16186562,0.09270941,-0.04378450,-0.05614883
0.09994535,-0.11080580,-0.13127194,-0.04028288,-0.04770998,0.13064866,-0.03095784,-0.19771212,-0.14756908,0.02086589,-0.03989699,0.13206705,0.04177101,-0.14029291,-0.06754748,0.08767488,-0.03124337,0.02151706,0.00877724,-0.17243525,0.13055027,-0.06322795,-0.03642040,0.06917264,0.11740877,0.10418363,-0.04977923,0.06377210,-0.04706418,0.03202284,-0.03560366,-0.00887866,-0.04435983,-0.08930934,-0.20289111,-0.00429258,0.12498608,-0.05906207,-0.02300681,0.11779093,-0.11039699,-0.11561033,-0.06953236,0.06016345,-0.08542439,-0.09549113,-0.01348948,-0.00005098,-0.03079521,0.02974068,0.08702708,0.00338823,-0.01944365,-0.00555287,-0.02396035,-0.02833337,-0.12355872,-0.17042945,-0.03754052,0.00632015,-0.09290927,-0.06586588,-0.05385337,0.08190171,0.05946481,-0.14656663,-0.02026921,-0.03852042,-0.10591221,-0.00272925,-0.09136616,0.07257653,0.01948638,0.04182901,-0.01340986,-0.08481909,-0.05974352,-0.11236734,-0.00485178,0.03233677,-0.03234349,0.05070893,0.06563418,-0.02781835,0.14664273,-0.10036085,-0.05362473,-0.00679828,-0.05495867,0.13682330,-0.17675942,0.00804644,-0.17768551,-0.05935298
-0.03346281,0.08567861,0.12969969,-0.19016373,-0.24844581,0.10216776,-0.08470257,-0.11762185,-0.11018278,0.12198294,0.05490988,-0.06841709,-0.04189481,-0.05964308,-0.16256228,-0.05847319,0.08395015,-0.02343182,-0.14529578,-0.17292884,-0.00907855,0.10249772,-0.07212792,0.07568222,0.40707701,0.03058939,-0.11424494,0.08545065,-0.14966393,-0.07665231,-0.02309049,0.17470822,-0.05207120,-0.13841935,-0.01615772,-0.00292419,0.16384505,-0.08106345,-0.11828989,0.01846691,-0.15623057,-0.05220179,-0.04347901,0.08198842,-0.13210468,-0.00492691,0.12078155,0.04733928,0.05504554,0.02986177,-0.08776308,-0.10477352,0.04999938,-0.22490597,0.00296308,-0.21656837,0.03524303,0.09894529,-0.00378921,0.04443440,-0.08422258,-0.02345580,0.23446251,0.03336081,0.06946777,-0.17910515,-0.13304180,-0.02561943,-0.10352194,0.00068187,-0.22829098,0.02979727,0.12053336,0.04140444,-0.16511919,-0.14676011,0.05169022,-0.04418771,-0.07214843,-0.13988219,-0.08617188,0.09081958,0.03307015,0.00237888,-0.04272888,-0.05188598,0.16008048,-0.09441497,0.00351250,0.00005399,-0.08088203,0.06576850,-0.10019978,0.22537532
-0.11385205,-0.04899691,0.03255954,-0.00148606,-0.19849157,0.00410795,-0.00094155,-0.23043513,0.00338073,0.07630858,0.04468449,0.03123668,-0.07497559,-0.06016508,-0.05707735,0.15726329,0.02854084,0.09321277,-0.12247808,-0.14401309,0.07278379,-0.02828617,-0.10771246,0.03191779,0.08494303,0.14152651,-0.03438632,0.12150425,0.00785270,-0.05752994,-0.06624893,0.13218489,-0.00961097,-0.12425977,0.03007300,-0.03814067,0.02518888,-0.10865388,-0.19412901,0.19562632,-0.15688480,0.00872245,-0.05392685,-0.05848235,-0.03768501,-0.10069287,0.18928662,0.13384221,-0.04848371,-0.01521307,0.11709530,0.02165270,-0.00227249,-0.01113258,0.12789683,-0.10308337,-0.06030266,-0.13550991,-0.09956477,-0.01006539,0.16650617,-0.06225851,-0.02851298,-0.09360511,0.04661980,-0.15361570,-0.04194933,0.08460493,-0.02194973,0.03109045,-0.19360782,0.19495960,0.07463855,-0.00863104,0.03311654,-0.07557297,0.21022056,-0.00271822,-0.17225026,0.09742714,-0.12126888,0.12106930,0.05050205,-0.00367343,-0.00431416,-0.18510714,-0.02736873,0.07474877,-0.04218370,0.10390589,-0.12064302,-0.06797944,-0.19040410,-0.06535961
-0.04596682,-0.08494481,-0.05133806,-0.05911722,0.00423425,-0.04144565,-0.05970992,-0.05140952,0.00562329,-0.01938272,-0.02923376,0.04513597,0.01577796,-0.02698378,-0.07015775,0.01125928,0.00051866,0.10537542,-0.13846214,-0.08593073,-0.06124195,-0.08242296,-0.07677965,0.02247403,-0.12558985,0.05674224,-0.15537539,0.00993796,-0.02191263,0.01436471,0.04242720,0.08289583,-0.06223779,-0.09649682,0.03515186,-0.11875552,0.05621293,-0.04524268,-0.01212581,-0.04435347,-0.02205912,-0.06730401,0.04988103,-0.05167853,-0.12585174,0.02294302,0.05184444,0.07361814,-0.01960089,0.08452950,0.01881861,-0.06691029,0.10052136,-0.10971171,0.06787663,-0.09118865,0.07066710,0.01191589,0.00177008,-0.06344637,-0.18629251,0.05900043,-0.12525269,0.05520082,0.02576807,0.00279043,-0.01119666,-0.03627963,-0.00846369,-0.10773389,-0.08908681,-0.05353898,0.08701392,0.03070153,0.00460260,0.01242865,0.10264237,-0.01225558,-0.04449230,0.01667104,-0.01446901,0.02915649,0.06429297,-0.00563736,-0.00742795,-0.06069302,-0.02855789,-0.06834288,-0.11993296,-0.02659793,-0.20558041,-0.00372256,-0.07062130,-0.13109426
0.09945855,-0.04463328,-0.08617458,0.17823900,-0.31960717,-0.02890869,0.40886593,0.05952398,-0.17692703,0.17463277,0.05166479,0.10180114,-0.10032881,-0.51584589,-0.31734088,-0.16743872,-0.10115454,-0.00524964,-0.20702827,-0.34086746,0.27693632,0.13498348,-0.54180396,-0.02999765,-0.09541061,0.20688902,0.04513237,0.04795363,-0.13245247,0.03944156,0.05058568,0.38713402,-0.18633775,-0.62636739,-0.24709456,-0.44160059,0.27475432,-0.27734259,-0.26031575,0.32210076,-0.13973756,-0.14236042,-0.36579740,0.03672173,-0.24027555,-0.29039669,0.52944362,-0.02708715,0.43463016,-0.01618291,-0.51495564,0.03942446,0.04604071,-0.14142130,0.54231042,-0.47372028,-0.14997645,0.00757480,-0.36111614,0.34125742,0.06438386,-0.02015691,-0.01283114,0.24087185,0.01488014,-0.60159367,-0.06236220,0.08011618,-0.27838290,-0.03735423,0.15775655,0.16135304,0.14289360,0.46797484,0.09889338,-0.32480371,0.00362359,0.09383467,-0.44251752,-0.09447069,-0.09143111,0.14954504,0.10429116,-0.46907875,-0.15561922,-0.22366330,0.20949320,0.09718578,-0.48858765,0.31426877,0.04086363,-0.11055157,-0.15721865,0.39220682
-0.03396968,-0.00132858,0.10694003,-0.32244405,-0.04420622,-0.03094175,0.06421661,-0.43668661,0.16289164,-0.07482289,0.03741500,0.10378879,0.03225571,-0.03205239,0.11891519,-0.17548081,0.07191224,-0.12237740,-0.15438862,0.12839685,0.02996266,0.01564393,-0.03479190,0.00811123,0.16370137,-0.08787033,-0.19792159,0.26580203,-0.08155811,-0.11963592,-0.01401212,0.03810491,0.34015256,-0.04180087,0.18211356,0.05581811,-0.25395027,-0.17824514,-0.01511715,0.09168543,0.15692849,-0.05001932,0.07290711,0.02399541,0.13310978,-0.04600601,0.09084898,0.02089055,-0.14309286,0.01839156,-0.20556504,0.07450622,-0.01907698,-0.34801480,-0.01483706,0.05250995,-0.13254042,0.03522126,0.10779458,-0.13314490,-0.47903129,-0.11853842,-0.17110106,0.03976171,0.08947247,0.05539930,0.07065216,-0.26843604,-0.11073161,-0.42643419,-0.20734833,0.01886969,-0.13216636,0.03599858,-0.05840652,0.12957919,0.03593548,-0.10141049,0.00549333,0.05860876,-0.01685810,-0.10587569,-0.06520835,0.11873446,0.00776781,-0.03681907,0.01559907,0.07742956,-0.15426670,0.14528222,-0.01295876,0.11125049,-0.11127627,-0.25196952
0.00337148,-0.11509955,0.00757419,-0.14262103,-0.12954673,0.09034137,0.23337705,-0.05333165,0.02828090,0.21087945,0.00959175,-0.01791200,-0.13806191,-0.10420720,-0.16739364,-0.00122339,0.02675636,-0.03099627,-0.14974083,-0.21007983,0.20274124,0.11058788,-0.23007438,-0.06739293,-0.03389616,0.12483913,0.06383134,-0.00419625,-0.20022753,0.12633932,0.07317569,0.09894136,-0.09170854,-0.28604081,-0.05108238,-0.08331522,0.23142414,-0.05268830,-0.22450246,0.12178509,-0.13993521,-0.12009836,-0.10118996,0.01024901,-0.11053988,-0.10382436,0.27546141,0.06621904,0.12754671,0.01606631,-0.33166188,0.01227354,-0.05092601,-0.17560235,0.22801884,-0.29401228,0.05716585,0.06584417,-0.09560819,0.16313466,-0.04047853,0.06736974,0.13550042,0.13438092,-0.07227264,-0.08879671,-0.14800732,-0.00078425,-0.13379446,-0.01529809,0.08146274,-0.00175266,0.02167259,0.25876433,-0.08412851,-0.19061434,-0.06146412,0.00531411,-0.12981334,0.01913194,0.08090203,-0.04418040,0.07575919,-0.17702107,-0.01917881,-0.07687787,0.06417923,0.04030044,-0.31412885,0.20099457,0.02842916,0.06846251,-0.22059387,-0.02884212
-0.14938262,0.00366135,0.15171137,-0.17600892,0.02864726,0.07711508,0.11961040,-0.07422461,0.04552563,-0.00647955,0.18666375,-0.01521956,-0.02531916,-0.03918490,-0.09862489,-0.14147389,-0.07959010,0.01459681,-0.15063050,0.13460237,-0.07165802,0.12077146,-0.08358458,0.03459859,0.42091799,0.15016897,-0.05079120,0.12344929,-0.10650823,-0.11602701,0.04870846,0.03752197,0.07592277,0.00237521,-0.31117252,-0.11090247,0.18486598,-0.04908894,-0.13593489,-0.06496062,-0.09377843,0.17486621,-0.20588584,0.15300588,-0.07704339,0.08405466,-0.07174828,0.10592291,0.41692087,-0.02075627,-0.15830639,-0.07280943,-0.04925705,-0.36782885,0.05514396,-0.11248463,0.04351029,-0.09582908,0.01191810,0.07709245,-0.01852544,-0.12691130,0.08104974,-0.18548310,0.15609710,-0.02215804,-0.01897496,0.09146390,-0.17411828,-0.00860123,0.05347278,-0.01034858,-0.02043996,0.13771215,0.09411961,-0.15607207,0.00538383,0.12155293,0.07131581,-0.02574801,-0.06989680,0.10278753,-0.11656207,-0.05981709,-0.04311241,-0.12277190,-0.06834448,0.00749900,-0.10279544,-0.12456527,-0.08469948,0.03413748,-0.01907033,0.68483859
0.09073888,-0.06539504,0.03620136,-0.17436437,-0.00842099,0.01770177,0.26077139,0.03338099,0.01639026,-0.15570095,0.26846567,-0.17555410,-0.04037648,-0.00378438,-0.01146174,-0.01083993,-0.12396545,0.17105819,-0.04675991,-0.23373717,0.04140156,-0.07695001,0.00238936,0.22333305,-0.15983753,0.17823121,0.11484034,-0.11184424,0.04112073,0.02666819,0.11343174,-0.02083958,0.11841995,0.11680382,0.11987781,0.15777576,0.14435917,0.08271406,-0.11371251,-0.09548797,-0.07469015,-0.08293140,0.10548828,-0.20270857,0.03151619,-0.06256454,-0.04805632,-0.00300656,0.06211194,-0.06197564,0.32355091,-0.09430747,-0.05705881,-0.18793164,0.08200551,-0.09466514,-0.06087816,-0.00969754,-0.11015401,0.06744435,0.08173210,0.07190716,0.16561002,-0.02869032,0.03733847,-0.01321610,-0.28794798,-0.00661959,0.21201302,0.03307380,-0.05325211,-0.02867830,-0.06416986,0.12980804,0.06635537,0.01696011,-0.22528908,0.16716212,0.03483907,-0.02425075,-0.03003766,0.05838230,-0.00524942,-0.02344047,0.14160962,0.05124240,-0.02244019,0.01295369,-0.01081636,-0.03610623,0.02851286,-0.10331003,-0.03510045,0.00931939
-0.13632336,0.03057321,-0.00212858,-0.11153258,-0.09070059,-0.01045212,-0.15777197,-0.12720874,-0.10743412,0.03877866,0.04254170,0.07337510,-0.02447012,-0.05697022,-0.01106458,0.18432000,-0.05488160,-0.13575965,0.00105962,-0.16599597,0.03471470,-0.05444251,-0.08850881,-0.06725299,-0.04101966,0.07732961,-0.10577806,0.10247795,-0.09385640,-0.13367303,-0.06928797,0.03407640,-0.05671790,-0.19423288,0.03899179,0.03084275,0.06011304,-0.09351688,-0.05618742,0.18356092,-0.17429681,-0.13543200,-0.01455257,0.11166887,-0.09204415,-0.11024771,0.09539980,0.06215902,-0.00133359,0.00669063,0.15602371,-0.02984361,0.04344856,0.01075876,0.13799785,-0.09541979,-0.17247282,-0.08225508,-0.15166514,-0.05484365,-0.02960896,-0.03707451,-0.05899499,-0.00652978,0.08126763,-0.09661020,-0.04103211,0.11533643,-0.10848676,-0.05379252,-0.08760923,0.19158940,-0.00241812,0.00942976,0.03143836,-0.10390392,0.10387747,-0.04337524,-0.05855932,0.07338078,-0.14490049,0.10103457,0.14034480,-0.02828430,0.04744862,-0.01414497,-0.02356488,0.04463428,-0.19531815,0.18210602,-0.15502127,-0.11371924,-0.17093396,0.03370629
-0.01370875,0.06378990,-0.04405886,0.07871801,-0.01547022,-0.07355903,-0.09689491,-0.08746652,-0.06625487,0.10559525,-0.09910453,-0.01411791,-0.02873522,-0.08701842,-0.10778533,0.05631903,0.04204779,-0.09825209,0.04115387,-0.01686529,-0.00129304,-0.08359779,-0.04111179,-0.01277211,-0.09870894,0.09297469,0.02958391,-0.05117444,0.01152943,0.01100387,0.05137426,-0.05392276,-0.10544983,-0.12909971,0.00787914,0.00271514,-0.02632668,-0.11877352,-0.13394663,0.10551247,-0.05782652,-0.06558881,-0.03658120,-0.03656054,0.03051088,0.04019443,-0.03177560,0.08460632,-0.05915055,-0.02419407,-0.09313141,-0.06566098,-0.05075094,-0.07474734,0.04342681,0.02596453,-0.04978200,-0.01318672,-0.08015756,0.14984229,0.05132487,0.04140634,-0.05203649,0.13404760,0.08741247,-0.01176371,-0.09634269,0.09854017,-0.11519223,0.03118064,-0.15427899,0.03691807,-0.03219170,-0.05454258,0.08751392,0.01683570,0.11478689,-0.07696035,-0.02364996,-0.01818549,0.03024386,0.00884354,-0.03909800,-0.03343644,0.13289441,-0.02453990,0.04806268,0.07290258,-0.06347034,-0.03517311,-0.11290576,-0.01154861,0.03528508,-0.06213461
0.02779962,-0.13607353,0.01214705,0.00542660,-0.00453698,0.14168184,0.02856419,-0.02589345,-0.10045493,0.04830982,-0.02697620,-0.00035461,-0.00958010,-0.04880275,0.01697870,-0.05907751,-0.05083865,-0.15852311,-0.11211361,-0.14449087,0.21277051,0.09703258,-0.06758259,-0.12383930,0.14576046,0.03270246,0.05641296,0.11020062,-0.11975883,-0.12895840,0.01131149,-0.00483307,-0.04333758,-0.15495194,0.06894248,-0.08830939,0.08722145,-0.15508896,-0.00734221,0.17052402,0.05192093,-0.06673793,0.01953512,-0.06485219,0.07292946,-0.16332301,0.10663134,0.09749492,0.03640573,-0.06940737,0.06983090,0.12425616,0.12859859,-0.06593554,-0.01838626,-0.06406575,-0.09024567,-0.09127404,-0.04453096,0.07063802,-0.10774508,-0.15855455,-0.09848150,0.02595654,0.05260999,-0.09653329,-0.14032166,-0.07722197,-0.01053079,-0.02017016,-0.10343303,0.15192145,0.00043439,0.15973675,0.01369777,0.06374115,-0.10729183,0.04601958,-0.02959694,-0.04619645,-0.02856566,-0.00045858,0.13444851,-0.10028112,0.03806091,0.02900622,0.03976757,0.04305883,-0.21048768,0.19297518,-0.11507267,-0.00097333,-0.00271154,-0.13573915
0.02707812,0.09854157,0.09189274,-0.20524926,-0.08077257,0.01383522,0.05962149,-0.21779960,0.09610263,-0.01952477,-0.10668113,0.08325813,0.10262657,-0.09791068,0.05564598,-0.01129478,0.04534900,0.03985873,-0.17717931,-0.09684566,0.02606071,-0.09856050,0.03214599,0.04980351,0.17811769,-0.02261149,-0.11875990,0.12390485,-0.05753336,-0.09648998,-0.05390362,0.02449214,0.15953352,-0.13576977,0.10123271,-0.09284633,-0.05173151,-0.17034459,-0.01933271,0.22278985,-0.01327068,-0.09527217,-0.05443894,-0.00114660,0.04321154,-0.03671953,0.03354799,0.10819706,-0.03715393,0.01359454,0.07173157,0.09020560,-0.02926251,-0.09028636,-0.01668140,0.01330250,-0.10664722,-0.05593454,-0.14039683,-0.03523999,-0.18200876,-0.08206715,-0.09654392,0.00123205,0.06222425,-0.00780986,-0.08554828,0.01972836,0.06543501,-0.14565387,-0.19057815,0.05383155,-0.07134818,0.09917398,0.05042379,-0.06042574,-0.05776590,-0.06579724,0.01024177,0.09485158,-0.00403456,0.11277296,0.03072672,0.04583029,-0.00674713,-0.09897919,-0.04124578,0.06804425,-0.12900859,0.18329439,-0.09732667,0.12745252,-0.01716834,-0.14611989
-0.12505636,-0.00568104,-0.01475848,0.01379578,-0.03272178,-0.02387708,-0.08259919,-0.13344626,-0.11143521,0.08977228,-0.01415070,0.13397489,-0.04963453,-0.07976184,-0.13268705,-0.16593474,0.10616078,-0.02106283,-0.18175982,-0.15441473,0.02951073,-0.11567254,-0.03545186,0.01502228,0.02143467,-0.00237203,0.03467007,0.17517871,-0.10267384,0.08180568,-0.00885258,-0.02514740,0.00779524,-0.11470538,0.03168534,-0.12501557,0.04902774,-0.08281314,-0.12492793,0.15320872,-0.05508035,0.01580390,-0.03906859,-0.07922230,0.00538928,-0.15411974,0.00668957,0.02934118,0.02179825,0.02504103,-0.04514438,-0.01990172,0.11967158,0.01865523,0.00014248,-0.18040250,-0.17601028,-0.11699251,-0.13562793,0.05944369,0.05242497,0.12289817,0.14934266,0.10556179,-0.00274967,-0.17520745,0.05389044,0.07747386,-0.06837815,-0.07762222,-0.19254757,0.10766191,-0.10375482,0.14272432,-0.07151401,-0.06912351,-0.06392651,0.07594334,-0.06674133,0.02100551,-0.03319665,0.17057088,0.05722920,-0.13622665,-0.00421364,-0.20925771,-0.04561913,-0.02465935,-0.02171056,0.11982945,-0.16844188,-0.02143993,-0.17071992,0.18749739
-0.29142347,0.04270589,0.02978320,-0.39586845,0.02295849,-0.01189978,0.30746034,-0.46114203,0.02611426,0.00317393,0.00992930,0.00253941,0.10537091,0.07107671,-0.02348251,-0.09748178,-0.07910160,0.07450756,-0.18914850,-0.00327286,0.16105634,-0.17246968,-0.04271610,-0.13798828,-0.05127193,-0.16297098,-0.29576695,0.16396520,0.02304669,-0.14986448,0.00126440,0.01286905,0.18217945,-0.00359565,0.31704199,0.15618594,-0.21212691,-0.14775419,-0.09042275,0.07546627,0.04705302,-0.05033483,0.01053121,-0.01173446,0.19467889,0.00167741,-0.05734932,-0.07753226,-0.03170096,0.18188432,0.14637034,-0.03967998,0.02199354,-0.40331832,-0.10871094,-0.05393769,-0.22489333,-0.05231833,-0.01661842,-0.12777804,-0.60799766,0.04582439,-0.07292916,-0.19315708,0.01724838,0.01683711,0.07852685,-0.32311115,0.06655628,-0.39507827,-0.16925454,0.10965011,-0.21172605,-0.02023342,-0.14218669,0.15313278,0.09978222,0.00627243,0.08590194,0.11515407,0.08209585,-0.10553166,-0.06182421,-0.02690650,0.02894727,0.00890320,-0.21646333,0.05160324,-0.14468476,0.20992547,-0.00426679,0.27357215,-0.00270295,-0.38555464
0.05798392,-0.09869213,-0.05472180,-0.10062067,-0.03567897,0.04529809,-0.16720971,0.00746982,-0.02617851,0.21876366,0.00485200,0.00899928,0.02589423,-0.18864691,-0.05262717,0.05936294,-0.14114468,-0.19977705,-0.16104014,-0.25091499,0.07652121,0.09077341,-0.15795332,0.06019712,0.01978902,0.13736489,-0.04584961,0.07523967,-0.04270747,-0.09675520,0.07688721,0.14053853,-0.09544629,-0.17485607,0.21182203,-0.14909026,0.08408789,-0.13783902,-0.08974566,0.07006012,-0.12860759,-0.16623932,-0.13545977,-0.00686424,-0.13442031,-0.05042474,0.04692597,0.03078222,0.13231653,-0.03689506,-0.06328429,0.00012953,0.10081083,0.00135069,0.07685261,-0.21453948,-0.11620077,-0.11485733,-0.13102777,-0.01562832,0.09577695,0.02073934,-0.14346495,0.02014240,0.01680927,-0.02140716,-0.03788329,0.12257303,0.00807056,0.02146332,-0.07845052,0.17586261,-0.02916153,0.13432012,-0.00946698,-0.17111114,-0.02079769,-0.09460023,-0.17976207,-0.00226639,-0.01527130,0.07608698,0.16506553,-0.00642887,0.11876979,-0.10942614,-0.00565764,0.01672734,-0.13645880,0.08090990,-0.12575622,-0.01995660,-0.07504108,-0.05382750
0.11305950,-0.01582233,-0.16089559,0.06456774,-0.17837448,0.07450143,-0.00842138,-0.07022661,-0.04500081,0.12668537,-0.01755602,0.11173533,0.02256528,-0.11674995,-0.05198306,0.07699576,0.03452175,-0.02076880,-0.07153914,-0.03584567,0.19449125,-0.00658911,-0.13358913,-0.06274337,-0.00649587,0.14212514,-0.08228435,0.07917891,-0.05858533,-0.15844478,0.13573611,0.09783451,-0.02924149,-0.17499433,0.06132572,-0.05856843,0.12972598,-0.05722905,-0.11636411,0.02180908,-0.06580378,-0.11368623,-0.02633204,-0.02809592,-0.01247508,-0.01389670,0.05300511,0.05132204,-0.05731634,0.01692820,0.08504438,0.05330637,0.16438594,-0.01200768,0.11311802,-0.09629638,-0.06565718,-0.20480752,-0.08356547,-0.06134317,-0.05628296,-0.11084676,-0.17481682,-0.00601616,0.12119125,-0.14998123,-0.00426213,0.05206281,-0.13872938,-0.04319044,-0.21203533,0.02251232,-0.02313023,0.14802894,0.03519242,-0.06084311,-0.02852819,-0.02164809,-0.09174722,0.08215717,-0.03506457,0.03428090,-0.00883906,0.01467540,0.10675714,-0.00736970,-0.07807857,0.06109031,-0.03049747,0.04989219,-0.06347591,-0.09939480,-0.07901759,0.05383031
0.25044399,-0.05150440,-0.10018782,0.03688995,-0.15274094,0.15755858,0.20546356,-0.16144142,-0.00467989,0.10386566,-0.06887406,-0.00189129,-0.14779013,-0.10684403,-0.10018612,0.06838945,-0.02930319,-0.03616876,-0.05503690,-0.08402181,0.14524907,0.03894023,0.02254631,0.00835053,0.04934436,0.13423534,0.10932026,0.05607301,-0.02524751,-0.08210588,0.01631515,0.02508212,0.06879888,-0.20417047,0.00103019,-0.07643896,0.19249475,-0.14927268,-0.23713216,-0.00529643,-0.09079698,-0.06291312,-0.09433603,-0.01096377,0.01354461,-0.15056710,0.22669704,0.06086383,0.11427422,-0.05983882,0.07180691,0.13052252,0.08984683,0.01314110,0.10814635,-0.05722438,0.10104980,0.07052407,-0.10009430,-0.07824526,0.00311282,-0.04065352,0.16185503,0.04290637,0.15430422,-0.09703702,-0.18674636,0.03319351,-0.14882652,0.11243460,0.05252253,0.15185936,-0.02013561,0.11925895,-0.00989583,-0.17287233,-0.10130247,-0.02907896,-0.13819526,-0.01181571,-0.11422636,0.05665399,0.02423162,-0.09282604,-0.07727309,-0.03014725,0.01387782,-0.08883304,-0.11052494,0.07400297,0.04766281,-0.19591212,-0.11166862,-0.05359739
0.10854454,-0.10097467,-0.04140294,-0.11005478,-0.12500161,0.03421687,-0.09229940,-0.10150064,-0.12469709,0.11411732,-0.05805073,-0.05253917,0.04789592,0.02416379,-0.07932618,-0.04890613,0.06499416,-0.06446213,-0.12167763,-0.16605365,0.03022039,0.08223796,-0.07195712,-0.07969730,0.05077066,0.12362204,-0.05213832,0.09521306,-0.18140495,0.02603087,0.13774763,0.04217309,0.00842689,-0.16237172,-0.02681377,-0.15204591,0.11584906,-0.16267112,-0.10390090,0.07771399,-0.14471287,-0.01786200,-0.12863687,0.06890350,0.07249917,-0.07706509,0.04557971,0.11326668,-0.10879645,0.02653399,0.07213137,0.00684053,0.11479908,0.01140474,0.17043094,-0.04798095,-0.03677929,-0.06869216,-0.13983876,-0.04867399,-0.15372993,-0.08643295,0.03361208,-0.00506801,-0.04098928,-0.15132046,-0.05754283,0.04252547,-0.12542272,-0.12764506,-0.08285518,0.04758080,0.07573161,0.08872551,-0.02829191,-0.06320907,-0.07320268,-0.07507733,0.00677041,-0.08552210,-0.07104863,0.04638612,0.08914054,-0.00933959,0.04936789,-0.10242912,0.05648462,0.02712296,-0.06590986,0.18823016,-0.24845278,-0.00178555,-0.00415380,-0.02073122
-0.01588799,-0.11947781,-0.07628057,-0.06444104,-0.02456627,0.02858420,0.12136142,-0.05031345,0.00842734,0.21341729,-0.01402551,-0.00040812,-0.06898698,0.02054990,-0.14087398,-0.04723349,0.04023927,-0.03308835,-0.22556622,-0.13721733,0.10192490,0.01468439,-0.03655851,0.05013007,-0.08980385,0.02055675,0.00930776,0.21428660,-0.05167821,-0.07810418,0.08386117,-0.02840831,-0.02943384,-0.16012430,-0.04585155,-0.10825522,0.05849758,-0.14886932,-0.02538522,0.20233098,-0.13727985,-0.15765363,0.03408824,0.07440141,-0.06928901,-0.20948426,0.13060404,0.04688376,-0.02184981,0.03351194,0.11395103,0.09439947,-0.00969658,-0.13817337,0.13331623,-0.17080499,-0.15648904,-0.04157217,-0.13259177,-0.00224600,0.09440417,-0.01673934,0.01424081,-0.10795219,0.13922973,-0.17200799,-0.08187460,0.01723534,-0.10254675,-0.02954428,-0.06691773,0.15344560,0.01768103,0.11605855,-0.03430657,-0.15237185,0.05211392,0.00908692,-0.02094050,0.02924334,0.03421885,0.04206573,0.18214706,-0.06181259,0.03393568,-0.12996760,-0.02494117,0.04258005,-0.15179394,0.34835067,0.05394229,0.02376830,-0.19216208,-0.09278722
0.08970745,-0.05100970,0.04332324,0.00636447,-0.20498593,0.14755169,0.13448076,-0.14172050,-0.00079510,0.12703730,-0.10489552,-0.02651896,0.01838244,-0.06462626,-0.12605231,0.12723845,-0.12685579,-0.20140147,-0.09023964,-0.14430584,0.06490899,0.09999319,0.02236269,0.01036167,0.29624739,-0.00468022,0.09209218,0.12167690,0.00330323,0.00482775,0.05963375,-0.00903417,0.11106009,-0.11690255,0.01314076,-0.12504545,0.10661381,-0.01673126,-0.07954117,0.12949903,-0.02039397,-0.07669219,0.00107277,0.07207114,0.06214885,-0.09433991,0.01749393,0.08228035,0.01824362,0.05144751,-0.07758555,-0.01707883,0.11448311,-0.20268722,0.12374434,-0.05452960,-0.06945479,-0.18381216,-0.04911854,0.05468161,-0.02564872,-0.15813552,-0.07704351,-0.02159507,0.12228923,-0.15795758,0.01633852,-0.01705118,-0.03518604,-0.16233547,-0.24808295,0.03204204,0.08945523,0.03867278,0.11816795,-0.14186071,-0.03724712,-0.06024507,0.01522135,0.08748726,-0.04730513,0.04958270,0.10929589,-0.15568109,0.07817718,-0.08466949,0.00695063,-0.06114081,-0.16218156,0.24522875,-0.08542795,-0.01855751,-0.14374575,-0.05605321
-0.26384601,0.42726418,0.21219349,-0.38452518,0.03737129,0.08560500,-0.25795746,-0.27365899,0.42315325,-0.27352676,0.10737130,0.08761381,0.03401706,0.27298570,0.11311383,0.09058590,0.12117619,-0.06057654,0.07433379,0.28210217,-0.05330033,-0.12952775,0.29378542,0.56253928,0.30483890,-0.12462416,-0.12552685,0.20054278,0.01530796,-0.15233466,-0.11078589,0.00927865,0.11384608,0.00634137,0.62844974,0.18821803,-0.17140870,0.09684928,0.14139262,-0.02058511,0.11956708,0.02323451,0.06474633,-0.21589050,0.09897778,0.01876428,-0.18715386,0.18965495,-0.63126647,0.18828754,0.06197878,-0.13845812,-0.11099229,0.01220859,-0.07207544,0.10908166,-0.47331226,-0.00366632,0.11192407,0.05483988,-0.80263001,-0.05214870,-0.65938294,0.26987591,0.04559827,-0.00211528,0.14898175,-0.14270423,-0.04386082,-0.78472638,-0.13923118,-0.03650730,-0.00782370,-0.14419881,-0.17573056,0.23771659,-0.70014828,-0.11751197,0.20149437,0.06881694,0.10328310,-0.24097143,0.09973441,0.29878235,0.07182828,-0.09191675,-0.15388021,-0.25098303,-0.09136645,0.29569194,0.15025263,0.10653096,-0.06199491,-1.20631361
0.02447019,-0.06121185,-0.17328639,-0.07413033,-0.21536933,-0.02857901,-0.13274592,-0.12299269,-0.10034752,0.20673192,-0.19088787,-0.02913959,0.03585010,-0.19157802,-0.15069093,-0.01674165,0.02404007,0.12240761,-0.10376450,-0.09747675,0.01371429,-0.04993879,-0.11359172,-0.08155482,-0.25252703,-0.04971369,-0.04131261,0.00405339,0.00168186,0.00971903,0.00760961,0.07400843,0.11366627,-0.03718075,-0.06433648,-0.11326145,0.10831369,-0.03418797,-0.15279284,0.06764101,-0.13470638,-0.03651556,-0.05676856,0.06330413,0.02427609,-0.18361185,0.15822861,0.09282962,0.40722075,0.08751338,-0.02805128,0.06979045,0.05290879,-0.02115580,0.05655218,-0.21434295,-0.13468368,-0.13094692,-0.10762280,0.14101368,0.06438158,0.13775702,-0.06759492,0.14793891,0.04706256,-0.09310795,-0.12102713,0.04939599,-0.14964978,0.12376158,-0.17033221,0.05910521,-0.10067232,0.06739485,0.02920404,-0.13386033,0.02405576,0.10264475,-0.07912209,0.05818986,0.04083586,0.06644479,-0.01450008,-0.18828960,0.12520504,-0.11725436,0.06234603,0.04287405,-0.18620624,0.21013725,-0.17432933,-0.02340784,-0.18849625,0.02476531
0.08638448,-0.03915641,-0.02050630,0.01960750,-0.03229534,-0.05417681,0.02530383,-0.11882699,-0.00647683,0.00418466,-0.10977405,0.09880660,0.05484074,0.00544974,-0.13107580,0.08635700,-0.05373899,-0.07218685,-0.12869614,-0.02781390,0.08080269,0.08838888,-0.01751928,-0.00670481,0.13677768,0.08194227,0.08527293,0.15927324,0.01202565,-0.12130645,-0.02736416,0.15454942,0.06498868,-0.00436058,-0.08347992,-0.05975001,-0.06122034,-0.13535927,-0.02240343,0.10197384,0.05783094,-0.11178331,-0.16229253,0.05718538,0.00671240,-0.21664824,0.15826650,0.02109571,0.01427776,-0.02700680,-0.03309121,-0.05467990,0.10835569,-0.03913737,0.15410119,-0.03755664,-0.12423971,-0.00835151,-0.00691320,-0.02501375,0.04403535,0.07173594,-0.17528845,-0.02530073,0.00301323,-0.11182965,0.02650525,0.03956545,-0.07519833,-0.04572724,-0.10417104,0.00710429,0.00391268,0.17826226,0.09550046,-0.09219795,0.05116580,0.00563332,-0.15296243,-0.03577794,-0.15721515,0.00834852,0.16110560,-0.13713937,0.03066824,-0.13479921,-0.12007140,0.15009744,-0.17703380,0.06042048,-0.20537421,-0.09303280,-0.19896643,-0.11239880
0.25382257,-0.06449395,0.00046208,0.12259368,-0.17035460,-0.00819480,0.07922732,0.00219308,-0.13745654,0.07810067,-0.10371215,-0.10982028,-0.02149762,-0.22268339,-0.14056022,0.07079763,0.02485203,-0.07569814,-0.11606982,-0.18374759,0.19548166,0.15196130,0.03935148,-0.12127127,0.09578758,0.15763076,0.07557625,0.01287823,-0.10780212,-0.05681930,0.13614245,0.20200504,0.09500341,-0.17877702,-0.00242197,-0.11865856,0.09156795,-0.01683487,-0.05904301,0.01023221,-0.08655818,-0.07743139,-0.20010287,0.09850147,-0.09684163,-0.13410905,0.08051534,-0.02299572,0.16237235,-0.02846354,0.03426135,-0.06177913,-0.00982907,0.12649204,0.07656628,-0.16402788,0.05136385,-0.09122854,-0.12605986,-0.10709080,0.06474610,-0.06964205,-0.08364742,0.08834237,0.10637552,-0.19036627,-0.12582454,-0.04252758,-0.13456644,0.03980946,0.00217340,0.12783901,0.06310683,0.00348331,-0.01453039,-0.06700218,-0.02796263,0.00266942,-0.11099973,-0.09792252,-0.21959373,0.11900114,0.14351173,-0.19706273,-0.04120226,-0.06374194,0.20522057,0.01709703,-0.23493142,0.13897246,-0.01897499,-0.24302615,-0.05496160,-0.08855608
0.15273239,-0.02155090,-0.14881881,0.17164384,-0.25741419,0.08713324,0.14397100,0.15993802,-0.15131071,0.14347799,-0.00705975,-0.10246187,-0.03425978,-0.37959817,-0.19417275,0.02996514,-0.03878873,-0.30465496,0.00412407,-0.16273019,0.20100331,0.06208483,-0.23204085,0.04239106,0.28023407,0.18407518,0.28913581,0.14538588,-0.24815474,-0.10017774,0.15581968,0.37430871,-0.06035515,-0.33601505,-0.07967378,-0.33697289,0.22374628,-0.15173577,-0.19507837,0.20185331,-0.05809317,-0.22030041,-0.14922974,0.18492596,-0.11000334,-0.20436987,0.29086965,0.15878983,0.04957959,-0.07850534,-0.06705803,-0.02068599,-0.00485228,-0.05256073,0.15368573,-0.30218813,-0.07062177,-0.18573597,-0.29713327,-0.13862500,-0.03254541,-0.16230991,-0.04876431,0.06696497,0.15789382,-0.28900161,-0.08966573,0.19634345,-0.02479699,-0.04952348,-0.07859183,0.15382312,0.21265292,0.07127758,-0.08015414,-0.20057824,-0.18525244,0.06492244,-0.17613484,-0.09645408,-0.31760138,0.11851962,0.26382613,-0.24831432,-0.07615013,-0.14859283,0.11332820,-0.16297926,-0.11887752,0.04251460,-0.03569430,-0.21558751,-0.12751903,-0.17791934
-0.00950616,0.09934692,0.05028280,0.01161225,-0.05367163,-0.05054825,-0.26845089,-0.13732181,0.09058261,-0.05256781,0.00869652,-0.00289222,-0.09262394,0.13255751,0.09516276,0.17822716,-0.04453294,0.04276516,-0.04024762,0.06498974,0.00118526,-0.14653209,0.10291389,0.14672877,0.04746203,-0.02989174,-0.11905392,0.09890921,0.03896726,-0.10980774,0.05127449,-0.00879325,0.06972372,0.10342954,-0.05622305,-0.04784893,-0.18897079,-0.13808537,-0.03137960,-0.00644962,0.08107160,0.06445531,0.00819292,0.00336704,-0.07754341,-0.04937879,-0.08555964,0.07661404,-0.08938726,0.10743359,0.07539658,0.11671539,0.03367878,0.19683588,-0.01580797,0.12267279,-0.06587617,-0.02531489,0.01679764,0.02801208,0.02702391,0.02730604,-0.01212582,0.06735302,0.03583065,0.04852829,0.09753220,-0.02791121,-0.07306657,0.02197720,-0.03228461,-0.01084655,0.02188634,0.09857786,-0.02286404,-0.02100669,0.08449542,-0.13299106,-0.05694304,-0.02524921,0.07805973,-0.04713498,-0.05181767,0.13142256,-0.02771236,0.03950342,-0.11553521,-0.00484549,0.04933198,0.09881353,0.14568657,-0.09733273,0.05997293,-0.38833430
0.11774066,-0.00126380,-0.11811499,-0.04788981,-0.06068479,0.03979101,0.09786985,-0.15989852,-0.12051771,0.00181353,-0.07964896,-0.04716124,0.09715668,-0.11003517,-0.09449740,-0.00608507,-0.09411365,0.00842841,-0.01263861,-0.04849423,0.02166086,0.05228877,-0.10382359,0.00930312,0.06541738,0.02179471,0.09527235,0.10500035,-0.08540072,-0.03943134,0.02124229,0.02775839,-0.01830006,-0.11715716,0.09348519,-0.02410007,0.15010653,-0.06126243,-0.16654760,0.10318761,-0.03978082,-0.16788502,-0.02299375,0.02554145,-0.03564933,-0.15474547,-0.03863246,0.03853167,0.03830389,0.13239546,-0.07640346,0.12844312,-0.02862130,0.01305730,0.14670160,0.00867769,-0.17030486,-0.18621174,-0.10856061,-0.11307622,0.10029562,0.00545945,0.02026692,0.10213546,-0.00973159,-0.03572439,-0.06613619,-0.03775833,-0.16295399,-0.01192632,-0.02846820,0.01403064,-0.00032337,0.11219613,0.07691393,-0.02057688,0.13552041,0.01285977,0.01270625,0.05212557,-0.18213935,0.03198961,-0.02969097,-0.15167320,-0.00666540,-0.12534957,0.10317692,-0.02350826,-0.01371735,0.11471362,-0.16546342,0.09000713,-0.13160218,0.04523449
0.08233145,-0.00352020,-0.03379343,-0.05130668,-0.13477647,-0.05122694,-0.07945817,-0.04794063,0.01992129,-0.03212829,0.02471859,-0.03488946,0.01341169,0.02900463,0.00608945,0.03713025,-0.04432939,-0.04791488,0.04491704,0.03522819,-0.04122034,-0.01467513,-0.08691885,0.04831140,-0.00138874,-0.04864158,0.08281016,0.09740598,-0.00681132,-0.05555465,0.06980907,0.00953217,-0.06853397,-0.00362143,0.11123917,0.01014152,-0.06349389,-0.12646723,0.01497332,0.13881901,-0.04888723,0.00195751,-0.00572985,-0.05755791,-0.10138384,-0.08602633,0.11902121,0.11953960,-0.13402255,0.02380610,-0.03026508,0.11103324,-0.04311871,-0.12462911,0.07114422,-0.07445545,-0.13888794,-0.13466172,-0.03973848,-0.17678863,-0.04623950,0.01792104,-0.00089559,-0.10977011,0.06845596,-0.14083585,-0.02427242,0.06359307,-0.06353095,-0.02234172,-0.12431686,0.09352605,0.00732951,0.11143187,-0.00205871,0.00298994,-0.04247507,-0.06465602,-0.05901223,0.08409581,-0.09577215,0.08849695,-0.01077820,-0.05771923,0.09701270,-0.06874193,-0.10628282,-0.01626255,-0.00776820,0.13327949,-0.14700812,-0.05120824,-0.12483080,-0.09294193
-0.09695521,-0.09196790,0.02976464,-0.03890607,-0.04577828,0.01102085,-0.06339841,-0.13948829,0.00005156,0.07770072,-0.08374661,0.03697845,-0.03414231,0.00438224,-0.02697312,-0.02848127,-0.08785387,-0.03176998,-0.09253240,-0.13101514,0.14320111,-0.01165331,-0.18391337,-0.07593860,0.10333668,-0.06174143,0.07929141,0.16336142,-0.09111168,0.03821669,0.01335059,-0.06065276,0.07699499,-0.20198849,0.07383287,0.04877785,-0.01152954,-0.17268834,-0.04607177,0.02591259,-0.12098473,-0.15719481,-0.09884034,0.03747995,0.03269193,-0.19685496,0.22090867,-0.05859474,0.17010123,0.06650591,0.09471445,0.08669890,0.05565092,0.06035974,0.09689930,-0.08698393,0.00908368,-0.09084677,-0.13961212,-0.01250897,0.03887204,0.01714334,0.04727396,0.07620488,0.20768951,-0.10578778,-0.15386784,-0.03460047,-0.09711993,0.02138326,-0.19394666,0.00161553,0.07639559,0.15309407,0.02456061,0.00618528,-0.06983032,0.02392467,-0.00777172,0.00328238,-0.11598165,-0.05132172,0.14944981,-0.09302559,0.04144110,-0.17186366,0.00938393,0.01165967,-0.26771432,0.05916493,-0.11955166,0.04536945,-0.20263711,0.08360515
0.13052140,-0.10371128,0.01789935,0.00606620,-0.15393391,0.03866696,-0.12677819,-0.20393781,-0.08133335,0.11335176,-0.13034271,-0.00351811,-0.00820344,-0.10777474,-0.02750575,0.11170347,0.07612941,-0.03151044,-0.02411929,0.01558837,0.06964082,-0.03863924,-0.10611634,-0.12690058,-0.04044644,-0.00000907,-0.10402819,0.02770464,-0.05063256,-0.03103034,0.06522813,0.13660048,-0.00227821,-0.07776254,0.13339053,-0.13813040,0.04539753,-0.11350711,-0.06246631,0.03014749,-0.04737815,-0.01131875,-0.08382822,0.11052397,0.05895775,-0.01745690,0.03623970,0.08626024,0.01536185,0.02087720,-0.01025042,-0.04892801,0.03731408,0.02876057,0.14441232,-0.09595858,-0.12599428,0.00602292,0.01792960,-0.02064124,-0.13997144,-0.04682434,-0.13431610,-0.03145389,0.01042740,-0.05096347,-0.00937443,-0.07245427,-0.20613943,-0.05530735,-0.12116571,0.01021671,-0.02675962,0.11135992,-0.07975680,0.03088486,-0.19876413,-0.04308198,-0.11904686,0.07276449,-0.05308218,0.01904657,-0.04003575,-0.00775662,-0.01237426,-0.01746444,0.06696851,0.06199319,-0.08899992,0.02757054,-0.13310577,0.01815032,-0.00447605,-0.08385511
0.17226210,-0.02663693,0.02843003,0.14421365,-0.23055373,0.12887664,0.13200766,-0.07871782,0.00284532,0.17130733,-0.12993658,-0.08684090,-0.14816296,-0.17033188,-0.06807345,-0.03425843,-0.04499158,-0.23796259,-0.09112429,-0.22207347,0.12373565,-0.04382935,-0.18603110,0.07079416,0.06251018,0.07369629,0.15676352,0.16109224,-0.18080716,-0.16397904,0.07267278,0.21205740,0.10187718,-0.09705472,-0.09711717,-0.04437076,0.14521500,-0.09757575,-0.17539805,0.10318832,-0.17476794,-0.01964306,-0.16628538,-0.01744755,-0.01665316,-0.11635125,0.15483499,0.13883005,0.00180372,0.01733566,-0.23187539,0.11467184,-0.00951611,-0.17631802,0.08402284,-0.15840039,0.02223085,-0.12162664,-0.06582622,-0.16777086,0.09168310,-0.14889237,0.01346334,0.13761984,0.15807272,-0.25134811,-0.16212374,-0.00425657,-0.05164583,-0.00154583,-0.06552955,-0.00481026,0.03620810,0.11694045,0.16570735,-0.02642315,-0.18650627,0.03811266,-0.11257255,-0.11028949,-0.16285548,0.04097044,0.06080565,-0.11310493,0.01045845,-0.04313274,0.09237781,-0.02479829,-0.19157365,0.12968695,-0.19513080,-0.13024707,-0.22547752,-0.26031956
0.04924954,-0.11423986,0.00379997,0.00195765,-0.11024217,0.03817823,0.18290976,-0.06570294,-0.09930349,0.09452786,-0.03102086,-0.00666129,0.02375638,-0.14639033,-0.09370157,-0.01169875,-0.05489147,-0.05662802,-0.12279070,-0.05787333,0.05108750,0.09894034,-0.08047526,-0.08317273,-0.08170401,0.01364428,0.05371717,0.09562912,-0.18450496,0.00165053,0.03651682,-0.00651648,0.06646986,-0.15535662,-0.05395548,-0.08041591,0.06352758,-0.06982333,-0.10846975,0.16624261,-0.13501163,-0.05577876,-0.09659453,-0.05306542,-0.11410455,-0.13801497,0.07993901,0.07781129,0.05545317,-0.06734772,0.02404245,0.08511595,0.02305650,-0.07273161,0.20429842,-0.04977085,-0.10757295,-0.09351519,-0.20118928,0.01172678,0.09764024,0.08354516,0.05964524,0.00789699,0.06825954,-0.22727890,-0.09241194,-0.02466965,-0.02266330,0.02935934,-0.06106190,-0.01721838,0.04405133,0.19556549,0.08094881,-0.15284669,-0.01295643,-0.04361640,-0.15260097,0.04086976,-0.02185743,-0.00724848,0.18238164,-0.17078759,0.03536367,-0.06040838,-0.03463501,0.00624167,-0.11492246,0.05006774,0.08525740,-0.04961748,-0.20053369,0.03039244
-0.03594970,-0.10388432,-0.13901944,-0.04249680,-0.02356633,0.02452001,-0.04641204,0.01792830,0.03308270,0.10943274,0.02000498,-0.10292953,0.05776996,-0.10208053,-0.12509932,-0.01731331,0.05715491,-0.01659156,-0.09691844,-0.11383098,0.12291119,0.03585368,-0.08993580,0.03683877,-0.08476664,0.00812604,-0.02725853,-0.04425889,-0.08434623,0.03115790,-0.05514051,0.10499346,-0.09584036,-0.03773225,-0.05048420,0.01982770,-0.04361415,-0.09832834,0.00914841,-0.03341561,-0.02270809,-0.03101143,-0.12044713,-0.04775885,0.01543390,-0.08899615,0.00787339,0.03126411,0.08645219,-0.09457095,-0.07064501,-0.05080222,-0.04221252,0.04353158,-0.02968091,-0.05192061,-0.11126670,0.03426742,-0.11549584,0.13692017,0.21674034,-0.05878109,-0.17768370,-0.00569677,0.01479188,-0.04141739,-0.03943194,0.18643188,-0.08964061,0.08129328,0.03571584,0.13928765,0.09813560,0.03494332,-0.00284898,-0.09994399,-0.10188983,-0.03196319,-0.05402292,-0.01162696,-0.07924428,0.16134277,0.00893821,-0.00287318,-0.00468075,0.01669007,0.00592595,-0.02160994,0.01289129,-0.05161352,-0.11916184,0.00094668,-0.13745382,-0.01305947
0.06268169,-0.05066792,-0.14825243,0.06213483,-0.08017331,-0.02127709,-0.12426882,-0.02500863,-0.15846859,0.03880630,-0.06074213,-0.03356364,0.00956209,-0.13195676,0.03615069,0.17225182,-0.03240698,-0.10077157,-0.02272414,-0.00117176,0.04591702,0.06688794,-0.10136224,-0.01351211,0.06714817,0.02171006,0.03688389,0.05599060,-0.02855679,-0.04336856,0.03925863,0.09987116,-0.06035104,-0.13515735,-0.03570623,-0.01088912,0.14096609,0.05407488,-0.08801067,0.01745631,-0.10840126,-0.10955112,0.01863090,0.01677747,-0.07343226,-0.03730693,-0.08153837,0.02648324,-0.03677747,0.03426582,-0.00234557,-0.07693571,0.08809180,0.04426406,0.06520978,-0.10513572,0.04340295,0.00935035,-0.07155664,-0.10630399,0.07718944,-0.03771794,0.01857496,0.11761324,-0.06832412,-0.01300478,-0.08747296,0.07365581,0.08123021,0.01161631,0.00129126,0.08004993,0.04335337,0.04309890,-0.03295300,-0.13593328,0.05082107,-0.02165812,-0.10285977,-0.05801236,-0.08522856,0.17713232,0.00831661,-0.02790002,0.06840115,0.00078550,-0.02676416,0.03590363,0.05233278,-0.08932386,-0.09391081,0.11019174,0.03070354,0.12650996
0.04894628,-0.02760940,-0.02029186,-0.00693917,-0.16268401,0.04761212,0.02348598,-0.13364983,-0.21134055,0.23961096,-0.02961446,-0.01954932,0.05198898,-0.16061547,-0.23513190,0.12223110,0.04735235,-0.14153148,-0.08178660,-0.08645634,0.24177426,0.09480272,-0.10036358,0.07387625,0.25087008,0.16074957,-0.03405184,0.19103803,-0.07777235,-0.17335956,-0.04901267,0.07702163,0.01385269,-0.15069216,0.04860492,-0.10731144,0.22399591,-0.20561565,-0.05082886,0.17996582,-0.07962745,-0.17731744,-0.16931835,-0.01321877,-0.04317143,-0.21643463,0.02652120,0.13511364,0.09292292,-0.03795389,0.12847424,-0.00910130,0.10899168,0.01985008,0.14127646,-0.25667757,-0.03649318,-0.14039131,-0.07046395,0.08973140,0.12584904,-0.08532643,-0.12771462,-0.08399629,0.12353555,-0.17636228,-0.17471957,-0.01955458,-0.13927379,-0.05964798,-0.22796237,0.23295832,0.10083061,0.23088463,0.07223352,-0.20085584,0.09802639,-0.12109903,-0.04954288,0.09538216,-0.19200069,0.03191210,0.05610117,-0.01634023,-0.01444997,-0.17299336,0.02088669,-0.08140726,-0.11582443,0.08806626,-0.19310361,-0.07045641,-0.14846016,-0.04085439
-0.05297579,-0.11025473,0.01066858,-0.11644315,-0.06752753,0.04077478,0.10358121,-0.05367413,-0.09699140,0.01396850,-0.01214248,0.16285384,0.03196410,-0.20382766,-0.16981797,-0.11704527,-0.02484647,-0.17435275,-0.10756207,-0.19776449,0.07039876,-0.05289694,-0.23181187,0.02461714,0.23924680,0.12488358,0.04077806,0.09145514,-0.01121889,0.02739813,-0.04488616,0.25043398,-0.04842293,-0.10281260,0.06318315,-0.06848469,0.08666070,-0.15758364,-0.25485012,0.15552728,-0.06380121,-0.11003206,-0.05993826,0.05833794,-0.01763154,-0.11788495,0.21445647,0.10550535,0.00690824,-0.02191730,-0.29658073,0.01954161,-0.00834008,-0.11153226,0.12128912,-0.13077246,-0.04020457,-0.07593055,-0.03104203,-0.01957933,-0.09000055,-0.00849790,-0.04787321,-0.08889063,0.00190959,-0.09218441,0.06031847,-0.01886124,-0.10365774,-0.15371960,-0.08668239,0.11578450,0.17497151,0.06329914,-0.07628302,0.00862331,0.03000260,0.08229765,-0.00762058,0.03399582,-0.03049858,0.10521919,0.18403667,-0.21653722,0.04758247,-0.12971410,0.09960081,-0.00922947,-0.08280518,0.18002684,-0.25116751,0.19172116,-0.14743987,0.12598413
0.00767434,-0.15337998,-0.16554241,-0.02449868,-0.09363060,0.12225767,-0.13335319,0.00207898,-0.04218240,0.13664071,-0.12368600,-0.01768707,-0.05346934,-0.11353780,-0.02630660,-0.00605469,-0.04563430,-0.12418758,-0.14928463,-0.16473903,0.14240478,0.11610215,-0.02351452,0.03643115,0.09534073,0.03210541,-0.03208326,0.18817949,-0.11851753,-0.10776526,0.08353017,0.09466173,0.03011002,-0.16162758,0.03096427,-0.17755233,0.00226854,0.03085892,-0.03578523,0.07610240,-0.02584226,-0.01518981,-0.00308293,0.05535015,-0.06653453,-0.12805465,0.14341739,0.06964032,-0.01889405,0.05175175,0.13646303,0.03438078,-0.06593004,-0.10872633,-0.00715529,-0.07996535,-0.14287814,-0.11102562,-0.15298530,0.06529842,0.20057027,-0.12267644,-0.13737646,0.10170256,0.13088667,-0.01296924,0.01922285,-0.02488901,-0.09550564,0.18543030,-0.18174438,0.01102415,0.03768119,0.18358083,0.10471288,0.01731937,0.06434768,-0.12892789,-0.03789908,0.00718086,0.02478358,0.11242124,0.05951407,-0.08267547,0.07432214,-0.08231515,0.02040472,-0.07297537,0.00045714,0.07609536,-0.19470187,0.04775634,-0.01280330,0.08684690
0.05876994,-0.07726149,-0.20000944,0.06865840,0.01631656,0.10756916,-0.19144659,0.04965520,-0.00392325,0.07968580,-0.24589542,0.00637581,0.46065268,-0.05145845,-0.03595638,0.45926613,-0.08604016,0.10774308,0.21222338,-0.05771812,0.16725886,-0.09239134,0.04598954,-0.27361509,-0.52811801,-0.06603389,0.11848400,-0.05783520,0.03774828,-0.16840041,-0.13805224,-0.06210959,0.00256185,-0.15724380,0.58872080,-0.12290181,-0.15267496,-0.05595139,-0.01462692,0.16341010,-0.11313901,-0.21262914,-0.09493242,-0.00293642,0.03358879,-0.19335215,0.05856026,0.08865338,-0.39750537,0.37206599,-0.08408445,-0.01955748,0.13576053,0.21135491,0.05883376,0.13938253,-0.34044117,-0.08694364,-0.26753139,-0.31163138,-0.25731403,0.30522555,-0.23898436,0.41389337,0.00912928,-0.19639978,-0.19232011,0.04656782,-0.16031215,-0.05473674,0.00473251,0.13360889,-0.22525854,0.20043062,0.02143903,0.05825402,-0.27554640,-0.08901837,-0.03028924,0.29748991,0.05956519,-0.04080769,-0.04271039,-0.06932223,0.21508519,-0.22928590,-0.47942138,0.34804574,-0.10858488,0.15481833,0.14580144,-0.17618258,-0.10945486,-0.49855417
