// Verilog Memory Initialization File
// Format: @address data
// Size: 37600 words x 16 bits

@00000000 0069
@00000001 FFF5
@00000002 0029
@00000003 FFF5
@00000004 0076
@00000005 FFC9
@00000006 0024
@00000007 0036
@00000008 FFBA
@00000009 001B
@0000000A FFEC
@0000000B 000B
@0000000C FFD8
@0000000D 001F
@0000000E FFD1
@0000000F 0024
@00000010 0022
@00000011 FFE2
@00000012 000E
@00000013 FFFE
@00000014 FFFB
@00000015 FFF6
@00000016 0020
@00000017 FFDD
@00000018 FFDF
@00000019 0011
@0000001A FFC7
@0000001B 0021
@0000001C 0019
@0000001D FFE4
@0000001E FFD1
@0000001F FFE4
@00000020 0008
@00000021 001C
@00000022 FFEA
@00000023 FFCC
@00000024 0001
@00000025 000C
@00000026 FFEF
@00000027 0012
@00000028 004F
@00000029 FFDF
@0000002A FFF5
@0000002B FFFC
@0000002C FFE2
@0000002D 001A
@0000002E 000A
@0000002F 000C
@00000030 FFC6
@00000031 001C
@00000032 000E
@00000033 FFDB
@00000034 FFD6
@00000035 FFD7
@00000036 FFDA
@00000037 002D
@00000038 FFB4
@00000039 FFEC
@0000003A FFBA
@0000003B FFDF
@0000003C FFFD
@0000003D 0031
@0000003E 002C
@0000003F 0038
@00000040 FFAC
@00000041 0007
@00000042 002C
@00000043 0012
@00000044 FFCA
@00000045 FFE8
@00000046 0004
@00000047 001C
@00000048 FFFD
@00000049 001C
@0000004A FFF7
@0000004B 0020
@0000004C 0013
@0000004D FFF3
@0000004E 0006
@0000004F FFC5
@00000050 0021
@00000051 001A
@00000052 000A
@00000053 001C
@00000054 FFED
@00000055 0022
@00000056 FFFC
@00000057 000A
@00000058 FFFF
@00000059 FFE9
@0000005A 0001
@0000005B FFDF
@0000005C FFF0
@0000005D FFFE
@0000005E 0011
@0000005F FFEA
@00000060 000A
@00000061 FFFD
@00000062 0014
@00000063 0000
@00000064 FFFE
@00000065 0028
@00000066 0033
@00000067 0027
@00000068 0007
@00000069 0007
@0000006A FFF0
@0000006B FFEB
@0000006C FFEF
@0000006D FFBB
@0000006E 0016
@0000006F 0029
@00000070 FFD7
@00000071 FFFB
@00000072 0026
@00000073 0000
@00000074 000E
@00000075 FFF5
@00000076 FFDB
@00000077 FFD9
@00000078 FFF4
@00000079 FFFC
@0000007A 000D
@0000007B FFB7
@0000007C FFE3
@0000007D 0044
@0000007E FFE8
@0000007F FFED
@00000080 FFF6
@00000081 FFF2
@00000082 FFE6
@00000083 FFE9
@00000084 003B
@00000085 FFF0
@00000086 FFDE
@00000087 001A
@00000088 002B
@00000089 0001
@0000008A FFEB
@0000008B 0004
@0000008C 0006
@0000008D 001F
@0000008E FFD7
@0000008F FFC2
@00000090 004B
@00000091 FFE6
@00000092 FFD9
@00000093 FFE0
@00000094 0012
@00000095 0005
@00000096 FFD1
@00000097 0042
@00000098 FFF5
@00000099 0008
@0000009A FFEF
@0000009B 000B
@0000009C FFFB
@0000009D 000B
@0000009E FFED
@0000009F 002E
@000000A0 FFC9
@000000A1 FFDA
@000000A2 FFF4
@000000A3 FFD3
@000000A4 002B
@000000A5 FFD8
@000000A6 FFF8
@000000A7 FFE7
@000000A8 0021
@000000A9 0013
@000000AA FFC1
@000000AB FFF0
@000000AC FFDC
@000000AD FFD4
@000000AE FFE2
@000000AF FFCC
@000000B0 0022
@000000B1 FFF4
@000000B2 0023
@000000B3 001C
@000000B4 FFE5
@000000B5 000E
@000000B6 FFFB
@000000B7 FFEA
@000000B8 0010
@000000B9 FFE0
@000000BA FFFF
@000000BB 0018
@000000BC FFDE
@000000BD FFFF
@000000BE FFE1
@000000BF 0019
@000000C0 000E
@000000C1 FFC4
@000000C2 005E
@000000C3 FFF5
@000000C4 FFFB
@000000C5 FFAD
@000000C6 FFD6
@000000C7 0000
@000000C8 000D
@000000C9 0008
@000000CA FFEE
@000000CB 001D
@000000CC 002B
@000000CD 0008
@000000CE FFFD
@000000CF 0007
@000000D0 FFF2
@000000D1 FFDB
@000000D2 0007
@000000D3 0040
@000000D4 FFC1
@000000D5 FFC7
@000000D6 0035
@000000D7 FFE9
@000000D8 0026
@000000D9 FFF6
@000000DA FFC0
@000000DB FFD8
@000000DC FFCA
@000000DD FFEF
@000000DE FFE2
@000000DF FFB6
@000000E0 FFBF
@000000E1 002C
@000000E2 0011
@000000E3 FFBC
@000000E4 FFE3
@000000E5 003A
@000000E6 0029
@000000E7 FFFF
@000000E8 000B
@000000E9 FFCF
@000000EA FFF2
@000000EB 0015
@000000EC 0044
@000000ED FFEE
@000000EE FFD2
@000000EF FFCC
@000000F0 FFD5
@000000F1 002F
@000000F2 FFD7
@000000F3 FFD0
@000000F4 0059
@000000F5 FFC4
@000000F6 FFED
@000000F7 FFCF
@000000F8 0002
@000000F9 FFC9
@000000FA FFCD
@000000FB 0050
@000000FC 0016
@000000FD 002D
@000000FE 000D
@000000FF FFD5
@00000100 0007
@00000101 0008
@00000102 FFCE
@00000103 0032
@00000104 FFCF
@00000105 FFD8
@00000106 FFD0
@00000107 FFD2
@00000108 0026
@00000109 0008
@0000010A FFD6
@0000010B 002B
@0000010C FFE6
@0000010D 001E
@0000010E FFC3
@0000010F FFF3
@00000110 0002
@00000111 FFE5
@00000112 0020
@00000113 FFFA
@00000114 0023
@00000115 0012
@00000116 0047
@00000117 000C
@00000118 FFC5
@00000119 0028
@0000011A FFFA
@0000011B FFC6
@0000011C 0003
@0000011D FFCB
@0000011E 0033
@0000011F 0044
@00000120 FFAF
@00000121 0012
@00000122 FFA9
@00000123 0028
@00000124 0013
@00000125 FFA7
@00000126 005B
@00000127 FFEB
@00000128 FFFB
@00000129 FFBD
@0000012A 005C
@0000012B 0000
@0000012C 0024
@0000012D FFE9
@0000012E FFE7
@0000012F FFF1
@00000130 0027
@00000131 0036
@00000132 000B
@00000133 0017
@00000134 000B
@00000135 0025
@00000136 FFE1
@00000137 0020
@00000138 0019
@00000139 0005
@0000013A FFEC
@0000013B 0024
@0000013C 0011
@0000013D FFB7
@0000013E 0007
@0000013F 0010
@00000140 FFF1
@00000141 0004
@00000142 0004
@00000143 0027
@00000144 001C
@00000145 FFD0
@00000146 FFE7
@00000147 000B
@00000148 FFDA
@00000149 000D
@0000014A FFF5
@0000014B 0011
@0000014C FFC0
@0000014D 003C
@0000014E 002B
@0000014F FFDE
@00000150 FFEC
@00000151 FFD8
@00000152 FFF3
@00000153 0017
@00000154 001B
@00000155 FFEF
@00000156 0009
@00000157 0015
@00000158 FFD6
@00000159 002D
@0000015A 0014
@0000015B 0004
@0000015C 000F
@0000015D 0011
@0000015E 002B
@0000015F FFFC
@00000160 FFE0
@00000161 FFD2
@00000162 FFE6
@00000163 FFAD
@00000164 FFEE
@00000165 FFD4
@00000166 0017
@00000167 FFD9
@00000168 0016
@00000169 0024
@0000016A 0033
@0000016B 0009
@0000016C FFB5
@0000016D FFE2
@0000016E 0026
@0000016F 007E
@00000170 001B
@00000171 FFAE
@00000172 0019
@00000173 0034
@00000174 0010
@00000175 0006
@00000176 0006
@00000177 0066
@00000178 FFD2
@00000179 FFF2
@0000017A FFD1
@0000017B FFD9
@0000017C 000B
@0000017D 0051
@0000017E FFE9
@0000017F FFEC
@00000180 FFD0
@00000181 001B
@00000182 FFF9
@00000183 FFCB
@00000184 FFF2
@00000185 FFE5
@00000186 0023
@00000187 0030
@00000188 FFF6
@00000189 0026
@0000018A FFC3
@0000018B 000E
@0000018C 0038
@0000018D 003F
@0000018E 0027
@0000018F 0000
@00000190 0027
@00000191 FFF2
@00000192 FFDE
@00000193 0006
@00000194 0037
@00000195 001F
@00000196 FFF7
@00000197 FFD3
@00000198 FFFE
@00000199 FFEB
@0000019A 0012
@0000019B FFF8
@0000019C FFE8
@0000019D 0003
@0000019E 0031
@0000019F FFCF
@000001A0 FFFA
@000001A1 FFFB
@000001A2 0004
@000001A3 0006
@000001A4 002B
@000001A5 FFFF
@000001A6 FFC8
@000001A7 FFE8
@000001A8 FFE3
@000001A9 000B
@000001AA 000B
@000001AB FFEA
@000001AC FFF7
@000001AD 002D
@000001AE 0022
@000001AF FFF4
@000001B0 0018
@000001B1 FFE7
@000001B2 FFF5
@000001B3 0020
@000001B4 002E
@000001B5 0003
@000001B6 0002
@000001B7 0018
@000001B8 FFDF
@000001B9 001A
@000001BA FFDC
@000001BB FFDF
@000001BC 0018
@000001BD FFDD
@000001BE FFD4
@000001BF FFEB
@000001C0 0009
@000001C1 0002
@000001C2 FFE2
@000001C3 FFF4
@000001C4 0008
@000001C5 0008
@000001C6 002C
@000001C7 FFEC
@000001C8 0025
@000001C9 000E
@000001CA 0001
@000001CB 0024
@000001CC FFDC
@000001CD FFD9
@000001CE FFF0
@000001CF FFE3
@000001D0 FFE9
@000001D1 0016
@000001D2 FFE5
@000001D3 FFC7
@000001D4 0010
@000001D5 0026
@000001D6 FFD7
@000001D7 FFF4
@000001D8 0015
@000001D9 FFEF
@000001DA 000F
@000001DB FFF2
@000001DC 0029
@000001DD FFF5
@000001DE 0014
@000001DF 002E
@000001E0 0008
@000001E1 FFFD
@000001E2 FFC8
@000001E3 0004
@000001E4 000A
@000001E5 FFE8
@000001E6 002B
@000001E7 FFFC
@000001E8 FFFE
@000001E9 0023
@000001EA FFEA
@000001EB 0003
@000001EC FFF9
@000001ED FFD5
@000001EE 0003
@000001EF FFDE
@000001F0 FFDA
@000001F1 FFFF
@000001F2 FFBF
@000001F3 0000
@000001F4 0015
@000001F5 FFE3
@000001F6 FFDC
@000001F7 0009
@000001F8 001B
@000001F9 FFFE
@000001FA FFFD
@000001FB 000E
@000001FC FFE4
@000001FD FFB7
@000001FE 0009
@000001FF 0005
@00000200 FFC3
@00000201 FFE9
@00000202 000B
@00000203 FFFE
@00000204 FFEC
@00000205 FFEA
@00000206 FFD1
@00000207 FFED
@00000208 001A
@00000209 FFE7
@0000020A FFEA
@0000020B FFDD
@0000020C FFD6
@0000020D 0039
@0000020E 0026
@0000020F FFE3
@00000210 FFEE
@00000211 0035
@00000212 000A
@00000213 FFF9
@00000214 001F
@00000215 FFD9
@00000216 FFE3
@00000217 0008
@00000218 0023
@00000219 001A
@0000021A FFF3
@0000021B FFD4
@0000021C FFF2
@0000021D 002B
@0000021E FFE9
@0000021F FFCB
@00000220 001D
@00000221 FFD6
@00000222 FFCC
@00000223 FFDF
@00000224 0006
@00000225 FFF2
@00000226 FFE1
@00000227 0042
@00000228 0016
@00000229 0011
@0000022A 0001
@0000022B 002A
@0000022C FFFC
@0000022D 000C
@0000022E FFBF
@0000022F 001F
@00000230 FFD8
@00000231 FFEB
@00000232 FFE5
@00000233 FFE0
@00000234 FFF4
@00000235 FFFB
@00000236 0007
@00000237 FFD6
@00000238 FFFD
@00000239 001F
@0000023A FFD7
@0000023B FFE9
@0000023C FFEF
@0000023D FFFC
@0000023E FFF4
@0000023F FFE2
@00000240 0025
@00000241 0003
@00000242 000D
@00000243 FFFB
@00000244 FFD5
@00000245 FFFB
@00000246 FFE5
@00000247 FFDC
@00000248 001F
@00000249 FFF9
@0000024A 000F
@0000024B 0006
@0000024C FFEA
@0000024D FFF6
@0000024E FFD6
@0000024F 0022
@00000250 0009
@00000251 FFC1
@00000252 0032
@00000253 FFE6
@00000254 FFE0
@00000255 FFC8
@00000256 0040
@00000257 0000
@00000258 0008
@00000259 FFF3
@0000025A 0035
@0000025B 0005
@0000025C FF98
@0000025D FFEC
@0000025E FFE7
@0000025F 0029
@00000260 000B
@00000261 0018
@00000262 FFEE
@00000263 FFCF
@00000264 0028
@00000265 FFD1
@00000266 0025
@00000267 FFD5
@00000268 000C
@00000269 FFE8
@0000026A FFFD
@0000026B FFF6
@0000026C 0078
@0000026D 0004
@0000026E 004A
@0000026F 001B
@00000270 FFE7
@00000271 0015
@00000272 FFBB
@00000273 003D
@00000274 0019
@00000275 FFEE
@00000276 FFE6
@00000277 0021
@00000278 FFC4
@00000279 0016
@0000027A FFFE
@0000027B FFE1
@0000027C FFC2
@0000027D FFBC
@0000027E 000B
@0000027F 0092
@00000280 FFEA
@00000281 FFE6
@00000282 FFE1
@00000283 0009
@00000284 FFF4
@00000285 FFF1
@00000286 FFDA
@00000287 0005
@00000288 FFC8
@00000289 000F
@0000028A 0016
@0000028B 0013
@0000028C FFCB
@0000028D FFA4
@0000028E FFF4
@0000028F 0053
@00000290 0000
@00000291 FFD7
@00000292 0069
@00000293 001E
@00000294 001D
@00000295 FFE3
@00000296 001D
@00000297 FFFC
@00000298 0025
@00000299 0059
@0000029A FFE9
@0000029B 003D
@0000029C 0045
@0000029D FFCC
@0000029E 0014
@0000029F 001D
@000002A0 0026
@000002A1 001C
@000002A2 007B
@000002A3 0027
@000002A4 FFFE
@000002A5 FFC6
@000002A6 FFF1
@000002A7 0007
@000002A8 0003
@000002A9 00A3
@000002AA FFE8
@000002AB FFEA
@000002AC 0014
@000002AD 0031
@000002AE 0018
@000002AF 001B
@000002B0 FFF7
@000002B1 000B
@000002B2 FFFD
@000002B3 FFCC
@000002B4 0018
@000002B5 0028
@000002B6 FFE0
@000002B7 0028
@000002B8 0021
@000002B9 001B
@000002BA 000B
@000002BB 0000
@000002BC FFF5
@000002BD FFF3
@000002BE FFE2
@000002BF FFE2
@000002C0 FFFD
@000002C1 000D
@000002C2 FFD4
@000002C3 FFD2
@000002C4 FFFF
@000002C5 FFE1
@000002C6 0022
@000002C7 0005
@000002C8 FFE1
@000002C9 FFC2
@000002CA 001C
@000002CB FFD8
@000002CC 001A
@000002CD 0042
@000002CE FFD0
@000002CF FFEB
@000002D0 001A
@000002D1 FFF8
@000002D2 0002
@000002D3 FFE2
@000002D4 FFD2
@000002D5 0005
@000002D6 FFFC
@000002D7 FFC9
@000002D8 0002
@000002D9 0009
@000002DA 0019
@000002DB 0002
@000002DC 0023
@000002DD FFDE
@000002DE 000A
@000002DF 0012
@000002E0 0021
@000002E1 FFF9
@000002E2 FFE5
@000002E3 000E
@000002E4 FFC8
@000002E5 0034
@000002E6 FFF5
@000002E7 FFC7
@000002E8 0020
@000002E9 FFEA
@000002EA FFDB
@000002EB FFE8
@000002EC 0001
@000002ED FFE2
@000002EE FFDF
@000002EF FFFF
@000002F0 001B
@000002F1 FFB2
@000002F2 002A
@000002F3 0004
@000002F4 FFFF
@000002F5 0017
@000002F6 FFD7
@000002F7 002B
@000002F8 FFDD
@000002F9 0005
@000002FA FFD1
@000002FB FFC5
@000002FC FFED
@000002FD 0006
@000002FE 0025
@000002FF FF95
@00000300 FFF4
@00000301 000D
@00000302 FFF1
@00000303 FFE8
@00000304 003B
@00000305 0009
@00000306 000E
@00000307 FFF6
@00000308 000B
@00000309 000F
@0000030A 0014
@0000030B 0007
@0000030C FFD4
@0000030D FFC2
@0000030E 000B
@0000030F FFE5
@00000310 0008
@00000311 000A
@00000312 0021
@00000313 0024
@00000314 FFF0
@00000315 0016
@00000316 FFCD
@00000317 000B
@00000318 FFE9
@00000319 FFFC
@0000031A FFFE
@0000031B FFEB
@0000031C FFEC
@0000031D FFD4
@0000031E 0013
@0000031F 0000
@00000320 0031
@00000321 FFFA
@00000322 FFFF
@00000323 0006
@00000324 0023
@00000325 FFFF
@00000326 0016
@00000327 0008
@00000328 001A
@00000329 FFF6
@0000032A FFFD
@0000032B 0047
@0000032C FFE2
@0000032D 0009
@0000032E FFFA
@0000032F FFE5
@00000330 0012
@00000331 FFFD
@00000332 FFEE
@00000333 FFE0
@00000334 FFF2
@00000335 FFFD
@00000336 FFE7
@00000337 FFDD
@00000338 0002
@00000339 001B
@0000033A 000A
@0000033B FFDB
@0000033C 000D
@0000033D 0020
@0000033E 0010
@0000033F 0010
@00000340 0009
@00000341 FFD9
@00000342 FFF9
@00000343 0019
@00000344 0002
@00000345 0000
@00000346 FFF5
@00000347 0013
@00000348 FFFA
@00000349 0005
@0000034A FFD4
@0000034B FFFF
@0000034C 001B
@0000034D FFFE
@0000034E 0002
@0000034F FFF1
@00000350 0011
@00000351 0013
@00000352 FFDD
@00000353 0027
@00000354 001A
@00000355 FFEC
@00000356 0002
@00000357 FFC5
@00000358 001A
@00000359 0016
@0000035A FFF8
@0000035B 002B
@0000035C FFEC
@0000035D FFFF
@0000035E FFFC
@0000035F 0008
@00000360 0009
@00000361 FFC0
@00000362 FFFD
@00000363 FFFC
@00000364 0013
@00000365 0012
@00000366 FFDF
@00000367 FFFB
@00000368 FFE6
@00000369 FFF9
@0000036A FFDE
@0000036B FFE4
@0000036C 0025
@0000036D 000A
@0000036E FFF6
@0000036F 0015
@00000370 0009
@00000371 000A
@00000372 FFDD
@00000373 FFDE
@00000374 FFED
@00000375 FFD6
@00000376 0007
@00000377 0008
@00000378 FFF7
@00000379 000F
@0000037A FFD5
@0000037B 000D
@0000037C 000F
@0000037D FFFB
@0000037E 0032
@0000037F FFED
@00000380 FFFD
@00000381 FFD9
@00000382 FFE3
@00000383 0000
@00000384 001F
@00000385 FFEA
@00000386 FFE0
@00000387 FFF8
@00000388 003B
@00000389 FFFD
@0000038A 000A
@0000038B 0007
@0000038C FFFA
@0000038D FFCE
@0000038E 0020
@0000038F 0026
@00000390 FFDB
@00000391 FFF8
@00000392 001D
@00000393 FFFD
@00000394 FFF1
@00000395 0013
@00000396 FFD1
@00000397 FFED
@00000398 0022
@00000399 FFDE
@0000039A FFE5
@0000039B FFC2
@0000039C FFD8
@0000039D 001A
@0000039E 0013
@0000039F FFF0
@000003A0 FFF7
@000003A1 002C
@000003A2 000D
@000003A3 FFF6
@000003A4 0036
@000003A5 FFC3
@000003A6 FFFC
@000003A7 000D
@000003A8 0015
@000003A9 002E
@000003AA FFF9
@000003AB 002A
@000003AC FFDA
@000003AD FFF9
@000003AE FFE9
@000003AF FFEA
@000003B0 001B
@000003B1 FFF8
@000003B2 FFD1
@000003B3 FFFD
@000003B4 0023
@000003B5 FFF7
@000003B6 FFB5
@000003B7 001D
@000003B8 002D
@000003B9 FFEF
@000003BA 001B
@000003BB 002B
@000003BC FFFF
@000003BD 001E
@000003BE FFB7
@000003BF 002B
@000003C0 FFD1
@000003C1 FFDB
@000003C2 FFE8
@000003C3 FFDF
@000003C4 FFEF
@000003C5 FFF1
@000003C6 FFF0
@000003C7 FFEE
@000003C8 FFEB
@000003C9 0011
@000003CA FFBE
@000003CB 0002
@000003CC 0002
@000003CD FFF6
@000003CE FFDC
@000003CF FFB1
@000003D0 002F
@000003D1 FFF4
@000003D2 0012
@000003D3 FFFA
@000003D4 FFD5
@000003D5 FFBE
@000003D6 FFF7
@000003D7 FFFC
@000003D8 0008
@000003D9 FFED
@000003DA 0010
@000003DB 0032
@000003DC FFDE
@000003DD 000D
@000003DE FFF8
@000003DF 0008
@000003E0 0005
@000003E1 FFD5
@000003E2 0038
@000003E3 FFB7
@000003E4 FFF0
@000003E5 FFC3
@000003E6 FFE4
@000003E7 0000
@000003E8 000C
@000003E9 0002
@000003EA 0007
@000003EB FFFF
@000003EC 002A
@000003ED 0007
@000003EE 0015
@000003EF 000B
@000003F0 FFEE
@000003F1 FFC7
@000003F2 FFE7
@000003F3 0034
@000003F4 FFCD
@000003F5 0007
@000003F6 0013
@000003F7 FFE8
@000003F8 0037
@000003F9 FFDC
@000003FA FFDF
@000003FB FFFC
@000003FC 0007
@000003FD 0005
@000003FE FFFE
@000003FF FFF0
@00000400 0000
@00000401 002A
@00000402 FFEE
@00000403 FFFF
@00000404 FFD6
@00000405 FFF0
@00000406 FFFC
@00000407 FFEC
@00000408 0020
@00000409 0008
@0000040A FFF2
@0000040B FFFE
@0000040C 000E
@0000040D FFE2
@0000040E FFCA
@0000040F FFEE
@00000410 FFDD
@00000411 001D
@00000412 FFFA
@00000413 FFEA
@00000414 0012
@00000415 FFFE
@00000416 FFEC
@00000417 FFE3
@00000418 FFF6
@00000419 0012
@0000041A FFED
@0000041B 0011
@0000041C FFF7
@0000041D 000E
@0000041E 0015
@0000041F FFDA
@00000420 0018
@00000421 FFF4
@00000422 FFE1
@00000423 0010
@00000424 FFD6
@00000425 000D
@00000426 000D
@00000427 0001
@00000428 001C
@00000429 FFED
@0000042A FFE1
@0000042B 0023
@0000042C 0016
@0000042D FFF0
@0000042E FFEF
@0000042F FFE6
@00000430 FFF2
@00000431 0001
@00000432 FFE4
@00000433 FFFE
@00000434 0004
@00000435 0008
@00000436 FFFF
@00000437 FFE1
@00000438 FFFC
@00000439 0034
@0000043A 0006
@0000043B 0007
@0000043C FFF3
@0000043D FFFC
@0000043E 0019
@0000043F 000E
@00000440 FFDD
@00000441 0001
@00000442 FFE0
@00000443 000D
@00000444 001E
@00000445 FFDE
@00000446 000C
@00000447 FFE0
@00000448 0012
@00000449 FFEB
@0000044A 0028
@0000044B 0000
@0000044C 0026
@0000044D 000C
@0000044E FFF2
@0000044F 0002
@00000450 001C
@00000451 001D
@00000452 FFC9
@00000453 FFE1
@00000454 0021
@00000455 FFD2
@00000456 0020
@00000457 0022
@00000458 0004
@00000459 FFB6
@0000045A 0019
@0000045B 000B
@0000045C 000C
@0000045D 000B
@0000045E FFC3
@0000045F FFD3
@00000460 0000
@00000461 0005
@00000462 FFC4
@00000463 FFD6
@00000464 FFAC
@00000465 001F
@00000466 0013
@00000467 FFEE
@00000468 FFF7
@00000469 0012
@0000046A FFFF
@0000046B 0023
@0000046C 0017
@0000046D FFC8
@0000046E FFFC
@0000046F FFFC
@00000470 0024
@00000471 FFFF
@00000472 FFDD
@00000473 FFE0
@00000474 FFC0
@00000475 001A
@00000476 FFD4
@00000477 FFBD
@00000478 0035
@00000479 FFE8
@0000047A FFDC
@0000047B FFE9
@0000047C 0013
@0000047D FFEE
@0000047E FFE2
@0000047F 004D
@00000480 0021
@00000481 0012
@00000482 0007
@00000483 FFF2
@00000484 0032
@00000485 0022
@00000486 000F
@00000487 0026
@00000488 FFBA
@00000489 FFF7
@0000048A 0001
@0000048B FFCD
@0000048C FFFA
@0000048D 0026
@0000048E FFFB
@0000048F FFE6
@00000490 0003
@00000491 0025
@00000492 FFA9
@00000493 0000
@00000494 0005
@00000495 FFD1
@00000496 0046
@00000497 FFEE
@00000498 0030
@00000499 0004
@0000049A 0011
@0000049B FFFB
@0000049C FFC6
@0000049D 0038
@0000049E FFE0
@0000049F FFEC
@000004A0 001C
@000004A1 FFC6
@000004A2 0003
@000004A3 003A
@000004A4 FFD8
@000004A5 FFF5
@000004A6 FFCF
@000004A7 0025
@000004A8 FFFB
@000004A9 FFC4
@000004AA 0018
@000004AB FFE6
@000004AC FFFA
@000004AD FFC9
@000004AE FFC2
@000004AF 0000
@000004B0 FFD1
@000004B1 004A
@000004B2 FFD5
@000004B3 0052
@000004B4 0012
@000004B5 FFF6
@000004B6 FFD0
@000004B7 FFE7
@000004B8 FFEF
@000004B9 FF96
@000004BA 0038
@000004BB 0008
@000004BC FFC1
@000004BD FFEF
@000004BE 001E
@000004BF FFE0
@000004C0 FFE7
@000004C1 FFF6
@000004C2 FFE3
@000004C3 FFC7
@000004C4 FFF4
@000004C5 FFFE
@000004C6 FFD9
@000004C7 FF9D
@000004C8 FFAA
@000004C9 0080
@000004CA 000D
@000004CB FFD1
@000004CC FFE3
@000004CD 0001
@000004CE 0018
@000004CF 000B
@000004D0 0046
@000004D1 FF9D
@000004D2 FFFB
@000004D3 0002
@000004D4 0039
@000004D5 003C
@000004D6 FF9F
@000004D7 FFD7
@000004D8 FFF3
@000004D9 0028
@000004DA FF95
@000004DB FF8C
@000004DC 0051
@000004DD FFE5
@000004DE FFC3
@000004DF FFC8
@000004E0 001F
@000004E1 FFF3
@000004E2 FF95
@000004E3 008D
@000004E4 0004
@000004E5 003D
@000004E6 0010
@000004E7 0025
@000004E8 0019
@000004E9 0009
@000004EA FFBE
@000004EB 004E
@000004EC FF99
@000004ED FFDE
@000004EE FFF4
@000004EF FFBE
@000004F0 0017
@000004F1 0015
@000004F2 FFEB
@000004F3 FFF1
@000004F4 FFE8
@000004F5 0023
@000004F6 FF9F
@000004F7 FFE6
@000004F8 FFF4
@000004F9 FFDE
@000004FA FFFC
@000004FB FFCE
@000004FC 004B
@000004FD FFF5
@000004FE 0021
@000004FF 0018
@00000500 FFD6
@00000501 FFE1
@00000502 0014
@00000503 FFCE
@00000504 0001
@00000505 FFD0
@00000506 0024
@00000507 0055
@00000508 FFC3
@00000509 0016
@0000050A FFBE
@0000050B FFFF
@0000050C FFEB
@0000050D FF60
@0000050E 0099
@0000050F FFC8
@00000510 FFFA
@00000511 FF92
@00000512 FFF2
@00000513 0000
@00000514 000E
@00000515 FFF2
@00000516 FFE1
@00000517 0007
@00000518 0041
@00000519 0015
@0000051A 0000
@0000051B FFE2
@0000051C 000F
@0000051D FFF1
@0000051E FFFD
@0000051F 000D
@00000520 FFF5
@00000521 0005
@00000522 0007
@00000523 0000
@00000524 0006
@00000525 0003
@00000526 FFFB
@00000527 0000
@00000528 0018
@00000529 FFF9
@0000052A 0000
@0000052B FFE1
@0000052C 0006
@0000052D 0012
@0000052E FFF4
@0000052F FFEE
@00000530 FFCE
@00000531 0032
@00000532 FFE3
@00000533 001D
@00000534 0023
@00000535 FFDE
@00000536 FFEF
@00000537 001A
@00000538 FFFE
@00000539 FFFE
@0000053A FFF8
@0000053B FFF4
@0000053C FFEF
@0000053D FFEF
@0000053E FFE3
@0000053F FFFD
@00000540 001E
@00000541 FFF9
@00000542 FFF8
@00000543 000C
@00000544 FFF4
@00000545 0000
@00000546 FFE3
@00000547 0007
@00000548 001C
@00000549 FFFA
@0000054A 0000
@0000054B FFF4
@0000054C 0000
@0000054D FFF5
@0000054E 0000
@0000054F 000A
@00000550 FFF4
@00000551 FFE3
@00000552 FFEE
@00000553 0002
@00000554 0000
@00000555 FFED
@00000556 FFDB
@00000557 FFFF
@00000558 0020
@00000559 0018
@0000055A FFE4
@0000055B 0012
@0000055C 0000
@0000055D 0003
@0000055E 0008
@0000055F FFFD
@00000560 FFFB
@00000561 000B
@00000562 0016
@00000563 0007
@00000564 0002
@00000565 0012
@00000566 FFD9
@00000567 FFE0
@00000568 0016
@00000569 FFC8
@0000056A FFF9
@0000056B 000B
@0000056C FFFD
@0000056D 0001
@0000056E FFE3
@0000056F 0001
@00000570 0014
@00000571 FFE6
@00000572 0012
@00000573 FFF9
@00000574 000A
@00000575 FFE8
@00000576 FFEC
@00000577 0000
@00000578 FFF5
@00000579 0018
@0000057A 0007
@0000057B 0004
@0000057C 003F
@0000057D 0023
@0000057E FFF1
@0000057F FFF9
@00000580 0014
@00000581 0003
@00000582 0000
@00000583 FFF9
@00000584 0003
@00000585 FFF9
@00000586 0023
@00000587 0001
@00000588 0010
@00000589 0011
@0000058A FFED
@0000058B FFF8
@0000058C FFF0
@0000058D FFFC
@0000058E 0006
@0000058F FFED
@00000590 FFE3
@00000591 000B
@00000592 FFF8
@00000593 FFF9
@00000594 FFDF
@00000595 0018
@00000596 FFF4
@00000597 FFFB
@00000598 000A
@00000599 FFE8
@0000059A FFF1
@0000059B FFFE
@0000059C 000F
@0000059D 0001
@0000059E FFF9
@0000059F FFF3
@000005A0 000A
@000005A1 0012
@000005A2 FFF4
@000005A3 FFFC
@000005A4 FFFA
@000005A5 FFE5
@000005A6 FFE2
@000005A7 FFEC
@000005A8 0018
@000005A9 000A
@000005AA FFFB
@000005AB 0001
@000005AC 0023
@000005AD 001D
@000005AE FFF4
@000005AF FFFE
@000005B0 0010
@000005B1 001B
@000005B2 0004
@000005B3 0022
@000005B4 FFEA
@000005B5 0001
@000005B6 FFE0
@000005B7 0006
@000005B8 001A
@000005B9 0000
@000005BA FFEF
@000005BB FFFF
@000005BC 0018
@000005BD FFFC
@000005BE FFDC
@000005BF 0010
@000005C0 FFF3
@000005C1 FFED
@000005C2 FFF1
@000005C3 FFE3
@000005C4 000C
@000005C5 000B
@000005C6 FFFD
@000005C7 FFF3
@000005C8 FFDE
@000005C9 FFEC
@000005CA 000D
@000005CB FFF5
@000005CC FFE6
@000005CD 0002
@000005CE 0009
@000005CF 0006
@000005D0 FFFB
@000005D1 FFF9
@000005D2 FFDC
@000005D3 FFF8
@000005D4 0026
@000005D5 FFF1
@000005D6 FFF9
@000005D7 FFD0
@000005D8 0000
@000005D9 000A
@000005DA 002D
@000005DB 0000
@000005DC 002A
@000005DD 0031
@000005DE 002C
@000005DF 0002
@000005E0 0050
@000005E1 000C
@000005E2 FFE9
@000005E3 0020
@000005E4 FFFD
@000005E5 FFE1
@000005E6 0015
@000005E7 FFEA
@000005E8 FFA0
@000005E9 FFDF
@000005EA 001A
@000005EB FFF4
@000005EC 0026
@000005ED FFCF
@000005EE FFF2
@000005EF FFAA
@000005F0 FFC9
@000005F1 000F
@000005F2 0015
@000005F3 FFA5
@000005F4 FFE4
@000005F5 004E
@000005F6 FFE9
@000005F7 FFC8
@000005F8 FFFF
@000005F9 0011
@000005FA 0006
@000005FB FFF5
@000005FC 0037
@000005FD FFF4
@000005FE FFDB
@000005FF FFE8
@00000600 0019
@00000601 FFA3
@00000602 FFCA
@00000603 FFF0
@00000604 FFDD
@00000605 0026
@00000606 FFD0
@00000607 FFC9
@00000608 0038
@00000609 FFC9
@0000060A FFC8
@0000060B FFC8
@0000060C 001E
@0000060D FFE6
@0000060E FFD7
@0000060F 0034
@00000610 FFFD
@00000611 0028
@00000612 FFE9
@00000613 FFCF
@00000614 FFDA
@00000615 000F
@00000616 000B
@00000617 0015
@00000618 FFBC
@00000619 FFF2
@0000061A FFEB
@0000061B FFCA
@0000061C 0057
@0000061D 001F
@0000061E FFC9
@0000061F 0041
@00000620 000C
@00000621 0000
@00000622 FFD0
@00000623 0000
@00000624 FFF6
@00000625 FFDA
@00000626 0029
@00000627 0005
@00000628 003A
@00000629 FFFB
@0000062A 0045
@0000062B FFF9
@0000062C FFF1
@0000062D 008F
@0000062E 001B
@0000062F FFD9
@00000630 FFE3
@00000631 FFEE
@00000632 0024
@00000633 001D
@00000634 FFBA
@00000635 FFDD
@00000636 FFA4
@00000637 001E
@00000638 0018
@00000639 FFD7
@0000063A 005D
@0000063B 0005
@0000063C 0024
@0000063D FFB2
@0000063E 0079
@0000063F 0000
@00000640 002C
@00000641 000C
@00000642 FFD8
@00000643 0012
@00000644 0035
@00000645 FFE7
@00000646 FFDC
@00000647 0004
@00000648 FFF5
@00000649 FFBF
@0000064A 000F
@0000064B 0012
@0000064C FFC5
@0000064D FFDC
@0000064E 0005
@0000064F FFEE
@00000650 FFDE
@00000651 FFFD
@00000652 FFCB
@00000653 FFF3
@00000654 FFF6
@00000655 FFF9
@00000656 000A
@00000657 FFC3
@00000658 FFD7
@00000659 0033
@0000065A 0009
@0000065B FFD3
@0000065C 000E
@0000065D FFEC
@0000065E 001A
@0000065F 0007
@00000660 0012
@00000661 FFD1
@00000662 FFE7
@00000663 FFF8
@00000664 002A
@00000665 FFFB
@00000666 FFD4
@00000667 FFF8
@00000668 FFEA
@00000669 0021
@0000066A FFD2
@0000066B FFE1
@0000066C 004E
@0000066D FFE9
@0000066E FFC8
@0000066F FFEF
@00000670 0021
@00000671 FFF6
@00000672 FFD4
@00000673 0050
@00000674 0024
@00000675 001E
@00000676 FFFB
@00000677 0011
@00000678 001D
@00000679 0021
@0000067A FFEF
@0000067B 0014
@0000067C FFE3
@0000067D FFF2
@0000067E 0003
@0000067F FFCD
@00000680 FFEF
@00000681 FFFF
@00000682 FFF4
@00000683 FFF4
@00000684 FFEE
@00000685 001F
@00000686 FFBA
@00000687 FFD8
@00000688 FFF8
@00000689 FFE5
@0000068A 000A
@0000068B FFD3
@0000068C 001B
@0000068D 0019
@0000068E 0022
@0000068F FFEF
@00000690 FFF5
@00000691 0012
@00000692 FFF0
@00000693 FFF7
@00000694 0004
@00000695 FFDD
@00000696 002A
@00000697 002D
@00000698 FFC7
@00000699 FFEE
@0000069A FFE9
@0000069B 002A
@0000069C 0013
@0000069D FFD0
@0000069E 0045
@0000069F FFD6
@000006A0 FFF9
@000006A1 FFDF
@000006A2 FFF2
@000006A3 0000
@000006A4 0035
@000006A5 000E
@000006A6 FFC2
@000006A7 FFFC
@000006A8 0038
@000006A9 0033
@000006AA 0009
@000006AB FFEF
@000006AC 0039
@000006AD FFC9
@000006AE 001A
@000006AF 0067
@000006B0 FFCD
@000006B1 FFE5
@000006B2 003B
@000006B3 0013
@000006B4 FFDF
@000006B5 FFFF
@000006B6 FFB5
@000006B7 FFBA
@000006B8 0003
@000006B9 FFD6
@000006BA 0025
@000006BB FFF7
@000006BC FFB2
@000006BD 003C
@000006BE 0019
@000006BF FFDF
@000006C0 FFEA
@000006C1 FFC2
@000006C2 000A
@000006C3 0011
@000006C4 0017
@000006C5 FFF9
@000006C6 FFE5
@000006C7 001F
@000006C8 000F
@000006C9 FFFB
@000006CA FFCE
@000006CB FFE4
@000006CC FFFF
@000006CD 000E
@000006CE FFC2
@000006CF FFCA
@000006D0 0028
@000006D1 FFCE
@000006D2 FFE8
@000006D3 FFC7
@000006D4 FFF4
@000006D5 FFFA
@000006D6 FFC6
@000006D7 005D
@000006D8 FFF0
@000006D9 004E
@000006DA 0009
@000006DB 000A
@000006DC 0017
@000006DD 0010
@000006DE FFF3
@000006DF 0046
@000006E0 FFC4
@000006E1 FFD9
@000006E2 FFF1
@000006E3 FFDE
@000006E4 FFD2
@000006E5 0027
@000006E6 FFF2
@000006E7 FFF2
@000006E8 0041
@000006E9 0003
@000006EA FFE9
@000006EB FFE4
@000006EC 002D
@000006ED FFF1
@000006EE 004D
@000006EF 0011
@000006F0 0043
@000006F1 FFF2
@000006F2 0022
@000006F3 000F
@000006F4 FFDE
@000006F5 0013
@000006F6 FFE9
@000006F7 FFEA
@000006F8 FFFC
@000006F9 FFC8
@000006FA 0010
@000006FB 0021
@000006FC FFCC
@000006FD 0008
@000006FE FFE6
@000006FF 0024
@00000700 FFF9
@00000701 FFC5
@00000702 0041
@00000703 FFD1
@00000704 FFC7
@00000705 FFB6
@00000706 FFB8
@00000707 0000
@00000708 0003
@00000709 FFFA
@0000070A 001C
@0000070B 000A
@0000070C 0031
@0000070D 0000
@0000070E FFF4
@0000070F 0000
@00000710 FFF8
@00000711 FFF0
@00000712 0016
@00000713 FFFA
@00000714 0013
@00000715 0005
@00000716 000E
@00000717 FFF9
@00000718 000B
@00000719 000F
@0000071A 000A
@0000071B FFEA
@0000071C FFEE
@0000071D FFFC
@0000071E 0017
@0000071F 0002
@00000720 FFF3
@00000721 0008
@00000722 000C
@00000723 0004
@00000724 FFD2
@00000725 0002
@00000726 000F
@00000727 FFFB
@00000728 0018
@00000729 FFFD
@0000072A 0003
@0000072B FFF3
@0000072C FFFC
@0000072D FFDC
@0000072E FFDF
@0000072F 001B
@00000730 FFDF
@00000731 FFF9
@00000732 FFE9
@00000733 FFDF
@00000734 0025
@00000735 FFF5
@00000736 0003
@00000737 0000
@00000738 0001
@00000739 001B
@0000073A FFE4
@0000073B 0015
@0000073C 0012
@0000073D 0029
@0000073E FFF0
@0000073F FFFF
@00000740 FFF4
@00000741 001F
@00000742 001A
@00000743 0017
@00000744 000D
@00000745 FFF1
@00000746 FFF5
@00000747 FFE1
@00000748 0022
@00000749 001F
@0000074A 0007
@0000074B FFCE
@0000074C 0001
@0000074D FFFF
@0000074E FFDD
@0000074F 0011
@00000750 001D
@00000751 000A
@00000752 0035
@00000753 0002
@00000754 002A
@00000755 FFFB
@00000756 0001
@00000757 FFED
@00000758 FFFD
@00000759 FFFC
@0000075A 000E
@0000075B FFF1
@0000075C 0003
@0000075D 0017
@0000075E 002C
@0000075F 0011
@00000760 FFDC
@00000761 0022
@00000762 FFDA
@00000763 FFE4
@00000764 0016
@00000765 FFDE
@00000766 0016
@00000767 FFFC
@00000768 0015
@00000769 000C
@0000076A 0000
@0000076B 0000
@0000076C 0037
@0000076D 0001
@0000076E FFF9
@0000076F 0015
@00000770 007E
@00000771 0014
@00000772 FFF3
@00000773 0019
@00000774 0003
@00000775 0000
@00000776 FFE8
@00000777 0014
@00000778 FFF8
@00000779 FFEE
@0000077A 000B
@0000077B 0009
@0000077C 0017
@0000077D FFFA
@0000077E FFFB
@0000077F FFFA
@00000780 FFF9
@00000781 FFED
@00000782 FFE5
@00000783 FFFC
@00000784 FFED
@00000785 FFF8
@00000786 FFFE
@00000787 FFFE
@00000788 FFE6
@00000789 0014
@0000078A FFF1
@0000078B FFCA
@0000078C 0015
@0000078D FFEB
@0000078E 0009
@0000078F 0004
@00000790 FFFD
@00000791 0003
@00000792 000D
@00000793 0010
@00000794 0002
@00000795 FFF9
@00000796 FFE9
@00000797 FFFB
@00000798 000A
@00000799 001E
@0000079A FFF5
@0000079B 0004
@0000079C 0009
@0000079D 000C
@0000079E FFF5
@0000079F 0015
@000007A0 0004
@000007A1 FFD2
@000007A2 FFFB
@000007A3 FFD8
@000007A4 FFE3
@000007A5 0011
@000007A6 000E
@000007A7 0013
@000007A8 FFE7
@000007A9 0005
@000007AA 0000
@000007AB FFE6
@000007AC FFE7
@000007AD FFB3
@000007AE FFE2
@000007AF 001E
@000007B0 0032
@000007B1 0001
@000007B2 FFE5
@000007B3 FFEB
@000007B4 FFDD
@000007B5 0003
@000007B6 FFB6
@000007B7 FFE6
@000007B8 0010
@000007B9 FFFB
@000007BA FFF3
@000007BB FFDB
@000007BC FFF5
@000007BD FFDF
@000007BE FFEF
@000007BF 000C
@000007C0 FFD3
@000007C1 FFEB
@000007C2 000B
@000007C3 FFFD
@000007C4 0004
@000007C5 0008
@000007C6 FFEF
@000007C7 FFFE
@000007C8 0037
@000007C9 FFE6
@000007CA 0011
@000007CB FFFC
@000007CC 0014
@000007CD 0001
@000007CE FFF7
@000007CF 0000
@000007D0 001A
@000007D1 FFFE
@000007D2 000B
@000007D3 000A
@000007D4 0038
@000007D5 001D
@000007D6 FFDE
@000007D7 FFF5
@000007D8 FFF7
@000007D9 0011
@000007DA 000A
@000007DB FFF6
@000007DC 0006
@000007DD FFDE
@000007DE FFFD
@000007DF FFDC
@000007E0 FFEB
@000007E1 0022
@000007E2 FFE4
@000007E3 000A
@000007E4 002B
@000007E5 0008
@000007E6 000F
@000007E7 FFF5
@000007E8 FFE4
@000007E9 FFFE
@000007EA 001C
@000007EB FFEB
@000007EC 000D
@000007ED FFEF
@000007EE 001B
@000007EF 0016
@000007F0 FFFD
@000007F1 FFE1
@000007F2 FFF9
@000007F3 000E
@000007F4 FFF5
@000007F5 0014
@000007F6 FFF9
@000007F7 0011
@000007F8 0010
@000007F9 0013
@000007FA FFE5
@000007FB FFF3
@000007FC 000A
@000007FD FFE8
@000007FE 000F
@000007FF FFE5
@00000800 001E
@00000801 0012
@00000802 FFFE
@00000803 0004
@00000804 FFF3
@00000805 0017
@00000806 FFFE
@00000807 FFFF
@00000808 FFF1
@00000809 0019
@0000080A 0002
@0000080B 001F
@0000080C FFDB
@0000080D 0007
@0000080E 0008
@0000080F FFEF
@00000810 FFEA
@00000811 FFFE
@00000812 0024
@00000813 FFFC
@00000814 0014
@00000815 FFF4
@00000816 FFE7
@00000817 000F
@00000818 001A
@00000819 0012
@0000081A 0018
@0000081B FFFB
@0000081C 0019
@0000081D FFFD
@0000081E FFF0
@0000081F 000A
@00000820 FFE8
@00000821 0000
@00000822 0001
@00000823 0009
@00000824 FFFF
@00000825 FFFE
@00000826 FFFC
@00000827 FFF0
@00000828 0017
@00000829 001E
@0000082A 0003
@0000082B 0017
@0000082C FFF3
@0000082D FFE2
@0000082E 0002
@0000082F FFF4
@00000830 FFEB
@00000831 FFE9
@00000832 0000
@00000833 0000
@00000834 0002
@00000835 000A
@00000836 FFFF
@00000837 FFE4
@00000838 0032
@00000839 0011
@0000083A FFEC
@0000083B FFED
@0000083C FFF2
@0000083D FFF0
@0000083E 001A
@0000083F FFF0
@00000840 FFBB
@00000841 FFFF
@00000842 0014
@00000843 FFEF
@00000844 000F
@00000845 000B
@00000846 FFFA
@00000847 FFEA
@00000848 0017
@00000849 0001
@0000084A 0001
@0000084B FFDE
@0000084C FFD5
@0000084D 0048
@0000084E 000F
@0000084F FFE8
@00000850 FFF3
@00000851 0015
@00000852 0007
@00000853 FFE7
@00000854 0013
@00000855 0003
@00000856 FFE3
@00000857 0000
@00000858 FFFA
@00000859 0009
@0000085A FFD2
@0000085B FFF6
@0000085C FFF0
@0000085D 0016
@0000085E FFEC
@0000085F FFDA
@00000860 0011
@00000861 FFE2
@00000862 FFEF
@00000863 FFEB
@00000864 0018
@00000865 0006
@00000866 FFD6
@00000867 0027
@00000868 0006
@00000869 000B
@0000086A 000F
@0000086B 0012
@0000086C 0008
@0000086D 0019
@0000086E FFFD
@0000086F 0026
@00000870 FFCB
@00000871 FFDE
@00000872 0006
@00000873 FFF7
@00000874 0009
@00000875 000F
@00000876 FFDA
@00000877 0018
@00000878 FFE7
@00000879 0006
@0000087A FFDA
@0000087B FFDC
@0000087C 0012
@0000087D FFDD
@0000087E FFF6
@0000087F FFD3
@00000880 001C
@00000881 001D
@00000882 0005
@00000883 000C
@00000884 0002
@00000885 0001
@00000886 0001
@00000887 FFF2
@00000888 FFF1
@00000889 FFFE
@0000088A 0009
@0000088B 0026
@0000088C FFED
@0000088D 001A
@0000088E FFD9
@0000088F 0010
@00000890 FFFD
@00000891 FFC7
@00000892 0037
@00000893 FFCF
@00000894 FFE4
@00000895 FFF0
@00000896 FFFB
@00000897 0000
@00000898 000C
@00000899 0005
@0000089A 0002
@0000089B 000E
@0000089C 0034
@0000089D FFEC
@0000089E FFE4
@0000089F FFFD
@000008A0 FFFB
@000008A1 FFDE
@000008A2 000B
@000008A3 001D
@000008A4 FFEA
@000008A5 FFEB
@000008A6 0002
@000008A7 FFED
@000008A8 0012
@000008A9 0015
@000008AA FFEA
@000008AB FFEB
@000008AC FFF6
@000008AD 0005
@000008AE 0017
@000008AF FFD6
@000008B0 FFEF
@000008B1 000C
@000008B2 FFFD
@000008B3 FFE4
@000008B4 FFDF
@000008B5 FFCA
@000008B6 000F
@000008B7 FFE3
@000008B8 000E
@000008B9 FFF7
@000008BA FFE5
@000008BB 0005
@000008BC FFF7
@000008BD FFF0
@000008BE FFD8
@000008BF FFFB
@000008C0 FFEB
@000008C1 FFF1
@000008C2 FFEF
@000008C3 FFE7
@000008C4 0035
@000008C5 FFF2
@000008C6 FFD9
@000008C7 0000
@000008C8 0005
@000008C9 000B
@000008CA 0002
@000008CB FFFC
@000008CC 0011
@000008CD 000A
@000008CE FFE5
@000008CF 001A
@000008D0 000C
@000008D1 0008
@000008D2 FFE0
@000008D3 0011
@000008D4 FFEA
@000008D5 FFCD
@000008D6 FFDD
@000008D7 FFED
@000008D8 0016
@000008D9 FFE2
@000008DA 0007
@000008DB FFE9
@000008DC 0012
@000008DD 000F
@000008DE FFFC
@000008DF 0015
@000008E0 FFE0
@000008E1 FFD8
@000008E2 FFDD
@000008E3 FFD3
@000008E4 001B
@000008E5 FFEF
@000008E6 FFFE
@000008E7 FFF3
@000008E8 0015
@000008E9 0031
@000008EA FFE6
@000008EB FFE8
@000008EC 0017
@000008ED FFE2
@000008EE FFF2
@000008EF 000D
@000008F0 0008
@000008F1 FFF7
@000008F2 FFEC
@000008F3 FFF7
@000008F4 0008
@000008F5 FFFE
@000008F6 003C
@000008F7 FFD7
@000008F8 0002
@000008F9 FFE9
@000008FA 000D
@000008FB 0000
@000008FC 0042
@000008FD 0035
@000008FE FF9F
@000008FF 0024
@00000900 0017
@00000901 0020
@00000902 0012
@00000903 FFD5
@00000904 0012
@00000905 FFEF
@00000906 0019
@00000907 005B
@00000908 FFE8
@00000909 FFF1
@0000090A FFFA
@0000090B FFE8
@0000090C FFF1
@0000090D FFF9
@0000090E FFF0
@0000090F FFD8
@00000910 0020
@00000911 FFF1
@00000912 FFE9
@00000913 0005
@00000914 FFCB
@00000915 003A
@00000916 0015
@00000917 FFDA
@00000918 001E
@00000919 FFD7
@0000091A 0005
@0000091B 0011
@0000091C 001D
@0000091D FFF9
@0000091E FFD9
@0000091F 0000
@00000920 FFF4
@00000921 FFF7
@00000922 FFD7
@00000923 0028
@00000924 FFE1
@00000925 0012
@00000926 FFC2
@00000927 FFEE
@00000928 0018
@00000929 FFDF
@0000092A FFE8
@0000092B FFFB
@0000092C FFEB
@0000092D FFF6
@0000092E FFD9
@0000092F 005A
@00000930 FFF0
@00000931 FFDE
@00000932 0007
@00000933 FFB6
@00000934 FFF6
@00000935 FFFF
@00000936 000C
@00000937 0027
@00000938 FFD3
@00000939 0007
@0000093A FFF7
@0000093B FFEF
@0000093C 001A
@0000093D 0003
@0000093E FFCC
@0000093F FFF0
@00000940 001F
@00000941 FFFA
@00000942 FFE3
@00000943 FFEB
@00000944 FFF8
@00000945 FFDA
@00000946 0011
@00000947 000E
@00000948 0001
@00000949 0001
@0000094A 003C
@0000094B 0020
@0000094C FFF5
@0000094D FFCF
@0000094E 0008
@0000094F 0002
@00000950 FFED
@00000951 FFEF
@00000952 0010
@00000953 000A
@00000954 FFED
@00000955 000D
@00000956 FFDD
@00000957 FFFC
@00000958 FFFC
@00000959 FFC6
@0000095A 005A
@0000095B FFF0
@0000095C FFDC
@0000095D FFD9
@0000095E FFCB
@0000095F 0000
@00000960 0032
@00000961 002C
@00000962 FF44
@00000963 000A
@00000964 0004
@00000965 005C
@00000966 000C
@00000967 FFB9
@00000968 0047
@00000969 FFE1
@0000096A 003A
@0000096B 007D
@0000096C FFE4
@0000096D FFF2
@0000096E 0022
@0000096F FFE3
@00000970 FFB2
@00000971 0007
@00000972 FFD5
@00000973 FFEC
@00000974 0032
@00000975 FFD5
@00000976 FFFA
@00000977 001F
@00000978 FFEF
@00000979 000C
@0000097A FFEC
@0000097B 0014
@0000097C 0011
@0000097D 0047
@0000097E FFFC
@0000097F 0001
@00000980 001F
@00000981 FFDA
@00000982 FFE5
@00000983 0016
@00000984 001F
@00000985 0025
@00000986 FFDF
@00000987 0000
@00000988 FFE0
@00000989 0043
@0000098A FFE9
@0000098B FFE0
@0000098C 0012
@0000098D FFF0
@0000098E 0012
@0000098F FFAE
@00000990 0028
@00000991 FFF9
@00000992 FFF6
@00000993 000E
@00000994 001D
@00000995 0092
@00000996 FFFA
@00000997 006F
@00000998 FFE1
@00000999 0008
@0000099A FFD1
@0000099B 0006
@0000099C FFCB
@0000099D FFD5
@0000099E FFF9
@0000099F FFF6
@000009A0 FFB6
@000009A1 FFF5
@000009A2 FFDB
@000009A3 000E
@000009A4 0028
@000009A5 000E
@000009A6 FFEE
@000009A7 FFB7
@000009A8 000B
@000009A9 0006
@000009AA 0011
@000009AB 0001
@000009AC 0015
@000009AD FFE6
@000009AE 0044
@000009AF 0017
@000009B0 FFCF
@000009B1 002B
@000009B2 0045
@000009B3 FFEC
@000009B4 FFE2
@000009B5 FF90
@000009B6 FFF4
@000009B7 000B
@000009B8 FFFE
@000009B9 000E
@000009BA FFEC
@000009BB 0028
@000009BC 0001
@000009BD FFD0
@000009BE 0015
@000009BF FFE2
@000009C0 FF90
@000009C1 FFE4
@000009C2 002B
@000009C3 0000
@000009C4 0011
@000009C5 FFEA
@000009C6 FFE2
@000009C7 FFBA
@000009C8 0033
@000009C9 001E
@000009CA FFF9
@000009CB FFEE
@000009CC 0027
@000009CD FFB0
@000009CE 002B
@000009CF 0026
@000009D0 FFB5
@000009D1 FFE4
@000009D2 002B
@000009D3 FFD7
@000009D4 0007
@000009D5 0013
@000009D6 FFF5
@000009D7 FFCD
@000009D8 001B
@000009D9 000B
@000009DA FFE8
@000009DB FFCC
@000009DC FFBA
@000009DD 0054
@000009DE FFFA
@000009DF FFE9
@000009E0 FFD4
@000009E1 000A
@000009E2 0008
@000009E3 000F
@000009E4 003D
@000009E5 FFDF
@000009E6 FFEB
@000009E7 0017
@000009E8 0032
@000009E9 FFEE
@000009EA FFCA
@000009EB FFFA
@000009EC FFF1
@000009ED FFFD
@000009EE FFAF
@000009EF FFDC
@000009F0 002D
@000009F1 0001
@000009F2 FFC0
@000009F3 FFE7
@000009F4 0014
@000009F5 FFF7
@000009F6 FFC3
@000009F7 0057
@000009F8 0011
@000009F9 0012
@000009FA 0017
@000009FB FFFD
@000009FC 0002
@000009FD 0002
@000009FE FFFE
@000009FF 0048
@00000A00 FFCC
@00000A01 FFE6
@00000A02 FFF6
@00000A03 FFB8
@00000A04 FFD9
@00000A05 FFF6
@00000A06 0009
@00000A07 FFDF
@00000A08 0012
@00000A09 000F
@00000A0A FFD3
@00000A0B FFE5
@00000A0C 0018
@00000A0D FFBF
@00000A0E 0011
@00000A0F FFD7
@00000A10 0019
@00000A11 001F
@00000A12 0026
@00000A13 000B
@00000A14 FFF6
@00000A15 0020
@00000A16 FFF3
@00000A17 FFE7
@00000A18 001F
@00000A19 FFD8
@00000A1A 0005
@00000A1B 0023
@00000A1C FFD9
@00000A1D 0023
@00000A1E FFE2
@00000A1F 0015
@00000A20 0012
@00000A21 FFAB
@00000A22 005D
@00000A23 FFE8
@00000A24 FFF8
@00000A25 FFD4
@00000A26 FFF7
@00000A27 0000
@00000A28 0069
@00000A29 0029
@00000A2A FFC4
@00000A2B 0020
@00000A2C 003D
@00000A2D 002F
@00000A2E 001B
@00000A2F FFE6
@00000A30 FFF2
@00000A31 FFB2
@00000A32 0012
@00000A33 FFD2
@00000A34 FF9D
@00000A35 FFEB
@00000A36 0007
@00000A37 FFDD
@00000A38 0014
@00000A39 FFDE
@00000A3A FFE5
@00000A3B FFCD
@00000A3C 0011
@00000A3D FFF9
@00000A3E FFF1
@00000A3F FF9D
@00000A40 FFE5
@00000A41 004D
@00000A42 FFEB
@00000A43 FFC7
@00000A44 FFF8
@00000A45 0052
@00000A46 FFF0
@00000A47 FFD1
@00000A48 0040
@00000A49 FFD7
@00000A4A FFE9
@00000A4B 0007
@00000A4C 0019
@00000A4D FFED
@00000A4E FFC3
@00000A4F 002A
@00000A50 FFDA
@00000A51 0009
@00000A52 FFD0
@00000A53 FFBB
@00000A54 0026
@00000A55 FFE9
@00000A56 FFEA
@00000A57 FFF2
@00000A58 0010
@00000A59 0004
@00000A5A FFCF
@00000A5B 004B
@00000A5C 0010
@00000A5D 0005
@00000A5E FFE8
@00000A5F 0023
@00000A60 000A
@00000A61 0018
@00000A62 FFF7
@00000A63 001E
@00000A64 FFC8
@00000A65 FFD6
@00000A66 FFF4
@00000A67 FFCD
@00000A68 FFF3
@00000A69 FFF7
@00000A6A FFD4
@00000A6B 0045
@00000A6C 0012
@00000A6D 002F
@00000A6E FFBE
@00000A6F 0009
@00000A70 FFEC
@00000A71 FFDB
@00000A72 FFC8
@00000A73 FFB6
@00000A74 002F
@00000A75 002C
@00000A76 0028
@00000A77 000F
@00000A78 FFD2
@00000A79 0025
@00000A7A FFF2
@00000A7B FFDF
@00000A7C FFFF
@00000A7D FFA9
@00000A7E 0024
@00000A7F 0024
@00000A80 FFCF
@00000A81 0014
@00000A82 FFC2
@00000A83 0032
@00000A84 0016
@00000A85 FFB6
@00000A86 004D
@00000A87 FFC3
@00000A88 FFF8
@00000A89 FFA8
@00000A8A 001A
@00000A8B 0000
@00000A8C 0029
@00000A8D FFE9
@00000A8E FFE6
@00000A8F FFE6
@00000A90 0009
@00000A91 0005
@00000A92 FFC6
@00000A93 FFF6
@00000A94 FFDC
@00000A95 FFC4
@00000A96 0028
@00000A97 FFDA
@00000A98 FFE3
@00000A99 FFBD
@00000A9A 0022
@00000A9B FFCE
@00000A9C 000A
@00000A9D 001A
@00000A9E FFD9
@00000A9F FFF3
@00000AA0 000F
@00000AA1 0007
@00000AA2 FFF6
@00000AA3 FFC2
@00000AA4 FFAB
@00000AA5 0042
@00000AA6 0000
@00000AA7 FFED
@00000AA8 FFED
@00000AA9 FFED
@00000AAA FFFB
@00000AAB 0003
@00000AAC 002E
@00000AAD FFED
@00000AAE 0005
@00000AAF 0019
@00000AB0 0021
@00000AB1 FFE9
@00000AB2 FFCF
@00000AB3 000F
@00000AB4 FFCC
@00000AB5 0021
@00000AB6 FFD4
@00000AB7 FFD9
@00000AB8 004A
@00000AB9 FFD7
@00000ABA FFE4
@00000ABB FFD6
@00000ABC FFFE
@00000ABD FFFC
@00000ABE FFD7
@00000ABF 0019
@00000AC0 000E
@00000AC1 FFFB
@00000AC2 001E
@00000AC3 002D
@00000AC4 0002
@00000AC5 002A
@00000AC6 0001
@00000AC7 0046
@00000AC8 FFCB
@00000AC9 FFEE
@00000ACA FFDD
@00000ACB FFD9
@00000ACC FFFB
@00000ACD 0024
@00000ACE FFF3
@00000ACF FFE1
@00000AD0 001B
@00000AD1 0007
@00000AD2 FFDD
@00000AD3 FFD7
@00000AD4 0003
@00000AD5 FFE1
@00000AD6 0013
@00000AD7 FFBD
@00000AD8 0015
@00000AD9 FFFB
@00000ADA 000F
@00000ADB 0012
@00000ADC FFD8
@00000ADD 0006
@00000ADE FFC7
@00000ADF FFE3
@00000AE0 0034
@00000AE1 FFFD
@00000AE2 002F
@00000AE3 001C
@00000AE4 FFD6
@00000AE5 001B
@00000AE6 FFC8
@00000AE7 0018
@00000AE8 0012
@00000AE9 FFCE
@00000AEA 003D
@00000AEB FFC8
@00000AEC FFF1
@00000AED FFE2
@00000AEE FFF1
@00000AEF 0000
@00000AF0 0031
@00000AF1 FFE8
@00000AF2 002A
@00000AF3 000E
@00000AF4 0041
@00000AF5 000F
@00000AF6 FFDB
@00000AF7 FFDC
@00000AF8 FFE9
@00000AF9 FFCC
@00000AFA 0002
@00000AFB FFE1
@00000AFC FFCC
@00000AFD FFFA
@00000AFE 001F
@00000AFF FFEA
@00000B00 0011
@00000B01 FFEE
@00000B02 FFF7
@00000B03 FFEB
@00000B04 0003
@00000B05 FFDD
@00000B06 FFE1
@00000B07 FFD2
@00000B08 FFBA
@00000B09 0021
@00000B0A 0013
@00000B0B FFE7
@00000B0C FFE7
@00000B0D FFEB
@00000B0E 000D
@00000B0F FFF0
@00000B10 0037
@00000B11 FFD9
@00000B12 FFF9
@00000B13 0013
@00000B14 0018
@00000B15 FFF7
@00000B16 FFD3
@00000B17 0008
@00000B18 FFE2
@00000B19 0032
@00000B1A FFD3
@00000B1B FFD0
@00000B1C 0027
@00000B1D FFF8
@00000B1E FFF4
@00000B1F FFE1
@00000B20 0010
@00000B21 FFF3
@00000B22 FFEC
@00000B23 001C
@00000B24 001D
@00000B25 002F
@00000B26 FFFE
@00000B27 0006
@00000B28 FFFC
@00000B29 0015
@00000B2A 001D
@00000B2B 003C
@00000B2C FFBF
@00000B2D FFC6
@00000B2E FFFC
@00000B2F FFD2
@00000B30 FFFF
@00000B31 FFFB
@00000B32 FFEB
@00000B33 FFDE
@00000B34 002D
@00000B35 0027
@00000B36 FFCF
@00000B37 FFCA
@00000B38 0024
@00000B39 FFF0
@00000B3A 0016
@00000B3B FFD2
@00000B3C 0016
@00000B3D FFE1
@00000B3E 002D
@00000B3F 0004
@00000B40 FFD8
@00000B41 002B
@00000B42 FFFC
@00000B43 FFEE
@00000B44 0029
@00000B45 FFD2
@00000B46 0016
@00000B47 003A
@00000B48 FFC7
@00000B49 0021
@00000B4A FFDE
@00000B4B 0007
@00000B4C 001E
@00000B4D FFD9
@00000B4E 0031
@00000B4F FFF1
@00000B50 FFEF
@00000B51 FFE5
@00000B52 FFE1
@00000B53 0000
@00000B54 0027
@00000B55 FFEE
@00000B56 FFF6
@00000B57 0007
@00000B58 003F
@00000B59 FFF5
@00000B5A FFE4
@00000B5B 0001
@00000B5C FFDC
@00000B5D FFB0
@00000B5E 0020
@00000B5F FFE7
@00000B60 FFE9
@00000B61 FFD8
@00000B62 001F
@00000B63 FFEB
@00000B64 FFCD
@00000B65 001E
@00000B66 FFD7
@00000B67 FFF2
@00000B68 FFF8
@00000B69 0007
@00000B6A FFF0
@00000B6B FFE4
@00000B6C FFD6
@00000B6D 0037
@00000B6E 0015
@00000B6F FFD3
@00000B70 000D
@00000B71 FFFB
@00000B72 FFF8
@00000B73 FFEC
@00000B74 003C
@00000B75 FFAC
@00000B76 FFEC
@00000B77 FFF5
@00000B78 0014
@00000B79 0028
@00000B7A FFCC
@00000B7B FFF8
@00000B7C FFFB
@00000B7D 001C
@00000B7E FFE7
@00000B7F FFF4
@00000B80 0036
@00000B81 FFEE
@00000B82 FFDC
@00000B83 FFE6
@00000B84 0017
@00000B85 FFE3
@00000B86 FF99
@00000B87 0035
@00000B88 0020
@00000B89 000D
@00000B8A FFF3
@00000B8B 002F
@00000B8C 0006
@00000B8D 0002
@00000B8E FFC3
@00000B8F 0013
@00000B90 FFC8
@00000B91 FFDB
@00000B92 0007
@00000B93 FFE2
@00000B94 000A
@00000B95 FFFD
@00000B96 0014
@00000B97 FFEA
@00000B98 0018
@00000B99 FFFF
@00000B9A FFDE
@00000B9B FFE6
@00000B9C 0023
@00000B9D FFF7
@00000B9E FFD1
@00000B9F FFCC
@00000BA0 0047
@00000BA1 0010
@00000BA2 0008
@00000BA3 FFF7
@00000BA4 FFD8
@00000BA5 FFB4
@00000BA6 0008
@00000BA7 FFEA
@00000BA8 0023
@00000BA9 FFF4
@00000BAA 0012
@00000BAB 003B
@00000BAC FFC1
@00000BAD 000E
@00000BAE FFE8
@00000BAF 0019
@00000BB0 FFDC
@00000BB1 FFBC
@00000BB2 003D
@00000BB3 FFBA
@00000BB4 FFFB
@00000BB5 FFDB
@00000BB6 000B
@00000BB7 0000
@00000BB8 0038
@00000BB9 FFEF
@00000BBA FFEC
@00000BBB FFEE
@00000BBC 0017
@00000BBD 0017
@00000BBE FFED
@00000BBF FFF6
@00000BC0 001D
@00000BC1 FFD7
@00000BC2 0036
@00000BC3 002A
@00000BC4 FF9D
@00000BC5 FFF6
@00000BC6 0023
@00000BC7 FFCA
@00000BC8 0001
@00000BC9 FFF2
@00000BCA FFF3
@00000BCB FFCE
@00000BCC 0006
@00000BCD FFEC
@00000BCE 0000
@00000BCF FFE1
@00000BD0 FFBF
@00000BD1 0059
@00000BD2 FFFA
@00000BD3 FFF1
@00000BD4 FFF8
@00000BD5 0006
@00000BD6 FFF6
@00000BD7 FFE3
@00000BD8 002C
@00000BD9 FFC9
@00000BDA FFC9
@00000BDB FFF1
@00000BDC 0018
@00000BDD FFF3
@00000BDE FFCE
@00000BDF 000A
@00000BE0 FFE4
@00000BE1 0020
@00000BE2 FFC2
@00000BE3 FFE6
@00000BE4 0025
@00000BE5 FFE3
@00000BE6 FFE9
@00000BE7 FFC9
@00000BE8 FFF3
@00000BE9 000E
@00000BEA FFB5
@00000BEB 0030
@00000BEC 000E
@00000BED 001F
@00000BEE 000D
@00000BEF 005D
@00000BF0 0023
@00000BF1 0004
@00000BF2 FFE9
@00000BF3 0033
@00000BF4 FFED
@00000BF5 FFE1
@00000BF6 FFE1
@00000BF7 FFEA
@00000BF8 0003
@00000BF9 FFF7
@00000BFA 0005
@00000BFB FFF9
@00000BFC 0025
@00000BFD 000D
@00000BFE FFB4
@00000BFF FFE4
@00000C00 FFF6
@00000C01 FFDC
@00000C02 FFEB
@00000C03 FFC7
@00000C04 002E
@00000C05 0016
@00000C06 0015
@00000C07 FFEB
@00000C08 000A
@00000C09 FFEF
@00000C0A FFD9
@00000C0B FFFA
@00000C0C FFED
@00000C0D FFDD
@00000C0E 0001
@00000C0F 0029
@00000C10 FFBF
@00000C11 0010
@00000C12 FFE9
@00000C13 0000
@00000C14 FFF7
@00000C15 FFAE
@00000C16 007D
@00000C17 FFDE
@00000C18 FFE2
@00000C19 FFD8
@00000C1A FFE6
@00000C1B 0000
@00000C1C 001B
@00000C1D FFE4
@00000C1E FFC5
@00000C1F 000C
@00000C20 0021
@00000C21 002B
@00000C22 0001
@00000C23 FFDF
@00000C24 001E
@00000C25 FFD6
@00000C26 0013
@00000C27 0013
@00000C28 FFE2
@00000C29 FFE4
@00000C2A 0019
@00000C2B FFD5
@00000C2C FFEE
@00000C2D FFF0
@00000C2E FFD0
@00000C2F FFD0
@00000C30 0019
@00000C31 000B
@00000C32 FFE9
@00000C33 FFF6
@00000C34 FFCA
@00000C35 0010
@00000C36 FFFE
@00000C37 FFD9
@00000C38 FFFF
@00000C39 0050
@00000C3A 0018
@00000C3B 001C
@00000C3C 002C
@00000C3D FFEE
@00000C3E FFCA
@00000C3F 0011
@00000C40 0039
@00000C41 0000
@00000C42 FFD6
@00000C43 FFFE
@00000C44 FFDD
@00000C45 000A
@00000C46 FFD4
@00000C47 FFF0
@00000C48 001F
@00000C49 FFED
@00000C4A FFDE
@00000C4B FFED
@00000C4C 0029
@00000C4D FFDF
@00000C4E FFE3
@00000C4F 0005
@00000C50 FFFE
@00000C51 0032
@00000C52 FFE4
@00000C53 0025
@00000C54 0019
@00000C55 0011
@00000C56 FFCE
@00000C57 0012
@00000C58 FFE9
@00000C59 FFFC
@00000C5A FFE9
@00000C5B FFEC
@00000C5C FFEB
@00000C5D 0027
@00000C5E FFDA
@00000C5F FFFC
@00000C60 FFFF
@00000C61 000E
@00000C62 FFED
@00000C63 FFDD
@00000C64 0020
@00000C65 0001
@00000C66 FFF7
@00000C67 FFC8
@00000C68 0015
@00000C69 0019
@00000C6A 001C
@00000C6B 0023
@00000C6C FFD4
@00000C6D FFFB
@00000C6E FFEF
@00000C6F FFD0
@00000C70 FFEA
@00000C71 FFBC
@00000C72 0011
@00000C73 0028
@00000C74 FFE2
@00000C75 0017
@00000C76 FFE5
@00000C77 001B
@00000C78 0003
@00000C79 FFD7
@00000C7A 0028
@00000C7B FFEF
@00000C7C FFE6
@00000C7D FFDB
@00000C7E FFE3
@00000C7F 0000
@00000C80 003A
@00000C81 0020
@00000C82 001A
@00000C83 FFEF
@00000C84 0040
@00000C85 FFCD
@00000C86 0010
@00000C87 002E
@00000C88 FFAF
@00000C89 000B
@00000C8A FFEE
@00000C8B 000D
@00000C8C 0017
@00000C8D 0013
@00000C8E FFE1
@00000C8F 0017
@00000C90 000B
@00000C91 FFCD
@00000C92 0004
@00000C93 FFE5
@00000C94 FFBB
@00000C95 0020
@00000C96 001B
@00000C97 FFBC
@00000C98 FFE8
@00000C99 FFF8
@00000C9A 0003
@00000C9B FFF0
@00000C9C FFF5
@00000C9D FFEB
@00000C9E FFEB
@00000C9F FFDD
@00000CA0 FFF8
@00000CA1 FFFE
@00000CA2 0039
@00000CA3 FFD4
@00000CA4 FFDC
@00000CA5 0011
@00000CA6 FFF0
@00000CA7 FFFE
@00000CA8 0024
@00000CA9 FFF4
@00000CAA FFFA
@00000CAB 0016
@00000CAC 000A
@00000CAD 0018
@00000CAE FFED
@00000CAF 0040
@00000CB0 FFD9
@00000CB1 0032
@00000CB2 FFE4
@00000CB3 001A
@00000CB4 FFE6
@00000CB5 000B
@00000CB6 FFBA
@00000CB7 0024
@00000CB8 FFDC
@00000CB9 FFE6
@00000CBA FFAC
@00000CBB FFF7
@00000CBC FFDB
@00000CBD 0010
@00000CBE 002D
@00000CBF 0001
@00000CC0 0025
@00000CC1 001F
@00000CC2 0043
@00000CC3 0007
@00000CC4 FFA9
@00000CC5 FFD1
@00000CC6 FFEC
@00000CC7 FFFE
@00000CC8 FFF6
@00000CC9 0024
@00000CCA FFD6
@00000CCB 0015
@00000CCC 0016
@00000CCD FFE9
@00000CCE FFFA
@00000CCF FFDD
@00000CD0 0000
@00000CD1 0028
@00000CD2 001B
@00000CD3 0024
@00000CD4 FFDE
@00000CD5 0032
@00000CD6 0012
@00000CD7 FFEE
@00000CD8 FFE3
@00000CD9 FFC6
@00000CDA FFEA
@00000CDB 001A
@00000CDC 0004
@00000CDD FFFF
@00000CDE 0011
@00000CDF 001C
@00000CE0 0028
@00000CE1 FFDE
@00000CE2 00B4
@00000CE3 0000
@00000CE4 002C
@00000CE5 FFF5
@00000CE6 FFF2
@00000CE7 FFF6
@00000CE8 0036
@00000CE9 0016
@00000CEA 000B
@00000CEB 0019
@00000CEC FFE5
@00000CED FFF6
@00000CEE 0017
@00000CEF FFF0
@00000CF0 0000
@00000CF1 FFE9
@00000CF2 0007
@00000CF3 0003
@00000CF4 0020
@00000CF5 FFF5
@00000CF6 0002
@00000CF7 FFED
@00000CF8 FFF9
@00000CF9 0012
@00000CFA FFE6
@00000CFB FFED
@00000CFC FFE2
@00000CFD 001A
@00000CFE 0016
@00000CFF FFEC
@00000D00 0005
@00000D01 0009
@00000D02 FFFD
@00000D03 0009
@00000D04 0009
@00000D05 FFE0
@00000D06 FFFA
@00000D07 FFEE
@00000D08 0008
@00000D09 FFFC
@00000D0A FFE1
@00000D0B 0000
@00000D0C FFFD
@00000D0D 001D
@00000D0E 000C
@00000D0F FFFF
@00000D10 002B
@00000D11 0014
@00000D12 FFFE
@00000D13 FFF2
@00000D14 FFFF
@00000D15 000F
@00000D16 0001
@00000D17 0013
@00000D18 0015
@00000D19 FFFA
@00000D1A 000E
@00000D1B FFEC
@00000D1C FFEC
@00000D1D 001B
@00000D1E FFC8
@00000D1F FFFE
@00000D20 FFF1
@00000D21 FFFF
@00000D22 FFF7
@00000D23 FFEE
@00000D24 FFE4
@00000D25 0019
@00000D26 FFD2
@00000D27 FFF6
@00000D28 FFE9
@00000D29 001A
@00000D2A FFEA
@00000D2B 0006
@00000D2C 000E
@00000D2D FFFE
@00000D2E FFE9
@00000D2F FFF7
@00000D30 001B
@00000D31 0008
@00000D32 FFED
@00000D33 0008
@00000D34 FFF0
@00000D35 FFDC
@00000D36 0001
@00000D37 FFFA
@00000D38 000D
@00000D39 FFF3
@00000D3A 0025
@00000D3B 0015
@00000D3C FFFE
@00000D3D 0004
@00000D3E 000E
@00000D3F FFF4
@00000D40 0018
@00000D41 FFFC
@00000D42 0024
@00000D43 FFE6
@00000D44 001D
@00000D45 FFEF
@00000D46 001C
@00000D47 0000
@00000D48 0078
@00000D49 0089
@00000D4A FF7D
@00000D4B 0096
@00000D4C 0040
@00000D4D FFEF
@00000D4E 000E
@00000D4F FFF3
@00000D50 FFDE
@00000D51 FF96
@00000D52 004E
@00000D53 003D
@00000D54 FF6A
@00000D55 000C
@00000D56 0032
@00000D57 0001
@00000D58 FFFF
@00000D59 FFEC
@00000D5A FFA4
@00000D5B FF87
@00000D5C 001A
@00000D5D FFE6
@00000D5E FFFD
@00000D5F FFC3
@00000D60 FFAF
@00000D61 0062
@00000D62 0002
@00000D63 FFE9
@00000D64 000E
@00000D65 0017
@00000D66 000B
@00000D67 000A
@00000D68 004D
@00000D69 FFB1
@00000D6A FFB9
@00000D6B 0006
@00000D6C 0056
@00000D6D 0044
@00000D6E FF7D
@00000D6F FFF7
@00000D70 FFDC
@00000D71 0040
@00000D72 FFC4
@00000D73 FF9F
@00000D74 007A
@00000D75 FFDC
@00000D76 FFE1
@00000D77 FF98
@00000D78 0002
@00000D79 0003
@00000D7A FFA3
@00000D7B 006D
@00000D7C 002F
@00000D7D 001D
@00000D7E FFFA
@00000D7F 0005
@00000D80 0011
@00000D81 001B
@00000D82 FFA7
@00000D83 005F
@00000D84 FF94
@00000D85 FFC9
@00000D86 FFF8
@00000D87 FFBA
@00000D88 000E
@00000D89 FFF1
@00000D8A FFCF
@00000D8B 003C
@00000D8C FFDE
@00000D8D 0024
@00000D8E FF92
@00000D8F FFD9
@00000D90 0020
@00000D91 0004
@00000D92 FFE3
@00000D93 FFC5
@00000D94 004B
@00000D95 0006
@00000D96 0062
@00000D97 002C
@00000D98 FFD4
@00000D99 FF7F
@00000D9A FFFC
@00000D9B FFE7
@00000D9C FFFA
@00000D9D FFE7
@00000D9E 0025
@00000D9F 006C
@00000DA0 FFA0
@00000DA1 FFFD
@00000DA2 FF94
@00000DA3 FFFE
@00000DA4 000C
@00000DA5 FF5E
@00000DA6 0090
@00000DA7 FFC3
@00000DA8 FFFA
@00000DA9 FF8E
@00000DAA FFCF
@00000DAB 0000
@00000DAC 0025
@00000DAD 000A
@00000DAE FFDD
@00000DAF 0026
@00000DB0 0020
@00000DB1 0027
@00000DB2 0009
@00000DB3 0002
@00000DB4 FFFE
@00000DB5 FFE9
@00000DB6 FFF6
@00000DB7 0009
@00000DB8 FFF6
@00000DB9 FFFF
@00000DBA FFF7
@00000DBB FFE0
@00000DBC 0017
@00000DBD FFF7
@00000DBE FFFD
@00000DBF FFFA
@00000DC0 0013
@00000DC1 FFE3
@00000DC2 FFFC
@00000DC3 0004
@00000DC4 FFDD
@00000DC5 0023
@00000DC6 0004
@00000DC7 0007
@00000DC8 FFDB
@00000DC9 0009
@00000DCA 0012
@00000DCB 001E
@00000DCC FFF4
@00000DCD FFF7
@00000DCE FFE3
@00000DCF 001E
@00000DD0 0022
@00000DD1 FFDA
@00000DD2 FFDA
@00000DD3 FFF7
@00000DD4 0000
@00000DD5 FFF6
@00000DD6 0003
@00000DD7 0008
@00000DD8 000E
@00000DD9 FFFD
@00000DDA FFFD
@00000DDB FFFF
@00000DDC 0021
@00000DDD 0008
@00000DDE FFED
@00000DDF FFF9
@00000DE0 FFF1
@00000DE1 FFFF
@00000DE2 FFF0
@00000DE3 FFE8
@00000DE4 0015
@00000DE5 001C
@00000DE6 001C
@00000DE7 FFFF
@00000DE8 FFFE
@00000DE9 FFEA
@00000DEA FFF8
@00000DEB 0004
@00000DEC FFFD
@00000DED FFC4
@00000DEE 0008
@00000DEF FFE8
@00000DF0 0020
@00000DF1 FFF5
@00000DF2 FFF6
@00000DF3 FFFE
@00000DF4 FFFC
@00000DF5 FFFB
@00000DF6 FFE9
@00000DF7 FFEE
@00000DF8 000B
@00000DF9 0007
@00000DFA FFFB
@00000DFB 001D
@00000DFC 000F
@00000DFD FFF7
@00000DFE FFD7
@00000DFF FFFB
@00000E00 000D
@00000E01 FFEA
@00000E02 001C
@00000E03 0021
@00000E04 0005
@00000E05 000A
@00000E06 FFDC
@00000E07 FFEB
@00000E08 000B
@00000E09 FFF2
@00000E0A 0008
@00000E0B FFD3
@00000E0C FFFD
@00000E0D FFDA
@00000E0E FFD5
@00000E0F 0000
@00000E10 0032
@00000E11 001F
@00000E12 FFE4
@00000E13 001C
@00000E14 002A
@00000E15 FFF6
@00000E16 FFE7
@00000E17 FFF0
@00000E18 FFE0
@00000E19 FFE0
@00000E1A 0033
@00000E1B 001D
@00000E1C FFA6
@00000E1D FFE7
@00000E1E 003E
@00000E1F FFCF
@00000E20 0014
@00000E21 FFF3
@00000E22 FFDA
@00000E23 FFC3
@00000E24 FFF0
@00000E25 000B
@00000E26 FFD2
@00000E27 FFCE
@00000E28 FFCD
@00000E29 004D
@00000E2A 0001
@00000E2B FFE1
@00000E2C FFE6
@00000E2D 0014
@00000E2E 0008
@00000E2F FFEB
@00000E30 0021
@00000E31 FFC0
@00000E32 FFCC
@00000E33 0026
@00000E34 0028
@00000E35 000D
@00000E36 FFC7
@00000E37 FFE0
@00000E38 FFFB
@00000E39 0028
@00000E3A FFC6
@00000E3B FFD0
@00000E3C 0044
@00000E3D FFCD
@00000E3E FFD5
@00000E3F FFE4
@00000E40 FFFB
@00000E41 0010
@00000E42 FFBC
@00000E43 0027
@00000E44 0015
@00000E45 0007
@00000E46 001D
@00000E47 003A
@00000E48 0028
@00000E49 0009
@00000E4A FFF3
@00000E4B 004B
@00000E4C FFDD
@00000E4D FFD1
@00000E4E FFF6
@00000E4F FFBD
@00000E50 002D
@00000E51 FFEC
@00000E52 FFD7
@00000E53 FFFB
@00000E54 0011
@00000E55 0009
@00000E56 FFBE
@00000E57 FFF1
@00000E58 FFF5
@00000E59 FFCF
@00000E5A FFF7
@00000E5B FFD5
@00000E5C 0025
@00000E5D FFFE
@00000E5E 0040
@00000E5F FFFA
@00000E60 FFFD
@00000E61 FFE1
@00000E62 0005
@00000E63 FFCA
@00000E64 0018
@00000E65 FFD7
@00000E66 FFFF
@00000E67 0047
@00000E68 FFDD
@00000E69 001B
@00000E6A FFD7
@00000E6B 0014
@00000E6C 0020
@00000E6D FFC6
@00000E6E 0059
@00000E6F FFE6
@00000E70 000F
@00000E71 FFC4
@00000E72 FFE7
@00000E73 0000
@00000E74 0003
@00000E75 FFDD
@00000E76 0007
@00000E77 0001
@00000E78 0046
@00000E79 0021
@00000E7A 0016
@00000E7B 0013
@00000E7C FFF3
@00000E7D 0015
@00000E7E FFEB
@00000E7F FFD8
@00000E80 000A
@00000E81 FFE8
@00000E82 001B
@00000E83 FFE6
@00000E84 000D
@00000E85 FFFC
@00000E86 0006
@00000E87 0016
@00000E88 000F
@00000E89 0004
@00000E8A FFF7
@00000E8B FFE6
@00000E8C FFFD
@00000E8D 0005
@00000E8E FFE4
@00000E8F FFF8
@00000E90 0009
@00000E91 FFF1
@00000E92 0004
@00000E93 FFEC
@00000E94 FFF0
@00000E95 FFEB
@00000E96 FFF8
@00000E97 000A
@00000E98 000F
@00000E99 0012
@00000E9A 000F
@00000E9B 0016
@00000E9C 0002
@00000E9D FFEB
@00000E9E 0005
@00000E9F FFE1
@00000EA0 001D
@00000EA1 FFEF
@00000EA2 FFFE
@00000EA3 0005
@00000EA4 FFE6
@00000EA5 0018
@00000EA6 FFF8
@00000EA7 FFED
@00000EA8 001E
@00000EA9 0002
@00000EAA 0003
@00000EAB 000B
@00000EAC FFFF
@00000EAD 0025
@00000EAE FFEC
@00000EAF FFFD
@00000EB0 FFFD
@00000EB1 0000
@00000EB2 FFF1
@00000EB3 FFF1
@00000EB4 FFFA
@00000EB5 0000
@00000EB6 0021
@00000EB7 FFFB
@00000EB8 0007
@00000EB9 0010
@00000EBA FFE2
@00000EBB 0003
@00000EBC FFEF
@00000EBD 0004
@00000EBE FFF0
@00000EBF FFF4
@00000EC0 0020
@00000EC1 0008
@00000EC2 FFF1
@00000EC3 FFDF
@00000EC4 FFF5
@00000EC5 FFE5
@00000EC6 FFF7
@00000EC7 0003
@00000EC8 000E
@00000EC9 000D
@00000ECA 0021
@00000ECB FFFA
@00000ECC FFFC
@00000ECD 000A
@00000ECE FFFF
@00000ECF 000A
@00000ED0 0004
@00000ED1 FFF9
@00000ED2 0017
@00000ED3 FFE2
@00000ED4 FFF6
@00000ED5 0000
@00000ED6 0011
@00000ED7 0000
@00000ED8 0010
@00000ED9 001E
@00000EDA 0001
@00000EDB 001F
@00000EDC 0033
@00000EDD FFF7
@00000EDE FFF1
@00000EDF 0006
@00000EE0 000D
@00000EE1 FFCA
@00000EE2 FFFD
@00000EE3 0004
@00000EE4 FFD3
@00000EE5 FFD6
@00000EE6 0003
@00000EE7 FFEB
@00000EE8 FFE7
@00000EE9 FFE6
@00000EEA FFE8
@00000EEB FFF3
@00000EEC 000E
@00000EED FFF5
@00000EEE FFFC
@00000EEF FFC0
@00000EF0 FFE5
@00000EF1 0044
@00000EF2 FFEA
@00000EF3 FFCA
@00000EF4 FFEA
@00000EF5 0016
@00000EF6 000C
@00000EF7 0008
@00000EF8 003B
@00000EF9 FFCE
@00000EFA FFFE
@00000EFB 0024
@00000EFC 0027
@00000EFD FFEA
@00000EFE FFD4
@00000EFF FFEB
@00000F00 FFF2
@00000F01 0016
@00000F02 FFE4
@00000F03 FFC6
@00000F04 0038
@00000F05 FFE5
@00000F06 FFBD
@00000F07 0008
@00000F08 001A
@00000F09 0009
@00000F0A FFD7
@00000F0B 0025
@00000F0C 0009
@00000F0D FFE6
@00000F0E 0021
@00000F0F 000D
@00000F10 0011
@00000F11 FFFC
@00000F12 FFF3
@00000F13 0028
@00000F14 FFF6
@00000F15 FFEA
@00000F16 FFD8
@00000F17 FFDB
@00000F18 002A
@00000F19 FFBD
@00000F1A FFDB
@00000F1B FFD8
@00000F1C 0015
@00000F1D 002D
@00000F1E FFC1
@00000F1F FFFA
@00000F20 FFF9
@00000F21 FFFB
@00000F22 FFD2
@00000F23 FFB9
@00000F24 002E
@00000F25 001B
@00000F26 0018
@00000F27 0009
@00000F28 FFF2
@00000F29 FFDC
@00000F2A FFE3
@00000F2B FFD5
@00000F2C FFF2
@00000F2D FFD3
@00000F2E FFFA
@00000F2F 0023
@00000F30 FFE2
@00000F31 001D
@00000F32 FFE6
@00000F33 0000
@00000F34 0011
@00000F35 FFE0
@00000F36 003C
@00000F37 FFD5
@00000F38 FFF1
@00000F39 FFC7
@00000F3A FFAC
@00000F3B 0000
@00000F3C 0026
@00000F3D 0005
@00000F3E FFDB
@00000F3F FFEC
@00000F40 0035
@00000F41 0001
@00000F42 FFE0
@00000F43 FFE7
@00000F44 FFF8
@00000F45 FFFC
@00000F46 001A
@00000F47 FFE9
@00000F48 FFE7
@00000F49 FFF2
@00000F4A 0021
@00000F4B 0005
@00000F4C FFF6
@00000F4D FFEE
@00000F4E FFEC
@00000F4F FFF9
@00000F50 0004
@00000F51 FFE6
@00000F52 000F
@00000F53 FFE3
@00000F54 FFE2
@00000F55 FFF9
@00000F56 000B
@00000F57 FFEE
@00000F58 000B
@00000F59 0019
@00000F5A 0013
@00000F5B 0001
@00000F5C FFFF
@00000F5D FFDD
@00000F5E FFFA
@00000F5F FFEF
@00000F60 FFF5
@00000F61 000C
@00000F62 0004
@00000F63 001E
@00000F64 FFF6
@00000F65 0024
@00000F66 0009
@00000F67 FFF4
@00000F68 000F
@00000F69 0007
@00000F6A 0004
@00000F6B 0001
@00000F6C 0008
@00000F6D FFF6
@00000F6E 000B
@00000F6F 001A
@00000F70 0010
@00000F71 FFFF
@00000F72 0019
@00000F73 001B
@00000F74 0008
@00000F75 0014
@00000F76 FFEA
@00000F77 FFF2
@00000F78 FFDB
@00000F79 0007
@00000F7A 0003
@00000F7B FFF7
@00000F7C 0001
@00000F7D FFF9
@00000F7E 0000
@00000F7F 000D
@00000F80 FFFF
@00000F81 FFEE
@00000F82 FFFD
@00000F83 FFDC
@00000F84 0007
@00000F85 000B
@00000F86 0013
@00000F87 FFEB
@00000F88 0019
@00000F89 000A
@00000F8A 000E
@00000F8B 0017
@00000F8C FFE5
@00000F8D 0004
@00000F8E FFE9
@00000F8F FFF1
@00000F90 0001
@00000F91 FFE9
@00000F92 0012
@00000F93 FFFE
@00000F94 FFFE
@00000F95 000C
@00000F96 0006
@00000F97 001B
@00000F98 001A
@00000F99 FFF2
@00000F9A 000E
@00000F9B FFF4
@00000F9C 0009
@00000F9D FFFD
@00000F9E FFEC
@00000F9F 0000
@00000FA0 0020
@00000FA1 FFDF
@00000FA2 FFFE
@00000FA3 FFCF
@00000FA4 0039
@00000FA5 0005
@00000FA6 FFF5
@00000FA7 FFE0
@00000FA8 FFF3
@00000FA9 FFD3
@00000FAA 001C
@00000FAB 0006
@00000FAC FFB4
@00000FAD 0007
@00000FAE 0014
@00000FAF FFD0
@00000FB0 FFFC
@00000FB1 0018
@00000FB2 FFCD
@00000FB3 FFD1
@00000FB4 FFED
@00000FB5 FFF8
@00000FB6 FFDD
@00000FB7 FFBE
@00000FB8 FFC1
@00000FB9 003E
@00000FBA 0005
@00000FBB FFEB
@00000FBC FFE7
@00000FBD 000F
@00000FBE 0018
@00000FBF 0007
@00000FC0 0038
@00000FC1 FFE3
@00000FC2 FFE5
@00000FC3 0025
@00000FC4 0004
@00000FC5 002C
@00000FC6 FFDE
@00000FC7 0013
@00000FC8 FFDE
@00000FC9 001E
@00000FCA FFD3
@00000FCB FFC3
@00000FCC 004B
@00000FCD FFF6
@00000FCE FFED
@00000FCF FFFB
@00000FD0 001D
@00000FD1 0008
@00000FD2 FFC3
@00000FD3 0033
@00000FD4 0008
@00000FD5 002F
@00000FD6 000E
@00000FD7 001D
@00000FD8 0010
@00000FD9 FFFC
@00000FDA FFDB
@00000FDB 0036
@00000FDC FFD4
@00000FDD FFD9
@00000FDE FFDE
@00000FDF FFC1
@00000FE0 0020
@00000FE1 FFED
@00000FE2 FFDC
@00000FE3 FFF9
@00000FE4 0027
@00000FE5 0022
@00000FE6 FFC7
@00000FE7 FFED
@00000FE8 FFF7
@00000FE9 FFE7
@00000FEA FFE4
@00000FEB FFDC
@00000FEC 002F
@00000FED 0012
@00000FEE 0026
@00000FEF 000D
@00000FF0 FFF3
@00000FF1 FFDC
@00000FF2 FFF3
@00000FF3 FFF9
@00000FF4 0014
@00000FF5 FFFB
@00000FF6 0035
@00000FF7 002F
@00000FF8 FFCB
@00000FF9 0024
@00000FFA FFE1
@00000FFB 000C
@00000FFC FFFE
@00000FFD FFA5
@00000FFE 005C
@00000FFF FFD2
@00001000 FFEE
@00001001 FFC0
@00001002 000D
@00001003 0000
@00001004 0028
@00001005 0016
@00001006 0013
@00001007 0005
@00001008 002A
@00001009 001A
@0000100A FFE8
@0000100B FFE9
@0000100C FFEE
@0000100D FFEC
@0000100E FFFA
@0000100F 0014
@00001010 FFD8
@00001011 FFF5
@00001012 000E
@00001013 FFFD
@00001014 FFE6
@00001015 FFF7
@00001016 0002
@00001017 FFF9
@00001018 0024
@00001019 FFFD
@0000101A 0000
@0000101B FFDE
@0000101C FFD4
@0000101D 0014
@0000101E 0010
@0000101F FFF6
@00001020 FFDD
@00001021 FFD9
@00001022 0009
@00001023 FFE2
@00001024 0014
@00001025 0004
@00001026 FFEB
@00001027 0011
@00001028 FFF7
@00001029 FFDA
@0000102A FFF8
@0000102B 001C
@0000102C 000A
@0000102D 001C
@0000102E FFFD
@0000102F FFD8
@00001030 0014
@00001031 0005
@00001032 FFDF
@00001033 0006
@00001034 FFF2
@00001035 FFE6
@00001036 000A
@00001037 FFF8
@00001038 FFFB
@00001039 FFFB
@0000103A 000E
@0000103B FFFC
@0000103C FFF6
@0000103D 0011
@0000103E FFF3
@0000103F 0014
@00001040 FFED
@00001041 FFFD
@00001042 0006
@00001043 FFFB
@00001044 FFF9
@00001045 FFF1
@00001046 FFF2
@00001047 0004
@00001048 0029
@00001049 0000
@0000104A 0005
@0000104B FFFD
@0000104C 0012
@0000104D FFF5
@0000104E 0018
@0000104F FFD9
@00001050 0000
@00001051 0002
@00001052 000A
@00001053 0007
@00001054 FFF9
@00001055 FFF5
@00001056 000C
@00001057 FFE9
@00001058 0015
@00001059 FFDD
@0000105A 0005
@0000105B FFF7
@0000105C FFDD
@0000105D 0014
@0000105E FFFF
@0000105F 0018
@00001060 FFF9
@00001061 FFDD
@00001062 0018
@00001063 FFE9
@00001064 FFF5
@00001065 FFE3
@00001066 FFEF
@00001067 0000
@00001068 001A
@00001069 FFEE
@0000106A FFC5
@0000106B 000A
@0000106C 003E
@0000106D FFFC
@0000106E FFE0
@0000106F 0007
@00001070 000A
@00001071 FFB2
@00001072 0007
@00001073 0004
@00001074 FFEC
@00001075 FFF7
@00001076 0032
@00001077 FFE6
@00001078 0020
@00001079 FFF6
@0000107A FFD1
@0000107B FFD6
@0000107C 0017
@0000107D FFF8
@0000107E FFF7
@0000107F FFE6
@00001080 FFDA
@00001081 0030
@00001082 0012
@00001083 FFED
@00001084 FFE6
@00001085 0036
@00001086 0012
@00001087 FFF9
@00001088 0036
@00001089 FFF2
@0000108A FFE8
@0000108B 002C
@0000108C 0044
@0000108D FFF1
@0000108E FFDF
@0000108F 001A
@00001090 FFCA
@00001091 001F
@00001092 FFF1
@00001093 FFF3
@00001094 0038
@00001095 FFEE
@00001096 FFDF
@00001097 FFFB
@00001098 001E
@00001099 0005
@0000109A FFDE
@0000109B 002A
@0000109C 001C
@0000109D FFD5
@0000109E 0000
@0000109F FFFB
@000010A0 001F
@000010A1 0008
@000010A2 FFC5
@000010A3 002D
@000010A4 FFCE
@000010A5 FFE5
@000010A6 FFDF
@000010A7 FFC0
@000010A8 000C
@000010A9 FFE7
@000010AA FFD3
@000010AB 000A
@000010AC FFF4
@000010AD 0019
@000010AE FFC2
@000010AF 0009
@000010B0 0018
@000010B1 FFE2
@000010B2 0017
@000010B3 FFB6
@000010B4 002E
@000010B5 FFFF
@000010B6 0004
@000010B7 000D
@000010B8 FFE5
@000010B9 FFD8
@000010BA FFF7
@000010BB FFF8
@000010BC FFF7
@000010BD FFBC
@000010BE 001D
@000010BF 003C
@000010C0 FFDF
@000010C1 0008
@000010C2 FFF9
@000010C3 0007
@000010C4 FFED
@000010C5 FFC1
@000010C6 003F
@000010C7 FFB4
@000010C8 FFFE
@000010C9 FFD2
@000010CA 0005
@000010CB 0000
@000010CC 001B
@000010CD 0014
@000010CE FFDC
@000010CF FFEA
@000010D0 0013
@000010D1 FFF5
@000010D2 FFF5
@000010D3 FFE3
@000010D4 FFDD
@000010D5 FFDF
@000010D6 0006
@000010D7 FFFB
@000010D8 FFBA
@000010D9 0002
@000010DA 002D
@000010DB FFEC
@000010DC 0015
@000010DD 001A
@000010DE FFE2
@000010DF FFE7
@000010E0 000A
@000010E1 FFF4
@000010E2 FFF8
@000010E3 FFE0
@000010E4 FFEC
@000010E5 0037
@000010E6 FFF8
@000010E7 FFF7
@000010E8 FFEB
@000010E9 0003
@000010EA 001A
@000010EB FFF8
@000010EC 001D
@000010ED FFDA
@000010EE FFE8
@000010EF 0015
@000010F0 001F
@000010F1 0016
@000010F2 FFCD
@000010F3 000B
@000010F4 FFFA
@000010F5 001A
@000010F6 FFE4
@000010F7 FFEA
@000010F8 0029
@000010F9 FFD3
@000010FA FFEE
@000010FB FFD2
@000010FC 0004
@000010FD FFFC
@000010FE FFDA
@000010FF 003A
@00001100 001B
@00001101 0019
@00001102 FFEE
@00001103 003A
@00001104 FFF4
@00001105 0014
@00001106 FFC8
@00001107 002A
@00001108 FFC6
@00001109 FFDC
@0000110A FFFA
@0000110B FFD3
@0000110C 0010
@0000110D 001E
@0000110E FFF2
@0000110F FFE3
@00001110 FFD6
@00001111 0011
@00001112 FFD9
@00001113 FFED
@00001114 FFFD
@00001115 FFE7
@00001116 FFFD
@00001117 FFC1
@00001118 0015
@00001119 0003
@0000111A 0009
@0000111B 000E
@0000111C FFD9
@0000111D FFF6
@0000111E 000C
@0000111F FFFC
@00001120 0021
@00001121 FFE3
@00001122 0008
@00001123 002B
@00001124 FFE6
@00001125 0002
@00001126 FFC1
@00001127 FFF9
@00001128 FFEC
@00001129 FFB3
@0000112A 0052
@0000112B FFCD
@0000112C FFF5
@0000112D FFC0
@0000112E 001A
@0000112F 0000
@00001130 002F
@00001131 FFF5
@00001132 FFFE
@00001133 0002
@00001134 000D
@00001135 0018
@00001136 FFF9
@00001137 FFF4
@00001138 0011
@00001139 FFD4
@0000113A 0004
@0000113B FFF2
@0000113C FFC9
@0000113D FFED
@0000113E 000D
@0000113F FFE2
@00001140 FFF4
@00001141 0000
@00001142 FFDB
@00001143 FFE7
@00001144 FFF2
@00001145 0009
@00001146 FFE0
@00001147 FFF4
@00001148 FFEB
@00001149 0022
@0000114A FFF1
@0000114B 0004
@0000114C FFF8
@0000114D 0016
@0000114E 0015
@0000114F FFFD
@00001150 0032
@00001151 FFDB
@00001152 FFF0
@00001153 0019
@00001154 001B
@00001155 0007
@00001156 FFDD
@00001157 FFEF
@00001158 0002
@00001159 000E
@0000115A FFE5
@0000115B FFEC
@0000115C 0043
@0000115D 0002
@0000115E FFDA
@0000115F FFEF
@00001160 FFFE
@00001161 000E
@00001162 FFCE
@00001163 0034
@00001164 0007
@00001165 0026
@00001166 0024
@00001167 000D
@00001168 FFFD
@00001169 0010
@0000116A FFE9
@0000116B 0023
@0000116C FFC4
@0000116D FFE2
@0000116E FFFA
@0000116F FFDA
@00001170 0002
@00001171 FFFC
@00001172 000E
@00001173 FFDC
@00001174 0000
@00001175 0011
@00001176 FFD6
@00001177 FFE9
@00001178 0022
@00001179 FFCF
@0000117A 0000
@0000117B FFCE
@0000117C 002F
@0000117D 0006
@0000117E 0006
@0000117F FFF2
@00001180 000A
@00001181 000C
@00001182 FFEE
@00001183 FFF7
@00001184 001D
@00001185 FFCB
@00001186 0019
@00001187 0029
@00001188 FFD7
@00001189 001B
@0000118A FFE2
@0000118B 000B
@0000118C FFF2
@0000118D FFCE
@0000118E 0059
@0000118F FFC7
@00001190 000E
@00001191 FFE5
@00001192 FFF0
@00001193 0000
@00001194 0020
@00001195 000D
@00001196 FFD0
@00001197 0022
@00001198 0017
@00001199 0031
@0000119A FFDD
@0000119B FFD1
@0000119C 000F
@0000119D FFFA
@0000119E 001A
@0000119F FFF3
@000011A0 0006
@000011A1 FFE3
@000011A2 0003
@000011A3 FFD8
@000011A4 000E
@000011A5 0018
@000011A6 FFF2
@000011A7 FFDA
@000011A8 000D
@000011A9 FFF7
@000011AA FFFA
@000011AB 0007
@000011AC FFFC
@000011AD 0018
@000011AE FFF5
@000011AF 0000
@000011B0 0006
@000011B1 001A
@000011B2 0001
@000011B3 FFF6
@000011B4 0019
@000011B5 0007
@000011B6 FFE1
@000011B7 001C
@000011B8 001C
@000011B9 0007
@000011BA FFFC
@000011BB 000C
@000011BC FFDE
@000011BD 0011
@000011BE 0007
@000011BF FFE5
@000011C0 FFF5
@000011C1 FFE7
@000011C2 FFFF
@000011C3 FFDA
@000011C4 0001
@000011C5 FFEA
@000011C6 FFF7
@000011C7 0001
@000011C8 0004
@000011C9 0012
@000011CA 0001
@000011CB FFDF
@000011CC FFFE
@000011CD 0003
@000011CE FFEF
@000011CF 000A
@000011D0 FFEC
@000011D1 FFEF
@000011D2 0001
@000011D3 FFDF
@000011D4 FFE4
@000011D5 FFFC
@000011D6 FFE2
@000011D7 0000
@000011D8 0023
@000011D9 FFF6
@000011DA FFE9
@000011DB FFE4
@000011DC 0010
@000011DD 000E
@000011DE 0023
@000011DF FFFF
@000011E0 0018
@000011E1 FFFC
@000011E2 FFFB
@000011E3 0004
@000011E4 FFE9
@000011E5 001C
@000011E6 FFFA
@000011E7 FFDA
@000011E8 0015
@000011E9 FFC7
@000011EA 0016
@000011EB 0022
@000011EC 0000
@000011ED 0007
@000011EE FFD6
@000011EF 000F
@000011F0 0027
@000011F1 000A
@000011F2 FFFC
@000011F3 FFFF
@000011F4 FFFF
@000011F5 FFEC
@000011F6 FFE5
@000011F7 0000
@000011F8 0011
@000011F9 0007
@000011FA FFEF
@000011FB 001A
@000011FC 002D
@000011FD 002B
@000011FE FFFA
@000011FF FFFF
@00001200 0003
@00001201 0009
@00001202 0002
@00001203 000B
@00001204 FFE1
@00001205 0007
@00001206 FFF3
@00001207 FFEA
@00001208 0012
@00001209 000A
@0000120A FFE8
@0000120B FFEF
@0000120C FFE4
@0000120D 0005
@0000120E 0000
@0000120F 0014
@00001210 FFEE
@00001211 000B
@00001212 FFF1
@00001213 000E
@00001214 0010
@00001215 000E
@00001216 FFF4
@00001217 0020
@00001218 0000
@00001219 FFFD
@0000121A FFF9
@0000121B 0002
@0000121C 0010
@0000121D 0012
@0000121E 0010
@0000121F FFF9
@00001220 FFFC
@00001221 0011
@00001222 0015
@00001223 FFF1
@00001224 001A
@00001225 FFF3
@00001226 FFFA
@00001227 FFE7
@00001228 000D
@00001229 0005
@0000122A FFEB
@0000122B 000F
@0000122C 0018
@0000122D FFF1
@0000122E FFFB
@0000122F 000C
@00001230 FFF7
@00001231 0004
@00001232 FFFB
@00001233 0007
@00001234 0005
@00001235 FFF8
@00001236 FFFE
@00001237 000E
@00001238 FFD4
@00001239 FFFB
@0000123A FFFD
@0000123B FFD6
@0000123C FFF4
@0000123D FFED
@0000123E FFED
@0000123F FFF7
@00001240 0000
@00001241 FFF5
@00001242 0001
@00001243 FFF9
@00001244 0007
@00001245 0014
@00001246 000C
@00001247 0010
@00001248 0014
@00001249 FFDB
@0000124A 0004
@0000124B 0002
@0000124C 0004
@0000124D FFD7
@0000124E 0026
@0000124F 0004
@00001250 0018
@00001251 001B
@00001252 FFF2
@00001253 0001
@00001254 0002
@00001255 FFE9
@00001256 0011
@00001257 FFF3
@00001258 FFFC
@00001259 FFF3
@0000125A FFF9
@0000125B 0000
@0000125C 002D
@0000125D 0018
@0000125E 0031
@0000125F 0018
@00001260 0019
@00001261 0017
@00001262 FFD4
@00001263 FFF4
@00001264 FFFF
@00001265 FFC6
@00001266 001D
@00001267 FFE2
@00001268 FFB1
@00001269 FFFB
@0000126A 0023
@0000126B FFCF
@0000126C 0017
@0000126D 0010
@0000126E FFEB
@0000126F FFCA
@00001270 0002
@00001271 FFD4
@00001272 FFE7
@00001273 FFAA
@00001274 FF9E
@00001275 0065
@00001276 FFEE
@00001277 FFCA
@00001278 FFDF
@00001279 FFE0
@0000127A FFFF
@0000127B FFE7
@0000127C 0029
@0000127D FFDD
@0000127E FFD0
@0000127F 000B
@00001280 0010
@00001281 FFD8
@00001282 FFB2
@00001283 FFE3
@00001284 FFD7
@00001285 0013
@00001286 FFD1
@00001287 FFB7
@00001288 003A
@00001289 FFC6
@0000128A FFD3
@0000128B FFCE
@0000128C 001D
@0000128D FFD8
@0000128E FFCB
@0000128F 005A
@00001290 0034
@00001291 003F
@00001292 0011
@00001293 0025
@00001294 FFFC
@00001295 0009
@00001296 0006
@00001297 005D
@00001298 FFB9
@00001299 FFDC
@0000129A FFEA
@0000129B FFA8
@0000129C 002A
@0000129D 0001
@0000129E FFF3
@0000129F FFDF
@000012A0 0021
@000012A1 0039
@000012A2 FFAE
@000012A3 FFCD
@000012A4 0008
@000012A5 FFEE
@000012A6 0015
@000012A7 FFCB
@000012A8 0024
@000012A9 FFF3
@000012AA 004F
@000012AB FFFB
@000012AC FFCC
@000012AD 0021
@000012AE FFF0
@000012AF FFC2
@000012B0 0022
@000012B1 FFDF
@000012B2 002C
@000012B3 0021
@000012B4 FFB9
@000012B5 0022
@000012B6 FFDD
@000012B7 000F
@000012B8 FFF6
@000012B9 FF96
@000012BA 0070
@000012BB FFE1
@000012BC 0005
@000012BD FFAB
@000012BE FFD0
@000012BF 0000
@000012C0 002D
@000012C1 0015
@000012C2 0048
@000012C3 0019
@000012C4 000D
@000012C5 0023
@000012C6 FFF8
@000012C7 000B
@000012C8 0050
@000012C9 FFE3
@000012CA 0016
@000012CB FFA3
@000012CC FF6C
@000012CD FFDD
@000012CE 0032
@000012CF FFC1
@000012D0 0021
@000012D1 001D
@000012D2 FFEB
@000012D3 FFC1
@000012D4 0038
@000012D5 FFF2
@000012D6 FFE5
@000012D7 FFEE
@000012D8 FFCD
@000012D9 0046
@000012DA 000F
@000012DB 0002
@000012DC 000B
@000012DD 0018
@000012DE FFCF
@000012DF 0012
@000012E0 003E
@000012E1 FFF1
@000012E2 FFBC
@000012E3 FFFE
@000012E4 FFE5
@000012E5 FFF6
@000012E6 FFE7
@000012E7 FFFF
@000012E8 001A
@000012E9 FFE8
@000012EA FFD5
@000012EB FFFF
@000012EC 001A
@000012ED FFE2
@000012EE FFC6
@000012EF FFD0
@000012F0 FFF0
@000012F1 FFF2
@000012F2 FFF1
@000012F3 002A
@000012F4 0001
@000012F5 FFDB
@000012F6 002C
@000012F7 FFF0
@000012F8 002C
@000012F9 FFFB
@000012FA 0046
@000012FB 0035
@000012FC FFDA
@000012FD FF66
@000012FE FFCF
@000012FF FFE7
@00001300 0074
@00001301 FFC9
@00001302 FFC0
@00001303 FFE5
@00001304 0084
@00001305 0002
@00001306 FFD8
@00001307 FFDD
@00001308 0006
@00001309 FFC4
@0000130A FFF0
@0000130B FFF6
@0000130C 0016
@0000130D 0000
@0000130E 0012
@0000130F 001A
@00001310 0015
@00001311 FFC2
@00001312 FFDD
@00001313 0000
@00001314 000D
@00001315 FFFC
@00001316 0021
@00001317 0020
@00001318 FFD9
@00001319 0028
@0000131A FFD8
@0000131B FFF3
@0000131C 0017
@0000131D FFB6
@0000131E 0045
@0000131F 000D
@00001320 FFDB
@00001321 FFB9
@00001322 FF7A
@00001323 0000
@00001324 000A
@00001325 FFF0
@00001326 FFE5
@00001327 0006
@00001328 0026
@00001329 0000
@0000132A FFEC
@0000132B FFEB
@0000132C FFFA
@0000132D FFB5
@0000132E 0020
@0000132F 0006
@00001330 FFB0
@00001331 FFD9
@00001332 000E
@00001333 FFE8
@00001334 0004
@00001335 FFF6
@00001336 FFED
@00001337 FFBD
@00001338 FFF2
@00001339 FFF3
@0000133A FFFD
@0000133B FFB5
@0000133C FFBA
@0000133D 0064
@0000133E 000A
@0000133F FFF8
@00001340 000E
@00001341 FFE6
@00001342 001F
@00001343 FFD3
@00001344 0042
@00001345 FFC6
@00001346 FFF3
@00001347 FFFA
@00001348 FFFA
@00001349 000D
@0000134A FFB3
@0000134B FFEF
@0000134C FFFE
@0000134D 002D
@0000134E FFAF
@0000134F FFD7
@00001350 003E
@00001351 FFE8
@00001352 FFEB
@00001353 FFC5
@00001354 FFF9
@00001355 FFF7
@00001356 FFBD
@00001357 0032
@00001358 0021
@00001359 0003
@0000135A FFE8
@0000135B 001D
@0000135C 001C
@0000135D 0011
@0000135E FFDE
@0000135F 0037
@00001360 FFC8
@00001361 FFE2
@00001362 FFF2
@00001363 FFBE
@00001364 0008
@00001365 FFEF
@00001366 0006
@00001367 FFDD
@00001368 FFFB
@00001369 003E
@0000136A FFC0
@0000136B FFEF
@0000136C FFF1
@0000136D FFC9
@0000136E 0001
@0000136F FFD5
@00001370 0038
@00001371 FFF0
@00001372 0027
@00001373 000D
@00001374 FFD8
@00001375 0013
@00001376 FFE5
@00001377 FFF2
@00001378 FFEC
@00001379 FFE4
@0000137A 0018
@0000137B 004C
@0000137C FFBF
@0000137D FFFB
@0000137E FFCF
@0000137F 001B
@00001380 0003
@00001381 FFA4
@00001382 007C
@00001383 FFE9
@00001384 FFE9
@00001385 FF95
@00001386 000F
@00001387 0000
@00001388 000B
@00001389 0012
@0000138A FFF1
@0000138B 0002
@0000138C FFE8
@0000138D FFFB
@0000138E FFE8
@0000138F 0012
@00001390 FFEF
@00001391 FFFC
@00001392 0013
@00001393 0006
@00001394 FFDB
@00001395 FFEB
@00001396 FFFE
@00001397 FFDB
@00001398 0005
@00001399 FFDC
@0000139A FFD7
@0000139B FFDF
@0000139C FF71
@0000139D FFED
@0000139E 000E
@0000139F FFD0
@000013A0 FFEE
@000013A1 0029
@000013A2 0002
@000013A3 FFD1
@000013A4 0029
@000013A5 FFE5
@000013A6 0009
@000013A7 000D
@000013A8 0001
@000013A9 FFF6
@000013AA FFD6
@000013AB 0003
@000013AC 0010
@000013AD FFF7
@000013AE FFF9
@000013AF FFD6
@000013B0 FFE7
@000013B1 0004
@000013B2 FFDF
@000013B3 FFEB
@000013B4 000A
@000013B5 0014
@000013B6 0000
@000013B7 FFE3
@000013B8 FFE4
@000013B9 FFE1
@000013BA FFFA
@000013BB 001D
@000013BC FFE4
@000013BD 005E
@000013BE FFE5
@000013BF FFB6
@000013C0 0002
@000013C1 FFD6
@000013C2 0009
@000013C3 001F
@000013C4 FFF2
@000013C5 0000
@000013C6 0011
@000013C7 FFE4
@000013C8 006A
@000013C9 001A
@000013CA FFCA
@000013CB 0029
@000013CC 0022
@000013CD FFEB
@000013CE FFEB
@000013CF FFFC
@000013D0 FFEA
@000013D1 FFD8
@000013D2 FFFC
@000013D3 FFFA
@000013D4 001F
@000013D5 001F
@000013D6 0004
@000013D7 0005
@000013D8 FFE6
@000013D9 001E
@000013DA 0022
@000013DB FFDF
@000013DC 000D
@000013DD FFC8
@000013DE 001A
@000013DF 0035
@000013E0 0000
@000013E1 FFC7
@000013E2 FFEE
@000013E3 FFF2
@000013E4 FFDE
@000013E5 FFD6
@000013E6 0002
@000013E7 FFF8
@000013E8 FFD6
@000013E9 FFE5
@000013EA 003C
@000013EB 0000
@000013EC 0005
@000013ED 0016
@000013EE FFF9
@000013EF 001A
@000013F0 001B
@000013F1 0025
@000013F2 0002
@000013F3 FFE0
@000013F4 0008
@000013F5 FFDB
@000013F6 0011
@000013F7 FFE4
@000013F8 FFD2
@000013F9 FFD8
@000013FA 0029
@000013FB FFD1
@000013FC FFEA
@000013FD 001A
@000013FE FFC7
@000013FF FFEA
@00001400 0001
@00001401 FFF2
@00001402 FFF7
@00001403 FFEB
@00001404 FFE0
@00001405 004A
@00001406 0017
@00001407 FFDA
@00001408 0005
@00001409 FFE9
@0000140A 0005
@0000140B FFFC
@0000140C 0011
@0000140D FFCC
@0000140E FFDF
@0000140F 0021
@00001410 0016
@00001411 0009
@00001412 FFD9
@00001413 0006
@00001414 FFCF
@00001415 000F
@00001416 FFCF
@00001417 FFE4
@00001418 003D
@00001419 FFFE
@0000141A FFD3
@0000141B FFD1
@0000141C 0001
@0000141D 0001
@0000141E FFCD
@0000141F 0046
@00001420 FFFC
@00001421 0035
@00001422 0016
@00001423 FFCA
@00001424 0005
@00001425 0009
@00001426 FFF6
@00001427 002D
@00001428 FFF1
@00001429 FFDF
@0000142A FFF3
@0000142B FFD4
@0000142C 0021
@0000142D 0025
@0000142E FFFC
@0000142F 0001
@00001430 001B
@00001431 FFF5
@00001432 FFD4
@00001433 0009
@00001434 001E
@00001435 FFDB
@00001436 0000
@00001437 FFE7
@00001438 002C
@00001439 FFEF
@0000143A 0027
@0000143B FFF0
@0000143C FFEE
@0000143D 0015
@0000143E 0008
@0000143F FFCC
@00001440 0020
@00001441 FFCE
@00001442 001A
@00001443 0014
@00001444 FFCC
@00001445 0002
@00001446 FFF7
@00001447 0001
@00001448 0022
@00001449 FFB6
@0000144A 0036
@0000144B FFC5
@0000144C 000B
@0000144D FFBE
@0000144E FFFD
@0000144F 0000
@00001450 FFF5
@00001451 000F
@00001452 FFE1
@00001453 FFF5
@00001454 0025
@00001455 FFEC
@00001456 FFE0
@00001457 FFE1
@00001458 FFED
@00001459 FFDE
@0000145A 002B
@0000145B 0003
@0000145C FFBE
@0000145D FFEC
@0000145E 0025
@0000145F FFE4
@00001460 FFE5
@00001461 FFE7
@00001462 FFCB
@00001463 FFCF
@00001464 FFF5
@00001465 FFF7
@00001466 FFF2
@00001467 FFE1
@00001468 FFB9
@00001469 002F
@0000146A 0000
@0000146B FFF3
@0000146C 0003
@0000146D FFFE
@0000146E 0002
@0000146F FFF5
@00001470 004F
@00001471 FFC7
@00001472 FFEB
@00001473 0010
@00001474 0006
@00001475 FFFD
@00001476 FFC5
@00001477 FFEF
@00001478 FFD8
@00001479 0036
@0000147A FFC6
@0000147B FFE7
@0000147C 001D
@0000147D FFCD
@0000147E FFF5
@0000147F FFCA
@00001480 FFF4
@00001481 FFEE
@00001482 FFB0
@00001483 0028
@00001484 001E
@00001485 0026
@00001486 FFEC
@00001487 0019
@00001488 001E
@00001489 FFFD
@0000148A FFEF
@0000148B 0047
@0000148C FFDE
@0000148D FFDD
@0000148E FFE9
@0000148F FFE3
@00001490 FFF2
@00001491 0010
@00001492 FFFF
@00001493 0001
@00001494 000B
@00001495 0039
@00001496 FFC7
@00001497 FFFC
@00001498 001F
@00001499 FFE4
@0000149A 0013
@0000149B FFD1
@0000149C 0034
@0000149D 0013
@0000149E 0041
@0000149F 000E
@000014A0 FFE8
@000014A1 0004
@000014A2 0009
@000014A3 FFC8
@000014A4 FFF2
@000014A5 FFEB
@000014A6 FFFE
@000014A7 0045
@000014A8 FFE9
@000014A9 000C
@000014AA FFBF
@000014AB 0002
@000014AC 001A
@000014AD FFAC
@000014AE 0058
@000014AF FFF5
@000014B0 FFDF
@000014B1 FFC6
@000014B2 002E
@000014B3 0000
@000014B4 0023
@000014B5 FFF8
@000014B6 0027
@000014B7 FFF8
@000014B8 004B
@000014B9 0029
@000014BA 000C
@000014BB 0040
@000014BC 0001
@000014BD 0020
@000014BE FFF4
@000014BF 003A
@000014C0 0022
@000014C1 000B
@000014C2 FFE7
@000014C3 000C
@000014C4 003E
@000014C5 FFCA
@000014C6 0007
@000014C7 0009
@000014C8 FFE4
@000014C9 0014
@000014CA 0021
@000014CB 0010
@000014CC FFF6
@000014CD FFD1
@000014CE 000B
@000014CF FFFA
@000014D0 0001
@000014D1 FFEE
@000014D2 FFEF
@000014D3 0005
@000014D4 FFDD
@000014D5 005F
@000014D6 000A
@000014D7 FFF2
@000014D8 FFF4
@000014D9 FFB0
@000014DA 000B
@000014DB 001C
@000014DC 0043
@000014DD FFF6
@000014DE 002E
@000014DF 0024
@000014E0 FFCD
@000014E1 001B
@000014E2 001C
@000014E3 0008
@000014E4 FFF4
@000014E5 FFEF
@000014E6 0058
@000014E7 FFDA
@000014E8 FFC3
@000014E9 0004
@000014EA 0006
@000014EB FFBD
@000014EC FFEF
@000014ED FFEC
@000014EE 002E
@000014EF FFD9
@000014F0 000E
@000014F1 000D
@000014F2 0016
@000014F3 0033
@000014F4 FFC4
@000014F5 001C
@000014F6 0027
@000014F7 0034
@000014F8 002A
@000014F9 FFAC
@000014FA 0041
@000014FB 0013
@000014FC FFF5
@000014FD FFF1
@000014FE 0014
@000014FF 0055
@00001500 FFB4
@00001501 FFF1
@00001502 FFD5
@00001503 FFFE
@00001504 000F
@00001505 0024
@00001506 FFF2
@00001507 000C
@00001508 FFBA
@00001509 0013
@0000150A 0019
@0000150B FFB6
@0000150C 0008
@0000150D FFE8
@0000150E 0021
@0000150F 0042
@00001510 0015
@00001511 0036
@00001512 FFDC
@00001513 0042
@00001514 0030
@00001515 0019
@00001516 002E
@00001517 0000
@00001518 002F
@00001519 000F
@0000151A FFFF
@0000151B FFEF
@0000151C 003A
@0000151D FFFF
@0000151E FFE3
@0000151F 000B
@00001520 001A
@00001521 FFF0
@00001522 0005
@00001523 FFE5
@00001524 0002
@00001525 FFEB
@00001526 000A
@00001527 000C
@00001528 0027
@00001529 001A
@0000152A FFEE
@0000152B 000C
@0000152C FFFF
@0000152D 0005
@0000152E FFFE
@0000152F FFDC
@00001530 FFE8
@00001531 0006
@00001532 000F
@00001533 FFE3
@00001534 FFEA
@00001535 0013
@00001536 FFF4
@00001537 FFFA
@00001538 FFFF
@00001539 0002
@0000153A FFFC
@0000153B FFF8
@0000153C 0022
@0000153D 0000
@0000153E FFE1
@0000153F 0005
@00001540 000C
@00001541 0001
@00001542 FFF5
@00001543 FFEE
@00001544 000D
@00001545 0007
@00001546 0004
@00001547 FFFE
@00001548 FFFD
@00001549 000B
@0000154A FFF8
@0000154B 0015
@0000154C 0021
@0000154D 0003
@0000154E 0014
@0000154F FFF6
@00001550 FFEC
@00001551 0000
@00001552 FFE6
@00001553 0020
@00001554 FFEA
@00001555 FFE5
@00001556 000A
@00001557 0006
@00001558 FFFA
@00001559 FFF8
@0000155A FFF7
@0000155B FFDB
@0000155C 0009
@0000155D 0006
@0000155E FFEA
@0000155F FFF8
@00001560 0016
@00001561 FFF4
@00001562 FFEF
@00001563 FFED
@00001564 0018
@00001565 FFEE
@00001566 FFF0
@00001567 0004
@00001568 0008
@00001569 FFDD
@0000156A 0011
@0000156B FFE0
@0000156C FFFA
@0000156D FFEB
@0000156E FFFA
@0000156F 000D
@00001570 FFEC
@00001571 001E
@00001572 0009
@00001573 0000
@00001574 0006
@00001575 0007
@00001576 001D
@00001577 FFD3
@00001578 FFF9
@00001579 FFE2
@0000157A FFE9
@0000157B 0000
@0000157C FFF2
@0000157D 000B
@0000157E FFF3
@0000157F 0000
@00001580 002F
@00001581 0005
@00001582 FFDA
@00001583 FFF0
@00001584 0006
@00001585 FFFE
@00001586 000D
@00001587 001D
@00001588 FFD7
@00001589 FFFC
@0000158A 0024
@0000158B FFDC
@0000158C 0024
@0000158D FFEE
@0000158E FFE8
@0000158F 0004
@00001590 FFEE
@00001591 FFFF
@00001592 FFCF
@00001593 FFFF
@00001594 FFF6
@00001595 0029
@00001596 0000
@00001597 FFFA
@00001598 FFF3
@00001599 0011
@0000159A 001D
@0000159B FFFE
@0000159C FFFB
@0000159D FFFB
@0000159E FFE3
@0000159F 0016
@000015A0 0005
@000015A1 FFD9
@000015A2 FFE4
@000015A3 FFF0
@000015A4 FFD7
@000015A5 0001
@000015A6 FFF3
@000015A7 FFF8
@000015A8 0028
@000015A9 0008
@000015AA FFFC
@000015AB FFD7
@000015AC 000F
@000015AD FFE1
@000015AE 0000
@000015AF 0009
@000015B0 0003
@000015B1 0013
@000015B2 0019
@000015B3 FFF0
@000015B4 001C
@000015B5 0015
@000015B6 FFEC
@000015B7 002B
@000015B8 FFE9
@000015B9 FFF1
@000015BA FFDD
@000015BB FFCF
@000015BC 0020
@000015BD FFF5
@000015BE FFE1
@000015BF FFE3
@000015C0 000E
@000015C1 0005
@000015C2 FFD2
@000015C3 FFF7
@000015C4 000F
@000015C5 0006
@000015C6 FFF7
@000015C7 FFDD
@000015C8 0015
@000015C9 001C
@000015CA 0026
@000015CB 0018
@000015CC FFF4
@000015CD 0017
@000015CE FFE0
@000015CF FFFF
@000015D0 0017
@000015D1 0003
@000015D2 0030
@000015D3 0015
@000015D4 FFD7
@000015D5 FFF8
@000015D6 FFD6
@000015D7 000F
@000015D8 FFFD
@000015D9 FFE3
@000015DA 0033
@000015DB FFDD
@000015DC FFEF
@000015DD FFD1
@000015DE FFF7
@000015DF 0000
@000015E0 FFE8
@000015E1 FFF8
@000015E2 FFF7
@000015E3 FFF7
@000015E4 0067
@000015E5 FFDF
@000015E6 FFF4
@000015E7 0019
@000015E8 FFD1
@000015E9 FFB1
@000015EA FFF8
@000015EB FFFE
@000015EC FFE0
@000015ED 0003
@000015EE 0008
@000015EF 0016
@000015F0 0019
@000015F1 FFE1
@000015F2 FFD1
@000015F3 FFF2
@000015F4 0008
@000015F5 FFE5
@000015F6 FFE4
@000015F7 FFB1
@000015F8 FFF9
@000015F9 001A
@000015FA 0008
@000015FB FFEE
@000015FC 0018
@000015FD 0043
@000015FE 0023
@000015FF FFC4
@00001600 0049
@00001601 FFCB
@00001602 FFEB
@00001603 FFF2
@00001604 0017
@00001605 0010
@00001606 FFD1
@00001607 003C
@00001608 FFEA
@00001609 0017
@0000160A FFC2
@0000160B FFDF
@0000160C 001A
@0000160D FFE3
@0000160E FFD0
@0000160F FFD7
@00001610 000A
@00001611 0008
@00001612 FFC1
@00001613 002D
@00001614 000B
@00001615 FFF0
@00001616 FFF1
@00001617 001B
@00001618 FFE9
@00001619 000F
@0000161A FFE1
@0000161B 0036
@0000161C FFB4
@0000161D 0004
@0000161E 0000
@0000161F FFDE
@00001620 FFF8
@00001621 FFCC
@00001622 FFFA
@00001623 0029
@00001624 FFE8
@00001625 0037
@00001626 FFCD
@00001627 0002
@00001628 FFF6
@00001629 FFDF
@0000162A FFB6
@0000162B FFA8
@0000162C 0041
@0000162D 002E
@0000162E 0034
@0000162F FFE1
@00001630 FFCE
@00001631 FFCD
@00001632 FFE1
@00001633 FFFC
@00001634 FFEA
@00001635 FFE4
@00001636 0012
@00001637 003F
@00001638 FFF5
@00001639 0002
@0000163A FFE1
@0000163B 0014
@0000163C FFFA
@0000163D FFE6
@0000163E 0011
@0000163F FFAF
@00001640 001D
@00001641 FFCE
@00001642 0012
@00001643 0000
@00001644 0021
@00001645 0015
@00001646 FFE2
@00001647 0027
@00001648 001D
@00001649 0008
@0000164A FFF3
@0000164B FFF6
@0000164C FFD9
@0000164D FFD6
@0000164E 001A
@0000164F FFEA
@00001650 FFA6
@00001651 FFCF
@00001652 0034
@00001653 FFE8
@00001654 FFE3
@00001655 001B
@00001656 FFDB
@00001657 FFEC
@00001658 FFFE
@00001659 FFFC
@0000165A 0007
@0000165B FFC6
@0000165C FFD9
@0000165D 0029
@0000165E FFF4
@0000165F FFD8
@00001660 FFF1
@00001661 0006
@00001662 001A
@00001663 0000
@00001664 0014
@00001665 FFD4
@00001666 0002
@00001667 0011
@00001668 0031
@00001669 FFF1
@0000166A FFD0
@0000166B FFF3
@0000166C FFFD
@0000166D 001F
@0000166E FFC7
@0000166F FFF2
@00001670 0037
@00001671 FFED
@00001672 FFDD
@00001673 FFF3
@00001674 FFEF
@00001675 FFE8
@00001676 FFBB
@00001677 003A
@00001678 FFF8
@00001679 0007
@0000167A FFEC
@0000167B 003F
@0000167C 0020
@0000167D 001E
@0000167E FFCF
@0000167F 0015
@00001680 FFD4
@00001681 FFDC
@00001682 FFDE
@00001683 FFD5
@00001684 0013
@00001685 000F
@00001686 FFEF
@00001687 0005
@00001688 FFE6
@00001689 FFFD
@0000168A FFF1
@0000168B 0004
@0000168C FFF8
@0000168D FFFB
@0000168E 001D
@0000168F FFB9
@00001690 0022
@00001691 0017
@00001692 0025
@00001693 0010
@00001694 FFEA
@00001695 002A
@00001696 FFEE
@00001697 FFDF
@00001698 FFF4
@00001699 FFD3
@0000169A 0019
@0000169B 002A
@0000169C FFDA
@0000169D 0015
@0000169E FFD1
@0000169F FFFD
@000016A0 0005
@000016A1 FFBB
@000016A2 004E
@000016A3 FFE1
@000016A4 FFEF
@000016A5 FFD4
@000016A6 0008
@000016A7 0000
@000016A8 000F
@000016A9 000E
@000016AA 000B
@000016AB 0018
@000016AC 0052
@000016AD 0024
@000016AE FFE8
@000016AF 0000
@000016B0 001D
@000016B1 FFEE
@000016B2 FFE7
@000016B3 000D
@000016B4 0002
@000016B5 0002
@000016B6 0015
@000016B7 0004
@000016B8 001D
@000016B9 FFFC
@000016BA FFF7
@000016BB FFEA
@000016BC 001A
@000016BD FFF2
@000016BE 0011
@000016BF FFF7
@000016C0 000E
@000016C1 000A
@000016C2 FFF8
@000016C3 FFEE
@000016C4 FFDC
@000016C5 0004
@000016C6 0006
@000016C7 FFEB
@000016C8 FFFF
@000016C9 FFF9
@000016CA FFFB
@000016CB 0000
@000016CC FFFB
@000016CD FFC2
@000016CE FFE5
@000016CF 0027
@000016D0 FFE8
@000016D1 000B
@000016D2 000A
@000016D3 0005
@000016D4 0003
@000016D5 0019
@000016D6 FFF9
@000016D7 000A
@000016D8 0007
@000016D9 FFEE
@000016DA FFF2
@000016DB FFF2
@000016DC FFEC
@000016DD 0001
@000016DE FFF0
@000016DF FFE5
@000016E0 FFE0
@000016E1 000F
@000016E2 002A
@000016E3 0019
@000016E4 0005
@000016E5 0013
@000016E6 FFE2
@000016E7 0001
@000016E8 FFF3
@000016E9 FFE6
@000016EA FFEE
@000016EB 0019
@000016EC 001E
@000016ED FFF9
@000016EE 0000
@000016EF 0015
@000016F0 FFEA
@000016F1 FFED
@000016F2 FFF4
@000016F3 0020
@000016F4 0012
@000016F5 FFE7
@000016F6 FFEB
@000016F7 FFF4
@000016F8 0007
@000016F9 FFFB
@000016FA FFF9
@000016FB 0003
@000016FC FFF6
@000016FD 0003
@000016FE 000F
@000016FF 000B
@00001700 FFF1
@00001701 FFEB
@00001702 FFF3
@00001703 0008
@00001704 FFFC
@00001705 FFE0
@00001706 0001
@00001707 0009
@00001708 0014
@00001709 FFEE
@0000170A 0004
@0000170B 0000
@0000170C FFB1
@0000170D 0041
@0000170E FFCA
@0000170F 002B
@00001710 000D
@00001711 FFE0
@00001712 FFBC
@00001713 FFD7
@00001714 FFF8
@00001715 FF8E
@00001716 0032
@00001717 0068
@00001718 FFBB
@00001719 FFEF
@0000171A 0039
@0000171B 0005
@0000171C 001F
@0000171D FFC2
@0000171E FF92
@0000171F FF8A
@00001720 FFB4
@00001721 000B
@00001722 FFEE
@00001723 FF68
@00001724 FFA6
@00001725 0087
@00001726 000A
@00001727 FF80
@00001728 FFE7
@00001729 0003
@0000172A 003B
@0000172B 001A
@0000172C 001F
@0000172D FF9E
@0000172E 0004
@0000172F 0009
@00001730 006C
@00001731 FFF1
@00001732 FF3D
@00001733 FFB8
@00001734 FF9C
@00001735 0047
@00001736 FF75
@00001737 FF91
@00001738 0086
@00001739 FFBA
@0000173A FF9F
@0000173B FFBD
@0000173C 0024
@0000173D FFDC
@0000173E FF87
@0000173F 00AC
@00001740 002B
@00001741 0081
@00001742 FFE7
@00001743 FFB0
@00001744 FFEB
@00001745 001A
@00001746 FFAB
@00001747 009E
@00001748 FF71
@00001749 FFEE
@0000174A FFF0
@0000174B FF9F
@0000174C 0070
@0000174D 001F
@0000174E FFEC
@0000174F FFF3
@00001750 0008
@00001751 0014
@00001752 FF30
@00001753 FFDD
@00001754 0012
@00001755 FFBC
@00001756 FFC6
@00001757 FFED
@00001758 003B
@00001759 0012
@0000175A 0085
@0000175B FFF5
@0000175C FFC0
@0000175D 0026
@0000175E 0037
@0000175F FF9E
@00001760 0001
@00001761 FFDD
@00001762 002D
@00001763 0043
@00001764 FF78
@00001765 FFDF
@00001766 FF9B
@00001767 001E
@00001768 0005
@00001769 FF54
@0000176A 007B
@0000176B FFD3
@0000176C 0009
@0000176D FF76
@0000176E 008E
@0000176F 0000
@00001770 0074
@00001771 0017
@00001772 0011
@00001773 001E
@00001774 004B
@00001775 0066
@00001776 FFCB
@00001777 FFF6
@00001778 0037
@00001779 FF99
@0000177A 001C
@0000177B 008B
@0000177C FFA8
@0000177D FFC5
@0000177E 0061
@0000177F FFB3
@00001780 003C
@00001781 003D
@00001782 FFA2
@00001783 FF88
@00001784 FFF2
@00001785 FFDE
@00001786 FFBE
@00001787 FF91
@00001788 FFA6
@00001789 0062
@0000178A 0001
@0000178B FF9F
@0000178C FFDC
@0000178D 004F
@0000178E FFE5
@0000178F 0035
@00001790 0023
@00001791 FFA4
@00001792 FFF5
@00001793 000C
@00001794 005E
@00001795 FFCA
@00001796 FF9C
@00001797 001C
@00001798 FFC4
@00001799 0013
@0000179A FF93
@0000179B FF81
@0000179C 008D
@0000179D FFD4
@0000179E FFBF
@0000179F FFCF
@000017A0 001A
@000017A1 FFE0
@000017A2 FFB9
@000017A3 0062
@000017A4 0013
@000017A5 0012
@000017A6 0016
@000017A7 FF7D
@000017A8 000C
@000017A9 002B
@000017AA 003D
@000017AB 005F
@000017AC FF92
@000017AD FFA4
@000017AE FFA4
@000017AF FF99
@000017B0 FFE7
@000017B1 FFA9
@000017B2 FFEF
@000017B3 FFD4
@000017B4 005E
@000017B5 0029
@000017B6 FF93
@000017B7 FFF4
@000017B8 FFFD
@000017B9 FFAC
@000017BA 0014
@000017BB FFBA
@000017BC 004D
@000017BD 000B
@000017BE 0078
@000017BF 0012
@000017C0 FFF0
@000017C1 0073
@000017C2 FFEF
@000017C3 FFC5
@000017C4 0023
@000017C5 FFB6
@000017C6 001C
@000017C7 0032
@000017C8 FF9C
@000017C9 002F
@000017CA FFB0
@000017CB FFF1
@000017CC 0031
@000017CD FF68
@000017CE 007E
@000017CF FFDA
@000017D0 0015
@000017D1 FF8D
@000017D2 FFA9
@000017D3 0000
@000017D4 FFEF
@000017D5 FFFE
@000017D6 FFA8
@000017D7 000D
@000017D8 FFF8
@000017D9 0017
@000017DA FFFF
@000017DB FFE5
@000017DC FFEF
@000017DD FFC9
@000017DE 0030
@000017DF 0025
@000017E0 FFDA
@000017E1 0007
@000017E2 0037
@000017E3 0008
@000017E4 000A
@000017E5 FFDC
@000017E6 FFE9
@000017E7 FFB7
@000017E8 FFF8
@000017E9 FFFF
@000017EA 000F
@000017EB FFD1
@000017EC FFCC
@000017ED 003B
@000017EE 000B
@000017EF FFD9
@000017F0 0008
@000017F1 FFFA
@000017F2 0006
@000017F3 FFFE
@000017F4 0039
@000017F5 FFD9
@000017F6 FFD8
@000017F7 0004
@000017F8 003E
@000017F9 0007
@000017FA FFA7
@000017FB FFFB
@000017FC FFDB
@000017FD 0038
@000017FE FFB7
@000017FF FFC1
@00001800 003D
@00001801 FFDE
@00001802 FFC4
@00001803 FFEE
@00001804 0008
@00001805 FFFC
@00001806 FFB5
@00001807 0041
@00001808 0033
@00001809 0032
@0000180A FFF3
@0000180B FFD9
@0000180C 0022
@0000180D 0021
@0000180E FFC6
@0000180F 004C
@00001810 FFBA
@00001811 FFF1
@00001812 FFF8
@00001813 FFBC
@00001814 000F
@00001815 0013
@00001816 FFE1
@00001817 FFF8
@00001818 003D
@00001819 002C
@0000181A FFD0
@0000181B FFEE
@0000181C 0016
@0000181D FFD0
@0000181E FFD0
@0000181F FFBC
@00001820 004A
@00001821 0002
@00001822 0035
@00001823 0014
@00001824 FFDD
@00001825 001D
@00001826 FFD6
@00001827 FFDA
@00001828 FFED
@00001829 FFF7
@0000182A 0015
@0000182B 0026
@0000182C FFB5
@0000182D FFF9
@0000182E FFDC
@0000182F 0045
@00001830 000C
@00001831 FFC6
@00001832 005F
@00001833 FFDF
@00001834 FFDF
@00001835 FFCB
@00001836 FFCC
@00001837 0000
@00001838 FFF8
@00001839 005E
@0000183A FFC1
@0000183B 006C
@0000183C 0048
@0000183D 0003
@0000183E FFDB
@0000183F 0029
@00001840 FFCA
@00001841 FFCF
@00001842 0021
@00001843 0042
@00001844 FFA0
@00001845 FFE1
@00001846 0041
@00001847 FFFE
@00001848 0009
@00001849 FFDF
@0000184A FFCA
@0000184B FFD4
@0000184C FFBC
@0000184D FFF3
@0000184E FFE0
@0000184F FFAC
@00001850 FFEC
@00001851 0044
@00001852 FFFF
@00001853 FFD4
@00001854 FFFE
@00001855 001B
@00001856 0028
@00001857 0000
@00001858 003C
@00001859 FFF4
@0000185A FFE5
@0000185B 0019
@0000185C 0037
@0000185D 0004
@0000185E FFAA
@0000185F FFB3
@00001860 FFDB
@00001861 0034
@00001862 FFAC
@00001863 FFC5
@00001864 0020
@00001865 FFE2
@00001866 0000
@00001867 FFBE
@00001868 0000
@00001869 FFE3
@0000186A FFEC
@0000186B 0027
@0000186C FFFF
@0000186D 00E5
@0000186E 0010
@0000186F FFFC
@00001870 FFE8
@00001871 0002
@00001872 FFC1
@00001873 0023
@00001874 FF98
@00001875 FFFD
@00001876 0008
@00001877 FFFB
@00001878 001A
@00001879 0010
@0000187A FFDA
@0000187B 0008
@0000187C FFDF
@0000187D 0016
@0000187E FFCF
@0000187F FFEF
@00001880 0025
@00001881 FFC5
@00001882 FFF7
@00001883 FFD1
@00001884 002A
@00001885 000B
@00001886 003C
@00001887 0015
@00001888 FFDA
@00001889 003A
@0000188A 001C
@0000188B FFC0
@0000188C FFFB
@0000188D FFC6
@0000188E 0024
@0000188F 001D
@00001890 FFDA
@00001891 FFE7
@00001892 FFAC
@00001893 FFFB
@00001894 0001
@00001895 FFBC
@00001896 0045
@00001897 FFD3
@00001898 000E
@00001899 FFC1
@0000189A 007C
@0000189B 0000
@0000189C 006A
@0000189D 0010
@0000189E FFC6
@0000189F 0003
@000018A0 0058
@000018A1 FFDB
@000018A2 0000
@000018A3 FFF7
@000018A4 FFA7
@000018A5 FFDE
@000018A6 FFFC
@000018A7 0018
@000018A8 FFE0
@000018A9 0014
@000018AA FFE7
@000018AB 0035
@000018AC FFE6
@000018AD FFBD
@000018AE 0002
@000018AF 000D
@000018B0 0006
@000018B1 FFE0
@000018B2 000A
@000018B3 FFFE
@000018B4 FFDF
@000018B5 FFED
@000018B6 FFF8
@000018B7 0036
@000018B8 0001
@000018B9 FFFB
@000018BA 0019
@000018BB 0003
@000018BC FFF1
@000018BD 001A
@000018BE FFF7
@000018BF 000C
@000018C0 0002
@000018C1 002F
@000018C2 000C
@000018C3 0019
@000018C4 004C
@000018C5 001B
@000018C6 003A
@000018C7 FFF8
@000018C8 FFF3
@000018C9 0016
@000018CA 000E
@000018CB 0030
@000018CC FFCB
@000018CD 0001
@000018CE FFE9
@000018CF FFF8
@000018D0 FFDF
@000018D1 0000
@000018D2 FFDF
@000018D3 004E
@000018D4 FFC2
@000018D5 FFF0
@000018D6 FFB5
@000018D7 FFF7
@000018D8 FFCE
@000018D9 0028
@000018DA 0036
@000018DB FFFC
@000018DC 0002
@000018DD 0006
@000018DE FFCA
@000018DF 001E
@000018E0 FFE7
@000018E1 FFDA
@000018E2 0016
@000018E3 FFE4
@000018E4 FFE5
@000018E5 003C
@000018E6 FFD4
@000018E7 FFE1
@000018E8 FFFA
@000018E9 000D
@000018EA FFF1
@000018EB FFF3
@000018EC 0014
@000018ED FFF7
@000018EE 0021
@000018EF 0011
@000018F0 FFE9
@000018F1 0008
@000018F2 000E
@000018F3 FFE9
@000018F4 0009
@000018F5 FFFA
@000018F6 0043
@000018F7 0043
@000018F8 FFE4
@000018F9 001F
@000018FA FFF9
@000018FB FFF4
@000018FC FFF1
@000018FD FFEE
@000018FE 0030
@000018FF 0000
@00001900 0015
@00001901 FFFB
@00001902 FFEB
@00001903 FFFE
@00001904 0030
@00001905 FFF6
@00001906 FFD9
@00001907 FFD8
@00001908 FFF4
@00001909 FFE2
@0000190A 0018
@0000190B FFD7
@0000190C FFCC
@0000190D FFDF
@0000190E 001D
@0000190F FFDA
@00001910 0013
@00001911 FFFC
@00001912 FFD6
@00001913 FFC9
@00001914 0031
@00001915 FFF1
@00001916 0004
@00001917 FFF3
@00001918 FFCA
@00001919 0024
@0000191A 000C
@0000191B FFFA
@0000191C FFF7
@0000191D 000C
@0000191E 0001
@0000191F FFFD
@00001920 003A
@00001921 FFC7
@00001922 FFEC
@00001923 FFFE
@00001924 0031
@00001925 001F
@00001926 FFD2
@00001927 0007
@00001928 FFD9
@00001929 000D
@0000192A FFEC
@0000192B FFD1
@0000192C 0029
@0000192D FFD0
@0000192E FFEF
@0000192F FFC5
@00001930 001B
@00001931 FFED
@00001932 FFD5
@00001933 004D
@00001934 0001
@00001935 0007
@00001936 FFF7
@00001937 0015
@00001938 0020
@00001939 0006
@0000193A FFF5
@0000193B 003E
@0000193C FFBC
@0000193D FFFE
@0000193E FFE9
@0000193F FFEB
@00001940 FFEF
@00001941 0024
@00001942 0003
@00001943 FFE7
@00001944 0034
@00001945 000B
@00001946 FFD1
@00001947 FFDC
@00001948 0014
@00001949 FFD6
@0000194A FFF9
@0000194B FFE9
@0000194C 0032
@0000194D FFED
@0000194E 0020
@0000194F 0008
@00001950 FFF0
@00001951 000E
@00001952 FFDC
@00001953 FFEC
@00001954 0002
@00001955 FFF6
@00001956 FFFB
@00001957 0032
@00001958 FFEF
@00001959 0004
@0000195A FFF2
@0000195B 0009
@0000195C 0013
@0000195D FFCC
@0000195E 002E
@0000195F FFC8
@00001960 0003
@00001961 FFC0
@00001962 FFF0
@00001963 0000
@00001964 0022
@00001965 0017
@00001966 FFF9
@00001967 FFEC
@00001968 003F
@00001969 0008
@0000196A FFE7
@0000196B FFE2
@0000196C FFF0
@0000196D 0007
@0000196E FFFA
@0000196F FFFF
@00001970 FFE0
@00001971 000D
@00001972 0004
@00001973 FFE3
@00001974 000D
@00001975 FFFF
@00001976 FFED
@00001977 000B
@00001978 000B
@00001979 FFF8
@0000197A FFD9
@0000197B 0005
@0000197C FFD7
@0000197D 0009
@0000197E FFEA
@0000197F FFE8
@00001980 000C
@00001981 0011
@00001982 FFF7
@00001983 0005
@00001984 FFF9
@00001985 0008
@00001986 FFEF
@00001987 FFFF
@00001988 0007
@00001989 0001
@0000198A FFE4
@0000198B FFE9
@0000198C FFE0
@0000198D 0020
@0000198E FFE5
@0000198F 000B
@00001990 FFF4
@00001991 0008
@00001992 FFF2
@00001993 FFF4
@00001994 001E
@00001995 0006
@00001996 000F
@00001997 0000
@00001998 FFFE
@00001999 FFEB
@0000199A FFF2
@0000199B FFFA
@0000199C 0018
@0000199D 0019
@0000199E FFF7
@0000199F 000E
@000019A0 0009
@000019A1 FFE5
@000019A2 FFFD
@000019A3 000C
@000019A4 0006
@000019A5 FFED
@000019A6 FFF4
@000019A7 FFF4
@000019A8 0024
@000019A9 FFF2
@000019AA 0005
@000019AB FFFE
@000019AC FFF2
@000019AD FFE9
@000019AE 0014
@000019AF FFF5
@000019B0 0003
@000019B1 0000
@000019B2 FFF5
@000019B3 0000
@000019B4 FFE4
@000019B5 0017
@000019B6 FFF0
@000019B7 FFEF
@000019B8 0000
@000019B9 FFEB
@000019BA FFF8
@000019BB FFF8
@000019BC 0004
@000019BD FFFF
@000019BE FFF9
@000019BF FFED
@000019C0 0014
@000019C1 FFF8
@000019C2 0011
@000019C3 FFFC
@000019C4 0008
@000019C5 FFFE
@000019C6 000C
@000019C7 0000
@000019C8 001F
@000019C9 000C
@000019CA FFDA
@000019CB 0013
@000019CC 001F
@000019CD 0001
@000019CE FFD2
@000019CF FFE7
@000019D0 FFEE
@000019D1 FFD4
@000019D2 0003
@000019D3 0030
@000019D4 FFE7
@000019D5 FFEC
@000019D6 0030
@000019D7 FFF5
@000019D8 FFEA
@000019D9 FFFB
@000019DA FFD7
@000019DB FFC6
@000019DC 000C
@000019DD FFF9
@000019DE FFEA
@000019DF FFB8
@000019E0 FFC2
@000019E1 0052
@000019E2 FFF0
@000019E3 FFF3
@000019E4 FFFF
@000019E5 FFFF
@000019E6 FFF6
@000019E7 FFEB
@000019E8 002F
@000019E9 FFCD
@000019EA FFF9
@000019EB FFFE
@000019EC 001E
@000019ED FFEC
@000019EE FFE8
@000019EF 0015
@000019F0 FFD1
@000019F1 0012
@000019F2 FFCC
@000019F3 FFEF
@000019F4 0050
@000019F5 FFD4
@000019F6 FFDB
@000019F7 FFDE
@000019F8 0024
@000019F9 0009
@000019FA FFAB
@000019FB 004D
@000019FC 0020
@000019FD 0004
@000019FE 0003
@000019FF 001C
@00001A00 0003
@00001A01 000A
@00001A02 FFD2
@00001A03 002F
@00001A04 FFDE
@00001A05 FFE9
@00001A06 FFE3
@00001A07 FFD4
@00001A08 FFFB
@00001A09 0004
@00001A0A FFF7
@00001A0B 0008
@00001A0C FFE0
@00001A0D 001A
@00001A0E FFCD
@00001A0F FFEC
@00001A10 0014
@00001A11 FFCC
@00001A12 FFFF
@00001A13 FFB1
@00001A14 0040
@00001A15 FFF7
@00001A16 0027
@00001A17 FFF7
@00001A18 FFF0
@00001A19 FFDC
@00001A1A FFF2
@00001A1B FFEA
@00001A1C 0003
@00001A1D FFF6
@00001A1E 0013
@00001A1F 0034
@00001A20 FFC8
@00001A21 0003
@00001A22 FFD2
@00001A23 FFFC
@00001A24 FFF3
@00001A25 FFC6
@00001A26 005C
@00001A27 FFDA
@00001A28 FFEE
@00001A29 FFC6
@00001A2A FFE1
@00001A2B 0000
@00001A2C 0024
@00001A2D FFFF
@00001A2E FFF6
@00001A2F 001E
@00001A30 0029
@00001A31 002A
@00001A32 FFFE
@00001A33 0004
@00001A34 FFFA
@00001A35 FFDD
@00001A36 FFFA
@00001A37 004A
@00001A38 FFD3
@00001A39 FFE5
@00001A3A 0023
@00001A3B FFDF
@00001A3C 0018
@00001A3D FFFC
@00001A3E FFE8
@00001A3F FFD5
@00001A40 FFE3
@00001A41 0004
@00001A42 0005
@00001A43 FFC7
@00001A44 FFD5
@00001A45 003F
@00001A46 0005
@00001A47 FFED
@00001A48 0001
@00001A49 000E
@00001A4A FFF4
@00001A4B FFF1
@00001A4C 0015
@00001A4D FFDF
@00001A4E FFFF
@00001A4F 0022
@00001A50 003C
@00001A51 FFE4
@00001A52 FFD8
@00001A53 000C
@00001A54 FFF7
@00001A55 0023
@00001A56 FFB4
@00001A57 FFEF
@00001A58 0047
@00001A59 0000
@00001A5A FFD0
@00001A5B 0002
@00001A5C FFF6
@00001A5D 0004
@00001A5E FFA4
@00001A5F 0047
@00001A60 0028
@00001A61 0018
@00001A62 001F
@00001A63 000F
@00001A64 0026
@00001A65 FFFE
@00001A66 FFF7
@00001A67 004F
@00001A68 FFBB
@00001A69 FFE9
@00001A6A FFD8
@00001A6B FFB1
@00001A6C FFF1
@00001A6D 0004
@00001A6E FFD6
@00001A6F 0017
@00001A70 0011
@00001A71 0000
@00001A72 FFBB
@00001A73 FFFD
@00001A74 FFFB
@00001A75 FFF4
@00001A76 0009
@00001A77 FFC0
@00001A78 000F
@00001A79 FFE6
@00001A7A 0039
@00001A7B FFF1
@00001A7C FFFD
@00001A7D 000C
@00001A7E FFF7
@00001A7F FFDB
@00001A80 FFFE
@00001A81 FFC4
@00001A82 001D
@00001A83 0016
@00001A84 FFD2
@00001A85 0023
@00001A86 FFDF
@00001A87 000B
@00001A88 0027
@00001A89 FFA3
@00001A8A 004A
@00001A8B FFC6
@00001A8C FFF4
@00001A8D FFBC
@00001A8E 0000
@00001A8F 0000
@00001A90 0000
@00001A91 0010
@00001A92 0016
@00001A93 FFF5
@00001A94 0047
@00001A95 000D
@00001A96 0000
@00001A97 0018
@00001A98 FFDB
@00001A99 FFE7
@00001A9A FFF4
@00001A9B FFD9
@00001A9C FFF1
@00001A9D FFF2
@00001A9E FFFD
@00001A9F FFFD
@00001AA0 0003
@00001AA1 FFFF
@00001AA2 0007
@00001AA3 0001
@00001AA4 FFF9
@00001AA5 0005
@00001AA6 FFFB
@00001AA7 FFF4
@00001AA8 FFF5
@00001AA9 000E
@00001AAA FFDE
@00001AAB FFF6
@00001AAC FFDB
@00001AAD 000E
@00001AAE 0000
@00001AAF FFFF
@00001AB0 FFFA
@00001AB1 FFF9
@00001AB2 FFF5
@00001AB3 FFE6
@00001AB4 0022
@00001AB5 FFE3
@00001AB6 0008
@00001AB7 000C
@00001AB8 0007
@00001AB9 FFF0
@00001ABA 0004
@00001ABB FFFE
@00001ABC 0011
@00001ABD FFFB
@00001ABE 0005
@00001ABF 0004
@00001AC0 000B
@00001AC1 0008
@00001AC2 FFF0
@00001AC3 001C
@00001AC4 0001
@00001AC5 000F
@00001AC6 FFF6
@00001AC7 0001
@00001AC8 0015
@00001AC9 001B
@00001ACA FFE4
@00001ACB 000A
@00001ACC 0002
@00001ACD FFD5
@00001ACE FFFB
@00001ACF FFF2
@00001AD0 0028
@00001AD1 000D
@00001AD2 000A
@00001AD3 002B
@00001AD4 0022
@00001AD5 0007
@00001AD6 FFDC
@00001AD7 FFF8
@00001AD8 0014
@00001AD9 FFFE
@00001ADA FFFC
@00001ADB FFE4
@00001ADC FFFC
@00001ADD FFE4
@00001ADE 0022
@00001ADF FFFB
@00001AE0 FFE1
@00001AE1 FFFF
@00001AE2 0000
@00001AE3 FFDC
@00001AE4 0010
@00001AE5 FFE9
@00001AE6 001D
@00001AE7 FFFF
@00001AE8 FFEA
@00001AE9 000B
@00001AEA 0000
@00001AEB 0013
@00001AEC 0024
@00001AED FFDC
@00001AEE FFFF
@00001AEF FFE6
@00001AF0 0019
@00001AF1 0004
@00001AF2 0021
@00001AF3 0000
@00001AF4 0052
@00001AF5 001E
@00001AF6 0018
@00001AF7 0002
@00001AF8 0060
@00001AF9 0039
@00001AFA FFF7
@00001AFB 0020
@00001AFC 001D
@00001AFD FFE2
@00001AFE FFD7
@00001AFF 002A
@00001B00 FFF2
@00001B01 FFEA
@00001B02 001D
@00001B03 FFEA
@00001B04 0062
@00001B05 000B
@00001B06 000F
@00001B07 FFF5
@00001B08 001D
@00001B09 FFE0
@00001B0A 001E
@00001B0B FFD1
@00001B0C 0005
@00001B0D 002D
@00001B0E FFE5
@00001B0F FFDA
@00001B10 FFD6
@00001B11 000F
@00001B12 FFCA
@00001B13 FFEF
@00001B14 0014
@00001B15 0011
@00001B16 FFFC
@00001B17 FFE1
@00001B18 0023
@00001B19 FFB9
@00001B1A FFCC
@00001B1B 0035
@00001B1C 0015
@00001B1D FFD7
@00001B1E FFF3
@00001B1F FFF3
@00001B20 000D
@00001B21 0008
@00001B22 FFDF
@00001B23 0008
@00001B24 000B
@00001B25 0008
@00001B26 FFFC
@00001B27 FFFC
@00001B28 FFD3
@00001B29 FFB9
@00001B2A 0003
@00001B2B FFB6
@00001B2C 0007
@00001B2D 000E
@00001B2E 005E
@00001B2F 000F
@00001B30 FFF7
@00001B31 FFF9
@00001B32 FFDB
@00001B33 0008
@00001B34 FFE3
@00001B35 FF92
@00001B36 FFEB
@00001B37 0017
@00001B38 0086
@00001B39 0007
@00001B3A FFE4
@00001B3B 0004
@00001B3C FFD6
@00001B3D FFEB
@00001B3E 0000
@00001B3F FFF9
@00001B40 0012
@00001B41 FFEF
@00001B42 001E
@00001B43 0035
@00001B44 001A
@00001B45 0043
@00001B46 FFF5
@00001B47 FFF0
@00001B48 FFF2
@00001B49 FFE5
@00001B4A FFEC
@00001B4B 002D
@00001B4C FFD5
@00001B4D FFFB
@00001B4E FFFA
@00001B4F FFE8
@00001B50 004C
@00001B51 FFE1
@00001B52 0023
@00001B53 FFF6
@00001B54 0048
@00001B55 FFC9
@00001B56 FFC9
@00001B57 0000
@00001B58 FFF8
@00001B59 0023
@00001B5A FFDC
@00001B5B 0016
@00001B5C 0005
@00001B5D 0014
@00001B5E FFF5
@00001B5F FFED
@00001B60 0005
@00001B61 FFDE
@00001B62 0009
@00001B63 FFD2
@00001B64 FFF9
@00001B65 FFD1
@00001B66 0031
@00001B67 FFEA
@00001B68 0010
@00001B69 0008
@00001B6A FFDA
@00001B6B FFFB
@00001B6C 002D
@00001B6D FFD8
@00001B6E FFDF
@00001B6F 0008
@00001B70 FFD5
@00001B71 0008
@00001B72 FFFF
@00001B73 FFCA
@00001B74 FFF9
@00001B75 0022
@00001B76 0007
@00001B77 0013
@00001B78 0015
@00001B79 FFEC
@00001B7A FFF6
@00001B7B 000F
@00001B7C 0000
@00001B7D FFF3
@00001B7E FFD5
@00001B7F FFFE
@00001B80 FFDF
@00001B81 0036
@00001B82 FFE4
@00001B83 FFE3
@00001B84 0027
@00001B85 FFED
@00001B86 FFF6
@00001B87 FFDD
@00001B88 0018
@00001B89 FFED
@00001B8A 0005
@00001B8B 0014
@00001B8C 000D
@00001B8D 0031
@00001B8E 0010
@00001B8F FFEA
@00001B90 0008
@00001B91 FFFD
@00001B92 0011
@00001B93 000B
@00001B94 FFD2
@00001B95 000B
@00001B96 0000
@00001B97 FFF0
@00001B98 0003
@00001B99 0048
@00001B9A 0001
@00001B9B FFF4
@00001B9C 0031
@00001B9D 002A
@00001B9E FFFD
@00001B9F FFFD
@00001BA0 0016
@00001BA1 FFEE
@00001BA2 0021
@00001BA3 FFD4
@00001BA4 0002
@00001BA5 0004
@00001BA6 000C
@00001BA7 0002
@00001BA8 FFCA
@00001BA9 FFFF
@00001BAA FFDB
@00001BAB FFF6
@00001BAC 0006
@00001BAD FFEB
@00001BAE 001D
@00001BAF 000E
@00001BB0 FFED
@00001BB1 001E
@00001BB2 FFF5
@00001BB3 FFFD
@00001BB4 FFF4
@00001BB5 FFDC
@00001BB6 FFF6
@00001BB7 FFEB
@00001BB8 0006
@00001BB9 FFF8
@00001BBA FFEA
@00001BBB 0000
@00001BBC 0003
@00001BBD FFFD
@00001BBE FFFF
@00001BBF 001A
@00001BC0 002D
@00001BC1 0006
@00001BC2 0003
@00001BC3 FFFF
@00001BC4 FFF7
@00001BC5 0000
@00001BC6 001F
@00001BC7 000F
@00001BC8 FFF3
@00001BC9 FFD9
@00001BCA 002B
@00001BCB FFDD
@00001BCC 0006
@00001BCD FFFF
@00001BCE FFDA
@00001BCF FFD5
@00001BD0 0029
@00001BD1 FFF2
@00001BD2 0000
@00001BD3 FFD9
@00001BD4 FFDD
@00001BD5 0011
@00001BD6 0014
@00001BD7 FFFE
@00001BD8 FFE6
@00001BD9 0004
@00001BDA 0024
@00001BDB FFEB
@00001BDC 0025
@00001BDD FFDC
@00001BDE FFDA
@00001BDF 0006
@00001BE0 001E
@00001BE1 FFE4
@00001BE2 FFD6
@00001BE3 0010
@00001BE4 FFD9
@00001BE5 0022
@00001BE6 FFED
@00001BE7 FFF4
@00001BE8 0015
@00001BE9 FFF0
@00001BEA FFFD
@00001BEB FFE5
@00001BEC 0000
@00001BED FFFE
@00001BEE FFD9
@00001BEF 0012
@00001BF0 FFF8
@00001BF1 001A
@00001BF2 0001
@00001BF3 FFE0
@00001BF4 001A
@00001BF5 0000
@00001BF6 0014
@00001BF7 0023
@00001BF8 FFD1
@00001BF9 FFD4
@00001BFA FFED
@00001BFB FFDB
@00001BFC FFEE
@00001BFD 0024
@00001BFE FFE9
@00001BFF 0005
@00001C00 001D
@00001C01 0014
@00001C02 0000
@00001C03 FFD9
@00001C04 0012
@00001C05 FFE4
@00001C06 002E
@00001C07 FFE6
@00001C08 0013
@00001C09 0017
@00001C0A 0024
@00001C0B 000C
@00001C0C FFD8
@00001C0D 0015
@00001C0E FFE7
@00001C0F FFCE
@00001C10 0011
@00001C11 FFD2
@00001C12 0006
@00001C13 002A
@00001C14 FFE2
@00001C15 FFFB
@00001C16 FFEE
@00001C17 000C
@00001C18 002B
@00001C19 FFEB
@00001C1A 0024
@00001C1B FFF5
@00001C1C FFEA
@00001C1D FFCB
@00001C1E FFF3
@00001C1F 0000
@00001C20 001B
@00001C21 FFD0
@00001C22 FFE6
@00001C23 FFE3
@00001C24 FFF3
@00001C25 002F
@00001C26 0002
@00001C27 FFF1
@00001C28 0000
@00001C29 FFDA
@00001C2A 0024
@00001C2B 000F
@00001C2C FFD8
@00001C2D 0003
@00001C2E 003E
@00001C2F FFF7
@00001C30 FFE5
@00001C31 FFDD
@00001C32 FFBC
@00001C33 FFC6
@00001C34 000D
@00001C35 FFF8
@00001C36 0008
@00001C37 FFE8
@00001C38 FFBF
@00001C39 004D
@00001C3A FFFC
@00001C3B FFD1
@00001C3C FFF5
@00001C3D 0017
@00001C3E 0032
@00001C3F 0019
@00001C40 001C
@00001C41 FFD8
@00001C42 0007
@00001C43 0003
@00001C44 0010
@00001C45 0026
@00001C46 FFA7
@00001C47 FFF4
@00001C48 FFE9
@00001C49 0017
@00001C4A FFE1
@00001C4B FFD7
@00001C4C 0025
@00001C4D FFEA
@00001C4E FFC9
@00001C4F FFED
@00001C50 0012
@00001C51 FFEF
@00001C52 FFC2
@00001C53 0063
@00001C54 000D
@00001C55 0036
@00001C56 0012
@00001C57 0026
@00001C58 001B
@00001C59 0005
@00001C5A FFF3
@00001C5B 0055
@00001C5C FFB3
@00001C5D 0002
@00001C5E FFFE
@00001C5F FFBE
@00001C60 FFFB
@00001C61 0011
@00001C62 FFE5
@00001C63 FFF1
@00001C64 0022
@00001C65 002E
@00001C66 FFBA
@00001C67 FFE3
@00001C68 0017
@00001C69 FFF4
@00001C6A 0000
@00001C6B FFC4
@00001C6C 003E
@00001C6D 0019
@00001C6E 003B
@00001C6F 000C
@00001C70 FFE3
@00001C71 FFEE
@00001C72 FFE5
@00001C73 FFC2
@00001C74 0008
@00001C75 FFEA
@00001C76 FFFC
@00001C77 0045
@00001C78 FFCE
@00001C79 FFE9
@00001C7A FFE0
@00001C7B 000D
@00001C7C FFF7
@00001C7D FFAB
@00001C7E 006A
@00001C7F FFF9
@00001C80 FFE6
@00001C81 FFA5
@00001C82 FFE6
@00001C83 0000
@00001C84 000E
@00001C85 001E
@00001C86 FFE5
@00001C87 000D
@00001C88 002B
@00001C89 0024
@00001C8A 000B
@00001C8B FFF9
@00001C8C 0000
@00001C8D FFF0
@00001C8E FFFF
@00001C8F 000A
@00001C90 FFFD
@00001C91 0006
@00001C92 FFFC
@00001C93 FFF4
@00001C94 FFF0
@00001C95 FFE3
@00001C96 0007
@00001C97 FFDB
@00001C98 0015
@00001C99 0016
@00001C9A FFED
@00001C9B FFD4
@00001C9C FFF8
@00001C9D 0008
@00001C9E 0011
@00001C9F FFD5
@00001CA0 FFE5
@00001CA1 001C
@00001CA2 0004
@00001CA3 FFF2
@00001CA4 0006
@00001CA5 FFCE
@00001CA6 FFF2
@00001CA7 0025
@00001CA8 0024
@00001CA9 FFEC
@00001CAA 0000
@00001CAB 0001
@00001CAC FFE4
@00001CAD 001A
@00001CAE FFFF
@00001CAF FFE5
@00001CB0 0024
@00001CB1 0007
@00001CB2 FFF8
@00001CB3 FFFE
@00001CB4 0007
@00001CB5 FFFF
@00001CB6 FFCC
@00001CB7 002D
@00001CB8 000B
@00001CB9 FFFC
@00001CBA 0017
@00001CBB 0003
@00001CBC 001E
@00001CBD FFEF
@00001CBE FFE9
@00001CBF 002A
@00001CC0 FFED
@00001CC1 FFF8
@00001CC2 FFD7
@00001CC3 FFF8
@00001CC4 001A
@00001CC5 FFF9
@00001CC6 FFEA
@00001CC7 000D
@00001CC8 0007
@00001CC9 0013
@00001CCA FFDB
@00001CCB 0003
@00001CCC FFF2
@00001CCD FFE9
@00001CCE FFE1
@00001CCF FFC9
@00001CD0 0010
@00001CD1 0022
@00001CD2 002E
@00001CD3 0018
@00001CD4 0001
@00001CD5 FFCF
@00001CD6 FFEB
@00001CD7 FFEA
@00001CD8 FFFC
@00001CD9 FFED
@00001CDA 0007
@00001CDB 0021
@00001CDC FFD6
@00001CDD 0020
@00001CDE 0000
@00001CDF 0022
@00001CE0 000F
@00001CE1 FFD1
@00001CE2 0001
@00001CE3 FFD1
@00001CE4 000F
@00001CE5 0000
@00001CE6 0006
@00001CE7 0000
@00001CE8 0012
@00001CE9 001C
@00001CEA FFFF
@00001CEB FFFC
@00001CEC 0015
@00001CED 000C
@00001CEE FFEA
@00001CEF 0000
@00001CF0 0005
@00001CF1 FFDB
@00001CF2 001D
@00001CF3 0022
@00001CF4 FFB8
@00001CF5 FFEE
@00001CF6 0041
@00001CF7 FFF9
@00001CF8 FFF5
@00001CF9 0007
@00001CFA FFEF
@00001CFB FFDC
@00001CFC 000B
@00001CFD FFE7
@00001CFE FFEC
@00001CFF FFCC
@00001D00 FFDE
@00001D01 0051
@00001D02 0003
@00001D03 FFE0
@00001D04 FFF5
@00001D05 0006
@00001D06 FFF9
@00001D07 001A
@00001D08 0027
@00001D09 FFC2
@00001D0A FFF4
@00001D0B 0006
@00001D0C 0021
@00001D0D FFCE
@00001D0E FFAF
@00001D0F 0012
@00001D10 0000
@00001D11 000C
@00001D12 FFBD
@00001D13 FFDC
@00001D14 0032
@00001D15 FFCF
@00001D16 FFEA
@00001D17 FFDF
@00001D18 0021
@00001D19 FFE2
@00001D1A FFB5
@00001D1B 0042
@00001D1C 0025
@00001D1D 002D
@00001D1E FFF6
@00001D1F 001D
@00001D20 FFFC
@00001D21 FFFE
@00001D22 FFF0
@00001D23 0041
@00001D24 FFC8
@00001D25 FFE2
@00001D26 FFEC
@00001D27 FFDD
@00001D28 0007
@00001D29 0024
@00001D2A 0009
@00001D2B FFEF
@00001D2C FFF8
@00001D2D 0019
@00001D2E FFBE
@00001D2F FFFF
@00001D30 0012
@00001D31 FFE4
@00001D32 0003
@00001D33 FFB7
@00001D34 0013
@00001D35 FFFB
@00001D36 0047
@00001D37 FFFB
@00001D38 FFC6
@00001D39 003E
@00001D3A FFF2
@00001D3B FFC4
@00001D3C 0009
@00001D3D FFFC
@00001D3E 001C
@00001D3F 0044
@00001D40 FFCB
@00001D41 FFFE
@00001D42 FFEC
@00001D43 0047
@00001D44 000A
@00001D45 FFC6
@00001D46 004F
@00001D47 FFF6
@00001D48 0005
@00001D49 FFC2
@00001D4A 0027
@00001D4B 0000
@00001D4C 001C
@00001D4D 0007
@00001D4E FFCC
@00001D4F FFF0
@00001D50 003B
@00001D51 0033
@00001D52 FFD4
@00001D53 FFE9
@00001D54 000E
@00001D55 FFBD
@00001D56 0002
@00001D57 0022
@00001D58 FFCB
@00001D59 FFDD
@00001D5A 001D
@00001D5B FFD7
@00001D5C 0001
@00001D5D 000C
@00001D5E FFD6
@00001D5F FFC7
@00001D60 0005
@00001D61 0001
@00001D62 FFE4
@00001D63 FFBA
@00001D64 FFD2
@00001D65 0031
@00001D66 001C
@00001D67 FFEB
@00001D68 FFED
@00001D69 003A
@00001D6A 0009
@00001D6B 001F
@00001D6C 001C
@00001D6D FFCA
@00001D6E FFDF
@00001D6F 001D
@00001D70 002C
@00001D71 FFD8
@00001D72 FFD2
@00001D73 FFEB
@00001D74 FFF0
@00001D75 002A
@00001D76 FFE6
@00001D77 FFE0
@00001D78 0029
@00001D79 FFD9
@00001D7A FFC5
@00001D7B FFF8
@00001D7C 0026
@00001D7D FFF7
@00001D7E FFD8
@00001D7F 0013
@00001D80 0027
@00001D81 000E
@00001D82 FFF8
@00001D83 FFF9
@00001D84 000F
@00001D85 FFFF
@00001D86 0002
@00001D87 002B
@00001D88 FFDA
@00001D89 FFE4
@00001D8A FFE9
@00001D8B FFEE
@00001D8C 000F
@00001D8D FFD8
@00001D8E FFE3
@00001D8F FFEA
@00001D90 0018
@00001D91 000C
@00001D92 FFE4
@00001D93 FFDF
@00001D94 0005
@00001D95 FFD8
@00001D96 FFFB
@00001D97 FFD0
@00001D98 0027
@00001D99 FFFA
@00001D9A 001B
@00001D9B 002C
@00001D9C FFD4
@00001D9D 0017
@00001D9E FFE7
@00001D9F FFF6
@00001DA0 FFF9
@00001DA1 FFD7
@00001DA2 001C
@00001DA3 0016
@00001DA4 FFE5
@00001DA5 FFFF
@00001DA6 FFD1
@00001DA7 001C
@00001DA8 0011
@00001DA9 FFC2
@00001DAA 0034
@00001DAB FFE3
@00001DAC 0004
@00001DAD FFE6
@00001DAE FFE9
@00001DAF 0000
@00001DB0 0023
@00001DB1 FFFE
@00001DB2 006E
@00001DB3 FFFF
@00001DB4 0013
@00001DB5 0001
@00001DB6 FFF6
@00001DB7 0018
@00001DB8 FFFA
@00001DB9 0001
@00001DBA 0028
@00001DBB FFDF
@00001DBC FFA8
@00001DBD 000E
@00001DBE 000C
@00001DBF FFCD
@00001DC0 002B
@00001DC1 0000
@00001DC2 FFFB
@00001DC3 FFDE
@00001DC4 FFFC
@00001DC5 FFF3
@00001DC6 FFD8
@00001DC7 FFA3
@00001DC8 0026
@00001DC9 002A
@00001DCA FFFF
@00001DCB FFF4
@00001DCC 0042
@00001DCD 0062
@00001DCE 0000
@00001DCF 001D
@00001DD0 0050
@00001DD1 FFD7
@00001DD2 FFD1
@00001DD3 FFEF
@00001DD4 002F
@00001DD5 FFD9
@00001DD6 FFC2
@00001DD7 0061
@00001DD8 FFF5
@00001DD9 0010
@00001DDA FFD1
@00001DDB 0007
@00001DDC 005D
@00001DDD FFDA
@00001DDE FFD5
@00001DDF FFD6
@00001DE0 FFEC
@00001DE1 FFE9
@00001DE2 FFC6
@00001DE3 0032
@00001DE4 004F
@00001DE5 FFA8
@00001DE6 000A
@00001DE7 FFEE
@00001DE8 001F
@00001DE9 0000
@00001DEA 0012
@00001DEB 002F
@00001DEC FFF7
@00001DED FF78
@00001DEE FFD2
@00001DEF FFDF
@00001DF0 0039
@00001DF1 FF99
@00001DF2 0006
@00001DF3 FF64
@00001DF4 0023
@00001DF5 0025
@00001DF6 FFCA
@00001DF7 FFF4
@00001DF8 000C
@00001DF9 FFB5
@00001DFA FF8B
@00001DFB FFAF
@00001DFC 002B
@00001DFD 0003
@00001DFE 0012
@00001DFF FFEA
@00001E00 0019
@00001E01 FF84
@00001E02 FFFE
@00001E03 FFE6
@00001E04 0002
@00001E05 0004
@00001E06 0016
@00001E07 0055
@00001E08 FFF5
@00001E09 0035
@00001E0A FFB7
@00001E0B FFDB
@00001E0C FFE1
@00001E0D FFB3
@00001E0E 006F
@00001E0F FFED
@00001E10 001F
@00001E11 FFA7
@00001E12 FF4C
@00001E13 0000
@00001E14 002F
@00001E15 0016
@00001E16 0028
@00001E17 0024
@00001E18 001C
@00001E19 FFFE
@00001E1A FFE7
@00001E1B 0004
@00001E1C 0009
@00001E1D FFC3
@00001E1E 0020
@00001E1F FFD7
@00001E20 FFD2
@00001E21 FFDF
@00001E22 0030
@00001E23 FFF3
@00001E24 FFE7
@00001E25 FFF9
@00001E26 FFE1
@00001E27 FFF7
@00001E28 FFF0
@00001E29 FFE4
@00001E2A 000A
@00001E2B FFE9
@00001E2C FFE7
@00001E2D 001C
@00001E2E FFFA
@00001E2F FFC8
@00001E30 FFD4
@00001E31 FF8A
@00001E32 FFF8
@00001E33 FFEF
@00001E34 0012
@00001E35 FFF0
@00001E36 0005
@00001E37 0005
@00001E38 FFF4
@00001E39 FFFC
@00001E3A FFD9
@00001E3B 0001
@00001E3C FFF4
@00001E3D 0027
@00001E3E FFC8
@00001E3F FFD7
@00001E40 0016
@00001E41 FFE0
@00001E42 FFD3
@00001E43 FFCD
@00001E44 FFFC
@00001E45 FFEA
@00001E46 FFC3
@00001E47 0018
@00001E48 0015
@00001E49 0064
@00001E4A 000F
@00001E4B 0009
@00001E4C 0009
@00001E4D 0018
@00001E4E 0012
@00001E4F 001F
@00001E50 FFF1
@00001E51 FFF3
@00001E52 FFEB
@00001E53 FFE2
@00001E54 0038
@00001E55 0017
@00001E56 002A
@00001E57 FFDE
@00001E58 004D
@00001E59 001B
@00001E5A FFE0
@00001E5B FFE5
@00001E5C FFFD
@00001E5D FFDB
@00001E5E 0029
@00001E5F FFE3
@00001E60 0028
@00001E61 FFED
@00001E62 002F
@00001E63 FFED
@00001E64 FFDE
@00001E65 0018
@00001E66 FFE4
@00001E67 FFEF
@00001E68 FFFF
@00001E69 FFF0
@00001E6A FFF9
@00001E6B 001C
@00001E6C FFF2
@00001E6D 0014
@00001E6E FFF3
@00001E6F FFE0
@00001E70 0007
@00001E71 FFD7
@00001E72 0035
@00001E73 FFD6
@00001E74 FFE5
@00001E75 FFE2
@00001E76 FFD5
@00001E77 0000
@00001E78 FFFD
@00001E79 FFF6
@00001E7A 0002
@00001E7B 0021
@00001E7C 0042
@00001E7D 0000
@00001E7E FFDC
@00001E7F FFD6
@00001E80 001B
@00001E81 FFEB
@00001E82 FFF3
@00001E83 0013
@00001E84 FFE2
@00001E85 FFF5
@00001E86 0010
@00001E87 FFD5
@00001E88 001D
@00001E89 000F
@00001E8A FFD0
@00001E8B FFE1
@00001E8C FFFB
@00001E8D 000F
@00001E8E 000D
@00001E8F FFF4
@00001E90 FFED
@00001E91 0002
@00001E92 0009
@00001E93 FFF6
@00001E94 FFC6
@00001E95 0017
@00001E96 0001
@00001E97 0011
@00001E98 0027
@00001E99 FFDA
@00001E9A 0008
@00001E9B FFF6
@00001E9C 0026
@00001E9D 0004
@00001E9E FFD2
@00001E9F 0011
@00001EA0 0001
@00001EA1 0015
@00001EA2 FFDF
@00001EA3 FFED
@00001EA4 000A
@00001EA5 FFF2
@00001EA6 FFFF
@00001EA7 FFF5
@00001EA8 0003
@00001EA9 0004
@00001EAA FFEB
@00001EAB 0020
@00001EAC 001F
@00001EAD FFEB
@00001EAE 0007
@00001EAF FFE3
@00001EB0 0021
@00001EB1 FFF9
@00001EB2 FFF6
@00001EB3 000A
@00001EB4 FFE9
@00001EB5 FFDF
@00001EB6 FFDA
@00001EB7 FFFD
@00001EB8 0001
@00001EB9 FFEA
@00001EBA FFF1
@00001EBB FFFF
@00001EBC 000D
@00001EBD FFF5
@00001EBE FFF4
@00001EBF 0013
@00001EC0 0012
@00001EC1 FFD0
@00001EC2 FFF2
@00001EC3 FFF9
@00001EC4 0031
@00001EC5 FFE4
@00001EC6 0004
@00001EC7 0024
@00001EC8 FFDB
@00001EC9 0013
@00001ECA FFF3
@00001ECB 0001
@00001ECC 0018
@00001ECD FFEF
@00001ECE FFFF
@00001ECF FFFD
@00001ED0 FFD8
@00001ED1 FFFA
@00001ED2 FFFD
@00001ED3 0005
@00001ED4 0011
@00001ED5 FFE5
@00001ED6 0020
@00001ED7 FFD5
@00001ED8 FFFD
@00001ED9 FFEF
@00001EDA FFE9
@00001EDB 0000
@00001EDC 0016
@00001EDD 002B
@00001EDE FFD4
@00001EDF 0024
@00001EE0 0013
@00001EE1 0025
@00001EE2 FFE8
@00001EE3 FFFC
@00001EE4 0020
@00001EE5 FFC7
@00001EE6 000D
@00001EE7 FFF3
@00001EE8 FFF2
@00001EE9 FFFE
@00001EEA 003B
@00001EEB 0009
@00001EEC FFF9
@00001EED FFE6
@00001EEE FFC7
@00001EEF FFD9
@00001EF0 0018
@00001EF1 FFF0
@00001EF2 FFD1
@00001EF3 FFE9
@00001EF4 FFD0
@00001EF5 0043
@00001EF6 001F
@00001EF7 FFE0
@00001EF8 FFF6
@00001EF9 0013
@00001EFA 0029
@00001EFB 001E
@00001EFC 0034
@00001EFD FFE9
@00001EFE FFF3
@00001EFF FFF8
@00001F00 0027
@00001F01 0024
@00001F02 FFE4
@00001F03 FFFA
@00001F04 FFEA
@00001F05 0011
@00001F06 FFDC
@00001F07 FFE6
@00001F08 0012
@00001F09 FFDD
@00001F0A FFCE
@00001F0B FFEB
@00001F0C 0013
@00001F0D FFE9
@00001F0E FFC1
@00001F0F 0033
@00001F10 0014
@00001F11 003B
@00001F12 FFEF
@00001F13 001C
@00001F14 FFFB
@00001F15 FFFC
@00001F16 FFF4
@00001F17 0023
@00001F18 FFD2
@00001F19 FFE0
@00001F1A 0005
@00001F1B FFD7
@00001F1C FFD8
@00001F1D 0000
@00001F1E FFF9
@00001F1F FFE3
@00001F20 FFEF
@00001F21 001C
@00001F22 FFE3
@00001F23 FFF4
@00001F24 001B
@00001F25 FFFA
@00001F26 000B
@00001F27 FFCB
@00001F28 0038
@00001F29 FFF9
@00001F2A 0034
@00001F2B FFF7
@00001F2C 0000
@00001F2D FFED
@00001F2E FFE3
@00001F2F FFE3
@00001F30 000E
@00001F31 FFDB
@00001F32 FFFA
@00001F33 0011
@00001F34 FFC5
@00001F35 0005
@00001F36 FFCB
@00001F37 000D
@00001F38 FFF8
@00001F39 FFCE
@00001F3A 005E
@00001F3B FFE8
@00001F3C FFF8
@00001F3D FFDA
@00001F3E FFF2
@00001F3F 0000
@00001F40 002C
@00001F41 000A
@00001F42 FFB5
@00001F43 0006
@00001F44 0009
@00001F45 001C
@00001F46 FFFB
@00001F47 FFD7
@00001F48 001B
@00001F49 FFD2
@00001F4A 003F
@00001F4B 001B
@00001F4C FFED
@00001F4D FFC9
@00001F4E 004C
@00001F4F FFD5
@00001F50 FFE1
@00001F51 FFFF
@00001F52 FFBF
@00001F53 FFDD
@00001F54 004A
@00001F55 FFE8
@00001F56 FFB6
@00001F57 FFF6
@00001F58 FFB9
@00001F59 004A
@00001F5A 0019
@00001F5B FFE9
@00001F5C 0016
@00001F5D 0029
@00001F5E 001C
@00001F5F 002D
@00001F60 0017
@00001F61 FFD2
@00001F62 FFE6
@00001F63 FFF8
@00001F64 0050
@00001F65 0006
@00001F66 FFAA
@00001F67 0005
@00001F68 FFBF
@00001F69 000B
@00001F6A FFC9
@00001F6B FFBA
@00001F6C 0041
@00001F6D FFEB
@00001F6E FFD2
@00001F6F FFD0
@00001F70 0023
@00001F71 FFFE
@00001F72 FFBE
@00001F73 0061
@00001F74 0033
@00001F75 0002
@00001F76 FFE7
@00001F77 000B
@00001F78 0000
@00001F79 001D
@00001F7A FFE4
@00001F7B 0031
@00001F7C FFD4
@00001F7D FFCD
@00001F7E FFD2
@00001F7F FFB5
@00001F80 FFC6
@00001F81 FFF6
@00001F82 FFF4
@00001F83 FFF3
@00001F84 001E
@00001F85 000C
@00001F86 FF9D
@00001F87 FFEC
@00001F88 0016
@00001F89 0004
@00001F8A FFE7
@00001F8B FFC2
@00001F8C 002B
@00001F8D 0025
@00001F8E 0041
@00001F8F 001A
@00001F90 FFF2
@00001F91 FFDE
@00001F92 FFF9
@00001F93 FFEA
@00001F94 0000
@00001F95 FFC6
@00001F96 001B
@00001F97 0044
@00001F98 FFBC
@00001F99 0006
@00001F9A FFB4
@00001F9B 0029
@00001F9C FFE6
@00001F9D FFB5
@00001F9E 0050
@00001F9F FFE9
@00001FA0 FFDA
@00001FA1 FFC4
@00001FA2 FFB7
@00001FA3 0000
@00001FA4 0016
@00001FA5 FFFD
@00001FA6 0042
@00001FA7 FFD5
@00001FA8 001A
@00001FA9 000D
@00001FAA FFF6
@00001FAB FFFE
@00001FAC FFFA
@00001FAD FFD7
@00001FAE 0034
@00001FAF FFFC
@00001FB0 FFDC
@00001FB1 FFF2
@00001FB2 000E
@00001FB3 FFE4
@00001FB4 FFF2
@00001FB5 000D
@00001FB6 FFFE
@00001FB7 FFF8
@00001FB8 0028
@00001FB9 FFF2
@00001FBA FFFD
@00001FBB FFD0
@00001FBC FFE4
@00001FBD 0039
@00001FBE 0009
@00001FBF FFDA
@00001FC0 FFED
@00001FC1 002A
@00001FC2 FFE9
@00001FC3 0008
@00001FC4 0043
@00001FC5 FFDE
@00001FC6 FFCF
@00001FC7 0014
@00001FC8 0017
@00001FC9 0011
@00001FCA FFC6
@00001FCB FFEB
@00001FCC 0006
@00001FCD FFF3
@00001FCE FFBC
@00001FCF FFFB
@00001FD0 0028
@00001FD1 FFDF
@00001FD2 FFC5
@00001FD3 FFED
@00001FD4 FFE8
@00001FD5 0006
@00001FD6 FF94
@00001FD7 005A
@00001FD8 0015
@00001FD9 001A
@00001FDA 0010
@00001FDB 002B
@00001FDC FFFE
@00001FDD FFFB
@00001FDE 0019
@00001FDF 003A
@00001FE0 FFE1
@00001FE1 FFC1
@00001FE2 0006
@00001FE3 FFDD
@00001FE4 0003
@00001FE5 FFE2
@00001FE6 000B
@00001FE7 FFDF
@00001FE8 FFE8
@00001FE9 0024
@00001FEA FFCB
@00001FEB 000B
@00001FEC 0018
@00001FED FFDA
@00001FEE 0000
@00001FEF FFC7
@00001FF0 0032
@00001FF1 0006
@00001FF2 0021
@00001FF3 0011
@00001FF4 FFED
@00001FF5 0005
@00001FF6 FFD1
@00001FF7 FFED
@00001FF8 0005
@00001FF9 FFE2
@00001FFA 0002
@00001FFB 003F
@00001FFC FFE8
@00001FFD 0020
@00001FFE FFED
@00001FFF 0008
@00002000 0012
@00002001 FFC3
@00002002 006C
@00002003 FFFE
@00002004 0006
@00002005 FFB4
@00002006 FF9B
@00002007 0000
@00002008 FFF4
@00002009 FFE9
@0000200A FFF2
@0000200B 0015
@0000200C 002F
@0000200D 0018
@0000200E FFE5
@0000200F FFE4
@00002010 0007
@00002011 0008
@00002012 FFFE
@00002013 0013
@00002014 0004
@00002015 0002
@00002016 0023
@00002017 0001
@00002018 001E
@00002019 0013
@0000201A FFF0
@0000201B FFDC
@0000201C 001E
@0000201D 0003
@0000201E FFE2
@0000201F FFF8
@00002020 FFF7
@00002021 0014
@00002022 0003
@00002023 FFF2
@00002024 FFE0
@00002025 0002
@00002026 000B
@00002027 002E
@00002028 000C
@00002029 FFF5
@0000202A FFF6
@0000202B 001F
@0000202C 0001
@0000202D FFF5
@0000202E FFDB
@0000202F 002D
@00002030 FFF3
@00002031 0010
@00002032 FFFA
@00002033 FFE1
@00002034 001F
@00002035 0002
@00002036 FFD7
@00002037 FFEF
@00002038 0005
@00002039 FFEB
@0000203A 0004
@0000203B FFFB
@0000203C 0007
@0000203D FFED
@0000203E 0010
@0000203F FFCD
@00002040 FFFB
@00002041 0010
@00002042 000E
@00002043 FFFD
@00002044 FFED
@00002045 FFF4
@00002046 FFE5
@00002047 FFDD
@00002048 000F
@00002049 000F
@0000204A FFEA
@0000204B 0009
@0000204C 001B
@0000204D FFFE
@0000204E FFFC
@0000204F FFF5
@00002050 FFF6
@00002051 FFEF
@00002052 001F
@00002053 0013
@00002054 0006
@00002055 0007
@00002056 FFFE
@00002057 FFFE
@00002058 FFDD
@00002059 002A
@0000205A 000A
@0000205B FFF2
@0000205C 0012
@0000205D FFF2
@0000205E 0020
@0000205F 0005
@00002060 FFD9
@00002061 FFF0
@00002062 FFEA
@00002063 0023
@00002064 0005
@00002065 FFD4
@00002066 FFF8
@00002067 FFD7
@00002068 FFF3
@00002069 0003
@0000206A 000F
@0000206B 0000
@0000206C 0025
@0000206D FFEC
@0000206E 000E
@0000206F 0012
@00002070 0048
@00002071 0026
@00002072 0009
@00002073 FFD9
@00002074 0011
@00002075 0002
@00002076 FFE9
@00002077 0012
@00002078 FFDF
@00002079 000C
@0000207A FFED
@0000207B FFEF
@0000207C 0014
@0000207D 0003
@0000207E 0010
@0000207F FFE2
@00002080 000A
@00002081 0000
@00002082 0009
@00002083 FFE3
@00002084 0011
@00002085 FFFA
@00002086 0008
@00002087 FFF4
@00002088 FFF9
@00002089 0005
@0000208A 0005
@0000208B 001D
@0000208C 0019
@0000208D FFF1
@0000208E 000A
@0000208F 000B
@00002090 FFF2
@00002091 0000
@00002092 FFE1
@00002093 FFF1
@00002094 0003
@00002095 FFF4
@00002096 FFE8
@00002097 FFF4
@00002098 0025
@00002099 FFF6
@0000209A FFDC
@0000209B 0003
@0000209C FFF9
@0000209D FFF6
@0000209E FFF2
@0000209F FFF9
@000020A0 FFFF
@000020A1 000B
@000020A2 0012
@000020A3 FFE4
@000020A4 FFF9
@000020A5 FFF6
@000020A6 0013
@000020A7 FFFB
@000020A8 FFDF
@000020A9 FFF5
@000020AA FFF0
@000020AB 000B
@000020AC FFE0
@000020AD FFE6
@000020AE FFFD
@000020AF FFDB
@000020B0 0026
@000020B1 000D
@000020B2 FFF7
@000020B3 FFFA
@000020B4 001C
@000020B5 FFE6
@000020B6 FFE7
@000020B7 0005
@000020B8 FFF3
@000020B9 FFF0
@000020BA 0017
@000020BB 0023
@000020BC 0011
@000020BD FFD9
@000020BE 0013
@000020BF 0000
@000020C0 0014
@000020C1 FFF9
@000020C2 FFFA
@000020C3 FFFA
@000020C4 FFF4
@000020C5 FFF7
@000020C6 FFF2
@000020C7 0013
@000020C8 001F
@000020C9 0003
@000020CA FFFD
@000020CB FFE5
@000020CC FFF7
@000020CD FFEB
@000020CE FFF0
@000020CF 0000
@000020D0 000A
@000020D1 FFEF
@000020D2 FFEE
@000020D3 FFDB
@000020D4 0034
@000020D5 FFD7
@000020D6 FFE8
@000020D7 0009
@000020D8 FFF9
@000020D9 FFD7
@000020DA 003C
@000020DB FFEE
@000020DC FFC9
@000020DD FFE8
@000020DE 0007
@000020DF 0011
@000020E0 FFFA
@000020E1 FFFA
@000020E2 FFDD
@000020E3 FFE0
@000020E4 FFE6
@000020E5 FFFC
@000020E6 FFF4
@000020E7 FFCD
@000020E8 FFC7
@000020E9 004F
@000020EA FFF5
@000020EB FFDE
@000020EC FFFE
@000020ED 000E
@000020EE 0008
@000020EF FFF5
@000020F0 0059
@000020F1 FFCC
@000020F2 FFFC
@000020F3 FFF0
@000020F4 0016
@000020F5 0003
@000020F6 FFDD
@000020F7 000F
@000020F8 0003
@000020F9 0015
@000020FA FFDA
@000020FB FFEA
@000020FC 004E
@000020FD FFC6
@000020FE FFE9
@000020FF FFF2
@00002100 0018
@00002101 0002
@00002102 FFD8
@00002103 004C
@00002104 0019
@00002105 001A
@00002106 0000
@00002107 0018
@00002108 0021
@00002109 000D
@0000210A FFD6
@0000210B 002E
@0000210C FFC8
@0000210D FFF6
@0000210E FFEA
@0000210F FFD5
@00002110 FFFC
@00002111 0007
@00002112 FFE2
@00002113 FFE6
@00002114 0016
@00002115 0015
@00002116 FFD1
@00002117 FFE2
@00002118 0002
@00002119 FFD4
@0000211A FFE4
@0000211B FFBA
@0000211C 0027
@0000211D 0019
@0000211E 0015
@0000211F 000F
@00002120 0007
@00002121 FFFE
@00002122 FFDA
@00002123 FFD7
@00002124 FFF3
@00002125 FFFE
@00002126 FFFE
@00002127 0013
@00002128 FFDA
@00002129 FFF7
@0000212A FFE9
@0000212B 0006
@0000212C FFFE
@0000212D FFB1
@0000212E 005F
@0000212F 0003
@00002130 FFE4
@00002131 FFB1
@00002132 FFF8
@00002133 0000
@00002134 000B
@00002135 FFF5
@00002136 0001
@00002137 FFF2
@00002138 003E
@00002139 0029
@0000213A FFFE
@0000213B 0006
@0000213C 0005
@0000213D FFD2
@0000213E 0014
@0000213F 0005
@00002140 FFEF
@00002141 000C
@00002142 0032
@00002143 FFE6
@00002144 000B
@00002145 0018
@00002146 FFF5
@00002147 FFF3
@00002148 0008
@00002149 0016
@0000214A FFF1
@0000214B FFE3
@0000214C FFE9
@0000214D 000F
@0000214E FFFB
@0000214F FFD3
@00002150 FFE7
@00002151 FFEF
@00002152 000F
@00002153 FFFE
@00002154 0017
@00002155 FFE8
@00002156 0015
@00002157 0018
@00002158 0019
@00002159 FFD3
@0000215A FFD5
@0000215B 0004
@0000215C FFDE
@0000215D 001E
@0000215E FFF6
@0000215F FFE2
@00002160 0018
@00002161 FFFD
@00002162 FFF3
@00002163 0004
@00002164 0001
@00002165 0003
@00002166 FFC7
@00002167 0007
@00002168 FFFC
@00002169 FFEE
@0000216A 0018
@0000216B FFD2
@0000216C 0019
@0000216D 0007
@0000216E FFFD
@0000216F 0029
@00002170 FFF6
@00002171 FFF9
@00002172 FFE8
@00002173 FFF9
@00002174 001B
@00002175 FFCA
@00002176 0000
@00002177 FFEF
@00002178 0026
@00002179 0009
@0000217A FFF7
@0000217B 000B
@0000217C FFF8
@0000217D FFD0
@0000217E FFF2
@0000217F FFE3
@00002180 0019
@00002181 FFFB
@00002182 001C
@00002183 0016
@00002184 0005
@00002185 FFFA
@00002186 FFDB
@00002187 FFD9
@00002188 0000
@00002189 0007
@0000218A 001F
@0000218B 002B
@0000218C FFF4
@0000218D 001D
@0000218E FFF3
@0000218F 0017
@00002190 0023
@00002191 FFCB
@00002192 0024
@00002193 FFBE
@00002194 FFFC
@00002195 FFE4
@00002196 FFFA
@00002197 0000
@00002198 0036
@00002199 000E
@0000219A FFAA
@0000219B 0019
@0000219C 000B
@0000219D 001E
@0000219E FFF6
@0000219F FFD9
@000021A0 0025
@000021A1 FFBB
@000021A2 003A
@000021A3 0035
@000021A4 FFCC
@000021A5 FFDE
@000021A6 0018
@000021A7 0001
@000021A8 FFF8
@000021A9 FFFB
@000021AA FFC3
@000021AB FFC5
@000021AC 0018
@000021AD FFD9
@000021AE FFD9
@000021AF FFCD
@000021B0 FFDA
@000021B1 004A
@000021B2 0013
@000021B3 FFC8
@000021B4 0004
@000021B5 0005
@000021B6 002E
@000021B7 0000
@000021B8 001A
@000021B9 FFC3
@000021BA FFD5
@000021BB 001D
@000021BC 0045
@000021BD 000F
@000021BE FFD3
@000021BF FFFC
@000021C0 FFEA
@000021C1 0032
@000021C2 FFBE
@000021C3 FFC6
@000021C4 0040
@000021C5 FFF5
@000021C6 FFD5
@000021C7 FFCA
@000021C8 0027
@000021C9 FFE9
@000021CA FFAA
@000021CB 0067
@000021CC 0019
@000021CD 001B
@000021CE 0020
@000021CF FFF7
@000021D0 0009
@000021D1 0017
@000021D2 FFBD
@000021D3 0041
@000021D4 FFDA
@000021D5 FFEB
@000021D6 FFC7
@000021D7 FFAE
@000021D8 FFB9
@000021D9 FFFF
@000021DA FFCA
@000021DB 000C
@000021DC 0000
@000021DD 001F
@000021DE FFB0
@000021DF FFED
@000021E0 0003
@000021E1 FFE2
@000021E2 FFEE
@000021E3 FFAB
@000021E4 002E
@000021E5 000C
@000021E6 0020
@000021E7 000A
@000021E8 FFC8
@000021E9 FF99
@000021EA FFDA
@000021EB FFD8
@000021EC FFE7
@000021ED FFC9
@000021EE 001C
@000021EF 002D
@000021F0 FFB5
@000021F1 0006
@000021F2 FFE9
@000021F3 0000
@000021F4 0003
@000021F5 FF90
@000021F6 0066
@000021F7 FFAE
@000021F8 FFD7
@000021F9 FFCB
@000021FA FFAE
@000021FB 0000
@000021FC 0024
@000021FD 0003
@000021FE FFD7
@000021FF 0001
@00002200 001D
@00002201 FFE5
@00002202 FFFC
@00002203 FFE8
@00002204 0006
@00002205 FFC5
@00002206 003F
@00002207 0015
@00002208 FFCC
@00002209 FFD9
@0000220A 0038
@0000220B FFE4
@0000220C FFFB
@0000220D 001B
@0000220E FFC2
@0000220F FFCE
@00002210 0005
@00002211 FFFA
@00002212 0013
@00002213 FFDE
@00002214 FFCF
@00002215 004B
@00002216 000B
@00002217 FFD0
@00002218 FFE6
@00002219 FFE3
@0000221A 001C
@0000221B FFF0
@0000221C 002D
@0000221D FFC0
@0000221E FFF7
@0000221F FFEC
@00002220 0023
@00002221 0025
@00002222 FFB4
@00002223 001A
@00002224 FFF3
@00002225 0032
@00002226 FFD0
@00002227 FFDF
@00002228 0051
@00002229 FFE3
@0000222A FFC8
@0000222B FFD9
@0000222C 0012
@0000222D 0002
@0000222E FFD0
@0000222F 003D
@00002230 0015
@00002231 0022
@00002232 FFF9
@00002233 000E
@00002234 001D
@00002235 000E
@00002236 FFDF
@00002237 002F
@00002238 FFDD
@00002239 FFF1
@0000223A FFD8
@0000223B FFBE
@0000223C FFFD
@0000223D 0007
@0000223E 0005
@0000223F FFF1
@00002240 002E
@00002241 0033
@00002242 FFC4
@00002243 FFFF
@00002244 0012
@00002245 FFDF
@00002246 FFF5
@00002247 FFD4
@00002248 0042
@00002249 FFF0
@0000224A 0043
@0000224B 000C
@0000224C FFFC
@0000224D 0002
@0000224E FFEB
@0000224F FFE2
@00002250 0001
@00002251 0000
@00002252 FFF3
@00002253 002D
@00002254 FFBC
@00002255 FFF6
@00002256 FFE3
@00002257 FFFC
@00002258 000E
@00002259 FFA8
@0000225A 006A
@0000225B FFEF
@0000225C 000F
@0000225D FFD6
@0000225E FFBF
@0000225F 0000
@00002260 0020
@00002261 FFF9
@00002262 FFFA
@00002263 FFEF
@00002264 004B
@00002265 FFFA
@00002266 0002
@00002267 FFEC
@00002268 0019
@00002269 FFE0
@0000226A FFFB
@0000226B FFF6
@0000226C 0006
@0000226D FFE7
@0000226E 0009
@0000226F 000C
@00002270 FFFF
@00002271 0012
@00002272 0007
@00002273 FFFD
@00002274 FFFD
@00002275 FFF6
@00002276 FFF5
@00002277 000F
@00002278 0004
@00002279 0000
@0000227A FFF1
@0000227B FFE2
@0000227C 0015
@0000227D 0006
@0000227E 000D
@0000227F FFF6
@00002280 0020
@00002281 FFFE
@00002282 FFF6
@00002283 FFEC
@00002284 FFF5
@00002285 0016
@00002286 FFF3
@00002287 0017
@00002288 000C
@00002289 FFFF
@0000228A 0006
@0000228B FFF8
@0000228C 0015
@0000228D FFFB
@0000228E FFE0
@0000228F 000B
@00002290 FFF4
@00002291 FFE4
@00002292 0000
@00002293 FFFF
@00002294 001C
@00002295 0010
@00002296 000D
@00002297 0022
@00002298 FFF6
@00002299 FFF0
@0000229A 0002
@0000229B FFF2
@0000229C FFD9
@0000229D FFF7
@0000229E FFF6
@0000229F FFE2
@000022A0 000C
@000022A1 0000
@000022A2 FFF7
@000022A3 FFDD
@000022A4 0023
@000022A5 FFF6
@000022A6 FFEA
@000022A7 FFF6
@000022A8 001C
@000022A9 000E
@000022AA FFFD
@000022AB FFE0
@000022AC 0018
@000022AD FFF5
@000022AE 0015
@000022AF FFF7
@000022B0 0006
@000022B1 FFCD
@000022B2 FFFD
@000022B3 FFF1
@000022B4 0007
@000022B5 FFFC
@000022B6 000F
@000022B7 FFFE
@000022B8 FFFC
@000022B9 0007
@000022BA 0009
@000022BB 0012
@000022BC FFFA
@000022BD FFF9
@000022BE FFFD
@000022BF FFF3
@000022C0 FFF4
@000022C1 FFED
@000022C2 FFF6
@000022C3 0000
@000022C4 0001
@000022C5 FFF5
@000022C6 FFF3
@000022C7 FFDD
@000022C8 0029
@000022C9 0018
@000022CA FFE1
@000022CB FFE0
@000022CC 0010
@000022CD FFEC
@000022CE FFF2
@000022CF 0000
@000022D0 0013
@000022D1 FFF2
@000022D2 0016
@000022D3 FFEA
@000022D4 0006
@000022D5 0024
@000022D6 FFE8
@000022D7 FFFC
@000022D8 0023
@000022D9 FFEA
@000022DA 0010
@000022DB 0017
@000022DC FFDD
@000022DD FFFD
@000022DE 0022
@000022DF 0002
@000022E0 FFD4
@000022E1 FFE2
@000022E2 001F
@000022E3 FFF0
@000022E4 0001
@000022E5 FFE8
@000022E6 FFEB
@000022E7 0000
@000022E8 FFF6
@000022E9 FFEB
@000022EA 0008
@000022EB FFEB
@000022EC FFE3
@000022ED 0028
@000022EE FFEF
@000022EF FFE3
@000022F0 001F
@000022F1 FFE2
@000022F2 000A
@000022F3 FFF6
@000022F4 0002
@000022F5 FFEE
@000022F6 001A
@000022F7 FFFD
@000022F8 FFFB
@000022F9 0007
@000022FA FFF4
@000022FB FFFE
@000022FC FFEC
@000022FD FFEF
@000022FE 000D
@000022FF 0017
@00002300 FFFA
@00002301 0001
@00002302 FFF6
@00002303 FFE8
@00002304 FFD5
@00002305 FFFF
@00002306 0000
@00002307 FFF5
@00002308 000F
@00002309 FFF4
@0000230A 0015
@0000230B FFF8
@0000230C FFF9
@0000230D FFF0
@0000230E 0001
@0000230F 0009
@00002310 0001
@00002311 001D
@00002312 FFF6
@00002313 0007
@00002314 0008
@00002315 0002
@00002316 FFF0
@00002317 FFE4
@00002318 001C
@00002319 FFDA
@0000231A 0019
@0000231B 0007
@0000231C FFFF
@0000231D FFF8
@0000231E 0007
@0000231F 001B
@00002320 000E
@00002321 0013
@00002322 FFF9
@00002323 FFF5
@00002324 FFF3
@00002325 0015
@00002326 FFF8
@00002327 0000
@00002328 002B
@00002329 FFF8
@0000232A FFD1
@0000232B FFFA
@0000232C 002C
@0000232D FFEB
@0000232E FFE3
@0000232F FFFB
@00002330 0006
@00002331 FFD6
@00002332 0023
@00002333 0011
@00002334 FFD2
@00002335 FFDC
@00002336 0040
@00002337 FFF4
@00002338 FFF2
@00002339 0003
@0000233A FFBE
@0000233B FFC9
@0000233C 0029
@0000233D FFD7
@0000233E FFEA
@0000233F FFBC
@00002340 FFF4
@00002341 0021
@00002342 002E
@00002343 FFE3
@00002344 0016
@00002345 003A
@00002346 001B
@00002347 FFEA
@00002348 0034
@00002349 FFD0
@0000234A FFEB
@0000234B 0006
@0000234C 0017
@0000234D 0026
@0000234E FFF4
@0000234F 0005
@00002350 FFD2
@00002351 0016
@00002352 FFD5
@00002353 FFEC
@00002354 004E
@00002355 FFCC
@00002356 FFCA
@00002357 FFE1
@00002358 0015
@00002359 FFF0
@0000235A FFB3
@0000235B 0028
@0000235C 000C
@0000235D 0008
@0000235E 001C
@0000235F 002E
@00002360 001C
@00002361 0024
@00002362 FFFA
@00002363 001E
@00002364 FFC7
@00002365 FFD9
@00002366 FFDB
@00002367 FFC6
@00002368 FFFC
@00002369 FFFE
@0000236A FFD2
@0000236B FFE9
@0000236C FFD8
@0000236D 001B
@0000236E FFC4
@0000236F FFF4
@00002370 0001
@00002371 000A
@00002372 FFEB
@00002373 FFA3
@00002374 003F
@00002375 0020
@00002376 001B
@00002377 0024
@00002378 FFD2
@00002379 0014
@0000237A FFDF
@0000237B FFF1
@0000237C 0014
@0000237D FFF3
@0000237E 0014
@0000237F 0033
@00002380 FFDE
@00002381 0006
@00002382 FFDE
@00002383 0022
@00002384 0001
@00002385 FFBE
@00002386 0034
@00002387 FFF0
@00002388 FFE2
@00002389 FFDB
@0000238A FFDD
@0000238B 0000
@0000238C FFE8
@0000238D FFF4
@0000238E FF9D
@0000238F 0030
@00002390 002B
@00002391 0030
@00002392 FFE4
@00002393 0018
@00002394 0006
@00002395 FFDE
@00002396 0023
@00002397 003A
@00002398 FFBC
@00002399 FFD7
@0000239A 0040
@0000239B FFE3
@0000239C 0018
@0000239D FFE4
@0000239E FFAC
@0000239F FFBC
@000023A0 FFF6
@000023A1 FFFD
@000023A2 FFDB
@000023A3 FFB6
@000023A4 FFD5
@000023A5 0059
@000023A6 FFF7
@000023A7 FFC2
@000023A8 FFE5
@000023A9 0043
@000023AA 000B
@000023AB 001C
@000023AC 001E
@000023AD FFD8
@000023AE FFE1
@000023AF FFF7
@000023B0 0045
@000023B1 FFE4
@000023B2 FFAB
@000023B3 FFEB
@000023B4 FFCA
@000023B5 0032
@000023B6 FFD9
@000023B7 FFBF
@000023B8 0044
@000023B9 FFD5
@000023BA FFE4
@000023BB FFB6
@000023BC FFFD
@000023BD FFDB
@000023BE FFDE
@000023BF 0047
@000023C0 0021
@000023C1 000C
@000023C2 FFFB
@000023C3 FFD4
@000023C4 0029
@000023C5 0001
@000023C6 FFF4
@000023C7 0027
@000023C8 FFB5
@000023C9 0011
@000023CA FFD5
@000023CB FFB8
@000023CC FFFD
@000023CD FFDF
@000023CE FFE7
@000023CF 0015
@000023D0 0035
@000023D1 0022
@000023D2 FFD2
@000023D3 FFED
@000023D4 0002
@000023D5 FFC9
@000023D6 FFE0
@000023D7 FFF8
@000023D8 0035
@000023D9 000E
@000023DA 0037
@000023DB 0004
@000023DC FFCF
@000023DD 0016
@000023DE FFFC
@000023DF FFC6
@000023E0 FFF5
@000023E1 FFDE
@000023E2 002E
@000023E3 003E
@000023E4 FFAD
@000023E5 FFFE
@000023E6 FFB6
@000023E7 0005
@000023E8 0007
@000023E9 FFA5
@000023EA 0035
@000023EB FFD6
@000023EC 000A
@000023ED FFD9
@000023EE 0010
@000023EF 0000
@000023F0 0007
@000023F1 FFEC
@000023F2 000A
@000023F3 FFF2
@000023F4 0036
@000023F5 0016
@000023F6 FFD9
@000023F7 0002
@000023F8 FFEC
@000023F9 FFF9
@000023FA 0004
@000023FB FFD6
@000023FC FFEA
@000023FD FFE0
@000023FE 000F
@000023FF FFEE
@00002400 0003
@00002401 0002
@00002402 FFF9
@00002403 FFF5
@00002404 FFFC
@00002405 0002
@00002406 FFDB
@00002407 FFF5
@00002408 FFDC
@00002409 000D
@0000240A 0003
@0000240B FFE8
@0000240C FFE8
@0000240D 0007
@0000240E FFFC
@0000240F FFFB
@00002410 0004
@00002411 FFF1
@00002412 FFDB
@00002413 000F
@00002414 0020
@00002415 000C
@00002416 FFDE
@00002417 0027
@00002418 FFE0
@00002419 002F
@0000241A FFDE
@0000241B FFE5
@0000241C 0017
@0000241D FFF5
@0000241E FFF6
@0000241F FFF5
@00002420 0008
@00002421 FFEF
@00002422 FFCF
@00002423 0013
@00002424 0008
@00002425 0017
@00002426 000E
@00002427 0029
@00002428 FFFF
@00002429 0017
@0000242A FFDF
@0000242B 0006
@0000242C FFFB
@0000242D FFED
@0000242E FFD0
@0000242F FFFA
@00002430 002A
@00002431 002C
@00002432 FFE2
@00002433 FFFF
@00002434 001F
@00002435 0007
@00002436 FFE9
@00002437 FFF5
@00002438 0002
@00002439 FFF6
@0000243A 0026
@0000243B FFD7
@0000243C 0005
@0000243D FFEC
@0000243E 0013
@0000243F FFF8
@00002440 FFF6
@00002441 000B
@00002442 FFE5
@00002443 FFF6
@00002444 0026
@00002445 FFDA
@00002446 003F
@00002447 0008
@00002448 FFE6
@00002449 001C
@0000244A FFE1
@0000244B 0018
@0000244C FFFD
@0000244D FFFA
@0000244E 0015
@0000244F FFC9
@00002450 FFE4
@00002451 FFE1
@00002452 0001
@00002453 0000
@00002454 FFEC
@00002455 FFF3
@00002456 0016
@00002457 0034
@00002458 001B
@00002459 0075
@0000245A FFF5
@0000245B FFFE
@0000245C 0043
@0000245D 0046
@0000245E FFDD
@0000245F FFFF
@00002460 007B
@00002461 FFED
@00002462 FFEA
@00002463 0029
@00002464 0033
@00002465 FFE4
@00002466 001C
@00002467 002B
@00002468 0023
@00002469 0019
@0000246A FFFC
@0000246B 004C
@0000246C 0016
@0000246D FFAB
@0000246E FFFA
@0000246F 0004
@00002470 FFD5
@00002471 FFAA
@00002472 FFFD
@00002473 0017
@00002474 FF95
@00002475 0039
@00002476 002D
@00002477 0003
@00002478 FFFF
@00002479 FFCF
@0000247A 0019
@0000247B 0054
@0000247C 002F
@0000247D FFDC
@0000247E 0046
@0000247F 0030
@00002480 FFBF
@00002481 0036
@00002482 0020
@00002483 0017
@00002484 FFF7
@00002485 FFE8
@00002486 0056
@00002487 FFD1
@00002488 FFAA
@00002489 FFF6
@0000248A 0005
@0000248B FF97
@0000248C FFD4
@0000248D FFD7
@0000248E 0046
@0000248F FFC6
@00002490 0028
@00002491 002C
@00002492 002F
@00002493 0022
@00002494 FFBE
@00002495 003A
@00002496 0012
@00002497 0032
@00002498 0056
@00002499 FFD5
@0000249A 0041
@0000249B FFFB
@0000249C 001B
@0000249D 0018
@0000249E 0044
@0000249F 0065
@000024A0 FFB0
@000024A1 001C
@000024A2 FFC5
@000024A3 0013
@000024A4 FFFC
@000024A5 0013
@000024A6 001C
@000024A7 0023
@000024A8 FFA4
@000024A9 0024
@000024AA 0013
@000024AB FFAE
@000024AC 0024
@000024AD FFC3
@000024AE 003C
@000024AF 0005
@000024B0 FFE8
@000024B1 0043
@000024B2 FFBA
@000024B3 0027
@000024B4 0003
@000024B5 005C
@000024B6 0014
@000024B7 0000
@000024B8 000E
@000024B9 FFF6
@000024BA 0003
@000024BB 001E
@000024BC FFEA
@000024BD FFB7
@000024BE 0007
@000024BF FFF4
@000024C0 FFC0
@000024C1 FFFD
@000024C2 FFF9
@000024C3 FFF6
@000024C4 FFCC
@000024C5 001D
@000024C6 FFD5
@000024C7 002F
@000024C8 FFEC
@000024C9 FFF7
@000024CA 0006
@000024CB FFDB
@000024CC 0020
@000024CD FFE5
@000024CE 0052
@000024CF FFFF
@000024D0 FFE3
@000024D1 002A
@000024D2 FFD3
@000024D3 003C
@000024D4 000D
@000024D5 FFD6
@000024D6 FFD8
@000024D7 FFD4
@000024D8 000F
@000024D9 0014
@000024DA 0005
@000024DB FFEB
@000024DC 0017
@000024DD 0046
@000024DE FFF2
@000024DF 0025
@000024E0 000B
@000024E1 FFE2
@000024E2 0007
@000024E3 FFFE
@000024E4 0000
@000024E5 0000
@000024E6 0014
@000024E7 0005
@000024E8 FFC6
@000024E9 0009
@000024EA 0015
@000024EB FFFC
@000024EC 0011
@000024ED FFE2
@000024EE FFF8
@000024EF 0059
@000024F0 FFD6
@000024F1 FFF9
@000024F2 FFB6
@000024F3 0010
@000024F4 FFE6
@000024F5 FFE5
@000024F6 0009
@000024F7 0007
@000024F8 FFB4
@000024F9 FFFD
@000024FA 0027
@000024FB 000A
@000024FC FFB5
@000024FD 0011
@000024FE 0006
@000024FF FFFE
@00002500 FFDF
@00002501 003A
@00002502 0002
@00002503 FFFE
@00002504 002A
@00002505 FFDB
@00002506 0018
@00002507 FFCF
@00002508 000E
@00002509 001A
@0000250A FFFD
@0000250B 0003
@0000250C 0001
@0000250D FFFB
@0000250E 0002
@0000250F 0014
@00002510 FFF1
@00002511 000C
@00002512 FFF1
@00002513 FFB9
@00002514 FFEF
@00002515 FFDF
@00002516 002C
@00002517 FFE7
@00002518 FFF0
@00002519 FFF4
@0000251A FFD9
@0000251B 0000
@0000251C 0016
@0000251D FFE4
@0000251E 002A
@0000251F FFEA
@00002520 0038
@00002521 FFE2
@00002522 0004
@00002523 FFF1
@00002524 FFD0
@00002525 FFCF
@00002526 FFF1
@00002527 FFFE
@00002528 FFBF
@00002529 0001
@0000252A FFEE
@0000252B 0005
@0000252C FFE7
@0000252D FFF6
@0000252E 0004
@0000252F FFD9
@00002530 0026
@00002531 FFFD
@00002532 FFFC
@00002533 FFFB
@00002534 FFF2
@00002535 000B
@00002536 FFF3
@00002537 0004
@00002538 FFFA
@00002539 0008
@0000253A 000C
@0000253B FFFA
@0000253C 0022
@0000253D 0007
@0000253E FFEA
@0000253F FFFE
@00002540 000D
@00002541 0009
@00002542 FFF5
@00002543 000C
@00002544 0016
@00002545 0004
@00002546 FFDE
@00002547 FFE5
@00002548 0009
@00002549 FFE7
@0000254A FFF8
@0000254B FFE8
@0000254C 0003
@0000254D 0006
@0000254E FFF8
@0000254F 0010
@00002550 FFF7
@00002551 FFFF
@00002552 FFFB
@00002553 FFFC
@00002554 FFF0
@00002555 0009
@00002556 FFBF
@00002557 0014
@00002558 FFEC
@00002559 FFE7
@0000255A FFF4
@0000255B 0000
@0000255C FFFC
@0000255D FFD3
@0000255E FFF5
@0000255F FFE3
@00002560 FFFF
@00002561 FFEF
@00002562 0007
@00002563 FFE2
@00002564 0005
@00002565 FFEC
@00002566 FFE8
@00002567 FFC7
@00002568 0023
@00002569 000F
@0000256A 0023
@0000256B 0007
@0000256C FFE6
@0000256D 0001
@0000256E FFE2
@0000256F 0016
@00002570 001C
@00002571 FFDD
@00002572 000B
@00002573 0022
@00002574 FFE2
@00002575 002C
@00002576 FFF2
@00002577 0015
@00002578 FFF8
@00002579 FFCF
@0000257A 0011
@0000257B FFE4
@0000257C 0012
@0000257D FFE3
@0000257E FFDA
@0000257F 0000
@00002580 FFBB
@00002581 000C
@00002582 FFDC
@00002583 0024
@00002584 0025
@00002585 FFE7
@00002586 0002
@00002587 FFF8
@00002588 FFD8
@00002589 FFD5
@0000258A FFF8
@0000258B 0026
@0000258C FFC6
@0000258D FFF2
@0000258E 0014
@0000258F 000B
@00002590 0008
@00002591 FFFD
@00002592 FFC0
@00002593 FFD9
@00002594 FFED
@00002595 FFF9
@00002596 FFFD
@00002597 FFF2
@00002598 FFD4
@00002599 001A
@0000259A 0007
@0000259B FFF6
@0000259C FFEF
@0000259D 002E
@0000259E 0001
@0000259F 0025
@000025A0 001E
@000025A1 FFE9
@000025A2 FFF9
@000025A3 FFFA
@000025A4 0033
@000025A5 000A
@000025A6 FFD5
@000025A7 FFD4
@000025A8 FFF0
@000025A9 000E
@000025AA FFFD
@000025AB FFD9
@000025AC 0035
@000025AD FFD9
@000025AE 0005
@000025AF FFD4
@000025B0 FFFA
@000025B1 FFDF
@000025B2 FFE3
@000025B3 002A
@000025B4 0006
@000025B5 0032
@000025B6 000A
@000025B7 FFE8
@000025B8 FFF9
@000025B9 FFF8
@000025BA FFD1
@000025BB 001D
@000025BC FFC5
@000025BD 000F
@000025BE 0007
@000025BF FFFF
@000025C0 001E
@000025C1 001A
@000025C2 FFD1
@000025C3 0017
@000025C4 FFEA
@000025C5 000E
@000025C6 FFDB
@000025C7 0005
@000025C8 0005
@000025C9 FFEF
@000025CA 000B
@000025CB FFEE
@000025CC 001F
@000025CD FFFC
@000025CE 002C
@000025CF FFE6
@000025D0 FFD6
@000025D1 002D
@000025D2 0024
@000025D3 FFD7
@000025D4 FFFE
@000025D5 FFD2
@000025D6 FFF8
@000025D7 0000
@000025D8 FFD0
@000025D9 0014
@000025DA FFE8
@000025DB 0016
@000025DC FFE2
@000025DD FFD3
@000025DE 0036
@000025DF FFDB
@000025E0 0006
@000025E1 FFEB
@000025E2 004B
@000025E3 0000
@000025E4 FFE2
@000025E5 0010
@000025E6 FF99
@000025E7 0000
@000025E8 0005
@000025E9 FFCE
@000025EA 000D
@000025EB 0021
@000025EC FFDE
@000025ED FFD2
@000025EE FFF0
@000025EF 001F
@000025F0 FFF5
@000025F1 001B
@000025F2 0001
@000025F3 0019
@000025F4 000B
@000025F5 000C
@000025F6 FFED
@000025F7 FFF9
@000025F8 FFDF
@000025F9 0025
@000025FA 0013
@000025FB FFD6
@000025FC 0025
@000025FD 0006
@000025FE 0021
@000025FF FFFA
@00002600 FFF9
@00002601 004D
@00002602 000D
@00002603 FFEA
@00002604 FFF8
@00002605 0006
@00002606 0008
@00002607 0000
@00002608 0026
@00002609 0032
@0000260A 0000
@0000260B 000C
@0000260C 0005
@0000260D 0007
@0000260E FFFA
@0000260F FFF7
@00002610 0025
@00002611 0007
@00002612 0001
@00002613 0019
@00002614 FFD3
@00002615 FFED
@00002616 0008
@00002617 0022
@00002618 0011
@00002619 0024
@0000261A FFE2
@0000261B 000B
@0000261C FFDE
@0000261D 001F
@0000261E FFB8
@0000261F 0000
@00002620 FFE3
@00002621 0024
@00002622 0009
@00002623 FFF2
@00002624 FFBD
@00002625 FFB4
@00002626 001A
@00002627 001D
@00002628 FF9D
@00002629 000A
@0000262A FFFF
@0000262B 0004
@0000262C 0005
@0000262D 0037
@0000262E FFBD
@0000262F FFE9
@00002630 000E
@00002631 0027
@00002632 FFFD
@00002633 FFC9
@00002634 FFE2
@00002635 0032
@00002636 0002
@00002637 FFF6
@00002638 FFED
@00002639 FFDD
@0000263A FFFD
@0000263B 0027
@0000263C FFF4
@0000263D FFE3
@0000263E FFF8
@0000263F 001A
@00002640 FFEE
@00002641 FFFB
@00002642 FFFF
@00002643 0003
@00002644 0070
@00002645 FFFE
@00002646 0047
@00002647 0000
@00002648 0020
@00002649 FFF4
@0000264A 0011
@0000264B 0013
@0000264C 0000
@0000264D 0025
@0000264E FFDC
@0000264F FFEC
@00002650 0016
@00002651 0005
@00002652 0023
@00002653 FFE8
@00002654 0002
@00002655 FFD7
@00002656 0001
@00002657 FFCD
@00002658 FFF1
@00002659 0004
@0000265A FFE7
@0000265B FFF4
@0000265C 001E
@0000265D FFF8
@0000265E FFED
@0000265F FFE3
@00002660 FFDD
@00002661 0005
@00002662 0005
@00002663 FFDB
@00002664 0016
@00002665 001F
@00002666 FFFA
@00002667 FFFE
@00002668 0004
@00002669 FFF0
@0000266A FFEA
@0000266B 0007
@0000266C FFFC
@0000266D FFED
@0000266E FFEA
@0000266F FFFE
@00002670 0002
@00002671 0009
@00002672 0007
@00002673 FFDF
@00002674 0014
@00002675 FFDD
@00002676 FFDE
@00002677 FFF1
@00002678 0005
@00002679 FFE5
@0000267A FFFB
@0000267B FFFF
@0000267C 001B
@0000267D FFEE
@0000267E 0024
@0000267F FFF6
@00002680 000C
@00002681 000C
@00002682 0006
@00002683 002A
@00002684 FFE5
@00002685 FFF8
@00002686 FFF2
@00002687 FFE0
@00002688 FFDE
@00002689 001F
@0000268A 0002
@0000268B FFE3
@0000268C FFF7
@0000268D 000E
@0000268E FFF5
@0000268F FFE8
@00002690 001E
@00002691 FFD7
@00002692 0003
@00002693 FFFE
@00002694 002D
@00002695 0003
@00002696 0006
@00002697 0011
@00002698 FFDE
@00002699 0019
@0000269A FFE8
@0000269B FFDA
@0000269C 0002
@0000269D FFEB
@0000269E 000A
@0000269F 0001
@000026A0 FFF7
@000026A1 001E
@000026A2 FFE3
@000026A3 000D
@000026A4 0005
@000026A5 FFE8
@000026A6 0014
@000026A7 FFD4
@000026A8 FFF1
@000026A9 FFD4
@000026AA FFD5
@000026AB 0000
@000026AC 0003
@000026AD FFF8
@000026AE FFE2
@000026AF FFF3
@000026B0 0024
@000026B1 FFF4
@000026B2 FFE4
@000026B3 FFEE
@000026B4 FFDA
@000026B5 FFF2
@000026B6 002F
@000026B7 FFE9
@000026B8 FFDC
@000026B9 FFE3
@000026BA 002A
@000026BB 000C
@000026BC FFF2
@000026BD 0010
@000026BE FFE9
@000026BF FFFD
@000026C0 FFF1
@000026C1 FFFE
@000026C2 FFE3
@000026C3 FFDC
@000026C4 FFCF
@000026C5 001D
@000026C6 000F
@000026C7 FFEF
@000026C8 0000
@000026C9 0007
@000026CA 000D
@000026CB FFFC
@000026CC 001B
@000026CD FFC7
@000026CE 0000
@000026CF 001A
@000026D0 001F
@000026D1 002E
@000026D2 FFFE
@000026D3 FFD3
@000026D4 0006
@000026D5 0021
@000026D6 FFEF
@000026D7 FFF5
@000026D8 0011
@000026D9 FFD6
@000026DA FFFA
@000026DB FFEB
@000026DC 0005
@000026DD 0009
@000026DE FFD1
@000026DF 0017
@000026E0 0030
@000026E1 0024
@000026E2 FFF8
@000026E3 002B
@000026E4 FFE2
@000026E5 0022
@000026E6 FFE1
@000026E7 0011
@000026E8 FFE4
@000026E9 FFD9
@000026EA FFE5
@000026EB FFD6
@000026EC FFEE
@000026ED 0000
@000026EE 0001
@000026EF FFEA
@000026F0 FFDD
@000026F1 0032
@000026F2 FFC1
@000026F3 FFE7
@000026F4 001A
@000026F5 000B
@000026F6 0002
@000026F7 FFC8
@000026F8 001F
@000026F9 000A
@000026FA 0018
@000026FB FFE1
@000026FC 0008
@000026FD FFDE
@000026FE FFE9
@000026FF FFF7
@00002700 0009
@00002701 FFD5
@00002702 0002
@00002703 001A
@00002704 FFF5
@00002705 000D
@00002706 FFDC
@00002707 FFFE
@00002708 0008
@00002709 FFD9
@0000270A 003B
@0000270B FFDB
@0000270C FFE3
@0000270D FFCF
@0000270E 002F
@0000270F 0000
@00002710 FFEA
@00002711 0009
@00002712 0053
@00002713 0005
@00002714 FF90
@00002715 FFFA
@00002716 FFF7
@00002717 005C
@00002718 0012
@00002719 0041
@0000271A FFC2
@0000271B FFB9
@0000271C 0055
@0000271D FFE1
@0000271E FFD8
@0000271F FFEC
@00002720 004F
@00002721 0006
@00002722 0029
@00002723 0026
@00002724 008A
@00002725 0000
@00002726 0080
@00002727 0052
@00002728 FFF9
@00002729 FFD8
@0000272A FFAC
@0000272B 0044
@0000272C 0008
@0000272D FF8D
@0000272E FFA9
@0000272F 000C
@00002730 FF98
@00002731 002F
@00002732 001A
@00002733 FFB9
@00002734 FF92
@00002735 FFC2
@00002736 0039
@00002737 0081
@00002738 003B
@00002739 FF9B
@0000273A 001D
@0000273B 0040
@0000273C FFBD
@0000273D 0022
@0000273E 0027
@0000273F 0034
@00002740 FFB7
@00002741 0039
@00002742 0028
@00002743 FFC9
@00002744 FFBE
@00002745 FFA8
@00002746 FFF0
@00002747 0029
@00002748 FFD1
@00002749 FFCF
@0000274A 007C
@0000274B FFD0
@0000274C 0056
@0000274D FFE9
@0000274E 003E
@0000274F 000C
@00002750 0010
@00002751 005F
@00002752 FFCF
@00002753 002E
@00002754 0037
@00002755 FFBC
@00002756 0034
@00002757 0036
@00002758 002D
@00002759 0016
@0000275A 0069
@0000275B 003B
@0000275C FFC5
@0000275D FFA0
@0000275E FFCD
@0000275F FFC7
@00002760 0033
@00002761 0099
@00002762 FFFB
@00002763 0008
@00002764 0023
@00002765 0066
@00002766 0000
@00002767 FFF6
@00002768 003E
@00002769 0002
@0000276A 0023
@0000276B FFBE
@0000276C 0030
@0000276D 0031
@0000276E FFD2
@0000276F 0036
@00002770 0046
@00002771 0027
@00002772 FFE6
@00002773 0000
@00002774 0006
@00002775 0001
@00002776 000A
@00002777 FFFF
@00002778 0032
@00002779 FFE5
@0000277A FFBE
@0000277B FFFA
@0000277C FFE5
@0000277D FFEA
@0000277E 0030
@0000277F FFE1
@00002780 FFFB
@00002781 FFC9
@00002782 0037
@00002783 FFFF
@00002784 001D
@00002785 0031
@00002786 FFDD
@00002787 FFF7
@00002788 001C
@00002789 0005
@0000278A FFEE
@0000278B FFDF
@0000278C FFCF
@0000278D 001C
@0000278E 0000
@0000278F FFF0
@00002790 0016
@00002791 0005
@00002792 0014
@00002793 FFFD
@00002794 002A
@00002795 FFE4
@00002796 FFF2
@00002797 001D
@00002798 0017
@00002799 000D
@0000279A FFD6
@0000279B 0003
@0000279C FFEB
@0000279D 003B
@0000279E FFEF
@0000279F FFE9
@000027A0 001D
@000027A1 FFD4
@000027A2 FFCB
@000027A3 FFDF
@000027A4 FFF9
@000027A5 FFFA
@000027A6 FFE4
@000027A7 000D
@000027A8 0011
@000027A9 FFEF
@000027AA 0015
@000027AB 001E
@000027AC FFEF
@000027AD 0012
@000027AE FFE9
@000027AF 001E
@000027B0 FFF3
@000027B1 FFF2
@000027B2 FFFE
@000027B3 FFD8
@000027B4 0038
@000027B5 FFFF
@000027B6 FFFF
@000027B7 FFB3
@000027B8 FFF0
@000027B9 002E
@000027BA FFCE
@000027BB FFF5
@000027BC 0000
@000027BD 0008
@000027BE 0000
@000027BF FFEF
@000027C0 0011
@000027C1 0026
@000027C2 0002
@000027C3 FFF6
@000027C4 FFEE
@000027C5 FFD1
@000027C6 0000
@000027C7 FFCC
@000027C8 0010
@000027C9 0017
@000027CA 0024
@000027CB FFFC
@000027CC FFEF
@000027CD FFF0
@000027CE FFEC
@000027CF 0017
@000027D0 0005
@000027D1 0002
@000027D2 0018
@000027D3 0003
@000027D4 0003
@000027D5 FFEE
@000027D6 0051
@000027D7 0000
@000027D8 000D
@000027D9 FFF5
@000027DA FFEC
@000027DB FFFC
@000027DC 002E
@000027DD FFEA
@000027DE 0002
@000027DF FFFE
@000027E0 FFDF
@000027E1 FFDA
@000027E2 000C
@000027E3 003B
@000027E4 FFDC
@000027E5 0012
@000027E6 001A
@000027E7 FFE6
@000027E8 0001
@000027E9 FFFE
@000027EA FFE9
@000027EB 0009
@000027EC 0011
@000027ED FFF6
@000027EE FFE5
@000027EF FFE9
@000027F0 FFEE
@000027F1 0023
@000027F2 FFFF
@000027F3 FFFE
@000027F4 0008
@000027F5 000F
@000027F6 FFF6
@000027F7 FFEF
@000027F8 000B
@000027F9 FFF8
@000027FA FFFE
@000027FB 0003
@000027FC FFF8
@000027FD 0006
@000027FE 000A
@000027FF 0018
@00002800 0001
@00002801 0004
@00002802 FFEF
@00002803 FFEB
@00002804 0027
@00002805 0017
@00002806 FFE6
@00002807 FFF0
@00002808 001D
@00002809 FFE6
@0000280A FFD8
@0000280B 0011
@0000280C FFF1
@0000280D 000A
@0000280E 0021
@0000280F FFFF
@00002810 0002
@00002811 000A
@00002812 FFCA
@00002813 001C
@00002814 FFF1
@00002815 FFE8
@00002816 0005
@00002817 FFE0
@00002818 FFD9
@00002819 FFB6
@0000281A 0004
@0000281B FFD7
@0000281C FFFE
@0000281D 0000
@0000281E FFDB
@0000281F 0015
@00002820 FFF4
@00002821 000A
@00002822 FFE5
@00002823 FFDF
@00002824 0028
@00002825 0005
@00002826 000B
@00002827 FFE4
@00002828 FFFF
@00002829 002B
@0000282A 000D
@0000282B FFE1
@0000282C 0005
@0000282D FFD7
@0000282E 0000
@0000282F 0012
@00002830 FFED
@00002831 0003
@00002832 FFF8
@00002833 FFE3
@00002834 FFFD
@00002835 FFFB
@00002836 0007
@00002837 FFC6
@00002838 0005
@00002839 FFE8
@0000283A FFCF
@0000283B 0000
@0000283C 0001
@0000283D FFE3
@0000283E FFD9
@0000283F 0003
@00002840 0031
@00002841 000F
@00002842 FFFE
@00002843 FFF1
@00002844 FFFF
@00002845 FFEE
@00002846 0020
@00002847 FFFA
@00002848 FFE6
@00002849 0003
@0000284A 0017
@0000284B FFE8
@0000284C FFDE
@0000284D 0011
@0000284E FFF0
@0000284F FFEF
@00002850 0022
@00002851 FFE4
@00002852 FFDD
@00002853 FFD9
@00002854 FFF4
@00002855 0018
@00002856 FFE8
@00002857 FFE4
@00002858 0000
@00002859 0035
@0000285A 0009
@0000285B FFFA
@0000285C 002C
@0000285D FFED
@0000285E FFFF
@0000285F FFFB
@00002860 0002
@00002861 0023
@00002862 FFEC
@00002863 0007
@00002864 FFE0
@00002865 FFFF
@00002866 FFE4
@00002867 FFE2
@00002868 0023
@00002869 FFE8
@0000286A FFEC
@0000286B FFFC
@0000286C 0007
@0000286D 0002
@0000286E FFCB
@0000286F 0009
@00002870 002A
@00002871 FFFD
@00002872 0022
@00002873 0012
@00002874 0000
@00002875 001F
@00002876 FFFA
@00002877 001A
@00002878 FFE5
@00002879 FFE0
@0000287A FFE4
@0000287B FFE6
@0000287C FFF7
@0000287D 0004
@0000287E FFE7
@0000287F FFDC
@00002880 FFF9
@00002881 0025
@00002882 FFF5
@00002883 0011
@00002884 0005
@00002885 FFEB
@00002886 FFEA
@00002887 FFD5
@00002888 000C
@00002889 0004
@0000288A 0013
@0000288B 0020
@0000288C 000B
@0000288D FFC2
@0000288E FFDA
@0000288F FFEF
@00002890 000D
@00002891 FFDB
@00002892 FFF6
@00002893 0027
@00002894 FFE6
@00002895 0010
@00002896 0000
@00002897 FFF5
@00002898 001A
@00002899 FFF3
@0000289A 001B
@0000289B FFCD
@0000289C FFE7
@0000289D FFCA
@0000289E FFC1
@0000289F 0000
@000028A0 0008
@000028A1 FFFB
@000028A2 FFDA
@000028A3 000F
@000028A4 004D
@000028A5 FFCE
@000028A6 0015
@000028A7 000B
@000028A8 FFC6
@000028A9 FFDD
@000028AA 000C
@000028AB 0014
@000028AC FFC2
@000028AD FFE7
@000028AE 0010
@000028AF 0015
@000028B0 0034
@000028B1 0013
@000028B2 0001
@000028B3 0000
@000028B4 FFEB
@000028B5 0018
@000028B6 0012
@000028B7 FFD9
@000028B8 0007
@000028B9 0008
@000028BA 001F
@000028BB 000C
@000028BC FFF7
@000028BD 0016
@000028BE 001B
@000028BF 0004
@000028C0 0032
@000028C1 FFFD
@000028C2 FFFA
@000028C3 0022
@000028C4 0027
@000028C5 0014
@000028C6 FFE8
@000028C7 FFFF
@000028C8 000A
@000028C9 FFFD
@000028CA FFE6
@000028CB 0003
@000028CC 000A
@000028CD 0009
@000028CE FFE9
@000028CF FFFD
@000028D0 FFEF
@000028D1 0011
@000028D2 FFFC
@000028D3 0002
@000028D4 0019
@000028D5 0003
@000028D6 0008
@000028D7 FFED
@000028D8 FFEF
@000028D9 000A
@000028DA FFEB
@000028DB FFF9
@000028DC FFF4
@000028DD FFF4
@000028DE FFE4
@000028DF FFF8
@000028E0 FFFB
@000028E1 FFEB
@000028E2 0003
@000028E3 0005
@000028E4 000A
@000028E5 0007
@000028E6 FFF9
@000028E7 FFED
@000028E8 FFEF
@000028E9 FFFC
@000028EA FFD1
@000028EB FFDF
@000028EC FFF3
@000028ED 0010
@000028EE 0020
@000028EF FFFB
@000028F0 0013
@000028F1 0008
@000028F2 FFE2
@000028F3 FFF0
@000028F4 0015
@000028F5 FFFC
@000028F6 0013
@000028F7 0010
@000028F8 FFEC
@000028F9 0010
@000028FA FFF8
@000028FB FFF7
@000028FC 0018
@000028FD FFEB
@000028FE 0000
@000028FF FFC6
@00002900 0024
@00002901 FFDE
@00002902 0003
@00002903 0000
@00002904 FFF9
@00002905 FFF9
@00002906 FFBC
@00002907 0006
@00002908 FFFA
@00002909 FFE5
@0000290A FFD6
@0000290B FFF2
@0000290C FFF9
@0000290D FFD3
@0000290E 000A
@0000290F 0005
@00002910 FFDA
@00002911 FFFD
@00002912 001D
@00002913 0010
@00002914 FFF0
@00002915 0005
@00002916 FFED
@00002917 FFE5
@00002918 0007
@00002919 FFFE
@0000291A FFEC
@0000291B FFEE
@0000291C FFC5
@0000291D 0017
@0000291E 0010
@0000291F FFCB
@00002920 FFD4
@00002921 0018
@00002922 001E
@00002923 FFE9
@00002924 001B
@00002925 FFD8
@00002926 FFDD
@00002927 FFF2
@00002928 000A
@00002929 0019
@0000292A FFEF
@0000292B FFF1
@0000292C FFE6
@0000292D 001C
@0000292E FFDF
@0000292F FFF6
@00002930 000D
@00002931 FFEF
@00002932 FFF4
@00002933 FFCB
@00002934 FFFE
@00002935 0000
@00002936 FFCE
@00002937 001E
@00002938 001F
@00002939 0014
@0000293A FFF3
@0000293B FFE3
@0000293C 000E
@0000293D 0001
@0000293E FFE0
@0000293F 0041
@00002940 FFF0
@00002941 FFEE
@00002942 FFF8
@00002943 FFC2
@00002944 FFF1
@00002945 FFF7
@00002946 FFE8
@00002947 0004
@00002948 FFE1
@00002949 000C
@0000294A FFC5
@0000294B FFF0
@0000294C 0005
@0000294D FFF8
@0000294E 0013
@0000294F FFFB
@00002950 002B
@00002951 001C
@00002952 002F
@00002953 001D
@00002954 FFCB
@00002955 0003
@00002956 FFE2
@00002957 FFD4
@00002958 0016
@00002959 FFD8
@0000295A 0019
@0000295B 0028
@0000295C FFBD
@0000295D 0009
@0000295E FFF2
@0000295F FFF9
@00002960 FFED
@00002961 FFBB
@00002962 002A
@00002963 0002
@00002964 001B
@00002965 FFCB
@00002966 FFF9
@00002967 0000
@00002968 FFA5
@00002969 0053
@0000296A FFF8
@0000296B 0033
@0000296C FFB3
@0000296D 000F
@0000296E FFF4
@0000296F FFE8
@00002970 0023
@00002971 FFDE
@00002972 001F
@00002973 FFE8
@00002974 000C
@00002975 FFEC
@00002976 0012
@00002977 FFDF
@00002978 FFFC
@00002979 000A
@0000297A FFF1
@0000297B FFBE
@0000297C 0010
@0000297D FFE5
@0000297E FFE8
@0000297F FFF6
@00002980 FFD1
@00002981 0034
@00002982 0018
@00002983 FFD9
@00002984 FFFC
@00002985 FFF9
@00002986 0024
@00002987 0035
@00002988 000C
@00002989 FFDE
@0000298A 0011
@0000298B FFFC
@0000298C 0008
@0000298D FFF9
@0000298E FFC4
@0000298F 000F
@00002990 FFEC
@00002991 001B
@00002992 FFD8
@00002993 FFE7
@00002994 0026
@00002995 FFD1
@00002996 FFDD
@00002997 FFCB
@00002998 FFFF
@00002999 0008
@0000299A FFF5
@0000299B 0046
@0000299C FFFF
@0000299D 001F
@0000299E 0005
@0000299F FFC2
@000029A0 FFF6
@000029A1 0005
@000029A2 000A
@000029A3 0038
@000029A4 FFEB
@000029A5 0001
@000029A6 FFEC
@000029A7 FFBF
@000029A8 0007
@000029A9 0009
@000029AA 0017
@000029AB FFF2
@000029AC 0004
@000029AD 0009
@000029AE FFC0
@000029AF FFFA
@000029B0 FFFE
@000029B1 FFD4
@000029B2 FFF3
@000029B3 0011
@000029B4 001D
@000029B5 0002
@000029B6 001D
@000029B7 0017
@000029B8 FFED
@000029B9 FFF0
@000029BA FFF7
@000029BB FFE8
@000029BC 0001
@000029BD FFC6
@000029BE 0010
@000029BF 0024
@000029C0 FFD6
@000029C1 0000
@000029C2 FFF0
@000029C3 FFFC
@000029C4 0015
@000029C5 FFB1
@000029C6 0040
@000029C7 FFE6
@000029C8 FFE3
@000029C9 FFCB
@000029CA FFD5
@000029CB 0000
@000029CC 0008
@000029CD 0013
@000029CE FFF3
@000029CF FFEF
@000029D0 0029
@000029D1 FFF4
@000029D2 FFFF
@000029D3 FFF6
@000029D4 0010
@000029D5 FFDF
@000029D6 FFE9
@000029D7 FFFE
@000029D8 FFF1
@000029D9 0004
@000029DA 0009
@000029DB FFF9
@000029DC 000D
@000029DD 000A
@000029DE 0000
@000029DF FFEF
@000029E0 0024
@000029E1 FFFC
@000029E2 0009
@000029E3 0002
@000029E4 FFFC
@000029E5 001D
@000029E6 000D
@000029E7 FFDF
@000029E8 0005
@000029E9 0034
@000029EA 0013
@000029EB FFFE
@000029EC FFFF
@000029ED FFDF
@000029EE 0000
@000029EF FFFA
@000029F0 0019
@000029F1 FFE9
@000029F2 FFF5
@000029F3 0021
@000029F4 0009
@000029F5 FFF5
@000029F6 FFFA
@000029F7 FFE3
@000029F8 002F
@000029F9 FFF1
@000029FA FFDD
@000029FB FFF3
@000029FC FFFB
@000029FD 000D
@000029FE FFE1
@000029FF 0017
@00002A00 0019
@00002A01 FFE1
@00002A02 0001
@00002A03 FFE2
@00002A04 0009
@00002A05 FFF4
@00002A06 FFFD
@00002A07 0018
@00002A08 FFE1
@00002A09 FFE7
@00002A0A 0003
@00002A0B FFF1
@00002A0C FFDB
@00002A0D FFEA
@00002A0E FFEB
@00002A0F FFF8
@00002A10 0007
@00002A11 FFFA
@00002A12 FFE6
@00002A13 FFEE
@00002A14 FFFB
@00002A15 FFFE
@00002A16 FFE8
@00002A17 FFE6
@00002A18 0002
@00002A19 0009
@00002A1A 0011
@00002A1B 000B
@00002A1C FFF4
@00002A1D FFFF
@00002A1E FFE6
@00002A1F FFE0
@00002A20 0023
@00002A21 FFF3
@00002A22 000C
@00002A23 0012
@00002A24 FFE7
@00002A25 0018
@00002A26 FFF8
@00002A27 000C
@00002A28 0014
@00002A29 FFF2
@00002A2A 000F
@00002A2B FFC8
@00002A2C 0015
@00002A2D 0005
@00002A2E FFD4
@00002A2F 0000
@00002A30 FFE2
@00002A31 000F
@00002A32 FFFE
@00002A33 FFE7
@00002A34 0011
@00002A35 FFFD
@00002A36 000A
@00002A37 000E
@00002A38 0005
@00002A39 FFDC
@00002A3A FFEA
@00002A3B FFE9
@00002A3C FFF1
@00002A3D 0003
@00002A3E 0013
@00002A3F FFF3
@00002A40 000A
@00002A41 0010
@00002A42 0006
@00002A43 FFFD
@00002A44 FFF2
@00002A45 000A
@00002A46 FFEB
@00002A47 FFEE
@00002A48 FFF5
@00002A49 FFFC
@00002A4A 0012
@00002A4B 0006
@00002A4C FFDB
@00002A4D 0002
@00002A4E 0027
@00002A4F FFFB
@00002A50 000D
@00002A51 FFE5
@00002A52 FFF7
@00002A53 0000
@00002A54 000A
@00002A55 0014
@00002A56 FFE7
@00002A57 FFDF
@00002A58 FFE4
@00002A59 FFF5
@00002A5A FFE8
@00002A5B 0005
@00002A5C 001E
@00002A5D 0000
@00002A5E 0002
@00002A5F 000E
@00002A60 0015
@00002A61 000C
@00002A62 FFEF
@00002A63 001D
@00002A64 0018
@00002A65 0012
@00002A66 FFE5
@00002A67 0019
@00002A68 0017
@00002A69 000F
@00002A6A FFDA
@00002A6B 001A
@00002A6C FFD6
@00002A6D 0003
@00002A6E 0005
@00002A6F 0005
@00002A70 FFFC
@00002A71 0012
@00002A72 0016
@00002A73 FFD7
@00002A74 0006
@00002A75 0016
@00002A76 FFEE
@00002A77 0005
@00002A78 0000
@00002A79 FFF5
@00002A7A 0026
@00002A7B FFE5
@00002A7C 0014
@00002A7D 0011
@00002A7E 0025
@00002A7F FFEB
@00002A80 FFFB
@00002A81 000D
@00002A82 000C
@00002A83 FFD7
@00002A84 0003
@00002A85 FFE6
@00002A86 0015
@00002A87 0019
@00002A88 FFE7
@00002A89 0002
@00002A8A FFD8
@00002A8B FFFE
@00002A8C 0007
@00002A8D FFF5
@00002A8E 0019
@00002A8F FFFC
@00002A90 FFF2
@00002A91 FFEC
@00002A92 002E
@00002A93 0000
@00002A94 FFC0
@00002A95 0009
@00002A96 006B
@00002A97 0003
@00002A98 0029
@00002A99 FFD1
@00002A9A FFCD
@00002A9B 002D
@00002A9C FFAE
@00002A9D FFE5
@00002A9E 001B
@00002A9F FFAF
@00002AA0 FFC7
@00002AA1 0007
@00002AA2 0016
@00002AA3 FFFB
@00002AA4 001F
@00002AA5 0010
@00002AA6 FFF4
@00002AA7 FFDB
@00002AA8 FF94
@00002AA9 0003
@00002AAA 000B
@00002AAB FFA8
@00002AAC FFFB
@00002AAD 0032
@00002AAE FFF5
@00002AAF FFB2
@00002AB0 FFDE
@00002AB1 0017
@00002AB2 FFFF
@00002AB3 FFEE
@00002AB4 0029
@00002AB5 FFCB
@00002AB6 FFFA
@00002AB7 FFFA
@00002AB8 0020
@00002AB9 FFDA
@00002ABA FFBF
@00002ABB FFC8
@00002ABC FFF2
@00002ABD 0008
@00002ABE FFB3
@00002ABF FFEE
@00002AC0 002C
@00002AC1 FFD1
@00002AC2 FFE1
@00002AC3 FFD6
@00002AC4 002C
@00002AC5 FFD4
@00002AC6 FFD3
@00002AC7 0019
@00002AC8 000D
@00002AC9 0008
@00002ACA FFEA
@00002ACB FFD9
@00002ACC FFFB
@00002ACD 001B
@00002ACE FFD3
@00002ACF 0030
@00002AD0 FFE1
@00002AD1 FFE4
@00002AD2 FFF0
@00002AD3 FFE3
@00002AD4 008A
@00002AD5 FFF2
@00002AD6 FFEF
@00002AD7 FFF1
@00002AD8 000A
@00002AD9 001F
@00002ADA FFEB
@00002ADB FFF0
@00002ADC FFFD
@00002ADD FFDE
@00002ADE FFE7
@00002ADF FFF8
@00002AE0 0019
@00002AE1 000F
@00002AE2 0024
@00002AE3 0007
@00002AE4 0006
@00002AE5 0043
@00002AE6 002B
@00002AE7 FFFB
@00002AE8 FFF4
@00002AE9 0007
@00002AEA 0041
@00002AEB 0004
@00002AEC FFDB
@00002AED 0002
@00002AEE FFAD
@00002AEF 0016
@00002AF0 FFFF
@00002AF1 FFE0
@00002AF2 0055
@00002AF3 FFEA
@00002AF4 0005
@00002AF5 FFDA
@00002AF6 007B
@00002AF7 0000
@00002AF8 001A
@00002AF9 FFF8
@00002AFA FFE0
@00002AFB FFF8
@00002AFC 001F
@00002AFD 0013
@00002AFE FFD8
@00002AFF 000B
@00002B00 FFFD
@00002B01 FFC7
@00002B02 0018
@00002B03 0002
@00002B04 FFEC
@00002B05 FFFC
@00002B06 002A
@00002B07 FFED
@00002B08 FFDF
@00002B09 0017
@00002B0A FFFB
@00002B0B FFE4
@00002B0C FFEA
@00002B0D 000C
@00002B0E FFF2
@00002B0F FFE1
@00002B10 FFED
@00002B11 001E
@00002B12 0008
@00002B13 0005
@00002B14 0008
@00002B15 0015
@00002B16 001D
@00002B17 001A
@00002B18 FFFB
@00002B19 FFF4
@00002B1A FFF9
@00002B1B FFF5
@00002B1C 0014
@00002B1D 0003
@00002B1E FFE6
@00002B1F FFEE
@00002B20 FFF6
@00002B21 0004
@00002B22 FFF0
@00002B23 FFFC
@00002B24 001E
@00002B25 FFE4
@00002B26 FFCE
@00002B27 0010
@00002B28 0003
@00002B29 FFFA
@00002B2A FFC8
@00002B2B 0039
@00002B2C 000D
@00002B2D 001B
@00002B2E FFF5
@00002B2F 0025
@00002B30 0000
@00002B31 001C
@00002B32 000D
@00002B33 000E
@00002B34 FFEE
@00002B35 FFF5
@00002B36 FFF7
@00002B37 FFD0
@00002B38 FFF3
@00002B39 000F
@00002B3A FFE9
@00002B3B 0002
@00002B3C 0008
@00002B3D 002F
@00002B3E FFC8
@00002B3F FFE1
@00002B40 0017
@00002B41 FFDF
@00002B42 0013
@00002B43 FFC5
@00002B44 FFFE
@00002B45 001A
@00002B46 000E
@00002B47 FFF1
@00002B48 FFED
@00002B49 0014
@00002B4A FFE3
@00002B4B 0005
@00002B4C 002A
@00002B4D 0005
@00002B4E 0021
@00002B4F 000A
@00002B50 FFF8
@00002B51 0008
@00002B52 0000
@00002B53 FFFF
@00002B54 000C
@00002B55 FFCA
@00002B56 001C
@00002B57 FFF5
@00002B58 FFE5
@00002B59 FFD4
@00002B5A FFF7
@00002B5B 0000
@00002B5C 0010
@00002B5D FFE8
@00002B5E FFDC
@00002B5F FFEF
@00002B60 0017
@00002B61 0044
@00002B62 001B
@00002B63 FFE7
@00002B64 0022
@00002B65 FFB9
@00002B66 0028
@00002B67 0075
@00002B68 FFF5
@00002B69 FFEB
@00002B6A 0029
@00002B6B FFED
@00002B6C FFCF
@00002B6D FFD8
@00002B6E FFD6
@00002B6F FFE9
@00002B70 0029
@00002B71 FFB1
@00002B72 0010
@00002B73 FFEE
@00002B74 FFBC
@00002B75 0048
@00002B76 0009
@00002B77 FFF2
@00002B78 FFE2
@00002B79 FFB2
@00002B7A 0039
@00002B7B FFFC
@00002B7C 0016
@00002B7D 000A
@00002B7E FFE7
@00002B7F 0022
@00002B80 0026
@00002B81 0036
@00002B82 FFD4
@00002B83 FFF6
@00002B84 FFFC
@00002B85 0013
@00002B86 FFED
@00002B87 FFD6
@00002B88 FFFA
@00002B89 0006
@00002B8A FFEF
@00002B8B FFDD
@00002B8C 001C
@00002B8D 0002
@00002B8E FFD7
@00002B8F 0042
@00002B90 FFEB
@00002B91 0042
@00002B92 0005
@00002B93 FFFA
@00002B94 0019
@00002B95 FFEC
@00002B96 FFD4
@00002B97 0035
@00002B98 FFEC
@00002B99 0016
@00002B9A 0019
@00002B9B FFD4
@00002B9C FFD1
@00002B9D 0024
@00002B9E 0003
@00002B9F 0007
@00002BA0 0069
@00002BA1 001F
@00002BA2 FFEE
@00002BA3 FFB7
@00002BA4 0003
@00002BA5 000E
@00002BA6 0015
@00002BA7 FFF5
@00002BA8 001E
@00002BA9 FFE0
@00002BAA 0027
@00002BAB 000F
@00002BAC FFFF
@00002BAD 000C
@00002BAE FFE9
@00002BAF FFF6
@00002BB0 FFE6
@00002BB1 FFBB
@00002BB2 000B
@00002BB3 0035
@00002BB4 FFDB
@00002BB5 FFE0
@00002BB6 0004
@00002BB7 001F
@00002BB8 001D
@00002BB9 FFC7
@00002BBA 000D
@00002BBB FFD2
@00002BBC FF99
@00002BBD FFC4
@00002BBE FF99
@00002BBF 0000
@00002BC0 FFE5
@00002BC1 0007
@00002BC2 001A
@00002BC3 FFF4
@00002BC4 0025
@00002BC5 0012
@00002BC6 FFD6
@00002BC7 0005
@00002BC8 0020
@00002BC9 000B
@00002BCA 0019
@00002BCB FFE5
@00002BCC FFFA
@00002BCD FFF2
@00002BCE 002B
@00002BCF FFEE
@00002BD0 FFF3
@00002BD1 0011
@00002BD2 0002
@00002BD3 FFE6
@00002BD4 FFEC
@00002BD5 0008
@00002BD6 FFE7
@00002BD7 FFF3
@00002BD8 FFE7
@00002BD9 FFF6
@00002BDA FFF9
@00002BDB FFE3
@00002BDC 0008
@00002BDD FFEA
@00002BDE 002A
@00002BDF FFF7
@00002BE0 0009
@00002BE1 0005
@00002BE2 000F
@00002BE3 0019
@00002BE4 0008
@00002BE5 FFF1
@00002BE6 FFFF
@00002BE7 002C
@00002BE8 FFF6
@00002BE9 0016
@00002BEA FFD9
@00002BEB FFD2
@00002BEC 0017
@00002BED FFF9
@00002BEE 0003
@00002BEF FFE7
@00002BF0 FFFD
@00002BF1 0005
@00002BF2 FFF5
@00002BF3 FFF7
@00002BF4 FFF8
@00002BF5 0013
@00002BF6 FFFF
@00002BF7 0007
@00002BF8 FFFE
@00002BF9 001B
@00002BFA FFF2
@00002BFB 000A
@00002BFC FFED
@00002BFD FFFB
@00002BFE FFF8
@00002BFF FFE0
@00002C00 0040
@00002C01 001B
@00002C02 FFFC
@00002C03 FFEA
@00002C04 0028
@00002C05 0011
@00002C06 FFD6
@00002C07 0004
@00002C08 0022
@00002C09 FFF8
@00002C0A 0012
@00002C0B FFDD
@00002C0C 0018
@00002C0D FFEB
@00002C0E 0013
@00002C0F 0020
@00002C10 FFEC
@00002C11 0018
@00002C12 0016
@00002C13 FFD8
@00002C14 001C
@00002C15 FFEA
@00002C16 0036
@00002C17 001A
@00002C18 0000
@00002C19 000C
@00002C1A FFE8
@00002C1B FFEC
@00002C1C 0011
@00002C1D FFF6
@00002C1E 000F
@00002C1F FFE2
@00002C20 FFFF
@00002C21 0007
@00002C22 FFFD
@00002C23 0000
@00002C24 0007
@00002C25 FFF8
@00002C26 FFED
@00002C27 FFEA
@00002C28 0037
@00002C29 FFEF
@00002C2A 000F
@00002C2B 0012
@00002C2C FFE1
@00002C2D FFD8
@00002C2E 0004
@00002C2F 001D
@00002C30 FFF6
@00002C31 002B
@00002C32 FFE5
@00002C33 FFFF
@00002C34 000C
@00002C35 0016
@00002C36 0014
@00002C37 FFF4
@00002C38 FFE6
@00002C39 FFF4
@00002C3A FFFB
@00002C3B FFDF
@00002C3C FFEF
@00002C3D 0007
@00002C3E 0003
@00002C3F FFEA
@00002C40 FFF2
@00002C41 0024
@00002C42 0001
@00002C43 FFD1
@00002C44 000E
@00002C45 FFF1
@00002C46 0007
@00002C47 FFFA
@00002C48 0021
@00002C49 0037
@00002C4A FFF9
@00002C4B 0009
@00002C4C FFF7
@00002C4D FFD7
@00002C4E 0008
@00002C4F FFE3
@00002C50 002A
@00002C51 FFFE
@00002C52 FFDF
@00002C53 0016
@00002C54 FFE7
@00002C55 FFEF
@00002C56 FFE6
@00002C57 FFFB
@00002C58 FFFF
@00002C59 FFF0
@00002C5A 0010
@00002C5B FFF7
@00002C5C 0009
@00002C5D 0015
@00002C5E FFC1
@00002C5F FFFE
@00002C60 0002
@00002C61 0007
@00002C62 FFE9
@00002C63 FFF8
@00002C64 FFFA
@00002C65 FFA8
@00002C66 0009
@00002C67 001A
@00002C68 FFD8
@00002C69 000D
@00002C6A 0008
@00002C6B 0011
@00002C6C FFF8
@00002C6D 0010
@00002C6E FFBE
@00002C6F FFE5
@00002C70 0005
@00002C71 0008
@00002C72 FFF9
@00002C73 FFEB
@00002C74 FFF5
@00002C75 FFDE
@00002C76 FFE1
@00002C77 000F
@00002C78 FFF1
@00002C79 0002
@00002C7A 0009
@00002C7B FFFC
@00002C7C FFF5
@00002C7D 0002
@00002C7E FFDF
@00002C7F FFEB
@00002C80 FFF1
@00002C81 FFDF
@00002C82 0010
@00002C83 FFD7
@00002C84 0008
@00002C85 FFE0
@00002C86 FFE1
@00002C87 0000
@00002C88 FFF3
@00002C89 FFE4
@00002C8A FFEB
@00002C8B FFE3
@00002C8C 0024
@00002C8D 0010
@00002C8E FFE2
@00002C8F FFDC
@00002C90 0011
@00002C91 FFF6
@00002C92 000D
@00002C93 0006
@00002C94 FFEC
@00002C95 0005
@00002C96 001A
@00002C97 FFF0
@00002C98 FFE4
@00002C99 0023
@00002C9A FFE1
@00002C9B 0001
@00002C9C 0022
@00002C9D FFF6
@00002C9E 0013
@00002C9F 000C
@00002CA0 FFEE
@00002CA1 FFFB
@00002CA2 0010
@00002CA3 0000
@00002CA4 FFFC
@00002CA5 0009
@00002CA6 0029
@00002CA7 0019
@00002CA8 0000
@00002CA9 FFE2
@00002CAA FFFB
@00002CAB FFED
@00002CAC FFF4
@00002CAD FFE0
@00002CAE FFEB
@00002CAF 002A
@00002CB0 FFFC
@00002CB1 FFFB
@00002CB2 0009
@00002CB3 0000
@00002CB4 FFFF
@00002CB5 0000
@00002CB6 000B
@00002CB7 FFEA
@00002CB8 0017
@00002CB9 FFF5
@00002CBA FFEC
@00002CBB 000F
@00002CBC 001F
@00002CBD 0005
@00002CBE 001A
@00002CBF 0003
@00002CC0 0005
@00002CC1 001D
@00002CC2 FFEB
@00002CC3 0022
@00002CC4 0001
@00002CC5 FFE8
@00002CC6 FFF6
@00002CC7 FFE7
@00002CC8 000F
@00002CC9 0006
@00002CCA FFF7
@00002CCB FFD6
@00002CCC 0027
@00002CCD 0005
@00002CCE FFF4
@00002CCF 000E
@00002CD0 0030
@00002CD1 FFE8
@00002CD2 0018
@00002CD3 FFEF
@00002CD4 000E
@00002CD5 0018
@00002CD6 FFF0
@00002CD7 0015
@00002CD8 FFE4
@00002CD9 FFE8
@00002CDA FFF8
@00002CDB FFF8
@00002CDC 0002
@00002CDD FFF1
@00002CDE 0024
@00002CDF 000A
@00002CE0 000D
@00002CE1 000D
@00002CE2 0009
@00002CE3 FFFB
@00002CE4 FFFF
@00002CE5 000D
@00002CE6 0009
@00002CE7 0003
@00002CE8 FFEB
@00002CE9 FFDC
@00002CEA 0015
@00002CEB 0000
@00002CEC 0008
@00002CED 0005
@00002CEE FFFA
@00002CEF 0018
@00002CF0 000F
@00002CF1 FFF6
@00002CF2 FFE5
@00002CF3 0002
@00002CF4 FFFA
@00002CF5 FFE4
@00002CF6 001B
@00002CF7 FFFB
@00002CF8 FFC8
@00002CF9 FFE3
@00002CFA FFFE
@00002CFB 0007
@00002CFC FFF3
@00002CFD FFF2
@00002CFE 000F
@00002CFF FFD9
@00002D00 FFFC
@00002D01 FFF7
@00002D02 0001
@00002D03 FFDA
@00002D04 FFDF
@00002D05 0004
@00002D06 FFFC
@00002D07 FFE4
@00002D08 001A
@00002D09 0020
@00002D0A 000F
@00002D0B FFEB
@00002D0C 000F
@00002D0D FFE6
@00002D0E FFEB
@00002D0F 000C
@00002D10 0019
@00002D11 0004
@00002D12 FFDD
@00002D13 0017
@00002D14 000B
@00002D15 0011
@00002D16 FFE9
@00002D17 FFE6
@00002D18 0025
@00002D19 FFE3
@00002D1A 0011
@00002D1B FFEA
@00002D1C 001B
@00002D1D FFE8
@00002D1E FFEA
@00002D1F 000E
@00002D20 0013
@00002D21 000A
@00002D22 0009
@00002D23 0013
@00002D24 0011
@00002D25 001A
@00002D26 FFF6
@00002D27 0024
@00002D28 FFFE
@00002D29 FFFB
@00002D2A FFF2
@00002D2B FFE9
@00002D2C FFEC
@00002D2D 000F
@00002D2E FFE8
@00002D2F 001A
@00002D30 000E
@00002D31 FFF1
@00002D32 FFFB
@00002D33 0007
@00002D34 0014
@00002D35 FFF5
@00002D36 FFF7
@00002D37 FFEB
@00002D38 FFFF
@00002D39 0006
@00002D3A 0016
@00002D3B FFF4
@00002D3C FFF5
@00002D3D FFE9
@00002D3E 0014
@00002D3F FFE2
@00002D40 0001
@00002D41 0006
@00002D42 000B
@00002D43 0016
@00002D44 FFD7
@00002D45 0022
@00002D46 FFF6
@00002D47 001F
@00002D48 0004
@00002D49 FFDA
@00002D4A 0020
@00002D4B 0001
@00002D4C 0009
@00002D4D FFE6
@00002D4E 000E
@00002D4F 0000
@00002D50 FFF8
@00002D51 0001
@00002D52 FFFE
@00002D53 0021
@00002D54 002D
@00002D55 0008
@00002D56 000A
@00002D57 FFFF
@00002D58 FFE2
@00002D59 0006
@00002D5A 0007
@00002D5B FFFC
@00002D5C FFCA
@00002D5D FFE6
@00002D5E 0017
@00002D5F FFEE
@00002D60 0002
@00002D61 0014
@00002D62 FFEC
@00002D63 FFFB
@00002D64 0005
@00002D65 0013
@00002D66 FFF8
@00002D67 FFF9
@00002D68 FFF7
@00002D69 0025
@00002D6A FFFF
@00002D6B FFFE
@00002D6C FFD3
@00002D6D FFE9
@00002D6E FFEF
@00002D6F FFE7
@00002D70 0025
@00002D71 FFE3
@00002D72 0012
@00002D73 001D
@00002D74 001D
@00002D75 FFF5
@00002D76 0002
@00002D77 001B
@00002D78 FFE2
@00002D79 FFEF
@00002D7A FFD7
@00002D7B FFD6
@00002D7C 002E
@00002D7D FFF7
@00002D7E FFE7
@00002D7F FFE7
@00002D80 001A
@00002D81 FFF1
@00002D82 FFF2
@00002D83 0007
@00002D84 0009
@00002D85 0033
@00002D86 0010
@00002D87 0028
@00002D88 0007
@00002D89 FFFA
@00002D8A FFF9
@00002D8B 0024
@00002D8C FFD3
@00002D8D FFD7
@00002D8E 0011
@00002D8F FFE4
@00002D90 0017
@00002D91 FFDC
@00002D92 FFF1
@00002D93 FFFB
@00002D94 0007
@00002D95 FFEA
@00002D96 FFF0
@00002D97 FFE1
@00002D98 FFE6
@00002D99 0002
@00002D9A 0004
@00002D9B FFD5
@00002D9C 000B
@00002D9D FFD6
@00002D9E FFFD
@00002D9F FFFC
@00002DA0 FFFA
@00002DA1 0006
@00002DA2 0006
@00002DA3 FFF7
@00002DA4 001A
@00002DA5 0001
@00002DA6 0024
@00002DA7 0023
@00002DA8 FFE0
@00002DA9 0000
@00002DAA FFF6
@00002DAB FFE0
@00002DAC 0008
@00002DAD FFF7
@00002DAE 002C
@00002DAF FFCB
@00002DB0 FFF8
@00002DB1 FFD1
@00002DB2 FFEE
@00002DB3 0000
@00002DB4 0006
@00002DB5 0041
@00002DB6 FFEF
@00002DB7 0022
@00002DB8 FFC8
@00002DB9 0012
@00002DBA FFF7
@00002DBB FFF2
@00002DBC FFF7
@00002DBD 000A
@00002DBE FFFF
@00002DBF 0055
@00002DC0 FFD7
@00002DC1 FFEF
@00002DC2 0008
@00002DC3 FFFB
@00002DC4 0033
@00002DC5 FFFD
@00002DC6 FFED
@00002DC7 FFCE
@00002DC8 FFF8
@00002DC9 0001
@00002DCA FFF8
@00002DCB FFFD
@00002DCC FFF5
@00002DCD 000F
@00002DCE 000B
@00002DCF FFEB
@00002DD0 FFFD
@00002DD1 FFF4
@00002DD2 FFF3
@00002DD3 0000
@00002DD4 FFF3
@00002DD5 0004
@00002DD6 FFE6
@00002DD7 FFFE
@00002DD8 FFE3
@00002DD9 0003
@00002DDA FFD3
@00002DDB 004F
@00002DDC FFE3
@00002DDD 0020
@00002DDE FFF9
@00002DDF FFF5
@00002DE0 000A
@00002DE1 0003
@00002DE2 FFF6
@00002DE3 FFF5
@00002DE4 0011
@00002DE5 FFFB
@00002DE6 FFF7
@00002DE7 0034
@00002DE8 FFF3
@00002DE9 FFC1
@00002DEA 0004
@00002DEB FFB8
@00002DEC FFEE
@00002DED 0009
@00002DEE FFFB
@00002DEF 001C
@00002DF0 FFEC
@00002DF1 FFEB
@00002DF2 FFF3
@00002DF3 FFEF
@00002DF4 001D
@00002DF5 FFFB
@00002DF6 FFD6
@00002DF7 FFE4
@00002DF8 0050
@00002DF9 FFEB
@00002DFA FFFC
@00002DFB FFF1
@00002DFC 0007
@00002DFD FFD3
@00002DFE FFE9
@00002DFF FFF7
@00002E00 FFF4
@00002E01 0017
@00002E02 FFFE
@00002E03 0027
@00002E04 FFEF
@00002E05 FFBB
@00002E06 000E
@00002E07 FFF9
@00002E08 FFFF
@00002E09 0018
@00002E0A 0007
@00002E0B 0008
@00002E0C FFF6
@00002E0D FFE5
@00002E0E FFF0
@00002E0F FFFC
@00002E10 FFF7
@00002E11 FFCF
@00002E12 0015
@00002E13 0024
@00002E14 000E
@00002E15 FFF8
@00002E16 FFDE
@00002E17 0000
@00002E18 FFFF
@00002E19 0027
@00002E1A FF38
@00002E1B 001C
@00002E1C FFD0
@00002E1D 0055
@00002E1E 0011
@00002E1F FFEF
@00002E20 005F
@00002E21 FFF2
@00002E22 FFFD
@00002E23 00CF
@00002E24 000D
@00002E25 0006
@00002E26 002B
@00002E27 0017
@00002E28 FFAD
@00002E29 FFF0
@00002E2A FFDC
@00002E2B 0026
@00002E2C 000B
@00002E2D FFE1
@00002E2E 0014
@00002E2F 002B
@00002E30 0017
@00002E31 FFE2
@00002E32 FFE4
@00002E33 0021
@00002E34 000E
@00002E35 0033
@00002E36 FFF2
@00002E37 0031
@00002E38 FFDA
@00002E39 000F
@00002E3A FFE8
@00002E3B 0022
@00002E3C 002F
@00002E3D 0024
@00002E3E 0016
@00002E3F FFF8
@00002E40 FFEB
@00002E41 000B
@00002E42 0020
@00002E43 FFE8
@00002E44 FFCD
@00002E45 000D
@00002E46 002E
@00002E47 FFCA
@00002E48 0006
@00002E49 0014
@00002E4A 003B
@00002E4B FFEA
@00002E4C FFFD
@00002E4D 008C
@00002E4E FFFE
@00002E4F 0059
@00002E50 FFFB
@00002E51 FFF8
@00002E52 FFE3
@00002E53 FFEE
@00002E54 001E
@00002E55 FFF2
@00002E56 0022
@00002E57 002D
@00002E58 FFDA
@00002E59 001C
@00002E5A FFB0
@00002E5B 0047
@00002E5C 0011
@00002E5D FFDD
@00002E5E 0034
@00002E5F FFB6
@00002E60 FFEF
@00002E61 001F
@00002E62 0024
@00002E63 0038
@00002E64 FFF9
@00002E65 FFEA
@00002E66 001D
@00002E67 0024
@00002E68 FFDB
@00002E69 0036
@00002E6A 005E
@00002E6B 0031
@00002E6C FFEB
@00002E6D FFAD
@00002E6E 0011
@00002E6F FFCA
@00002E70 000B
@00002E71 FFEC
@00002E72 0038
@00002E73 000B
@00002E74 0015
@00002E75 0008
@00002E76 FFC5
@00002E77 FFEB
@00002E78 FF85
@00002E79 0006
@00002E7A 001B
@00002E7B 0000
@00002E7C 0011
@00002E7D 0002
@00002E7E FFF7
@00002E7F 0007
@00002E80 000A
@00002E81 0017
@00002E82 000B
@00002E83 FFDB
@00002E84 0017
@00002E85 FFD2
@00002E86 0026
@00002E87 FFF3
@00002E88 FFC4
@00002E89 000B
@00002E8A 002B
@00002E8B 0002
@00002E8C FFE7
@00002E8D 0015
@00002E8E 0002
@00002E8F FFF9
@00002E90 000E
@00002E91 FFEB
@00002E92 FFDD
@00002E93 FFD4
@00002E94 FFEA
@00002E95 001D
@00002E96 0008
@00002E97 FFE6
@00002E98 FFFC
@00002E99 FFFE
@00002E9A 001F
@00002E9B 0009
@00002E9C 002E
@00002E9D FFDB
@00002E9E FFFB
@00002E9F 0011
@00002EA0 0000
@00002EA1 0018
@00002EA2 FFF4
@00002EA3 0004
@00002EA4 FFFB
@00002EA5 0002
@00002EA6 FFCF
@00002EA7 FFDA
@00002EA8 000B
@00002EA9 FFDF
@00002EAA FFED
@00002EAB FFFD
@00002EAC FFF9
@00002EAD FFF2
@00002EAE FFE3
@00002EAF 0022
@00002EB0 FFF6
@00002EB1 001E
@00002EB2 000A
@00002EB3 0013
@00002EB4 FFF7
@00002EB5 000C
@00002EB6 FFDF
@00002EB7 0004
@00002EB8 FFFD
@00002EB9 FFEE
@00002EBA FFEA
@00002EBB FFFF
@00002EBC 0004
@00002EBD FFF1
@00002EBE 0004
@00002EBF FFDE
@00002EC0 001B
@00002EC1 0017
@00002EC2 FFDC
@00002EC3 FFFA
@00002EC4 0016
@00002EC5 FFE1
@00002EC6 FFF6
@00002EC7 FFD9
@00002EC8 0007
@00002EC9 0007
@00002ECA 0013
@00002ECB 0000
@00002ECC FFEA
@00002ECD 000F
@00002ECE FFDC
@00002ECF FFF4
@00002ED0 FFFA
@00002ED1 FFF7
@00002ED2 0024
@00002ED3 0008
@00002ED4 FFD4
@00002ED5 0026
@00002ED6 FFF6
@00002ED7 FFF6
@00002ED8 0018
@00002ED9 FFDD
@00002EDA 004A
@00002EDB FFF0
@00002EDC 0009
@00002EDD FFD5
@00002EDE FFF2
@00002EDF 0000
@00002EE0 0018
@00002EE1 FFB8
@00002EE2 FF8B
@00002EE3 FFB7
@00002EE4 002C
@00002EE5 FFF0
@00002EE6 0020
@00002EE7 FFFD
@00002EE8 FFE1
@00002EE9 FFF7
@00002EEA FFF6
@00002EEB 0007
@00002EEC FFBA
@00002EED 0000
@00002EEE 0006
@00002EEF 001F
@00002EF0 FFC3
@00002EF1 FFF1
@00002EF2 0006
@00002EF3 FFDD
@00002EF4 FFDD
@00002EF5 0008
@00002EF6 FFF3
@00002EF7 FFFC
@00002EF8 0023
@00002EF9 002B
@00002EFA FFEB
@00002EFB FFEE
@00002EFC 0020
@00002EFD 002E
@00002EFE 000E
@00002EFF FFEC
@00002F00 0018
@00002F01 0002
@00002F02 FFE3
@00002F03 0005
@00002F04 FFFA
@00002F05 0035
@00002F06 0012
@00002F07 FFEC
@00002F08 0010
@00002F09 0019
@00002F0A FFD8
@00002F0B FFD0
@00002F0C FFF9
@00002F0D FFF5
@00002F0E FFFD
@00002F0F 0011
@00002F10 0002
@00002F11 0013
@00002F12 FFF6
@00002F13 FFF6
@00002F14 000F
@00002F15 0024
@00002F16 0018
@00002F17 0038
@00002F18 FFF4
@00002F19 000A
@00002F1A FFA0
@00002F1B FFE5
@00002F1C FFE5
@00002F1D 0018
@00002F1E 0005
@00002F1F 000B
@00002F20 FFCD
@00002F21 FFC9
@00002F22 0008
@00002F23 0019
@00002F24 FF8F
@00002F25 000E
@00002F26 0019
@00002F27 FFFB
@00002F28 000D
@00002F29 0002
@00002F2A FFA6
@00002F2B FFEA
@00002F2C 0007
@00002F2D 0010
@00002F2E 001A
@00002F2F FFF1
@00002F30 FFF8
@00002F31 0014
@00002F32 001E
@00002F33 0003
@00002F34 FFDC
@00002F35 FFB5
@00002F36 FFF4
@00002F37 0027
@00002F38 000B
@00002F39 0016
@00002F3A 0019
@00002F3B 000A
@00002F3C FFFA
@00002F3D FFFC
@00002F3E 0031
@00002F3F FFDE
@00002F40 FFD2
@00002F41 FFFF
@00002F42 0002
@00002F43 0000
@00002F44 0028
@00002F45 000A
@00002F46 FFF6
@00002F47 0019
@00002F48 003A
@00002F49 0003
@00002F4A FFD3
@00002F4B FFFE
@00002F4C FFE9
@00002F4D FFCD
@00002F4E 0025
@00002F4F 0008
@00002F50 FFE5
@00002F51 FFD2
@00002F52 003B
@00002F53 FFD9
@00002F54 0019
@00002F55 FFF8
@00002F56 FFF1
@00002F57 FFFA
@00002F58 000F
@00002F59 FFEB
@00002F5A FFF5
@00002F5B FFF1
@00002F5C FFDC
@00002F5D 001F
@00002F5E 001A
@00002F5F FFE3
@00002F60 FFDF
@00002F61 FFD9
@00002F62 0011
@00002F63 FFE9
@00002F64 0035
@00002F65 FFFA
@00002F66 FFEC
@00002F67 FFF8
@00002F68 0020
@00002F69 0003
@00002F6A FFCA
@00002F6B FFE2
@00002F6C 0003
@00002F6D 002D
@00002F6E FFF4
@00002F6F FFDA
@00002F70 0040
@00002F71 FFDB
@00002F72 FFF5
@00002F73 FFED
@00002F74 000B
@00002F75 FFD5
@00002F76 FFF0
@00002F77 000E
@00002F78 002C
@00002F79 0006
@00002F7A 0016
@00002F7B 0013
@00002F7C 000A
@00002F7D 001B
@00002F7E FFF4
@00002F7F 002B
@00002F80 FFFB
@00002F81 FFFA
@00002F82 FFF7
@00002F83 FFF2
@00002F84 0011
@00002F85 0029
@00002F86 0009
@00002F87 FFF6
@00002F88 0004
@00002F89 000C
@00002F8A FFE2
@00002F8B FFEE
@00002F8C 0001
@00002F8D FFF0
@00002F8E 0016
@00002F8F FFC6
@00002F90 0015
@00002F91 FFEC
@00002F92 0022
@00002F93 FFFE
@00002F94 FFF3
@00002F95 0022
@00002F96 FFF5
@00002F97 FFDD
@00002F98 FFFE
@00002F99 FFE3
@00002F9A 0012
@00002F9B 002F
@00002F9C FFF6
@00002F9D 001E
@00002F9E FFD1
@00002F9F 0008
@00002FA0 0020
@00002FA1 FFE1
@00002FA2 001D
@00002FA3 FFD4
@00002FA4 000B
@00002FA5 FFF3
@00002FA6 001B
@00002FA7 0000
@00002FA8 0026
@00002FA9 0002
@00002FAA 0009
@00002FAB 000D
@00002FAC 0025
@00002FAD 0014
@00002FAE FFEB
@00002FAF FFF9
@00002FB0 FFFA
@00002FB1 FFE7
@00002FB2 0024
@00002FB3 FFCB
@00002FB4 FFEC
@00002FB5 FFF7
@00002FB6 002D
@00002FB7 FFF4
@00002FB8 FFEF
@00002FB9 0000
@00002FBA FFDE
@00002FBB FFD6
@00002FBC 0008
@00002FBD 0007
@00002FBE 000C
@00002FBF FFD3
@00002FC0 FFF5
@00002FC1 0017
@00002FC2 001D
@00002FC3 FFD4
@00002FC4 0006
@00002FC5 FFD8
@00002FC6 FFF4
@00002FC7 FFEB
@00002FC8 002F
@00002FC9 FFE9
@00002FCA FFDD
@00002FCB FFF1
@00002FCC 0017
@00002FCD FFE0
@00002FCE FFED
@00002FCF 0005
@00002FD0 0008
@00002FD1 001F
@00002FD2 FFD9
@00002FD3 FFD4
@00002FD4 002A
@00002FD5 FFE6
@00002FD6 FFCB
@00002FD7 FFD7
@00002FD8 FFF7
@00002FD9 FFFB
@00002FDA FFF5
@00002FDB 000E
@00002FDC 0026
@00002FDD 0014
@00002FDE 001A
@00002FDF 0005
@00002FE0 0029
@00002FE1 0013
@00002FE2 0003
@00002FE3 0024
@00002FE4 FFEF
@00002FE5 FFEB
@00002FE6 FFF1
@00002FE7 FFD6
@00002FE8 0017
@00002FE9 FFE5
@00002FEA 0014
@00002FEB 0000
@00002FEC 002C
@00002FED 0015
@00002FEE FFEF
@00002FEF 0001
@00002FF0 0009
@00002FF1 FFFC
@00002FF2 FFF5
@00002FF3 FFEC
@00002FF4 0029
@00002FF5 000A
@00002FF6 0032
@00002FF7 FFF9
@00002FF8 0002
@00002FF9 0012
@00002FFA FFF7
@00002FFB FFE5
@00002FFC 000A
@00002FFD FFE7
@00002FFE 0025
@00002FFF 0007
@00003000 FFDB
@00003001 002D
@00003002 FFFB
@00003003 0010
@00003004 0016
@00003005 FFE5
@00003006 0034
@00003007 FFDF
@00003008 FFF2
@00003009 FFF9
@0000300A FFEC
@0000300B 0000
@0000300C 0017
@0000300D 0012
@0000300E FFF0
@0000300F FFEE
@00003010 0041
@00003011 FFE2
@00003012 FFF7
@00003013 000E
@00003014 FFEC
@00003015 FFE0
@00003016 0005
@00003017 FFE3
@00003018 FFFA
@00003019 FFE9
@0000301A 001D
@0000301B FFE7
@0000301C FFDB
@0000301D FFFE
@0000301E FFF2
@0000301F FFE1
@00003020 FFFE
@00003021 FFFE
@00003022 FFEC
@00003023 FFF0
@00003024 FFEC
@00003025 0018
@00003026 FFFC
@00003027 FFD9
@00003028 0001
@00003029 0012
@0000302A 0001
@0000302B FFE9
@0000302C 000F
@0000302D FFCE
@0000302E 0002
@0000302F 001C
@00003030 000C
@00003031 0016
@00003032 0008
@00003033 0004
@00003034 0002
@00003035 0026
@00003036 FFD0
@00003037 FFE4
@00003038 0026
@00003039 FFF9
@0000303A FFC1
@0000303B FFDE
@0000303C 000B
@0000303D FFDD
@0000303E FFBC
@0000303F 003C
@00003040 0012
@00003041 0004
@00003042 0003
@00003043 0036
@00003044 FFEE
@00003045 FFFF
@00003046 FFD3
@00003047 0006
@00003048 FFD8
@00003049 0006
@0000304A FFE9
@0000304B FFEF
@0000304C 000B
@0000304D 0007
@0000304E FFF9
@0000304F FFD8
@00003050 0017
@00003051 000C
@00003052 FFC3
@00003053 FFE9
@00003054 FFF8
@00003055 FFE2
@00003056 000D
@00003057 FFD9
@00003058 0029
@00003059 FFE8
@0000305A 0011
@0000305B FFE1
@0000305C FFFC
@0000305D FFF4
@0000305E 0002
@0000305F FFE7
@00003060 001A
@00003061 FFFC
@00003062 FFF2
@00003063 000E
@00003064 FFC8
@00003065 FFF9
@00003066 FFF9
@00003067 0018
@00003068 FFD6
@00003069 FFE9
@0000306A 0037
@0000306B FFDA
@0000306C FFF1
@0000306D FFE4
@0000306E FFF8
@0000306F 0000
@00003070 0007
@00003071 FFF8
@00003072 0006
@00003073 0015
@00003074 0021
@00003075 000F
@00003076 FFE5
@00003077 FFF7
@00003078 FFF4
@00003079 FFF0
@0000307A 0005
@0000307B 0004
@0000307C FFC0
@0000307D FFF8
@0000307E 0013
@0000307F FFD8
@00003080 0002
@00003081 FFF6
@00003082 0004
@00003083 FFEF
@00003084 0015
@00003085 000D
@00003086 0008
@00003087 FFCA
@00003088 FFEE
@00003089 0031
@0000308A 0012
@0000308B FFFD
@0000308C FFE9
@0000308D FFF7
@0000308E 001B
@0000308F FFE8
@00003090 003E
@00003091 FFD8
@00003092 0000
@00003093 001C
@00003094 0018
@00003095 FFF8
@00003096 FFDE
@00003097 FFFA
@00003098 FFE8
@00003099 FFF2
@0000309A FFCE
@0000309B FFE5
@0000309C 000A
@0000309D FFE2
@0000309E FFE2
@0000309F 0000
@000030A0 0000
@000030A1 000A
@000030A2 FFCE
@000030A3 000D
@000030A4 FFF6
@000030A5 001B
@000030A6 FFF4
@000030A7 002F
@000030A8 FFF4
@000030A9 FFEC
@000030AA 000A
@000030AB 0037
@000030AC FFED
@000030AD FFE2
@000030AE 0010
@000030AF FFF4
@000030B0 0006
@000030B1 001B
@000030B2 001B
@000030B3 FFF9
@000030B4 001C
@000030B5 0035
@000030B6 FFDD
@000030B7 FFE7
@000030B8 FFF5
@000030B9 FFF1
@000030BA FFF2
@000030BB FFC2
@000030BC 0018
@000030BD 0003
@000030BE 0021
@000030BF FFF9
@000030C0 0006
@000030C1 FFF5
@000030C2 0001
@000030C3 FFDC
@000030C4 FFE3
@000030C5 FFDE
@000030C6 FFE9
@000030C7 0010
@000030C8 FFD3
@000030C9 FFFA
@000030CA FFD1
@000030CB FFE7
@000030CC FFF6
@000030CD FFBF
@000030CE 004B
@000030CF FFFB
@000030D0 FFED
@000030D1 FFC4
@000030D2 FFEF
@000030D3 0000
@000030D4 FFF4
@000030D5 FFE8
@000030D6 FFCA
@000030D7 FFE2
@000030D8 FFF4
@000030D9 0034
@000030DA 0006
@000030DB FFDD
@000030DC 0013
@000030DD FFF7
@000030DE 0010
@000030DF FFFA
@000030E0 FFDE
@000030E1 FFD6
@000030E2 0009
@000030E3 0001
@000030E4 FFE0
@000030E5 FFF6
@000030E6 FFE0
@000030E7 FFCE
@000030E8 0013
@000030E9 FFDE
@000030EA FFB7
@000030EB 0001
@000030EC FFE7
@000030ED 0015
@000030EE FFFF
@000030EF FFE7
@000030F0 0020
@000030F1 002A
@000030F2 001A
@000030F3 0010
@000030F4 FFFD
@000030F5 FFDD
@000030F6 FFD0
@000030F7 0021
@000030F8 003E
@000030F9 FFFD
@000030FA FFD7
@000030FB 0018
@000030FC FFEA
@000030FD 0029
@000030FE FFFD
@000030FF FFDF
@00003100 0003
@00003101 FFF0
@00003102 FFD2
@00003103 FFD2
@00003104 0021
@00003105 0009
@00003106 FFF8
@00003107 000E
@00003108 0012
@00003109 FFFA
@0000310A 0014
@0000310B 0011
@0000310C 0005
@0000310D FFEB
@0000310E FFE4
@0000310F 002E
@00003110 FFE3
@00003111 0000
@00003112 FFF0
@00003113 FFEA
@00003114 FFF5
@00003115 0009
@00003116 FFE0
@00003117 FFE7
@00003118 FFED
@00003119 FFF7
@0000311A FFF9
@0000311B FFF3
@0000311C 000B
@0000311D FFD7
@0000311E FFFD
@0000311F FFEF
@00003120 0035
@00003121 002B
@00003122 000D
@00003123 000B
@00003124 FFD2
@00003125 FFD8
@00003126 FFEE
@00003127 FFFA
@00003128 FFEA
@00003129 FFD0
@0000312A 000D
@0000312B 003B
@0000312C 0002
@0000312D FFF5
@0000312E FFEB
@0000312F 0020
@00003130 FFEB
@00003131 FFD2
@00003132 000F
@00003133 FFF6
@00003134 FFC5
@00003135 FFE0
@00003136 FFF9
@00003137 0000
@00003138 FFEF
@00003139 FFE7
@0000313A FFE3
@0000313B 0012
@0000313C 0014
@0000313D FFB2
@0000313E 0029
@0000313F 0000
@00003140 FFA1
@00003141 FFDA
@00003142 0026
@00003143 000F
@00003144 FFE4
@00003145 0020
@00003146 FFDA
@00003147 0022
@00003148 FFD7
@00003149 0025
@0000314A 0017
@0000314B FFFD
@0000314C FFE2
@0000314D 0003
@0000314E 0016
@0000314F FFB2
@00003150 0001
@00003151 0008
@00003152 FFFA
@00003153 003D
@00003154 0010
@00003155 0007
@00003156 0028
@00003157 FFB9
@00003158 001E
@00003159 FFCE
@0000315A FFED
@0000315B 0004
@0000315C FFFF
@0000315D 0044
@0000315E 0026
@0000315F FFF6
@00003160 0019
@00003161 FFF9
@00003162 FFEF
@00003163 FFCF
@00003164 0031
@00003165 000B
@00003166 FFFC
@00003167 0045
@00003168 FFD8
@00003169 0025
@0000316A FFEE
@0000316B 001D
@0000316C 0002
@0000316D 0025
@0000316E FFE3
@0000316F 0040
@00003170 FFC4
@00003171 FFE7
@00003172 FFB4
@00003173 0011
@00003174 FFE9
@00003175 0002
@00003176 003A
@00003177 0005
@00003178 FFE8
@00003179 FFFF
@0000317A 0032
@0000317B FFFB
@0000317C FF98
@0000317D 002C
@0000317E FFE6
@0000317F 0001
@00003180 FFC2
@00003181 003E
@00003182 FFD1
@00003183 FFD1
@00003184 0023
@00003185 001F
@00003186 001F
@00003187 FFAD
@00003188 000F
@00003189 001F
@0000318A 0004
@0000318B 0040
@0000318C 0017
@0000318D 000C
@0000318E 001E
@0000318F 0010
@00003190 FFFE
@00003191 001D
@00003192 FFEF
@00003193 FFFA
@00003194 FFF3
@00003195 FFF9
@00003196 002F
@00003197 FFDC
@00003198 0007
@00003199 FFDC
@0000319A 0055
@0000319B 0000
@0000319C 000B
@0000319D 0007
@0000319E 0001
@0000319F FFFC
@000031A0 000D
@000031A1 0002
@000031A2 FFF4
@000031A3 0019
@000031A4 000B
@000031A5 FFED
@000031A6 0017
@000031A7 FFFB
@000031A8 FFE6
@000031A9 FFEB
@000031AA 000D
@000031AB FFEB
@000031AC 000B
@000031AD 0008
@000031AE 0006
@000031AF FFE5
@000031B0 0011
@000031B1 FFF5
@000031B2 FFFE
@000031B3 FFEC
@000031B4 FFEC
@000031B5 0017
@000031B6 FFE6
@000031B7 000F
@000031B8 FFF2
@000031B9 000B
@000031BA 0002
@000031BB 0000
@000031BC 0017
@000031BD 0008
@000031BE 0011
@000031BF FFF2
@000031C0 001E
@000031C1 FFFC
@000031C2 0008
@000031C3 FFE4
@000031C4 0005
@000031C5 FFEF
@000031C6 000D
@000031C7 FFE1
@000031C8 000E
@000031C9 0011
@000031CA FFE6
@000031CB FFE1
@000031CC FFEA
@000031CD FFFB
@000031CE FFEB
@000031CF 000F
@000031D0 FFFC
@000031D1 0005
@000031D2 FFE4
@000031D3 0012
@000031D4 FFF5
@000031D5 0019
@000031D6 FFEE
@000031D7 001F
@000031D8 FFFA
@000031D9 FFE9
@000031DA FFE3
@000031DB FFF4
@000031DC FFFE
@000031DD FFFA
@000031DE FFF2
@000031DF FFF6
@000031E0 FFFE
@000031E1 000B
@000031E2 FFDA
@000031E3 0000
@000031E4 0010
@000031E5 000C
@000031E6 FFF7
@000031E7 FFD2
@000031E8 0025
@000031E9 000E
@000031EA 0017
@000031EB FFE4
@000031EC 0008
@000031ED FFE8
@000031EE 000C
@000031EF FFE9
@000031F0 FFEA
@000031F1 0010
@000031F2 002E
@000031F3 FFF9
@000031F4 FFE0
@000031F5 FFF8
@000031F6 FFE0
@000031F7 FFF3
@000031F8 0006
@000031F9 FFEC
@000031FA 0019
@000031FB FFF3
@000031FC 0002
@000031FD FFF1
@000031FE FFF4
@000031FF 0000
@00003200 FFFC
@00003201 0057
@00003202 00A0
@00003203 003C
@00003204 FFA8
@00003205 FFF8
@00003206 FFEB
@00003207 000E
@00003208 FFE9
@00003209 0042
@0000320A 0000
@0000320B FF59
@0000320C FFC9
@0000320D FFFF
@0000320E FFFB
@0000320F FFE3
@00003210 0024
@00003211 FFEE
@00003212 0036
@00003213 FFE1
@00003214 001D
@00003215 FFE4
@00003216 FFE1
@00003217 0025
@00003218 FFFC
@00003219 FFCE
@0000321A FFF4
@0000321B 0008
@0000321C 001F
@0000321D 0006
@0000321E 001A
@0000321F FFFA
@00003220 0007
@00003221 0028
@00003222 FFCE
@00003223 FFEB
@00003224 FFF4
@00003225 FFD4
@00003226 FFFD
@00003227 002A
@00003228 002A
@00003229 FFFC
@0000322A 001F
@0000322B FFE6
@0000322C FFC8
@0000322D FFEA
@0000322E 0017
@0000322F FFF9
@00003230 FFEA
@00003231 000A
@00003232 0043
@00003233 FFD3
@00003234 FFFC
@00003235 FFCE
@00003236 FFFD
@00003237 FFF1
@00003238 FFD4
@00003239 0004
@0000323A 0002
@0000323B 0002
@0000323C 0010
@0000323D FFEA
@0000323E 0001
@0000323F 001F
@00003240 FFFA
@00003241 0007
@00003242 FFF3
@00003243 000C
@00003244 0017
@00003245 FFFB
@00003246 0011
@00003247 FFE2
@00003248 0012
@00003249 000D
@0000324A 0016
@0000324B 0038
@0000324C FFF0
@0000324D 0023
@0000324E FFE0
@0000324F 0007
@00003250 0024
@00003251 FFD0
@00003252 002A
@00003253 000E
@00003254 FFF4
@00003255 FFFE
@00003256 002B
@00003257 0016
@00003258 001A
@00003259 FFF0
@0000325A FFCD
@0000325B 0007
@0000325C FFF0
@0000325D 0007
@0000325E FFFC
@0000325F FFFF
@00003260 0007
@00003261 FFEF
@00003262 002D
@00003263 0000
@00003264 000E
@00003265 FFDC
@00003266 FFD4
@00003267 FFE0
@00003268 0008
@00003269 0019
@0000326A 0006
@0000326B 0007
@0000326C 001B
@0000326D 0007
@0000326E FFF0
@0000326F 0006
@00003270 FFCB
@00003271 0001
@00003272 FFFF
@00003273 FFD7
@00003274 0011
@00003275 000F
@00003276 0002
@00003277 0005
@00003278 FFF3
@00003279 FFEE
@0000327A FFDB
@0000327B FFDF
@0000327C FFE7
@0000327D 000E
@0000327E FFF1
@0000327F 000D
@00003280 FFFD
@00003281 0034
@00003282 FFF9
@00003283 000B
@00003284 FFFA
@00003285 FFF1
@00003286 FFE6
@00003287 0001
@00003288 0003
@00003289 0011
@0000328A FFEC
@0000328B FFF2
@0000328C FFDD
@0000328D 0006
@0000328E FFF4
@0000328F FFD6
@00003290 002A
@00003291 0000
@00003292 FFFE
@00003293 FFEE
@00003294 FFF0
@00003295 0015
@00003296 FFFC
@00003297 0015
@00003298 000F
@00003299 FFDA
@0000329A 000B
@0000329B FFE0
@0000329C 0005
@0000329D 0014
@0000329E FFEC
@0000329F 001B
@000032A0 FFE0
@000032A1 FFDE
@000032A2 FFD8
@000032A3 FFDD
@000032A4 FFCD
@000032A5 FFC9
@000032A6 FFF5
@000032A7 FFEB
@000032A8 000E
@000032A9 FFE8
@000032AA 000A
@000032AB 0017
@000032AC FFF0
@000032AD 0009
@000032AE FFFA
@000032AF FFEB
@000032B0 0029
@000032B1 0007
@000032B2 0019
@000032B3 001A
@000032B4 0005
@000032B5 0005
@000032B6 FFF0
@000032B7 FFF3
@000032B8 0012
@000032B9 FFEA
@000032BA FFF3
@000032BB 0006
@000032BC 000A
@000032BD 0016
@000032BE 0003
@000032BF FFFC
@000032C0 0024
@000032C1 0001
@000032C2 0023
@000032C3 FFDA
@000032C4 000F
@000032C5 0000
@000032C6 FFC8
@000032C7 0000
@000032C8 0025
@000032C9 FFE1
@000032CA FFD7
@000032CB 0003
@000032CC 0028
@000032CD 0011
@000032CE FFE0
@000032CF FFFD
@000032D0 0017
@000032D1 FFD1
@000032D2 002C
@000032D3 FFED
@000032D4 FFCB
@000032D5 FFE5
@000032D6 002A
@000032D7 FFD7
@000032D8 FFF7
@000032D9 FFF5
@000032DA FFD9
@000032DB FFD0
@000032DC 000F
@000032DD 0011
@000032DE FFDF
@000032DF FFE2
@000032E0 FFF4
@000032E1 001B
@000032E2 0012
@000032E3 FFF1
@000032E4 0010
@000032E5 001E
@000032E6 FFFA
@000032E7 0014
@000032E8 0015
@000032E9 FFE3
@000032EA FFDF
@000032EB FFF8
@000032EC FFF8
@000032ED 0018
@000032EE FFDB
@000032EF FFFE
@000032F0 FFF4
@000032F1 0010
@000032F2 FFE6
@000032F3 FFD5
@000032F4 0027
@000032F5 FFD8
@000032F6 FFFA
@000032F7 0004
@000032F8 0014
@000032F9 0003
@000032FA FFC7
@000032FB 0013
@000032FC 0022
@000032FD FFFD
@000032FE 0004
@000032FF 0006
@00003300 FFF3
@00003301 FFF5
@00003302 0002
@00003303 0013
@00003304 FFD8
@00003305 FFD2
@00003306 FFEB
@00003307 FFF5
@00003308 0012
@00003309 FFDC
@0000330A FFF2
@0000330B 0000
@0000330C FFF0
@0000330D 000C
@0000330E FFEE
@0000330F FFF9
@00003310 000B
@00003311 FFF7
@00003312 FFEE
@00003313 FFCE
@00003314 001E
@00003315 FFFD
@00003316 0022
@00003317 FFF8
@00003318 FFF1
@00003319 FFEA
@0000331A 000B
@0000331B FFEF
@0000331C FFF3
@0000331D FFE5
@0000331E 0018
@0000331F 002A
@00003320 FFD6
@00003321 001A
@00003322 FFE5
@00003323 0003
@00003324 FFFA
@00003325 FFDA
@00003326 0035
@00003327 FFDF
@00003328 000A
@00003329 FFDA
@0000332A FFFA
@0000332B 0000
@0000332C 0004
@0000332D FFEA
@0000332E 000E
@0000332F FFF3
@00003330 001F
@00003331 001E
@00003332 0010
@00003333 FFFE
@00003334 FFF5
@00003335 FFFD
@00003336 000E
@00003337 FFF8
@00003338 FFE9
@00003339 000B
@0000333A 000D
@0000333B FFDB
@0000333C FFFB
@0000333D 0016
@0000333E FFE6
@0000333F 0006
@00003340 001C
@00003341 FFF9
@00003342 000E
@00003343 FFF8
@00003344 FFED
@00003345 001A
@00003346 000C
@00003347 FFF7
@00003348 0001
@00003349 FFE7
@0000334A 0013
@0000334B 000A
@0000334C 0012
@0000334D FFE6
@0000334E 0016
@0000334F FFFB
@00003350 0002
@00003351 FFF9
@00003352 0012
@00003353 0048
@00003354 FFFF
@00003355 FFF6
@00003356 FFF8
@00003357 FFF5
@00003358 FFF7
@00003359 FFF8
@0000335A FFF4
@0000335B FFF8
@0000335C FFFE
@0000335D 000C
@0000335E FFEE
@0000335F 0016
@00003360 0015
@00003361 FFF6
@00003362 0013
@00003363 FFFF
@00003364 0004
@00003365 0012
@00003366 001C
@00003367 000B
@00003368 0001
@00003369 FFDE
@0000336A FFEA
@0000336B FFF6
@0000336C FFD3
@0000336D 0012
@0000336E 0000
@0000336F 0004
@00003370 0019
@00003371 FFE8
@00003372 0006
@00003373 0010
@00003374 0028
@00003375 FFE1
@00003376 0014
@00003377 FFF1
@00003378 FFF4
@00003379 0008
@0000337A 0010
@0000337B 000F
@0000337C FFEE
@0000337D FFDC
@0000337E 001B
@0000337F FFE5
@00003380 000E
@00003381 FFEA
@00003382 0012
@00003383 0023
@00003384 0008
@00003385 002A
@00003386 0007
@00003387 FFEE
@00003388 FFF5
@00003389 FFFA
@0000338A FFF3
@0000338B 0003
@0000338C FFED
@0000338D FFE2
@0000338E FFDF
@0000338F 0000
@00003390 001E
@00003391 FFFE
@00003392 FFFA
@00003393 000B
@00003394 0033
@00003395 0020
@00003396 FFFD
@00003397 FFE7
@00003398 000C
@00003399 FFEB
@0000339A 0008
@0000339B 001A
@0000339C FFD0
@0000339D FFE7
@0000339E 0000
@0000339F FFD9
@000033A0 FFE2
@000033A1 FFF9
@000033A2 0002
@000033A3 0003
@000033A4 0014
@000033A5 FFDE
@000033A6 0000
@000033A7 FFD3
@000033A8 0005
@000033A9 0017
@000033AA 0015
@000033AB FFE7
@000033AC FFEA
@000033AD 002E
@000033AE 001D
@000033AF 0000
@000033B0 001E
@000033B1 FFE1
@000033B2 FFEA
@000033B3 0001
@000033B4 0002
@000033B5 0000
@000033B6 FFD5
@000033B7 FFE7
@000033B8 FFDA
@000033B9 0001
@000033BA FFE7
@000033BB FFF3
@000033BC 001F
@000033BD FFEE
@000033BE FFF8
@000033BF FFD8
@000033C0 FFF7
@000033C1 FFE7
@000033C2 FFD4
@000033C3 0008
@000033C4 FFFC
@000033C5 000C
@000033C6 0002
@000033C7 0000
@000033C8 0020
@000033C9 0017
@000033CA FFFB
@000033CB 0001
@000033CC FFCF
@000033CD FFED
@000033CE FFFD
@000033CF FFF8
@000033D0 0001
@000033D1 FFC4
@000033D2 FFDB
@000033D3 FFDC
@000033D4 0002
@000033D5 002E
@000033D6 FFFE
@000033D7 FFF9
@000033D8 0011
@000033D9 FFD7
@000033DA FFD7
@000033DB FFCE
@000033DC 0027
@000033DD 0010
@000033DE 0006
@000033DF FFF6
@000033E0 FFED
@000033E1 FFF9
@000033E2 FFE5
@000033E3 FFDF
@000033E4 FFF9
@000033E5 FFFA
@000033E6 FFF3
@000033E7 0018
@000033E8 0006
@000033E9 FFFB
@000033EA FFD5
@000033EB 0005
@000033EC 0014
@000033ED FFC8
@000033EE 002D
@000033EF FFEB
@000033F0 FFF2
@000033F1 FFD4
@000033F2 FFB1
@000033F3 0000
@000033F4 0006
@000033F5 0004
@000033F6 0011
@000033F7 0002
@000033F8 0021
@000033F9 FFF5
@000033FA FFF8
@000033FB FFE6
@000033FC 0018
@000033FD FFFA
@000033FE FFFD
@000033FF FFF5
@00003400 FFF9
@00003401 FFF9
@00003402 0006
@00003403 FFE1
@00003404 FFE8
@00003405 FFF2
@00003406 FFF0
@00003407 FFD6
@00003408 001C
@00003409 FFD9
@0000340A FFFE
@0000340B 0008
@0000340C FFD4
@0000340D FFFC
@0000340E 000B
@0000340F FFEF
@00003410 FFFE
@00003411 FFF0
@00003412 0003
@00003413 FFFC
@00003414 0017
@00003415 FFF5
@00003416 FFED
@00003417 FFEA
@00003418 FFFD
@00003419 FFEC
@0000341A 0004
@0000341B 0016
@0000341C FFE7
@0000341D FFFE
@0000341E FFDE
@0000341F FFD3
@00003420 0023
@00003421 FFE4
@00003422 FFE3
@00003423 FFDD
@00003424 0001
@00003425 0014
@00003426 FFE2
@00003427 FFFA
@00003428 FFFF
@00003429 000A
@0000342A 001A
@0000342B FFF9
@0000342C 0013
@0000342D 0019
@0000342E FFE9
@0000342F 0018
@00003430 0001
@00003431 FFF5
@00003432 FFF9
@00003433 FFDA
@00003434 0013
@00003435 FFE0
@00003436 0002
@00003437 FFE0
@00003438 FFF9
@00003439 0012
@0000343A 0000
@0000343B FFDC
@0000343C 0016
@0000343D 000D
@0000343E 001B
@0000343F FFED
@00003440 0006
@00003441 0019
@00003442 0007
@00003443 0003
@00003444 FFE5
@00003445 FFFA
@00003446 000C
@00003447 FFE2
@00003448 0004
@00003449 FFED
@0000344A 0016
@0000344B 0014
@0000344C FFDB
@0000344D 001A
@0000344E 0007
@0000344F 001B
@00003450 0005
@00003451 0002
@00003452 FFFF
@00003453 FFDA
@00003454 FFEF
@00003455 FFF9
@00003456 FFEF
@00003457 0000
@00003458 0005
@00003459 001E
@0000345A FFD5
@0000345B 0003
@0000345C 002D
@0000345D FFFB
@0000345E FFED
@0000345F 0003
@00003460 000E
@00003461 FFF1
@00003462 000D
@00003463 0021
@00003464 FFE6
@00003465 0005
@00003466 0007
@00003467 0002
@00003468 0009
@00003469 001E
@0000346A FFFB
@0000346B FFEE
@0000346C 0001
@0000346D 0011
@0000346E FFF5
@0000346F FFCF
@00003470 FFF3
@00003471 0012
@00003472 FFF8
@00003473 FFE5
@00003474 FFF1
@00003475 0007
@00003476 0004
@00003477 001B
@00003478 002A
@00003479 FFEC
@0000347A FFDC
@0000347B FFFE
@0000347C 0015
@0000347D 0023
@0000347E 0001
@0000347F 000E
@00003480 000C
@00003481 FFF8
@00003482 FFF3
@00003483 FFCF
@00003484 0039
@00003485 0002
@00003486 FFE9
@00003487 FFF0
@00003488 001D
@00003489 000A
@0000348A FFF1
@0000348B 000B
@0000348C 0002
@0000348D 001D
@0000348E 0021
@0000348F 0021
@00003490 FFE8
@00003491 0014
@00003492 FFE7
@00003493 001A
@00003494 FFF8
@00003495 FFE6
@00003496 0006
@00003497 FFE0
@00003498 0010
@00003499 0006
@0000349A 0009
@0000349B FFD3
@0000349C 0009
@0000349D 0020
@0000349E FFD8
@0000349F 000C
@000034A0 FFFB
@000034A1 FFF9
@000034A2 FFE7
@000034A3 FFD6
@000034A4 0022
@000034A5 0008
@000034A6 FFFA
@000034A7 0007
@000034A8 FFE6
@000034A9 FFFF
@000034AA FFED
@000034AB FFDB
@000034AC 000F
@000034AD FFFD
@000034AE 0021
@000034AF FFFE
@000034B0 FFDA
@000034B1 001E
@000034B2 0001
@000034B3 FFFA
@000034B4 FFFC
@000034B5 FFEC
@000034B6 003F
@000034B7 FFE0
@000034B8 FFFB
@000034B9 FFCE
@000034BA FFF7
@000034BB 0000
@000034BC 0002
@000034BD FFFD
@000034BE 0000
@000034BF 0008
@000034C0 0025
@000034C1 FFF5
@000034C2 FFFF
@000034C3 FFE5
@000034C4 FFF4
@000034C5 0001
@000034C6 0009
@000034C7 FFFB
@000034C8 FFFC
@000034C9 0009
@000034CA 000C
@000034CB FFDB
@000034CC FFFE
@000034CD FFF7
@000034CE FFE3
@000034CF FFD7
@000034D0 000D
@000034D1 FFFB
@000034D2 0015
@000034D3 FFD7
@000034D4 FFFD
@000034D5 0000
@000034D6 001A
@000034D7 FFE7
@000034D8 FFFE
@000034D9 FFDB
@000034DA FFF6
@000034DB FFE9
@000034DC 0024
@000034DD 0003
@000034DE FFF1
@000034DF 0016
@000034E0 0028
@000034E1 FFE9
@000034E2 FFE3
@000034E3 0013
@000034E4 FFFD
@000034E5 FFF8
@000034E6 FFFA
@000034E7 FFE7
@000034E8 FFFF
@000034E9 FFF2
@000034EA FFE2
@000034EB FFE1
@000034EC FFF7
@000034ED FFE7
@000034EE FFF1
@000034EF FFF9
@000034F0 001E
@000034F1 0012
@000034F2 FFF8
@000034F3 FFF6
@000034F4 FFE9
@000034F5 001A
@000034F6 FFF0
@000034F7 001C
@000034F8 FFE7
@000034F9 0003
@000034FA FFDF
@000034FB FFEE
@000034FC FFD0
@000034FD 000E
@000034FE 0011
@000034FF FFF1
@00003500 001A
@00003501 0010
@00003502 FFDF
@00003503 FFFD
@00003504 FFF2
@00003505 FFDD
@00003506 0014
@00003507 FFF7
@00003508 002B
@00003509 FFFD
@0000350A 0018
@0000350B FFF4
@0000350C FFEB
@0000350D FFF7
@0000350E FFE9
@0000350F FFF0
@00003510 FFF8
@00003511 FFD4
@00003512 0006
@00003513 FFFB
@00003514 0001
@00003515 002A
@00003516 FFE3
@00003517 000B
@00003518 000D
@00003519 0004
@0000351A 0013
@0000351B FFF4
@0000351C 0014
@0000351D FFEC
@0000351E FFEA
@0000351F 0000
@00003520 FFF5
@00003521 FFE0
@00003522 FFE7
@00003523 FFF9
@00003524 0036
@00003525 0016
@00003526 FFDA
@00003527 0015
@00003528 0005
@00003529 FFED
@0000352A FFF3
@0000352B FFFD
@0000352C FFF7
@0000352D FFFC
@0000352E 0004
@0000352F FFEF
@00003530 FFF1
@00003531 FFE3
@00003532 FFEC
@00003533 FFDA
@00003534 0002
@00003535 0007
@00003536 FFCE
@00003537 FFE4
@00003538 FFEB
@00003539 0022
@0000353A FFEF
@0000353B FFE3
@0000353C 000D
@0000353D 0054
@0000353E 0013
@0000353F 0003
@00003540 0020
@00003541 FFE6
@00003542 FFEF
@00003543 001A
@00003544 002C
@00003545 000E
@00003546 FFD5
@00003547 FFFA
@00003548 FFFE
@00003549 FFFF
@0000354A FFEE
@0000354B FFE0
@0000354C 0016
@0000354D FFEE
@0000354E FFE2
@0000354F FFE7
@00003550 0003
@00003551 FFE6
@00003552 FFF2
@00003553 0013
@00003554 0017
@00003555 FFFE
@00003556 FFE4
@00003557 0012
@00003558 FFF9
@00003559 001D
@0000355A FFEB
@0000355B 001B
@0000355C FFD5
@0000355D FFEB
@0000355E FFF7
@0000355F FFF9
@00003560 001D
@00003561 0010
@00003562 FFD4
@00003563 FFF9
@00003564 FFF2
@00003565 001B
@00003566 FFDF
@00003567 FFE0
@00003568 0022
@00003569 FFED
@0000356A 0000
@0000356B FFEC
@0000356C 000F
@0000356D 0004
@0000356E 000B
@0000356F 000A
@00003570 FFF3
@00003571 FFBC
@00003572 0013
@00003573 FFE0
@00003574 0010
@00003575 FFE2
@00003576 000E
@00003577 0013
@00003578 FFD9
@00003579 FFF4
@0000357A FFE4
@0000357B 0013
@0000357C FFF8
@0000357D FFD8
@0000357E 001A
@0000357F FFD9
@00003580 FFD4
@00003581 FFFB
@00003582 0007
@00003583 0000
@00003584 0000
@00003585 0008
@00003586 FFD2
@00003587 0000
@00003588 000B
@00003589 000C
@0000358A FFF3
@0000358B 000A
@0000358C FFF2
@0000358D FFF5
@0000358E 0018
@0000358F FFFD
@00003590 FFDF
@00003591 FFE4
@00003592 0001
@00003593 FFF9
@00003594 FFF5
@00003595 0012
@00003596 FFDB
@00003597 FFF7
@00003598 0010
@00003599 FFF7
@0000359A 0008
@0000359B FFFE
@0000359C FFF5
@0000359D 0016
@0000359E FFF4
@0000359F 000E
@000035A0 FFEE
@000035A1 0023
@000035A2 FFF4
@000035A3 0001
@000035A4 FFFE
@000035A5 0003
@000035A6 FFEC
@000035A7 FFF0
@000035A8 001F
@000035A9 0009
@000035AA 0009
@000035AB FFE8
@000035AC FFFA
@000035AD 000B
@000035AE FFF2
@000035AF 0007
@000035B0 0021
@000035B1 FFF0
@000035B2 FFE0
@000035B3 FFE9
@000035B4 0003
@000035B5 FFF0
@000035B6 FFE2
@000035B7 FFFE
@000035B8 FFFB
@000035B9 000D
@000035BA FFF2
@000035BB 0004
@000035BC FFF8
@000035BD 0010
@000035BE FFCD
@000035BF FFFA
@000035C0 FFD4
@000035C1 FFEC
@000035C2 FFF9
@000035C3 FFE0
@000035C4 FFE5
@000035C5 0017
@000035C6 FFFF
@000035C7 0000
@000035C8 FFF0
@000035C9 0011
@000035CA FFDA
@000035CB 0000
@000035CC 001E
@000035CD 0008
@000035CE 001D
@000035CF FFED
@000035D0 000B
@000035D1 001E
@000035D2 FFF8
@000035D3 FFFF
@000035D4 FFE8
@000035D5 000F
@000035D6 FFFC
@000035D7 000E
@000035D8 FFF6
@000035D9 FFF1
@000035DA 000D
@000035DB 000E
@000035DC FFF3
@000035DD 001C
@000035DE 0000
@000035DF FFED
@000035E0 FFF7
@000035E1 FFE7
@000035E2 000E
@000035E3 FFF8
@000035E4 FFFF
@000035E5 FFEE
@000035E6 0021
@000035E7 0000
@000035E8 001C
@000035E9 0001
@000035EA FFDA
@000035EB FFFE
@000035EC 001E
@000035ED 001E
@000035EE FFF0
@000035EF FFF2
@000035F0 0022
@000035F1 FFFB
@000035F2 0023
@000035F3 FFF5
@000035F4 FFCB
@000035F5 FFF9
@000035F6 0010
@000035F7 FFD7
@000035F8 0011
@000035F9 FFF2
@000035FA FFE8
@000035FB FFE8
@000035FC FFFB
@000035FD FFF4
@000035FE FFE3
@000035FF FFF8
@00003600 0003
@00003601 0030
@00003602 001B
@00003603 FFF8
@00003604 FFDE
@00003605 0000
@00003606 0021
@00003607 FFF3
@00003608 000A
@00003609 FFE2
@0000360A FFE4
@0000360B 0012
@0000360C FFFC
@0000360D FFED
@0000360E FFF6
@0000360F 0008
@00003610 FFE6
@00003611 0013
@00003612 FFFE
@00003613 FFFB
@00003614 002E
@00003615 FFEC
@00003616 FFFF
@00003617 FFF8
@00003618 0015
@00003619 000F
@0000361A FFCD
@0000361B 0018
@0000361C 001C
@0000361D FFFC
@0000361E 0010
@0000361F FFFF
@00003620 FFF8
@00003621 0022
@00003622 FFF1
@00003623 000D
@00003624 FFE3
@00003625 FFF9
@00003626 FFE6
@00003627 FFD8
@00003628 000B
@00003629 FFE9
@0000362A FFEB
@0000362B FFF9
@0000362C 0008
@0000362D FFF9
@0000362E FFE2
@0000362F FFF4
@00003630 0017
@00003631 FFEC
@00003632 000E
@00003633 FFF8
@00003634 0000
@00003635 FFF7
@00003636 000E
@00003637 001F
@00003638 FFFF
@00003639 0007
@0000363A 000C
@0000363B 0003
@0000363C FFFB
@0000363D FFF2
@0000363E 0029
@0000363F 0017
@00003640 0005
@00003641 0019
@00003642 FFFF
@00003643 0000
@00003644 FFF2
@00003645 FFF2
@00003646 0020
@00003647 FFF6
@00003648 000E
@00003649 FFF5
@0000364A FFE2
@0000364B 0000
@0000364C 0017
@0000364D 0013
@0000364E FFDE
@0000364F 0010
@00003650 0034
@00003651 001F
@00003652 FFEE
@00003653 FFFE
@00003654 0006
@00003655 000C
@00003656 0015
@00003657 0011
@00003658 0005
@00003659 FFF8
@0000365A 0012
@0000365B FFF6
@0000365C FFE4
@0000365D FFEA
@0000365E 0004
@0000365F FFF2
@00003660 002C
@00003661 FFF0
@00003662 FFF5
@00003663 FFDA
@00003664 0002
@00003665 FFF3
@00003666 0001
@00003667 FFDE
@00003668 000A
@00003669 FFF9
@0000366A FFFC
@0000366B 0007
@0000366C 001E
@0000366D 000B
@0000366E FFE8
@0000366F 0011
@00003670 001D
@00003671 FFEA
@00003672 FFF6
@00003673 002C
@00003674 0000
@00003675 0022
@00003676 FFE9
@00003677 FFF8
@00003678 0004
@00003679 FFFC
@0000367A FFFD
@0000367B FFD5
@0000367C 0009
@0000367D FFF1
@0000367E 000C
@0000367F 001E
@00003680 000C
@00003681 000A
@00003682 FFF1
@00003683 0012
@00003684 FFF5
@00003685 0023
@00003686 001D
@00003687 0003
@00003688 FFFB
@00003689 FFEC
@0000368A FFD9
@0000368B FFF0
@0000368C FFF7
@0000368D FFF7
@0000368E 001B
@0000368F 000C
@00003690 002E
@00003691 FFEB
@00003692 FFDB
@00003693 FFF9
@00003694 0009
@00003695 FFF4
@00003696 0000
@00003697 0001
@00003698 0020
@00003699 FFEC
@0000369A FFFD
@0000369B 0016
@0000369C FFD8
@0000369D 0014
@0000369E FFD7
@0000369F FFFF
@000036A0 000C
@000036A1 FFD3
@000036A2 FFF9
@000036A3 0012
@000036A4 FFE1
@000036A5 0029
@000036A6 FFDB
@000036A7 FFFE
@000036A8 0009
@000036A9 FFDB
@000036AA 000A
@000036AB FFE9
@000036AC FFFD
@000036AD 0007
@000036AE FFF7
@000036AF 0000
@000036B0 001B
@000036B1 FFF8
@000036B2 0012
@000036B3 0001
@000036B4 0033
@000036B5 000B
@000036B6 000E
@000036B7 0006
@000036B8 000F
@000036B9 FFF2
@000036BA 0007
@000036BB FFE9
@000036BC FFF0
@000036BD FFFB
@000036BE 001C
@000036BF FFFF
@000036C0 0010
@000036C1 0019
@000036C2 0016
@000036C3 0008
@000036C4 0009
@000036C5 FFF1
@000036C6 FFFD
@000036C7 FFED
@000036C8 FFF3
@000036C9 FFE6
@000036CA FFE4
@000036CB FFFD
@000036CC FFF5
@000036CD FFED
@000036CE 000B
@000036CF FFF5
@000036D0 0015
@000036D1 FFE6
@000036D2 FFFE
@000036D3 FFE2
@000036D4 0017
@000036D5 FFED
@000036D6 0008
@000036D7 FFFD
@000036D8 000C
@000036D9 0015
@000036DA FFEE
@000036DB FFF0
@000036DC FFF2
@000036DD FFFF
@000036DE 0006
@000036DF FFE9
@000036E0 0004
@000036E1 FFF1
@000036E2 FFEA
@000036E3 FFE4
@000036E4 0011
@000036E5 FFD6
@000036E6 0001
@000036E7 FFFD
@000036E8 0002
@000036E9 FFFE
@000036EA FFED
@000036EB 000F
@000036EC 0011
@000036ED FFDD
@000036EE FFE8
@000036EF FFFD
@000036F0 FFDE
@000036F1 0002
@000036F2 000C
@000036F3 FFF2
@000036F4 0010
@000036F5 0007
@000036F6 FFF8
@000036F7 000E
@000036F8 0028
@000036F9 FFF3
@000036FA 0010
@000036FB 0004
@000036FC FFFE
@000036FD 0011
@000036FE FFE9
@000036FF FFF8
@00003700 FFE7
@00003701 FFDD
@00003702 FFE4
@00003703 0003
@00003704 FFF4
@00003705 FFF4
@00003706 0002
@00003707 FFFA
@00003708 0007
@00003709 FFF6
@0000370A FFF8
@0000370B FFE4
@0000370C 000B
@0000370D FFF4
@0000370E 0019
@0000370F 000A
@00003710 0016
@00003711 0016
@00003712 FFFA
@00003713 0000
@00003714 002B
@00003715 FFFC
@00003716 0032
@00003717 FFEC
@00003718 001A
@00003719 FFF4
@0000371A 0006
@0000371B FFD1
@0000371C FFE6
@0000371D FFF4
@0000371E 0011
@0000371F FFFC
@00003720 FFDB
@00003721 FFFB
@00003722 002D
@00003723 FFF4
@00003724 0018
@00003725 FFF4
@00003726 FFE8
@00003727 FFE1
@00003728 0010
@00003729 FFD9
@0000372A FFCF
@0000372B FFF7
@0000372C FFE3
@0000372D 0035
@0000372E FFFB
@0000372F FFEC
@00003730 0013
@00003731 FFF8
@00003732 001D
@00003733 0001
@00003734 0021
@00003735 FFFC
@00003736 FFF7
@00003737 0001
@00003738 0013
@00003739 0002
@0000373A FFF2
@0000373B FFEC
@0000373C FFDF
@0000373D FFF5
@0000373E FFC8
@0000373F FFD4
@00003740 0036
@00003741 FFFF
@00003742 0003
@00003743 0005
@00003744 FFF1
@00003745 0008
@00003746 FFFB
@00003747 0020
@00003748 000A
@00003749 0022
@0000374A 0018
@0000374B 0027
@0000374C 001B
@0000374D 0014
@0000374E 0003
@0000374F 0026
@00003750 FFE9
@00003751 FFD5
@00003752 FFDB
@00003753 0000
@00003754 0004
@00003755 FFF2
@00003756 FFEA
@00003757 0005
@00003758 001F
@00003759 0011
@0000375A FFFF
@0000375B FFE0
@0000375C 0024
@0000375D 0010
@0000375E 0016
@0000375F FFF2
@00003760 0017
@00003761 001C
@00003762 0033
@00003763 0024
@00003764 FFE3
@00003765 0029
@00003766 FFF9
@00003767 FFF0
@00003768 FFFE
@00003769 FFF5
@0000376A 0004
@0000376B 0011
@0000376C FFD4
@0000376D 0014
@0000376E FFD6
@0000376F 0001
@00003770 0001
@00003771 FFCA
@00003772 0048
@00003773 0000
@00003774 FFF1
@00003775 FFE3
@00003776 FFDB
@00003777 0000
@00003778 005C
@00003779 0030
@0000377A 0015
@0000377B 002E
@0000377C 0010
@0000377D FFD8
@0000377E 0009
@0000377F FFF0
@00003780 0023
@00003781 0007
@00003782 0010
@00003783 FFBB
@00003784 FF77
@00003785 0002
@00003786 FFFE
@00003787 FFE6
@00003788 0025
@00003789 0033
@0000378A 0010
@0000378B 0009
@0000378C 0034
@0000378D FFEF
@0000378E FFFE
@0000378F 000D
@00003790 FFFC
@00003791 001C
@00003792 0009
@00003793 0006
@00003794 FFF8
@00003795 FFF2
@00003796 FFE8
@00003797 FFFE
@00003798 0014
@00003799 000D
@0000379A FFD6
@0000379B 0010
@0000379C FFE7
@0000379D FFFB
@0000379E 000A
@0000379F 000B
@000037A0 0034
@000037A1 FFEB
@000037A2 FFE9
@000037A3 FFF7
@000037A4 FFEC
@000037A5 FFF9
@000037A6 FFFC
@000037A7 FFDC
@000037A8 FFF3
@000037A9 FFFF
@000037AA 000C
@000037AB FFF5
@000037AC FFE2
@000037AD FFC5
@000037AE 0048
@000037AF 0025
@000037B0 FFFD
@000037B1 FFEE
@000037B2 004C
@000037B3 FFE6
@000037B4 0006
@000037B5 FF99
@000037B6 001C
@000037B7 FFEB
@000037B8 0029
@000037B9 FFF1
@000037BA FFD0
@000037BB FFC8
@000037BC 006E
@000037BD 000C
@000037BE 0011
@000037BF FFF1
@000037C0 0002
@000037C1 FFE6
@000037C2 FFDB
@000037C3 0008
@000037C4 000D
@000037C5 FFE7
@000037C6 FFFB
@000037C7 001C
@000037C8 0012
@000037C9 FF94
@000037CA 0001
@000037CB FFFC
@000037CC 0014
@000037CD FFF4
@000037CE FFF8
@000037CF 0000
@000037D0 0017
@000037D1 0010
@000037D2 FFFA
@000037D3 0000
@000037D4 0016
@000037D5 FFE5
@000037D6 000D
@000037D7 001B
@000037D8 0000
@000037D9 0015
@000037DA FF44
@000037DB 0000
@000037DC 001B
@000037DD FFF7
@000037DE 000C
@000037DF 0002
@000037E0 0019
@000037E1 FFDC
@000037E2 0006
@000037E3 FFEC
@000037E4 FFD7
@000037E5 FFFC
@000037E6 FFFA
@000037E7 FFE8
@000037E8 FFDF
@000037E9 0008
@000037EA 000A
@000037EB 0005
@000037EC FFEB
@000037ED 0006
@000037EE FFF5
@000037EF FFF2
@000037F0 FFF5
@000037F1 000A
@000037F2 000A
@000037F3 0000
@000037F4 FFEC
@000037F5 0013
@000037F6 FFFF
@000037F7 0000
@000037F8 FFE4
@000037F9 FFFA
@000037FA 0017
@000037FB FFE1
@000037FC 0031
@000037FD FFEB
@000037FE 0002
@000037FF 0004
@00003800 0019
@00003801 FFF0
@00003802 FFFB
@00003803 FFF8
@00003804 FFD8
@00003805 000C
@00003806 FFDA
@00003807 FFF8
@00003808 0022
@00003809 FFFC
@0000380A FFEE
@0000380B FFF7
@0000380C 0012
@0000380D FFDA
@0000380E FFEA
@0000380F 0031
@00003810 0013
@00003811 0008
@00003812 FFEF
@00003813 001D
@00003814 0013
@00003815 FFF9
@00003816 FFDC
@00003817 001F
@00003818 FFC6
@00003819 FFFD
@0000381A FFE6
@0000381B FFEF
@0000381C FFEF
@0000381D FFEF
@0000381E 0011
@0000381F FFF3
@00003820 001A
@00003821 0023
@00003822 FFD2
@00003823 FFE0
@00003824 000C
@00003825 FFFE
@00003826 FFFB
@00003827 0008
@00003828 0000
@00003829 FFF1
@0000382A 0013
@0000382B FFEF
@0000382C FFFF
@0000382D FFF0
@0000382E FFFF
@0000382F FFFC
@00003830 0002
@00003831 FFED
@00003832 FFEF
@00003833 0009
@00003834 FFFB
@00003835 001A
@00003836 FFCE
@00003837 001A
@00003838 FFF0
@00003839 FFCE
@0000383A 0026
@0000383B 0012
@0000383C 0001
@0000383D FFC2
@0000383E 002F
@0000383F 0000
@00003840 FF94
@00003841 FFF5
@00003842 0019
@00003843 000F
@00003844 FF86
@00003845 003B
@00003846 FFF1
@00003847 0015
@00003848 004A
@00003849 FFFD
@0000384A FFEB
@0000384B 0008
@0000384C 0038
@0000384D FFCD
@0000384E FFF0
@0000384F FFD5
@00003850 FFDC
@00003851 000F
@00003852 FFD3
@00003853 FFF6
@00003854 FF7B
@00003855 FFFC
@00003856 0011
@00003857 001D
@00003858 0007
@00003859 FFDC
@0000385A FFFD
@0000385B FFCD
@0000385C 001C
@0000385D FFBA
@0000385E FFF3
@0000385F 0013
@00003860 FFCA
@00003861 000F
@00003862 0019
@00003863 FFF5
@00003864 FFF0
@00003865 FFE4
@00003866 FFDA
@00003867 FF97
@00003868 FFF1
@00003869 FFED
@0000386A FFDA
@0000386B 0026
@0000386C FFFF
@0000386D 0042
@0000386E FFF1
@0000386F FFF2
@00003870 FFF8
@00003871 FFFD
@00003872 0013
@00003873 FFF8
@00003874 FFCC
@00003875 0082
@00003876 FFCC
@00003877 FFBD
@00003878 0045
@00003879 FFD9
@0000387A 001E
@0000387B 0003
@0000387C 0031
@0000387D FFF8
@0000387E FFE6
@0000387F FFF1
@00003880 000A
@00003881 001C
@00003882 FFFA
@00003883 0005
@00003884 0025
@00003885 FFDE
@00003886 0009
@00003887 0010
@00003888 0006
@00003889 FFE2
@0000388A 0014
@0000388B 0031
@0000388C FFCF
@0000388D FFDA
@0000388E FFE5
@0000388F 0038
@00003890 FFF9
@00003891 0002
@00003892 0050
@00003893 FFD8
@00003894 0012
@00003895 000F
@00003896 0003
@00003897 FFF1
@00003898 FFE5
@00003899 FFC0
@0000389A 0010
@0000389B FFE4
@0000389C 0000
@0000389D 000E
@0000389E FFD6
@0000389F 002E
@000038A0 FFC0
@000038A1 001E
@000038A2 FFEB
@000038A3 0000
@000038A4 FFE4
@000038A5 FF98
@000038A6 0036
@000038A7 FF9A
@000038A8 0007
@000038A9 FFF4
@000038AA 000F
@000038AB FFDF
@000038AC 0001
@000038AD FFE8
@000038AE 0011
@000038AF FFD1
@000038B0 FFE1
@000038B1 FFFC
@000038B2 0020
@000038B3 FFD7
@000038B4 FFE4
@000038B5 FFFD
@000038B6 FFEB
@000038B7 FFF2
@000038B8 FFFE
@000038B9 FFFB
@000038BA FFF6
@000038BB FFD5
@000038BC FFE0
@000038BD 002C
@000038BE 0008
@000038BF FFE0
@000038C0 0002
@000038C1 FFFE
@000038C2 0023
@000038C3 FFFF
@000038C4 FFF7
@000038C5 FFFF
@000038C6 FFF5
@000038C7 001C
@000038C8 000D
@000038C9 0010
@000038CA FFDF
@000038CB FFFB
@000038CC FFFE
@000038CD 0000
@000038CE FFF1
@000038CF FFF7
@000038D0 0032
@000038D1 FFFA
@000038D2 FFFE
@000038D3 FFFF
@000038D4 FFF6
@000038D5 000C
@000038D6 FFEC
@000038D7 0020
@000038D8 0007
@000038D9 001B
@000038DA 0016
@000038DB FFEA
@000038DC FFF4
@000038DD FFFA
@000038DE 0001
@000038DF 000A
@000038E0 FFE1
@000038E1 FFD1
@000038E2 0004
@000038E3 FFE8
@000038E4 0004
@000038E5 0010
@000038E6 0016
@000038E7 FFDD
@000038E8 000C
@000038E9 0004
@000038EA FFEB
@000038EB FFEF
@000038EC 0013
@000038ED FFF5
@000038EE 000E
@000038EF FFC7
@000038F0 0014
@000038F1 FFE5
@000038F2 0020
@000038F3 0009
@000038F4 FFDE
@000038F5 001F
@000038F6 0004
@000038F7 0005
@000038F8 0003
@000038F9 FFE8
@000038FA 0005
@000038FB 0016
@000038FC FFF0
@000038FD 0020
@000038FE FFF7
@000038FF FFFD
@00003900 FFF8
@00003901 FFF1
@00003902 001F
@00003903 FFD9
@00003904 0019
@00003905 0002
@00003906 FFFD
@00003907 0000
@00003908 FFF9
@00003909 0029
@0000390A FFEF
@0000390B 002F
@0000390C FFF9
@0000390D FFF1
@0000390E 0012
@0000390F 0001
@00003910 0004
@00003911 FFD3
@00003912 0024
@00003913 000F
@00003914 FFD8
@00003915 FFEA
@00003916 FFFE
@00003917 0012
@00003918 FFF1
@00003919 FFFF
@0000391A FFDA
@0000391B FFD4
@0000391C 0013
@0000391D 000B
@0000391E 0007
@0000391F FFD4
@00003920 0000
@00003921 0033
@00003922 FFF1
@00003923 FFDE
@00003924 0019
@00003925 000C
@00003926 0011
@00003927 FFF5
@00003928 0037
@00003929 0000
@0000392A FFE5
@0000392B 000E
@0000392C FFFD
@0000392D 0005
@0000392E FFF5
@0000392F 0012
@00003930 FFF6
@00003931 0013
@00003932 FFE2
@00003933 FFFC
@00003934 0017
@00003935 FFDC
@00003936 FFDF
@00003937 FFDC
@00003938 001D
@00003939 000D
@0000393A FFF2
@0000393B 000F
@0000393C FFF9
@0000393D 000C
@0000393E FFF4
@0000393F 000A
@00003940 0016
@00003941 001C
@00003942 000B
@00003943 001D
@00003944 FFD0
@00003945 FFD8
@00003946 FFF4
@00003947 FFE7
@00003948 0014
@00003949 0011
@0000394A 0005
@0000394B 0008
@0000394C FFEF
@0000394D 0016
@0000394E FFDF
@0000394F FFF2
@00003950 FFF6
@00003951 FFDB
@00003952 FFFF
@00003953 FFE7
@00003954 FFF8
@00003955 0001
@00003956 0014
@00003957 0005
@00003958 FFFB
@00003959 0006
@0000395A 0003
@0000395B FFFB
@0000395C FFFD
@0000395D FFF7
@0000395E FFE9
@0000395F 0000
@00003960 0004
@00003961 FFEC
@00003962 0000
@00003963 FFEB
@00003964 0007
@00003965 FFE6
@00003966 0018
@00003967 FFF3
@00003968 FFEA
@00003969 FFDF
@0000396A FFF3
@0000396B 0000
@0000396C FFCB
@0000396D FFE7
@0000396E 002B
@0000396F FFFA
@00003970 FFD1
@00003971 FFCC
@00003972 0007
@00003973 002C
@00003974 FF9D
@00003975 FFF7
@00003976 FFE6
@00003977 0029
@00003978 FFE4
@00003979 0011
@0000397A FFDF
@0000397B 0012
@0000397C 002A
@0000397D 003E
@0000397E 0000
@0000397F FFE7
@00003980 FFFC
@00003981 0000
@00003982 003B
@00003983 FFE6
@00003984 0010
@00003985 003F
@00003986 FFF3
@00003987 001E
@00003988 FFC7
@00003989 FFDC
@0000398A FFC4
@0000398B FFB5
@0000398C 0012
@0000398D FFFD
@0000398E 000B
@0000398F FFEB
@00003990 001C
@00003991 FFF9
@00003992 0012
@00003993 0019
@00003994 000C
@00003995 FFD2
@00003996 FFC5
@00003997 FFF7
@00003998 001C
@00003999 FFFA
@0000399A FFD8
@0000399B FFFF
@0000399C FFB6
@0000399D 002C
@0000399E FFE8
@0000399F 000B
@000039A0 0004
@000039A1 FFF7
@000039A2 0010
@000039A3 0037
@000039A4 FFEB
@000039A5 0018
@000039A6 FFD9
@000039A7 0008
@000039A8 0013
@000039A9 FFC7
@000039AA FFFA
@000039AB FFDA
@000039AC FFAD
@000039AD FFA9
@000039AE 0017
@000039AF FFF9
@000039B0 FFED
@000039B1 0029
@000039B2 FFF2
@000039B3 0010
@000039B4 FFCF
@000039B5 0017
@000039B6 FFD1
@000039B7 FFC9
@000039B8 0001
@000039B9 000F
@000039BA 001F
@000039BB FFD0
@000039BC 0017
@000039BD 001E
@000039BE FFEA
@000039BF FFF7
@000039C0 0018
@000039C1 FFF5
@000039C2 000C
@000039C3 000E
@000039C4 FFEA
@000039C5 002F
@000039C6 FFEB
@000039C7 FFCF
@000039C8 FFFC
@000039C9 FFD2
@000039CA 0036
@000039CB FFFE
@000039CC 0031
@000039CD FFE5
@000039CE FFFF
@000039CF 0000
@000039D0 FFF6
@000039D1 0002
@000039D2 000B
@000039D3 FFE7
@000039D4 0027
@000039D5 0015
@000039D6 FFF2
@000039D7 0003
@000039D8 FFF4
@000039D9 FFE7
@000039DA 000A
@000039DB 000C
@000039DC FFF2
@000039DD FFF8
@000039DE FFFE
@000039DF FFE0
@000039E0 FFE8
@000039E1 001D
@000039E2 FFF4
@000039E3 FFE8
@000039E4 001E
@000039E5 0010
@000039E6 0017
@000039E7 FFD9
@000039E8 0008
@000039E9 0003
@000039EA FFFF
@000039EB FFE9
@000039EC FFFA
@000039ED 0014
@000039EE FFF9
@000039EF FFE8
@000039F0 FFFC
@000039F1 FFFD
@000039F2 0000
@000039F3 FFEA
@000039F4 FFFE
@000039F5 0008
@000039F6 FFEA
@000039F7 0013
@000039F8 FFF5
@000039F9 000C
@000039FA FFDB
@000039FB FFE8
@000039FC 0025
@000039FD 000D
@000039FE FFFE
@000039FF FFFC
@00003A00 000A
@00003A01 FFDB
@00003A02 0005
@00003A03 0019
@00003A04 000B
@00003A05 FFF2
@00003A06 FFED
@00003A07 FFD6
@00003A08 0003
@00003A09 FFFD
@00003A0A FFE2
@00003A0B FFF7
@00003A0C FFFC
@00003A0D FFE8
@00003A0E FFF8
@00003A0F FFFA
@00003A10 0001
@00003A11 001D
@00003A12 FFE1
@00003A13 FFE4
@00003A14 0000
@00003A15 0010
@00003A16 FFF8
@00003A17 0013
@00003A18 0020
@00003A19 000C
@00003A1A 000E
@00003A1B 0003
@00003A1C 0002
@00003A1D 0001
@00003A1E 0021
@00003A1F FFF5
@00003A20 FFFE
@00003A21 FFFA
@00003A22 FFEF
@00003A23 FFFE
@00003A24 0023
@00003A25 FFE8
@00003A26 0020
@00003A27 FFFA
@00003A28 FFF6
@00003A29 0021
@00003A2A 0005
@00003A2B FFFD
@00003A2C 0011
@00003A2D FFDC
@00003A2E 0009
@00003A2F FFD7
@00003A30 0018
@00003A31 FFF5
@00003A32 FFF2
@00003A33 0000
@00003A34 0008
@00003A35 0001
@00003A36 FFFB
@00003A37 FFEC
@00003A38 0027
@00003A39 001A
@00003A3A FFE4
@00003A3B FFDE
@00003A3C FFF6
@00003A3D FFF4
@00003A3E 0021
@00003A3F FFF8
@00003A40 FFCD
@00003A41 FFDA
@00003A42 0005
@00003A43 FFF6
@00003A44 0022
@00003A45 000B
@00003A46 FFDC
@00003A47 FFEF
@00003A48 0016
@00003A49 FFF8
@00003A4A 0006
@00003A4B 0002
@00003A4C FFD4
@00003A4D 0021
@00003A4E FFF0
@00003A4F FFF7
@00003A50 0012
@00003A51 001E
@00003A52 001B
@00003A53 FFF3
@00003A54 0010
@00003A55 FFF4
@00003A56 0008
@00003A57 FFF7
@00003A58 FFFE
@00003A59 FFF5
@00003A5A FFE9
@00003A5B FFCC
@00003A5C FFFF
@00003A5D 0020
@00003A5E FFF1
@00003A5F FFFA
@00003A60 001E
@00003A61 FFE4
@00003A62 FFE2
@00003A63 FFEE
@00003A64 000F
@00003A65 FFEA
@00003A66 FFE8
@00003A67 FFFD
@00003A68 0000
@00003A69 FFF8
@00003A6A 0008
@00003A6B 0016
@00003A6C 0001
@00003A6D FFFB
@00003A6E FFFF
@00003A6F FFFA
@00003A70 FFF9
@00003A71 FFE0
@00003A72 FFD4
@00003A73 FFF6
@00003A74 0002
@00003A75 FFE8
@00003A76 FFEF
@00003A77 FFF2
@00003A78 0015
@00003A79 000F
@00003A7A FFDA
@00003A7B FFFB
@00003A7C FFF6
@00003A7D FFE5
@00003A7E FFFF
@00003A7F FFE9
@00003A80 0013
@00003A81 0005
@00003A82 000B
@00003A83 FFFD
@00003A84 FFEA
@00003A85 FFF1
@00003A86 FFE3
@00003A87 FFFF
@00003A88 0008
@00003A89 FFF8
@00003A8A 000D
@00003A8B 0011
@00003A8C FFF9
@00003A8D 0026
@00003A8E FFE6
@00003A8F FFF2
@00003A90 FFFE
@00003A91 FFF2
@00003A92 0023
@00003A93 FFD3
@00003A94 0002
@00003A95 FFD3
@00003A96 FFF1
@00003A97 0000
@00003A98 FFDD
@00003A99 FFF0
@00003A9A FFDD
@00003A9B 000C
@00003A9C 005A
@00003A9D FFF7
@00003A9E 0016
@00003A9F 0021
@00003AA0 FFCF
@00003AA1 FFC0
@00003AA2 001A
@00003AA3 FFEA
@00003AA4 FFE2
@00003AA5 FFE4
@00003AA6 001F
@00003AA7 000E
@00003AA8 FFEE
@00003AA9 FFF5
@00003AAA FFF1
@00003AAB FFD6
@00003AAC FFF1
@00003AAD 0015
@00003AAE FFFA
@00003AAF FFDB
@00003AB0 FFD4
@00003AB1 FFFE
@00003AB2 001A
@00003AB3 FFEE
@00003AB4 0013
@00003AB5 0068
@00003AB6 0008
@00003AB7 FFE3
@00003AB8 0016
@00003AB9 FFDA
@00003ABA FFEC
@00003ABB FFFA
@00003ABC 002D
@00003ABD FFF3
@00003ABE FFDD
@00003ABF FFFC
@00003AC0 FFFF
@00003AC1 002A
@00003AC2 FFEB
@00003AC3 FFE2
@00003AC4 0005
@00003AC5 FFD8
@00003AC6 FFF3
@00003AC7 FFF5
@00003AC8 0015
@00003AC9 FFDE
@00003ACA FFFF
@00003ACB 001F
@00003ACC 000C
@00003ACD 000E
@00003ACE 0008
@00003ACF FFEA
@00003AD0 FFE5
@00003AD1 000D
@00003AD2 FFC6
@00003AD3 0001
@00003AD4 FFC9
@00003AD5 0009
@00003AD6 0019
@00003AD7 FFFF
@00003AD8 000B
@00003AD9 FFEA
@00003ADA FFFA
@00003ADB 003C
@00003ADC 0009
@00003ADD 0012
@00003ADE FFD2
@00003ADF FFDE
@00003AE0 FFF9
@00003AE1 FFE5
@00003AE2 0000
@00003AE3 FFC6
@00003AE4 0008
@00003AE5 001F
@00003AE6 000B
@00003AE7 FFD6
@00003AE8 FFDA
@00003AE9 000D
@00003AEA FFF5
@00003AEB FFEE
@00003AEC FFDC
@00003AED FFEA
@00003AEE 0017
@00003AEF 0008
@00003AF0 0001
@00003AF1 FFF5
@00003AF2 FFF3
@00003AF3 0029
@00003AF4 FFE8
@00003AF5 0001
@00003AF6 0000
@00003AF7 FFEB
@00003AF8 0011
@00003AF9 FFE6
@00003AFA 003A
@00003AFB 0000
@00003AFC 000A
@00003AFD FFF6
@00003AFE FFFD
@00003AFF FFFA
@00003B00 003D
@00003B01 FFE3
@00003B02 FFF3
@00003B03 0008
@00003B04 0000
@00003B05 FFCD
@00003B06 0001
@00003B07 0000
@00003B08 FFC5
@00003B09 0001
@00003B0A 0014
@00003B0B 000B
@00003B0C 0008
@00003B0D FFED
@00003B0E FFF1
@00003B0F FFF1
@00003B10 0028
@00003B11 0007
@00003B12 0018
@00003B13 FFE1
@00003B14 FFDB
@00003B15 0013
@00003B16 FFF9
@00003B17 FFE4
@00003B18 0008
@00003B19 0016
@00003B1A 0024
@00003B1B FFF7
@00003B1C 001F
@00003B1D 0002
@00003B1E FFF1
@00003B1F FFEF
@00003B20 0022
@00003B21 FFFE
@00003B22 FFE0
@00003B23 0008
@00003B24 FFF6
@00003B25 0006
@00003B26 FFE4
@00003B27 FFCE
@00003B28 0032
@00003B29 FFD8
@00003B2A 0002
@00003B2B FFF2
@00003B2C FFF1
@00003B2D FFF6
@00003B2E FFE6
@00003B2F 0030
@00003B30 0022
@00003B31 FFF4
@00003B32 FFFC
@00003B33 001E
@00003B34 0006
@00003B35 FFFF
@00003B36 FFFD
@00003B37 0021
@00003B38 FFE6
@00003B39 FFF1
@00003B3A FFDD
@00003B3B FFE7
@00003B3C FFFD
@00003B3D 002B
@00003B3E FFF0
@00003B3F FFF9
@00003B40 FFE8
@00003B41 000C
@00003B42 FFD9
@00003B43 FFF5
@00003B44 0016
@00003B45 FFFA
@00003B46 0008
@00003B47 FFCE
@00003B48 0032
@00003B49 0013
@00003B4A FFFE
@00003B4B 0008
@00003B4C FFED
@00003B4D 0036
@00003B4E FFFF
@00003B4F FFD4
@00003B50 0019
@00003B51 FFE1
@00003B52 001F
@00003B53 000D
@00003B54 FFFF
@00003B55 FFFF
@00003B56 FFD1
@00003B57 FFF9
@00003B58 0013
@00003B59 FFF5
@00003B5A 001B
@00003B5B FFE1
@00003B5C FFEF
@00003B5D FFCF
@00003B5E FFEF
@00003B5F 0000
@00003B60 FFEB
@00003B61 FFF1
@00003B62 FFDB
@00003B63 FFEA
@00003B64 0043
@00003B65 FFF4
@00003B66 FFEA
@00003B67 FFF3
@00003B68 FFF1
@00003B69 0001
@00003B6A FFF5
@00003B6B FFF1
@00003B6C FFF3
@00003B6D 0001
@00003B6E FFFB
@00003B6F FFF9
@00003B70 000C
@00003B71 0004
@00003B72 FFF9
@00003B73 FFEE
@00003B74 0003
@00003B75 0000
@00003B76 001B
@00003B77 FFDD
@00003B78 FFEA
@00003B79 FFF0
@00003B7A FFEB
@00003B7B FFEC
@00003B7C 0006
@00003B7D FFE0
@00003B7E 000F
@00003B7F FFD8
@00003B80 0003
@00003B81 FFFA
@00003B82 0004
@00003B83 000B
@00003B84 0015
@00003B85 FFF0
@00003B86 FFE7
@00003B87 0009
@00003B88 FFE2
@00003B89 000E
@00003B8A FFF4
@00003B8B FFFD
@00003B8C FFF5
@00003B8D FFFA
@00003B8E FFEF
@00003B8F 000D
@00003B90 FFF3
@00003B91 FFE0
@00003B92 0006
@00003B93 000D
@00003B94 0013
@00003B95 FFFB
@00003B96 0016
@00003B97 0005
@00003B98 FFEF
@00003B99 001A
@00003B9A FFE4
@00003B9B 0011
@00003B9C FFE9
@00003B9D 0012
@00003B9E 0003
@00003B9F 0000
@00003BA0 FFF0
@00003BA1 FFD0
@00003BA2 000F
@00003BA3 FFE0
@00003BA4 000E
@00003BA5 0007
@00003BA6 0001
@00003BA7 FFFD
@00003BA8 FFF7
@00003BA9 FFFE
@00003BAA FFE4
@00003BAB FFE9
@00003BAC FFF2
@00003BAD 0016
@00003BAE 0008
@00003BAF 0001
@00003BB0 0003
@00003BB1 001A
@00003BB2 FFFD
@00003BB3 FFF5
@00003BB4 0004
@00003BB5 FFFC
@00003BB6 0007
@00003BB7 0010
@00003BB8 FFFF
@00003BB9 FFFE
@00003BBA FFF0
@00003BBB FFF9
@00003BBC FFEF
@00003BBD FFE1
@00003BBE FFF9
@00003BBF FFCB
@00003BC0 FFFF
@00003BC1 FFEE
@00003BC2 FFDE
@00003BC3 0000
@00003BC4 FF65
@00003BC5 0044
@00003BC6 FFAC
@00003BC7 0016
@00003BC8 FFA0
@00003BC9 0019
@00003BCA FFF5
@00003BCB FFEA
@00003BCC 002E
@00003BCD FFAE
@00003BCE FFF9
@00003BCF 0069
@00003BD0 000F
@00003BD1 FFD3
@00003BD2 002D
@00003BD3 000D
@00003BD4 001A
@00003BD5 FFE6
@00003BD6 FF7C
@00003BD7 FFAF
@00003BD8 FFD5
@00003BD9 FFE6
@00003BDA FFFF
@00003BDB FFCB
@00003BDC FFA9
@00003BDD 0047
@00003BDE 0023
@00003BDF FF75
@00003BE0 FFF8
@00003BE1 FFE8
@00003BE2 0035
@00003BE3 000C
@00003BE4 000C
@00003BE5 FFDE
@00003BE6 000A
@00003BE7 000D
@00003BE8 0063
@00003BE9 FFD0
@00003BEA FF60
@00003BEB FFC1
@00003BEC FF8F
@00003BED 0046
@00003BEE FFB9
@00003BEF FFBD
@00003BF0 0052
@00003BF1 FFDC
@00003BF2 FFDC
@00003BF3 FFA2
@00003BF4 0009
@00003BF5 FFC2
@00003BF6 FFB6
@00003BF7 0088
@00003BF8 FFF9
@00003BF9 006F
@00003BFA FFFC
@00003BFB FF7C
@00003BFC 000A
@00003BFD 000C
@00003BFE FFDC
@00003BFF 008B
@00003C00 FF87
@00003C01 FFDA
@00003C02 0002
@00003C03 FFA4
@00003C04 0057
@00003C05 0010
@00003C06 FFFB
@00003C07 FFFD
@00003C08 003E
@00003C09 0004
@00003C0A FF66
@00003C0B FFF0
@00003C0C 0015
@00003C0D FFB9
@00003C0E FFF6
@00003C0F 0028
@00003C10 0029
@00003C11 0025
@00003C12 0078
@00003C13 0019
@00003C14 FFAD
@00003C15 0001
@00003C16 0018
@00003C17 FF8F
@00003C18 FFE8
@00003C19 FFE9
@00003C1A 0026
@00003C1B 001B
@00003C1C FF88
@00003C1D FFD8
@00003C1E FFC7
@00003C1F 0036
@00003C20 0019
@00003C21 FF83
@00003C22 0050
@00003C23 000A
@00003C24 FFE4
@00003C25 FFD8
@00003C26 0064
@00003C27 0000
@00003C28 0064
@00003C29 FFEF
@00003C2A 001C
@00003C2B FFDA
@00003C2C 0061
@00003C2D FFF7
@00003C2E 0000
@00003C2F 001B
@00003C30 FFAD
@00003C31 FFF5
@00003C32 FFF8
@00003C33 0010
@00003C34 FF90
@00003C35 002A
@00003C36 FFED
@00003C37 000A
@00003C38 001B
@00003C39 0008
@00003C3A FFF8
@00003C3B 001E
@00003C3C FFD3
@00003C3D 0012
@00003C3E FFE1
@00003C3F FFD8
@00003C40 0021
@00003C41 0008
@00003C42 0004
@00003C43 FFF7
@00003C44 0002
@00003C45 002A
@00003C46 FFEA
@00003C47 FFCD
@00003C48 0044
@00003C49 FFEB
@00003C4A FFE1
@00003C4B FFFC
@00003C4C 000A
@00003C4D 0057
@00003C4E FFF5
@00003C4F 002F
@00003C50 000E
@00003C51 FFBF
@00003C52 FFD2
@00003C53 FFFC
@00003C54 0017
@00003C55 0028
@00003C56 FFF3
@00003C57 0013
@00003C58 0006
@00003C59 0022
@00003C5A FFF4
@00003C5B 0017
@00003C5C 0005
@00003C5D FFDB
@00003C5E 0005
@00003C5F FFCB
@00003C60 0013
@00003C61 FFFB
@00003C62 FFA7
@00003C63 FFFC
@00003C64 000D
@00003C65 FFDE
@00003C66 0009
@00003C67 001C
@00003C68 FFDE
@00003C69 FF85
@00003C6A FFE2
@00003C6B FFD4
@00003C6C 000A
@00003C6D 0017
@00003C6E 000E
@00003C6F 0012
@00003C70 FFBB
@00003C71 FFE4
@00003C72 FF93
@00003C73 FFCB
@00003C74 0005
@00003C75 FFDE
@00003C76 0009
@00003C77 FFF1
@00003C78 0021
@00003C79 0009
@00003C7A FFE6
@00003C7B 0001
@00003C7C 000F
@00003C7D FFFC
@00003C7E FFE5
@00003C7F FFEF
@00003C80 001E
@00003C81 0002
@00003C82 FFF7
@00003C83 0004
@00003C84 0014
@00003C85 FFD9
@00003C86 0025
@00003C87 FFFD
@00003C88 001C
@00003C89 FFE4
@00003C8A FFBF
@00003C8B 0000
@00003C8C FFAB
@00003C8D 0022
@00003C8E FFB0
@00003C8F 0022
@00003C90 FFD1
@00003C91 0001
@00003C92 FFE3
@00003C93 0002
@00003C94 FFDB
@00003C95 FFDF
@00003C96 0017
@00003C97 003C
@00003C98 FFF2
@00003C99 0007
@00003C9A 0036
@00003C9B 0002
@00003C9C FFFB
@00003C9D FFDD
@00003C9E FFE5
@00003C9F FFD5
@00003CA0 0000
@00003CA1 0007
@00003CA2 FFF8
@00003CA3 FFDA
@00003CA4 FFCA
@00003CA5 0034
@00003CA6 001C
@00003CA7 FFC5
@00003CA8 FFEF
@00003CA9 FFF7
@00003CAA 0020
@00003CAB 0010
@00003CAC FFFF
@00003CAD FFCD
@00003CAE 0020
@00003CAF 0013
@00003CB0 0019
@00003CB1 FFE9
@00003CB2 FFB7
@00003CB3 FFF3
@00003CB4 FFEB
@00003CB5 003B
@00003CB6 FFF3
@00003CB7 FFC7
@00003CB8 001F
@00003CB9 FFDC
@00003CBA FFE1
@00003CBB FFE6
@00003CBC 0003
@00003CBD FFE4
@00003CBE FFE5
@00003CBF 0047
@00003CC0 0011
@00003CC1 0021
@00003CC2 0004
@00003CC3 FFAB
@00003CC4 0003
@00003CC5 FFF3
@00003CC6 FFD3
@00003CC7 003A
@00003CC8 FFB5
@00003CC9 000F
@00003CCA 0011
@00003CCB FFE8
@00003CCC 002A
@00003CCD FFF6
@00003CCE 0011
@00003CCF 0023
@00003CD0 0022
@00003CD1 FFED
@00003CD2 FFE9
@00003CD3 FFDA
@00003CD4 0000
@00003CD5 FFDE
@00003CD6 FFFC
@00003CD7 0015
@00003CD8 0000
@00003CD9 0006
@00003CDA 0042
@00003CDB FFEA
@00003CDC FFCF
@00003CDD FFF0
@00003CDE 0001
@00003CDF FFDF
@00003CE0 0005
@00003CE1 0015
@00003CE2 FFF5
@00003CE3 0013
@00003CE4 FFD3
@00003CE5 FFFB
@00003CE6 FFEC
@00003CE7 0010
@00003CE8 000A
@00003CE9 FFB0
@00003CEA 0033
@00003CEB 0007
@00003CEC 0012
@00003CED FFC8
@00003CEE FFF9
@00003CEF 0000
@00003CF0 FFC4
@00003CF1 FFF4
@00003CF2 FFF2
@00003CF3 FFFB
@00003CF4 0024
@00003CF5 FFDA
@00003CF6 0001
@00003CF7 0027
@00003CF8 FFD3
@00003CF9 0007
@00003CFA 0014
@00003CFB 001F
@00003CFC FFED
@00003CFD 000C
@00003CFE FFFE
@00003CFF 0030
@00003D00 FFFC
@00003D01 FFFA
@00003D02 FFF6
@00003D03 FFE7
@00003D04 FFDC
@00003D05 FFEC
@00003D06 0004
@00003D07 FFD9
@00003D08 0022
@00003D09 FFEE
@00003D0A 001F
@00003D0B FFEB
@00003D0C 0009
@00003D0D 006C
@00003D0E 0026
@00003D0F FFF3
@00003D10 0020
@00003D11 FFE5
@00003D12 FFE2
@00003D13 000C
@00003D14 000A
@00003D15 0013
@00003D16 0001
@00003D17 FFB0
@00003D18 FFE4
@00003D19 002F
@00003D1A FFF3
@00003D1B FFDD
@00003D1C FFEF
@00003D1D FFE8
@00003D1E 002D
@00003D1F FFCB
@00003D20 0027
@00003D21 FFEC
@00003D22 0016
@00003D23 FFEE
@00003D24 001B
@00003D25 006B
@00003D26 FFFB
@00003D27 FFD7
@00003D28 FFED
@00003D29 FFF3
@00003D2A FFA2
@00003D2B 000E
@00003D2C FFE3
@00003D2D 000B
@00003D2E FFE7
@00003D2F 0003
@00003D30 0014
@00003D31 FFFB
@00003D32 FFE0
@00003D33 0015
@00003D34 FFD1
@00003D35 0028
@00003D36 FFFA
@00003D37 FFFB
@00003D38 0017
@00003D39 FFD3
@00003D3A FFFE
@00003D3B 000E
@00003D3C FFFD
@00003D3D FFFB
@00003D3E 0023
@00003D3F 0018
@00003D40 FFD8
@00003D41 0001
@00003D42 001F
@00003D43 0012
@00003D44 FFF9
@00003D45 FFEE
@00003D46 001A
@00003D47 FFE2
@00003D48 FFF1
@00003D49 FFF5
@00003D4A FFE1
@00003D4B FFEF
@00003D4C 0002
@00003D4D FFE6
@00003D4E FFE0
@00003D4F FFEA
@00003D50 0009
@00003D51 FFFB
@00003D52 00AF
@00003D53 0000
@00003D54 0027
@00003D55 FFD1
@00003D56 FFC4
@00003D57 FFF2
@00003D58 FFED
@00003D59 0017
@00003D5A FFEF
@00003D5B 0009
@00003D5C FFD3
@00003D5D FFFE
@00003D5E 0005
@00003D5F 0043
@00003D60 0009
@00003D61 0004
@00003D62 FFD8
@00003D63 0045
@00003D64 FFD3
@00003D65 FFF6
@00003D66 FFFF
@00003D67 FFFD
@00003D68 FFFD
@00003D69 FFE0
@00003D6A 002C
@00003D6B FFF4
@00003D6C FFC4
@00003D6D 000B
@00003D6E FFEC
@00003D6F 0001
@00003D70 0039
@00003D71 FFD7
@00003D72 002E
@00003D73 001D
@00003D74 FFE3
@00003D75 000B
@00003D76 0007
@00003D77 001D
@00003D78 FFFB
@00003D79 001E
@00003D7A 001E
@00003D7B 001F
@00003D7C 0028
@00003D7D 0025
@00003D7E 0015
@00003D7F FFE3
@00003D80 FFE8
@00003D81 FFED
@00003D82 FFEB
@00003D83 001B
@00003D84 FFCC
@00003D85 0008
@00003D86 FFF0
@00003D87 FFF4
@00003D88 FFFF
@00003D89 0010
@00003D8A FFF0
@00003D8B 0053
@00003D8C FFE8
@00003D8D FFF1
@00003D8E FFD0
@00003D8F 0015
@00003D90 FFE8
@00003D91 FFF0
@00003D92 FFFE
@00003D93 FFE4
@00003D94 0011
@00003D95 0015
@00003D96 0012
@00003D97 002A
@00003D98 FFF9
@00003D99 000A
@00003D9A FFFD
@00003D9B FFB6
@00003D9C FFFE
@00003D9D 0036
@00003D9E 0008
@00003D9F FFF2
@00003DA0 FFF9
@00003DA1 FFF0
@00003DA2 0021
@00003DA3 0011
@00003DA4 0004
@00003DA5 FFC6
@00003DA6 002B
@00003DA7 0009
@00003DA8 FFFA
@00003DA9 FFF8
@00003DAA 000F
@00003DAB FFFF
@00003DAC FFFA
@00003DAD 0024
@00003DAE 000D
@00003DAF FFFA
@00003DB0 0003
@00003DB1 FFFD
@00003DB2 FFF7
@00003DB3 0007
@00003DB4 FFE6
@00003DB5 FFF7
@00003DB6 0002
@00003DB7 0000
@00003DB8 0023
@00003DB9 FFF9
@00003DBA 0018
@00003DBB FFE5
@00003DBC 003A
@00003DBD FFDD
@00003DBE 0008
@00003DBF FFFF
@00003DC0 FFE3
@00003DC1 FFE9
@00003DC2 FFFD
@00003DC3 FFD8
@00003DC4 FFDF
@00003DC5 FFE4
@00003DC6 000A
@00003DC7 000B
@00003DC8 0013
@00003DC9 FFFA
@00003DCA FFF1
@00003DCB FFFD
@00003DCC 002F
@00003DCD FFF2
@00003DCE FFDD
@00003DCF 0000
@00003DD0 FFD6
@00003DD1 0009
@00003DD2 FFF2
@00003DD3 FFE9
@00003DD4 FFEF
@00003DD5 FFF5
@00003DD6 0014
@00003DD7 FFE5
@00003DD8 001A
@00003DD9 FFE8
@00003DDA FFDE
@00003DDB FFEE
@00003DDC 0009
@00003DDD FFF1
@00003DDE FFCE
@00003DDF 000A
@00003DE0 0008
@00003DE1 000F
@00003DE2 FFE8
@00003DE3 FFF2
@00003DE4 002F
@00003DE5 FFD3
@00003DE6 FFDD
@00003DE7 FFFC
@00003DE8 001D
@00003DE9 FFE8
@00003DEA FFE4
@00003DEB 0018
@00003DEC 0010
@00003DED 0000
@00003DEE 0002
@00003DEF 0028
@00003DF0 FFF8
@00003DF1 000B
@00003DF2 0003
@00003DF3 0023
@00003DF4 FFE8
@00003DF5 FFD4
@00003DF6 FFEB
@00003DF7 FFD9
@00003DF8 FFF2
@00003DF9 FFF8
@00003DFA FFF7
@00003DFB FFF1
@00003DFC FFFE
@00003DFD 0015
@00003DFE FFE7
@00003DFF FFF5
@00003E00 001E
@00003E01 FFE4
@00003E02 FFF2
@00003E03 FFEA
@00003E04 0031
@00003E05 FFFF
@00003E06 0002
@00003E07 0008
@00003E08 FFE5
@00003E09 001B
@00003E0A FFF5
@00003E0B FFF1
@00003E0C 0013
@00003E0D FFDB
@00003E0E 001A
@00003E0F 0024
@00003E10 FFF9
@00003E11 000C
@00003E12 FFFC
@00003E13 FFFA
@00003E14 000B
@00003E15 FFCE
@00003E16 002F
@00003E17 FFD8
@00003E18 FFE3
@00003E19 FFD4
@00003E1A 0009
@00003E1B 0000
@00003E1C FFF0
@00003E1D 000E
@00003E1E FFF2
@00003E1F 000D
@00003E20 002F
@00003E21 FFFC
@00003E22 0010
@00003E23 FFF5
@00003E24 0014
@00003E25 FFFC
@00003E26 FFED
@00003E27 FFE7
@00003E28 FFEA
@00003E29 FFEF
@00003E2A 001B
@00003E2B FFE7
@00003E2C FFFC
@00003E2D FFF9
@00003E2E FFEA
@00003E2F FFE4
@00003E30 000E
@00003E31 000B
@00003E32 FFE7
@00003E33 000B
@00003E34 FFFC
@00003E35 0000
@00003E36 FFEB
@00003E37 FFF5
@00003E38 FFFD
@00003E39 FFE7
@00003E3A 0018
@00003E3B 0008
@00003E3C FFF3
@00003E3D 0003
@00003E3E 0003
@00003E3F 000D
@00003E40 FFF2
@00003E41 FFE5
@00003E42 FFDF
@00003E43 0002
@00003E44 0001
@00003E45 FFF9
@00003E46 FFE2
@00003E47 FFDE
@00003E48 001B
@00003E49 FFF1
@00003E4A FFEF
@00003E4B FFF7
@00003E4C FFF7
@00003E4D 0008
@00003E4E 000A
@00003E4F FFF8
@00003E50 0016
@00003E51 FFF1
@00003E52 FFFA
@00003E53 FFE8
@00003E54 FFEF
@00003E55 FFF3
@00003E56 FFED
@00003E57 000B
@00003E58 0007
@00003E59 FFF3
@00003E5A FFFD
@00003E5B FFEB
@00003E5C 0026
@00003E5D 000D
@00003E5E 000B
@00003E5F FFF3
@00003E60 0022
@00003E61 0016
@00003E62 FFFD
@00003E63 FFE7
@00003E64 0019
@00003E65 FFE3
@00003E66 0008
@00003E67 FFD9
@00003E68 0009
@00003E69 FFF8
@00003E6A FFF2
@00003E6B 0016
@00003E6C 0004
@00003E6D 001D
@00003E6E FFEC
@00003E6F FFFA
@00003E70 FFFB
@00003E71 0008
@00003E72 0002
@00003E73 FFF6
@00003E74 FFF7
@00003E75 0022
@00003E76 FFFA
@00003E77 000C
@00003E78 0013
@00003E79 FFF0
@00003E7A FFF7
@00003E7B FFE3
@00003E7C FFFD
@00003E7D 0009
@00003E7E FFF0
@00003E7F 0000
@00003E80 FFFC
@00003E81 0004
@00003E82 FFD5
@00003E83 0000
@00003E84 001C
@00003E85 0007
@00003E86 FFDD
@00003E87 0003
@00003E88 0001
@00003E89 FFFF
@00003E8A 0024
@00003E8B 0007
@00003E8C FFF9
@00003E8D FFE6
@00003E8E 000C
@00003E8F FFF9
@00003E90 0000
@00003E91 FFFE
@00003E92 FFF4
@00003E93 0004
@00003E94 FFF1
@00003E95 FFF3
@00003E96 FFD7
@00003E97 FFE3
@00003E98 FFDB
@00003E99 0036
@00003E9A 0019
@00003E9B FFEF
@00003E9C FFE0
@00003E9D 0025
@00003E9E 0008
@00003E9F 000E
@00003EA0 001C
@00003EA1 FFE1
@00003EA2 FFDF
@00003EA3 0003
@00003EA4 FFFF
@00003EA5 FFF5
@00003EA6 FFD8
@00003EA7 0012
@00003EA8 FFE9
@00003EA9 0016
@00003EAA FFD8
@00003EAB FFFE
@00003EAC 002C
@00003EAD 000D
@00003EAE FFEF
@00003EAF 0005
@00003EB0 FFEF
@00003EB1 0013
@00003EB2 FFD6
@00003EB3 001B
@00003EB4 0019
@00003EB5 0009
@00003EB6 FFEE
@00003EB7 0012
@00003EB8 0020
@00003EB9 0021
@00003EBA FFEF
@00003EBB FFFB
@00003EBC FFF0
@00003EBD FFE9
@00003EBE FFE9
@00003EBF FFF5
@00003EC0 0012
@00003EC1 FFE4
@00003EC2 FFD7
@00003EC3 FFE7
@00003EC4 0007
@00003EC5 000D
@00003EC6 FFE7
@00003EC7 FFDC
@00003EC8 FFEC
@00003EC9 FFFD
@00003ECA FFFB
@00003ECB FFE6
@00003ECC 0027
@00003ECD 0000
@00003ECE 0029
@00003ECF 0004
@00003ED0 0010
@00003ED1 FFE5
@00003ED2 000C
@00003ED3 FFF8
@00003ED4 FFF4
@00003ED5 FFF9
@00003ED6 0000
@00003ED7 0022
@00003ED8 FFE6
@00003ED9 000A
@00003EDA 0007
@00003EDB 000A
@00003EDC 000B
@00003EDD FFCA
@00003EDE 0031
@00003EDF FFE3
@00003EE0 0000
@00003EE1 FFFF
@00003EE2 FFDD
@00003EE3 0000
@00003EE4 0049
@00003EE5 FFE3
@00003EE6 FFE0
@00003EE7 FFE8
@00003EE8 003D
@00003EE9 0007
@00003EEA 0019
@00003EEB 0018
@00003EEC FFCB
@00003EED FFEB
@00003EEE 0004
@00003EEF 000F
@00003EF0 FFC8
@00003EF1 0019
@00003EF2 FFFB
@00003EF3 FFE5
@00003EF4 0015
@00003EF5 001A
@00003EF6 FFE7
@00003EF7 000E
@00003EF8 FFFD
@00003EF9 000C
@00003EFA 000A
@00003EFB FFD3
@00003EFC FFE7
@00003EFD 0007
@00003EFE FFE7
@00003EFF 0008
@00003F00 000D
@00003F01 002E
@00003F02 FFFA
@00003F03 FFE2
@00003F04 0020
@00003F05 FFF1
@00003F06 FFE7
@00003F07 FFF2
@00003F08 0006
@00003F09 0029
@00003F0A FFDD
@00003F0B 001A
@00003F0C FFE8
@00003F0D FFF3
@00003F0E FFD4
@00003F0F FFFB
@00003F10 0039
@00003F11 FFFD
@00003F12 FFE8
@00003F13 FFF2
@00003F14 0000
@00003F15 000B
@00003F16 FFF7
@00003F17 0009
@00003F18 001C
@00003F19 FFF6
@00003F1A 0003
@00003F1B 0012
@00003F1C 0017
@00003F1D FFF9
@00003F1E FFE9
@00003F1F FFFC
@00003F20 0003
@00003F21 FFE5
@00003F22 FFF2
@00003F23 FFDC
@00003F24 FFF7
@00003F25 FFD1
@00003F26 FFEB
@00003F27 FFE7
@00003F28 0000
@00003F29 0010
@00003F2A FFFE
@00003F2B FFEA
@00003F2C 0005
@00003F2D 0011
@00003F2E FFDB
@00003F2F FFCF
@00003F30 000E
@00003F31 FFEE
@00003F32 0019
@00003F33 000D
@00003F34 FFF1
@00003F35 FFF1
@00003F36 FFEF
@00003F37 0003
@00003F38 0018
@00003F39 FFFF
@00003F3A 001D
@00003F3B 0008
@00003F3C 000C
@00003F3D FFFE
@00003F3E FFE7
@00003F3F FFF5
@00003F40 0011
@00003F41 FFDF
@00003F42 002F
@00003F43 FFE7
@00003F44 0021
@00003F45 FFFC
@00003F46 FFDB
@00003F47 0000
@00003F48 FFD0
@00003F49 FFF0
@00003F4A 0011
@00003F4B FFF6
@00003F4C FFFE
@00003F4D FFE0
@00003F4E FFFF
@00003F4F FFFC
@00003F50 0004
@00003F51 FFF8
@00003F52 FFFA
@00003F53 FFEB
@00003F54 FFDE
@00003F55 FFE3
@00003F56 0017
@00003F57 FFFC
@00003F58 0022
@00003F59 FFF3
@00003F5A FFEC
@00003F5B FFDE
@00003F5C FFD6
@00003F5D 001B
@00003F5E FFFB
@00003F5F FFD1
@00003F60 FFD8
@00003F61 0008
@00003F62 FFE2
@00003F63 FFF7
@00003F64 0004
@00003F65 0005
@00003F66 FFFF
@00003F67 0009
@00003F68 002D
@00003F69 FFE6
@00003F6A 0015
@00003F6B FFFE
@00003F6C FFFA
@00003F6D 0002
@00003F6E FFE3
@00003F6F 0008
@00003F70 FFE0
@00003F71 000D
@00003F72 FFEB
@00003F73 FFE0
@00003F74 0027
@00003F75 FFF2
@00003F76 0004
@00003F77 FFF6
@00003F78 FFEC
@00003F79 0001
@00003F7A FFD9
@00003F7B 0002
@00003F7C 0008
@00003F7D 0006
@00003F7E 0006
@00003F7F FFF4
@00003F80 FFFB
@00003F81 001F
@00003F82 0005
@00003F83 0000
@00003F84 FFD2
@00003F85 FFD3
@00003F86 FFE2
@00003F87 FFDD
@00003F88 000F
@00003F89 000D
@00003F8A 001F
@00003F8B 0026
@00003F8C 001B
@00003F8D FFFF
@00003F8E FFD3
@00003F8F 000E
@00003F90 0014
@00003F91 FFEE
@00003F92 FFEC
@00003F93 FFCF
@00003F94 001C
@00003F95 FFE5
@00003F96 0025
@00003F97 FFEE
@00003F98 FFEE
@00003F99 FFF0
@00003F9A 0013
@00003F9B FFEF
@00003F9C 0005
@00003F9D FFF8
@00003F9E 002C
@00003F9F 000F
@00003FA0 FFDD
@00003FA1 FFFF
@00003FA2 FFCA
@00003FA3 FFF4
@00003FA4 FFFA
@00003FA5 FFFA
@00003FA6 001F
@00003FA7 FFD5
@00003FA8 FFFB
@00003FA9 FFD4
@00003FAA 0030
@00003FAB 0000
@00003FAC 0028
@00003FAD 0000
@00003FAE 0005
@00003FAF FFF2
@00003FB0 001D
@00003FB1 FFB5
@00003FB2 000B
@00003FB3 0008
@00003FB4 FF9B
@00003FB5 0006
@00003FB6 FFFD
@00003FB7 004F
@00003FB8 FF8A
@00003FB9 0007
@00003FBA 0001
@00003FBB 0003
@00003FBC 0001
@00003FBD 001B
@00003FBE 0012
@00003FBF FFFA
@00003FC0 FFE7
@00003FC1 FFEC
@00003FC2 0013
@00003FC3 FFD0
@00003FC4 FFFF
@00003FC5 0029
@00003FC6 FFD4
@00003FC7 FFF5
@00003FC8 FFDD
@00003FC9 FFF3
@00003FCA FFD6
@00003FCB FFB4
@00003FCC 002A
@00003FCD 0006
@00003FCE FFDA
@00003FCF 0000
@00003FD0 0003
@00003FD1 002F
@00003FD2 FFFF
@00003FD3 0051
@00003FD4 0028
@00003FD5 FFCA
@00003FD6 FFDA
@00003FD7 FFE9
@00003FD8 0013
@00003FD9 000C
@00003FDA FFF3
@00003FDB 0003
@00003FDC FFFD
@00003FDD 0032
@00003FDE 0000
@00003FDF FFF1
@00003FE0 FFEC
@00003FE1 FFF8
@00003FE2 002F
@00003FE3 0025
@00003FE4 FFF6
@00003FE5 0006
@00003FE6 FF99
@00003FE7 FFE4
@00003FE8 FFF2
@00003FE9 FFC6
@00003FEA FFF3
@00003FEB FFFC
@00003FEC FFDF
@00003FED FF64
@00003FEE 000C
@00003FEF FFED
@00003FF0 FFCF
@00003FF1 0004
@00003FF2 0004
@00003FF3 0014
@00003FF4 FFAD
@00003FF5 0011
@00003FF6 FF9B
@00003FF7 FFD5
@00003FF8 001C
@00003FF9 FFCA
@00003FFA FFFB
@00003FFB FFDC
@00003FFC 0027
@00003FFD 001A
@00003FFE 0002
@00003FFF 0016
@00004000 001D
@00004001 0015
@00004002 FFE5
@00004003 FFF0
@00004004 FFF9
@00004005 0007
@00004006 0002
@00004007 FFC9
@00004008 000D
@00004009 FFDB
@0000400A 0036
@0000400B FFFF
@0000400C 0046
@0000400D FFFF
@0000400E FF9D
@0000400F 0000
@00004010 0020
@00004011 FFEA
@00004012 0007
@00004013 0005
@00004014 0019
@00004015 000F
@00004016 FFE7
@00004017 FFF2
@00004018 FFE6
@00004019 FFF7
@0000401A 000C
@0000401B FFD5
@0000401C 0002
@0000401D FFF9
@0000401E 0038
@0000401F 0001
@00004020 0002
@00004021 0007
@00004022 FFD0
@00004023 FFF3
@00004024 000F
@00004025 FFDC
@00004026 FFCD
@00004027 FFD7
@00004028 FFC0
@00004029 0014
@0000402A 0017
@0000402B FFD8
@0000402C 000F
@0000402D 0005
@0000402E 0023
@0000402F FFF4
@00004030 0013
@00004031 FFF5
@00004032 FFE7
@00004033 0014
@00004034 0024
@00004035 FFE8
@00004036 FFD3
@00004037 0036
@00004038 FFDA
@00004039 0016
@0000403A FFDD
@0000403B FFE9
@0000403C 0012
@0000403D FFDF
@0000403E FFD5
@0000403F FFDD
@00004040 FFFE
@00004041 FFDE
@00004042 FFF3
@00004043 000C
@00004044 0008
@00004045 0022
@00004046 FFF7
@00004047 FFF0
@00004048 0000
@00004049 001A
@0000404A 0000
@0000404B 0014
@0000404C FFC9
@0000404D FFE2
@0000404E FFE3
@0000404F FFDE
@00004050 FFFC
@00004051 0019
@00004052 0005
@00004053 FFDB
@00004054 0005
@00004055 0004
@00004056 FFFB
@00004057 FFF6
@00004058 001F
@00004059 0002
@0000405A 0005
@0000405B FFEC
@0000405C 002D
@0000405D FFF9
@0000405E 0022
@0000405F FFFE
@00004060 FFD4
@00004061 FFFB
@00004062 FFE8
@00004063 FFD2
@00004064 FFFF
@00004065 FFFC
@00004066 0013
@00004067 002A
@00004068 FFFE
@00004069 001E
@0000406A FFE4
@0000406B FFFF
@0000406C 0004
@0000406D FFDD
@0000406E 0015
@0000406F FFE0
@00004070 FFFB
@00004071 FFED
@00004072 FFF2
@00004073 0000
@00004074 0012
@00004075 FFE5
@00004076 FFF2
@00004077 FFE8
@00004078 0003
@00004079 001D
@0000407A FFFC
@0000407B FFD7
@0000407C 0011
@0000407D FFD2
@0000407E 0013
@0000407F FFFE
@00004080 FFEE
@00004081 FFF4
@00004082 0020
@00004083 FFFC
@00004084 001D
@00004085 0006
@00004086 FFE2
@00004087 FFF3
@00004088 0014
@00004089 0009
@0000408A FFFB
@0000408B FFEE
@0000408C FFF7
@0000408D 0032
@0000408E FFFE
@0000408F FFDE
@00004090 FFF0
@00004091 FFFE
@00004092 0024
@00004093 FFEB
@00004094 0014
@00004095 FFF1
@00004096 FFD7
@00004097 0023
@00004098 0019
@00004099 FFF9
@0000409A FFD3
@0000409B 0010
@0000409C FFF1
@0000409D 0021
@0000409E FFF1
@0000409F FFE2
@000040A0 0006
@000040A1 FFEF
@000040A2 FFE3
@000040A3 FFF9
@000040A4 FFF9
@000040A5 FFFD
@000040A6 FFFC
@000040A7 000E
@000040A8 000D
@000040A9 FFF1
@000040AA 0004
@000040AB 0016
@000040AC 000E
@000040AD 002A
@000040AE FFFD
@000040AF 001D
@000040B0 FFE7
@000040B1 FFEF
@000040B2 FFCC
@000040B3 FFEB
@000040B4 FFF0
@000040B5 FFF2
@000040B6 FFE4
@000040B7 FFD3
@000040B8 FFFE
@000040B9 001F
@000040BA FFDA
@000040BB FFFF
@000040BC 000D
@000040BD FFDC
@000040BE FFF5
@000040BF FFCA
@000040C0 0006
@000040C1 FFFA
@000040C2 0026
@000040C3 0009
@000040C4 FFF0
@000040C5 FFF9
@000040C6 FFFA
@000040C7 FFE9
@000040C8 0015
@000040C9 FFF7
@000040CA 0009
@000040CB FFFE
@000040CC 0004
@000040CD 001B
@000040CE FFFE
@000040CF FFEC
@000040D0 0010
@000040D1 FFF8
@000040D2 000D
@000040D3 FFF0
@000040D4 FFE7
@000040D5 FFEC
@000040D6 000E
@000040D7 0000
@000040D8 000E
@000040D9 0022
@000040DA FFE1
@000040DB FFEE
@000040DC 001A
@000040DD 0040
@000040DE FFF3
@000040DF FFE6
@000040E0 0009
@000040E1 FFD9
@000040E2 0028
@000040E3 0035
@000040E4 FFD7
@000040E5 FFFF
@000040E6 001B
@000040E7 FFEE
@000040E8 0000
@000040E9 FFDA
@000040EA FFE5
@000040EB FFE6
@000040EC 0012
@000040ED FFF8
@000040EE FFF7
@000040EF FFF2
@000040F0 FFEA
@000040F1 0025
@000040F2 000A
@000040F3 0006
@000040F4 0002
@000040F5 000D
@000040F6 0022
@000040F7 001C
@000040F8 000E
@000040F9 FFFA
@000040FA FFEB
@000040FB 0004
@000040FC 0006
@000040FD 0012
@000040FE FFCC
@000040FF 0000
@00004100 FFEC
@00004101 0031
@00004102 FFDA
@00004103 FFC3
@00004104 FFFF
@00004105 FFE9
@00004106 FFF0
@00004107 FFE8
@00004108 FFFD
@00004109 0003
@0000410A FFD9
@0000410B 003A
@0000410C 0010
@0000410D 001D
@0000410E FFF1
@0000410F 0012
@00004110 0021
@00004111 0017
@00004112 0003
@00004113 001C
@00004114 FFF1
@00004115 001A
@00004116 0012
@00004117 FFE6
@00004118 FFEC
@00004119 0001
@0000411A FFF6
@0000411B 0029
@0000411C 000B
@0000411D 0028
@0000411E FFE7
@0000411F FFD0
@00004120 0008
@00004121 FFDA
@00004122 001D
@00004123 000D
@00004124 0027
@00004125 FFFB
@00004126 001F
@00004127 FFFD
@00004128 FFD4
@00004129 FFE6
@0000412A FFF9
@0000412B FFDD
@0000412C FFFD
@0000412D FFE3
@0000412E 000F
@0000412F 0006
@00004130 FFE8
@00004131 FFEC
@00004132 FFF8
@00004133 0004
@00004134 FFE9
@00004135 FFE4
@00004136 0013
@00004137 000C
@00004138 FFCE
@00004139 FFE3
@0000413A FFF2
@0000413B 0000
@0000413C FFF4
@0000413D FFE7
@0000413E FFF8
@0000413F 000C
@00004140 0032
@00004141 001C
@00004142 FFE6
@00004143 FFF5
@00004144 FFE4
@00004145 FFE0
@00004146 0009
@00004147 FFE8
@00004148 FFE6
@00004149 FFE0
@0000414A 001D
@0000414B FFF1
@0000414C FFF3
@0000414D 000C
@0000414E 0006
@0000414F FFEC
@00004150 FFF3
@00004151 0011
@00004152 FFEF
@00004153 FFE1
@00004154 FFD5
@00004155 0008
@00004156 0015
@00004157 FFEE
@00004158 FFEC
@00004159 000D
@0000415A 0020
@0000415B FFF3
@0000415C 0018
@0000415D FFD2
@0000415E 0007
@0000415F 0023
@00004160 000B
@00004161 0002
@00004162 FFD6
@00004163 FFF9
@00004164 FFD9
@00004165 001E
@00004166 FFD6
@00004167 FFE5
@00004168 0014
@00004169 FFDB
@0000416A FFFB
@0000416B FFDF
@0000416C 0012
@0000416D 0013
@0000416E FFEC
@0000416F 000C
@00004170 001D
@00004171 FFE4
@00004172 0007
@00004173 0012
@00004174 0002
@00004175 001D
@00004176 0003
@00004177 002C
@00004178 FFF4
@00004179 FFF7
@0000417A FFEE
@0000417B FFDC
@0000417C FFF4
@0000417D FFD9
@0000417E FFEA
@0000417F 0009
@00004180 FFFF
@00004181 FFF6
@00004182 FFD9
@00004183 FFF1
@00004184 000B
@00004185 FFE0
@00004186 FFDF
@00004187 FFEB
@00004188 000C
@00004189 0013
@0000418A 0017
@0000418B FFF9
@0000418C FFF0
@0000418D FFED
@0000418E FFED
@0000418F 0002
@00004190 FFEA
@00004191 FFEE
@00004192 000C
@00004193 0017
@00004194 FFFE
@00004195 000D
@00004196 FFE6
@00004197 000E
@00004198 0007
@00004199 FFEF
@0000419A 0030
@0000419B FFC0
@0000419C 0000
@0000419D FFFF
@0000419E FFFB
@0000419F 0000
@000041A0 0002
@000041A1 FFF9
@000041A2 0008
@000041A3 FFFA
@000041A4 002B
@000041A5 FFFC
@000041A6 FFE1
@000041A7 FFEC
@000041A8 FFF0
@000041A9 FFFA
@000041AA 0007
@000041AB 001F
@000041AC FFF3
@000041AD 0002
@000041AE 0037
@000041AF FFFC
@000041B0 0000
@000041B1 FFEE
@000041B2 0005
@000041B3 FFDC
@000041B4 FFF4
@000041B5 000A
@000041B6 FFF8
@000041B7 FFC6
@000041B8 FFDD
@000041B9 001A
@000041BA 0004
@000041BB FFF7
@000041BC 000D
@000041BD FFE9
@000041BE 0005
@000041BF 0002
@000041C0 0037
@000041C1 FFF3
@000041C2 FFEC
@000041C3 0015
@000041C4 FFF9
@000041C5 FFF8
@000041C6 FFD7
@000041C7 FFF4
@000041C8 FFE4
@000041C9 000F
@000041CA FFDA
@000041CB FFFA
@000041CC 0034
@000041CD FFDD
@000041CE FFD8
@000041CF 0009
@000041D0 0013
@000041D1 FFEE
@000041D2 FFCA
@000041D3 0021
@000041D4 000C
@000041D5 FFFA
@000041D6 0009
@000041D7 001D
@000041D8 0018
@000041D9 FFFE
@000041DA FFDD
@000041DB 0022
@000041DC FFD4
@000041DD FFD8
@000041DE FFF5
@000041DF FFDE
@000041E0 FFFF
@000041E1 0018
@000041E2 FFFC
@000041E3 0004
@000041E4 FFE4
@000041E5 0024
@000041E6 FFD4
@000041E7 FFEB
@000041E8 0004
@000041E9 FFE6
@000041EA FFF8
@000041EB FFEF
@000041EC 0027
@000041ED 0005
@000041EE 001E
@000041EF FFF7
@000041F0 FFD9
@000041F1 000D
@000041F2 0002
@000041F3 FFFB
@000041F4 0007
@000041F5 0009
@000041F6 000B
@000041F7 002F
@000041F8 FFF0
@000041F9 0009
@000041FA FFDF
@000041FB FFFA
@000041FC 000B
@000041FD FFD9
@000041FE 0059
@000041FF 000E
@00004200 0006
@00004201 FFCF
@00004202 FFE8
@00004203 0000
@00004204 001C
@00004205 0002
@00004206 FFD6
@00004207 0010
@00004208 0014
@00004209 0017
@0000420A FFF3
@0000420B 000B
@0000420C 0002
@0000420D FFCC
@0000420E 0026
@0000420F 0022
@00004210 FFDC
@00004211 0000
@00004212 0021
@00004213 FFE5
@00004214 FFF9
@00004215 0005
@00004216 FFEF
@00004217 FFE0
@00004218 0021
@00004219 FFE0
@0000421A FFCC
@0000421B FFE9
@0000421C FFDB
@0000421D 0011
@0000421E 001A
@0000421F 0006
@00004220 0003
@00004221 004C
@00004222 FFFF
@00004223 0018
@00004224 001F
@00004225 0001
@00004226 0001
@00004227 000F
@00004228 FFFE
@00004229 001C
@0000422A FFE2
@0000422B 0003
@0000422C FFE0
@0000422D 001B
@0000422E FFFC
@0000422F FFEC
@00004230 0021
@00004231 FFFB
@00004232 FFEC
@00004233 0000
@00004234 0012
@00004235 0010
@00004236 FFE8
@00004237 0004
@00004238 0015
@00004239 0005
@0000423A 000D
@0000423B FFEC
@0000423C FFFC
@0000423D 001D
@0000423E FFCC
@0000423F 0020
@00004240 FFF2
@00004241 FFEE
@00004242 FFD1
@00004243 FFF3
@00004244 000E
@00004245 FFF9
@00004246 FFD8
@00004247 FFEC
@00004248 FFFA
@00004249 001F
@0000424A FFD8
@0000424B 0004
@0000424C FFFC
@0000424D FFF7
@0000424E FFD6
@0000424F FFC0
@00004250 0008
@00004251 0017
@00004252 000A
@00004253 001E
@00004254 FFDC
@00004255 FFF6
@00004256 FFF1
@00004257 0004
@00004258 0016
@00004259 FFF4
@0000425A 000D
@0000425B 001C
@0000425C FFD8
@0000425D 0014
@0000425E FFEA
@0000425F 0002
@00004260 FFF0
@00004261 FFD6
@00004262 003F
@00004263 FFEA
@00004264 FFFB
@00004265 FFDB
@00004266 FFF2
@00004267 0000
@00004268 004F
@00004269 001E
@0000426A 006A
@0000426B 0035
@0000426C 0023
@0000426D FFBC
@0000426E 006D
@0000426F 0036
@00004270 FF9E
@00004271 000A
@00004272 0016
@00004273 FFBE
@00004274 FFBA
@00004275 006C
@00004276 FFBA
@00004277 001B
@00004278 0016
@00004279 0009
@0000427A 0046
@0000427B 001D
@0000427C 0017
@0000427D 001F
@0000427E FFF0
@0000427F 0013
@00004280 0048
@00004281 FFF2
@00004282 FFDF
@00004283 004B
@00004284 0090
@00004285 004E
@00004286 FFE0
@00004287 FFE0
@00004288 0033
@00004289 0004
@0000428A FFD9
@0000428B FFE4
@0000428C 0002
@0000428D 001D
@0000428E 0002
@0000428F 00A1
@00004290 0030
@00004291 FFD4
@00004292 0019
@00004293 0024
@00004294 FFFB
@00004295 001F
@00004296 0006
@00004297 0011
@00004298 FFC9
@00004299 0019
@0000429A 0005
@0000429B FFD0
@0000429C 0031
@0000429D FF5E
@0000429E 0030
@0000429F 0010
@000042A0 FFDD
@000042A1 FFE4
@000042A2 0003
@000042A3 FFEE
@000042A4 001C
@000042A5 FF87
@000042A6 FFFF
@000042A7 001D
@000042A8 000E
@000042A9 FF33
@000042AA FFF3
@000042AB FF57
@000042AC 0045
@000042AD 000C
@000042AE FFFF
@000042AF 0026
@000042B0 FFDB
@000042B1 FFF5
@000042B2 FF37
@000042B3 FFDC
@000042B4 FFF7
@000042B5 FFFE
@000042B6 FFDB
@000042B7 FFD3
@000042B8 003D
@000042B9 FF4D
@000042BA FFE2
@000042BB 0034
@000042BC 0012
@000042BD 001A
@000042BE FFC2
@000042BF 001A
@000042C0 004C
@000042C1 0012
@000042C2 FFE8
@000042C3 FFD9
@000042C4 FFC0
@000042C5 FFE9
@000042C6 004C
@000042C7 0026
@000042C8 001B
@000042C9 FFF0
@000042CA FECB
@000042CB 0000
@000042CC 0007
@000042CD FFE0
@000042CE 0029
@000042CF FFD3
@000042D0 000D
@000042D1 0006
@000042D2 FFF0
@000042D3 FFD4
@000042D4 FFED
@000042D5 FFC9
@000042D6 FFF9
@000042D7 FFDE
@000042D8 FFE1
@000042D9 FFE6
@000042DA 0035
@000042DB FFCF
@000042DC FFF9
@000042DD 0009
@000042DE FFCF
@000042DF FFD9
@000042E0 FFFC
@000042E1 0006
@000042E2 001F
@000042E3 FFE5
@000042E4 FFE7
@000042E5 0004
@000042E6 FFF3
@000042E7 FFE3
@000042E8 FFEB
@000042E9 FFBF
@000042EA FFF3
@000042EB FFF5
@000042EC 0001
@000042ED 0000
@000042EE 0002
@000042EF 0002
@000042F0 0013
@000042F1 001D
@000042F2 FFF6
@000042F3 FFF0
@000042F4 FFE3
@000042F5 001C
@000042F6 FFF7
@000042F7 FFD9
@000042F8 0011
@000042F9 FFDE
@000042FA FFF7
@000042FB FFF1
@000042FC 0010
@000042FD 0006
@000042FE FFD1
@000042FF 0029
@00004300 0018
@00004301 0068
@00004302 0016
@00004303 FFF9
@00004304 0012
@00004305 000E
@00004306 FFFB
@00004307 000E
@00004308 FFC9
@00004309 FFDE
@0000430A FFDE
@0000430B FFE4
@0000430C 0024
@0000430D 0010
@0000430E 0023
@0000430F FFEF
@00004310 0026
@00004311 000C
@00004312 FFE8
@00004313 FFE1
@00004314 000D
@00004315 FFDA
@00004316 0020
@00004317 FFD4
@00004318 000F
@00004319 FFE6
@0000431A 0011
@0000431B 0007
@0000431C FFDE
@0000431D 0006
@0000431E 001A
@0000431F FFEC
@00004320 000F
@00004321 000A
@00004322 0011
@00004323 FFFC
@00004324 FFD0
@00004325 0020
@00004326 FFE2
@00004327 0010
@00004328 000B
@00004329 FFD0
@0000432A 0036
@0000432B FFD3
@0000432C FFFA
@0000432D FFD0
@0000432E 0006
@0000432F 0000
@00004330 FFEE
@00004331 000C
@00004332 0008
@00004333 FFE7
@00004334 0006
@00004335 0016
@00004336 FFF6
@00004337 FFFB
@00004338 0005
@00004339 FFF8
@0000433A FFF2
@0000433B 0006
@0000433C FFE2
@0000433D FFFE
@0000433E 0001
@0000433F FFE4
@00004340 0019
@00004341 000E
@00004342 0001
@00004343 FFDE
@00004344 0016
@00004345 FFF2
@00004346 FFEE
@00004347 FFDF
@00004348 FFF9
@00004349 0015
@0000434A 0017
@0000434B FFFC
@0000434C FFFE
@0000434D 0023
@0000434E 0015
@0000434F 0016
@00004350 0029
@00004351 0003
@00004352 FFE1
@00004353 FFF9
@00004354 0028
@00004355 0011
@00004356 FFFF
@00004357 FFEB
@00004358 FFF1
@00004359 FFF0
@0000435A FFDD
@0000435B FFFA
@0000435C 001A
@0000435D 000F
@0000435E FFE3
@0000435F FFD6
@00004360 000F
@00004361 0002
@00004362 FFC9
@00004363 0029
@00004364 0005
@00004365 0004
@00004366 FFF9
@00004367 FFF8
@00004368 FFF2
@00004369 001C
@0000436A FFF6
@0000436B 0027
@0000436C FFF6
@0000436D FFE0
@0000436E FFFE
@0000436F FFFE
@00004370 FFFA
@00004371 000B
@00004372 0012
@00004373 FFD3
@00004374 FFFA
@00004375 0001
@00004376 FFE3
@00004377 0007
@00004378 000A
@00004379 FFED
@0000437A FFF4
@0000437B FFE5
@0000437C 0002
@0000437D 0001
@0000437E 002E
@0000437F 0018
@00004380 FFE8
@00004381 000D
@00004382 0001
@00004383 FFD9
@00004384 FFF7
@00004385 FFD8
@00004386 0002
@00004387 0029
@00004388 FFDD
@00004389 0008
@0000438A FFDD
@0000438B FFE1
@0000438C 0026
@0000438D FFD3
@0000438E 000F
@0000438F FFCB
@00004390 FFE8
@00004391 FFCD
@00004392 FFE3
@00004393 0000
@00004394 000E
@00004395 001C
@00004396 FFED
@00004397 FFE8
@00004398 FFEE
@00004399 0041
@0000439A FFEF
@0000439B 0000
@0000439C 001F
@0000439D FFD4
@0000439E FFFE
@0000439F 0014
@000043A0 0001
@000043A1 FFDD
@000043A2 0014
@000043A3 FFE5
@000043A4 FFE4
@000043A5 FFFA
@000043A6 FFC7
@000043A7 FFDC
@000043A8 0012
@000043A9 0006
@000043AA FFED
@000043AB FFE2
@000043AC FFD1
@000043AD 0032
@000043AE 0027
@000043AF 000A
@000043B0 FFE1
@000043B1 0019
@000043B2 0028
@000043B3 0013
@000043B4 0003
@000043B5 FFE4
@000043B6 FFF1
@000043B7 0023
@000043B8 0034
@000043B9 0018
@000043BA FFD2
@000043BB FFFF
@000043BC FFE2
@000043BD 0017
@000043BE FFFC
@000043BF FFF1
@000043C0 0003
@000043C1 FFEA
@000043C2 FFEC
@000043C3 FFCD
@000043C4 0019
@000043C5 FFE7
@000043C6 FFDE
@000043C7 0015
@000043C8 FFFA
@000043C9 002A
@000043CA FFF9
@000043CB 0009
@000043CC FFF0
@000043CD FFFD
@000043CE 0020
@000043CF 0014
@000043D0 FFD6
@000043D1 000D
@000043D2 FFE9
@000043D3 FFE0
@000043D4 FFE5
@000043D5 0011
@000043D6 FFEE
@000043D7 FFEB
@000043D8 0017
@000043D9 001B
@000043DA FFCF
@000043DB FFE0
@000043DC FFF5
@000043DD FFDE
@000043DE 000A
@000043DF 0001
@000043E0 0021
@000043E1 0010
@000043E2 0001
@000043E3 FFFC
@000043E4 FFEF
@000043E5 FFF9
@000043E6 0001
@000043E7 FFE4
@000043E8 FFE7
@000043E9 FFC8
@000043EA 001E
@000043EB 0025
@000043EC FFCE
@000043ED FFF5
@000043EE FFF0
@000043EF 0035
@000043F0 0004
@000043F1 FFC4
@000043F2 0024
@000043F3 FFFB
@000043F4 FFC2
@000043F5 FFF2
@000043F6 FFE9
@000043F7 0000
@000043F8 FFCF
@000043F9 FFE3
@000043FA FF97
@000043FB FFE2
@000043FC FFF5
@000043FD 0027
@000043FE FFFA
@000043FF FFDA
@00004400 002C
@00004401 FFBE
@00004402 0016
@00004403 0025
@00004404 0029
@00004405 FFD9
@00004406 0025
@00004407 FFFE
@00004408 FFE6
@00004409 FFF7
@0000440A FF9F
@0000440B FFCE
@0000440C 0008
@0000440D FFF6
@0000440E FFB2
@0000440F 0001
@00004410 FFD6
@00004411 0033
@00004412 0010
@00004413 FFC5
@00004414 000B
@00004415 0048
@00004416 002F
@00004417 004A
@00004418 0025
@00004419 FFC0
@0000441A FFE6
@0000441B 0028
@0000441C 0060
@0000441D FFF1
@0000441E FFAA
@0000441F FFEC
@00004420 FFAA
@00004421 0039
@00004422 FFD9
@00004423 FFCE
@00004424 0034
@00004425 FFF1
@00004426 FFC8
@00004427 FFDA
@00004428 002F
@00004429 FFE4
@0000442A FFCC
@0000442B 004A
@0000442C 0029
@0000442D 000D
@0000442E FFEC
@0000442F FFEF
@00004430 FFFB
@00004431 FFFF
@00004432 FFF3
@00004433 0027
@00004434 FFB3
@00004435 FFEE
@00004436 FFD0
@00004437 FFB4
@00004438 FFDD
@00004439 FFF8
@0000443A FFD6
@0000443B FFF4
@0000443C 0011
@0000443D 0028
@0000443E FFB6
@0000443F FFE9
@00004440 0032
@00004441 FFFA
@00004442 FFF3
@00004443 FFEC
@00004444 0027
@00004445 0036
@00004446 0012
@00004447 FFEB
@00004448 FFCD
@00004449 FFD1
@0000444A 0011
@0000444B FFD3
@0000444C FFE7
@0000444D FFAF
@0000444E 001E
@0000444F 0044
@00004450 FFC0
@00004451 FFED
@00004452 FFDA
@00004453 001D
@00004454 FFD6
@00004455 FFE2
@00004456 000B
@00004457 FFF7
@00004458 FFC9
@00004459 FFDF
@0000445A FFD2
@0000445B 0000
@0000445C 003F
@0000445D FFE4
@0000445E 0084
@0000445F FFD2
@00004460 FFF8
@00004461 FFFE
@00004462 0019
@00004463 000D
@00004464 0003
@00004465 FFF2
@00004466 FFF3
@00004467 FFBB
@00004468 FFDD
@00004469 0017
@0000446A FFF3
@0000446B 0002
@0000446C FFFF
@0000446D FFE8
@0000446E 0022
@0000446F 0018
@00004470 002E
@00004471 FFF5
@00004472 000B
@00004473 FFF6
@00004474 0011
@00004475 0000
@00004476 FFDA
@00004477 001A
@00004478 0026
@00004479 000C
@0000447A FFF8
@0000447B FFE2
@0000447C 0019
@0000447D 000A
@0000447E FFE4
@0000447F 000D
@00004480 FFFE
@00004481 0012
@00004482 001A
@00004483 FFF2
@00004484 FFF4
@00004485 FFD0
@00004486 FFDD
@00004487 FFF8
@00004488 FFFE
@00004489 0015
@0000448A 0011
@0000448B 0002
@0000448C 0001
@0000448D FFEC
@0000448E FFF3
@0000448F FFEA
@00004490 0014
@00004491 FFE9
@00004492 001C
@00004493 0013
@00004494 001E
@00004495 0009
@00004496 0032
@00004497 FFFC
@00004498 001F
@00004499 FFEF
@0000449A FFFA
@0000449B 0004
@0000449C 0007
@0000449D 0007
@0000449E 0007
@0000449F FFFD
@000044A0 0011
@000044A1 0009
@000044A2 000C
@000044A3 0019
@000044A4 FFF9
@000044A5 FFED
@000044A6 0006
@000044A7 FFF8
@000044A8 FFFD
@000044A9 0006
@000044AA 0019
@000044AB FFFA
@000044AC FFFB
@000044AD 0016
@000044AE FFDE
@000044AF FFF1
@000044B0 FFFA
@000044B1 0014
@000044B2 FFF4
@000044B3 FFF3
@000044B4 0022
@000044B5 FFF9
@000044B6 000A
@000044B7 FFE2
@000044B8 FFFF
@000044B9 000D
@000044BA 0019
@000044BB 0025
@000044BC FFE7
@000044BD 000F
@000044BE FF9D
@000044BF 0000
@000044C0 0010
@000044C1 FFF2
@000044C2 0016
@000044C3 000D
@000044C4 0030
@000044C5 001E
@000044C6 0000
@000044C7 FFE2
@000044C8 FFF4
@000044C9 FFF0
@000044CA 000A
@000044CB 0019
@000044CC FFD7
@000044CD FFE1
@000044CE 0000
@000044CF FFEC
@000044D0 FFF4
@000044D1 0019
@000044D2 FFE4
@000044D3 FFE8
@000044D4 FFFE
@000044D5 FFE8
@000044D6 0002
@000044D7 FFFD
@000044D8 FFF4
@000044D9 0006
@000044DA 000D
@000044DB FFE5
@000044DC 0002
@000044DD 0011
@000044DE 0006
@000044DF 0018
@000044E0 001B
@000044E1 FFEA
@000044E2 FFF6
@000044E3 0005
@000044E4 0007
@000044E5 FFFB
@000044E6 FFE2
@000044E7 0018
@000044E8 FFFA
@000044E9 0026
@000044EA FFF0
@000044EB FFD5
@000044EC 001A
@000044ED FFF6
@000044EE FFD5
@000044EF FFFA
@000044F0 0007
@000044F1 FFF7
@000044F2 FFD8
@000044F3 FFF6
@000044F4 000A
@000044F5 000A
@000044F6 0022
@000044F7 FFEC
@000044F8 0021
@000044F9 FFF9
@000044FA 0003
@000044FB 0026
@000044FC 0002
@000044FD FFD4
@000044FE FFD0
@000044FF FFE4
@00004500 FFE3
@00004501 001A
@00004502 0001
@00004503 0005
@00004504 001A
@00004505 FFFE
@00004506 FFF7
@00004507 FFEF
@00004508 FFF6
@00004509 FFD6
@0000450A FFFD
@0000450B FFF9
@0000450C 0004
@0000450D 0000
@0000450E 001D
@0000450F 0014
@00004510 FFFB
@00004511 0023
@00004512 0003
@00004513 0003
@00004514 000D
@00004515 FFD1
@00004516 0008
@00004517 FFF8
@00004518 FFD9
@00004519 FFFE
@0000451A FFE0
@0000451B 001A
@0000451C FFFA
@0000451D FFFC
@0000451E 001D
@0000451F FFD6
@00004520 0017
@00004521 FFDE
@00004522 000C
@00004523 0000
@00004524 000A
@00004525 FFE8
@00004526 0009
@00004527 0002
@00004528 0029
@00004529 0015
@0000452A FFFF
@0000452B FFF7
@0000452C FFF3
@0000452D FFDD
@0000452E FFF3
@0000452F FFEC
@00004530 FFF4
@00004531 0005
@00004532 FFF8
@00004533 0006
@00004534 FFF7
@00004535 0003
@00004536 0007
@00004537 0002
@00004538 000A
@00004539 FFF5
@0000453A FFF4
@0000453B 000B
@0000453C 0009
@0000453D FFF5
@0000453E FFFC
@0000453F FFEA
@00004540 000C
@00004541 0000
@00004542 FFF4
@00004543 0015
@00004544 0019
@00004545 FFFE
@00004546 FFF2
@00004547 0012
@00004548 0002
@00004549 FFEE
@0000454A FFFF
@0000454B 001C
@0000454C 0003
@0000454D FFF0
@0000454E FFE0
@0000454F 0004
@00004550 0024
@00004551 FFF3
@00004552 0001
@00004553 FFFF
@00004554 FFF1
@00004555 FFE6
@00004556 FFEA
@00004557 001E
@00004558 001F
@00004559 FFDE
@0000455A 0006
@0000455B FFF8
@0000455C 001C
@0000455D FFF5
@0000455E FFE0
@0000455F 0012
@00004560 FFED
@00004561 FFDC
@00004562 FFDE
@00004563 FFF6
@00004564 FFD3
@00004565 FFF4
@00004566 0005
@00004567 0000
@00004568 FFE4
@00004569 0012
@0000456A FFDC
@0000456B FFFA
@0000456C 0010
@0000456D FFF0
@0000456E FFFA
@0000456F FFE0
@00004570 0018
@00004571 0002
@00004572 001D
@00004573 FFFF
@00004574 0001
@00004575 FFF5
@00004576 FFEF
@00004577 FFF1
@00004578 0016
@00004579 FFE7
@0000457A 0017
@0000457B FFFD
@0000457C FFF1
@0000457D 0019
@0000457E FFEE
@0000457F FFE5
@00004580 FFFC
@00004581 FFFE
@00004582 0022
@00004583 FFDA
@00004584 FFF3
@00004585 FFE0
@00004586 FFE8
@00004587 0000
@00004588 0004
@00004589 0014
@0000458A 0019
@0000458B FFFF
@0000458C 0010
@0000458D FFE7
@0000458E FFE8
@0000458F 0008
@00004590 FFF6
@00004591 FFF4
@00004592 0003
@00004593 FFF0
@00004594 FFDC
@00004595 0000
@00004596 0014
@00004597 FFEB
@00004598 0009
@00004599 FFF7
@0000459A 0001
@0000459B FFF9
@0000459C FFF9
@0000459D FFEA
@0000459E FFF8
@0000459F FFE8
@000045A0 FFDE
@000045A1 0025
@000045A2 FFFD
@000045A3 FFD1
@000045A4 FFED
@000045A5 001A
@000045A6 FFF0
@000045A7 0014
@000045A8 002A
@000045A9 FFE9
@000045AA 000A
@000045AB 0003
@000045AC FFF0
@000045AD 0014
@000045AE FFCC
@000045AF 0013
@000045B0 000C
@000045B1 FFFD
@000045B2 FFD4
@000045B3 FFF4
@000045B4 0007
@000045B5 FFE1
@000045B6 FFD8
@000045B7 FFE7
@000045B8 000A
@000045B9 0008
@000045BA FFCE
@000045BB 0039
@000045BC FFF1
@000045BD 002C
@000045BE 0011
@000045BF 0018
@000045C0 0016
@000045C1 000E
@000045C2 000F
@000045C3 0019
@000045C4 FFEA
@000045C5 0002
@000045C6 FFE9
@000045C7 FFDC
@000045C8 FFFD
@000045C9 000A
@000045CA 0004
@000045CB 000C
@000045CC 0014
@000045CD 0035
@000045CE FFE5
@000045CF FFD9
@000045D0 FFF7
@000045D1 FFE7
@000045D2 0005
@000045D3 FFCE
@000045D4 0000
@000045D5 0014
@000045D6 0027
@000045D7 0006
@000045D8 0002
@000045D9 FFEE
@000045DA 0006
@000045DB FFFE
@000045DC 0001
@000045DD FFE2
@000045DE FFF3
@000045DF 0026
@000045E0 FFE8
@000045E1 000B
@000045E2 FFD4
@000045E3 0002
@000045E4 0003
@000045E5 FFBB
@000045E6 000F
@000045E7 FFE1
@000045E8 000C
@000045E9 FFCC
@000045EA 0015
@000045EB 0000
@000045EC 0019
@000045ED 0016
@000045EE FFEB
@000045EF 0012
@000045F0 0025
@000045F1 0021
@000045F2 FFE5
@000045F3 0005
@000045F4 0002
@000045F5 FFD9
@000045F6 000A
@000045F7 FFE0
@000045F8 FFCC
@000045F9 FFEB
@000045FA 001D
@000045FB FFDF
@000045FC FFFF
@000045FD FFFE
@000045FE FFE4
@000045FF FFF9
@00004600 001D
@00004601 0013
@00004602 FFF8
@00004603 FFFA
@00004604 0004
@00004605 0012
@00004606 FFF6
@00004607 FFE5
@00004608 FFE0
@00004609 FFF6
@0000460A 0000
@0000460B FFE5
@0000460C 0007
@0000460D FFF3
@0000460E FFF8
@0000460F 0011
@00004610 0023
@00004611 FFFF
@00004612 FFEC
@00004613 0022
@00004614 FFDD
@00004615 000C
@00004616 FFE3
@00004617 FFF0
@00004618 0008
@00004619 FFF4
@0000461A FFFD
@0000461B FFEB
@0000461C 001C
@0000461D 000F
@0000461E FFFC
@0000461F 0009
@00004620 0016
@00004621 0004
@00004622 0005
@00004623 FFFD
@00004624 FFF3
@00004625 000A
@00004626 0007
@00004627 0025
@00004628 FFE7
@00004629 FFE0
@0000462A 0002
@0000462B 0005
@0000462C FFFB
@0000462D FFDC
@0000462E FFF4
@0000462F FFDE
@00004630 FFF8
@00004631 0003
@00004632 FFF3
@00004633 FFFE
@00004634 FFED
@00004635 FFCB
@00004636 FFF2
@00004637 FFE1
@00004638 0003
@00004639 FFF9
@0000463A 001D
@0000463B FFEC
@0000463C 0008
@0000463D FFCD
@0000463E FFF5
@0000463F FFE2
@00004640 0013
@00004641 FFF2
@00004642 0005
@00004643 FFF6
@00004644 FFFE
@00004645 FFFD
@00004646 FFFC
@00004647 0011
@00004648 0010
@00004649 FFE9
@0000464A 0007
@0000464B FFDE
@0000464C 0005
@0000464D FFFF
@0000464E FFEB
@0000464F 0000
@00004650 001A
@00004651 FFDD
@00004652 FFDF
@00004653 FFEF
@00004654 FFED
@00004655 002C
@00004656 FFF9
@00004657 0007
@00004658 0025
@00004659 FFC5
@0000465A 0021
@0000465B 0022
@0000465C FFEC
@0000465D 0001
@0000465E 002C
@0000465F FFDF
@00004660 FFEA
@00004661 FFDA
@00004662 FFD4
@00004663 FFEF
@00004664 FFF7
@00004665 FFF4
@00004666 FFC3
@00004667 FFE9
@00004668 FFC7
@00004669 0020
@0000466A FFF5
@0000466B FFD0
@0000466C 0012
@0000466D 0010
@0000466E 0013
@0000466F 0028
@00004670 0029
@00004671 FFD2
@00004672 FFD6
@00004673 0013
@00004674 0036
@00004675 001A
@00004676 FFE7
@00004677 FFE7
@00004678 FFF5
@00004679 0025
@0000467A FFE7
@0000467B FFD3
@0000467C 001A
@0000467D FFD3
@0000467E FFFB
@0000467F FFD5
@00004680 FFFC
@00004681 FFFC
@00004682 FFE2
@00004683 0028
@00004684 0024
@00004685 0000
@00004686 0004
@00004687 FFC5
@00004688 001D
@00004689 FFFE
@0000468A FFD3
@0000468B 0016
@0000468C FFD7
@0000468D 0006
@0000468E FFE1
@0000468F FFEF
@00004690 FFD5
@00004691 0017
@00004692 FFDA
@00004693 0003
@00004694 0023
@00004695 0028
@00004696 FFC0
@00004697 FFD6
@00004698 FFFF
@00004699 FFF3
@0000469A 0000
@0000469B FFEF
@0000469C FFFF
@0000469D 0009
@0000469E 001E
@0000469F 002A
@000046A0 FFF9
@000046A1 FFD0
@000046A2 000A
@000046A3 FFE3
@000046A4 FFE4
@000046A5 FFD6
@000046A6 000A
@000046A7 0010
@000046A8 FFE3
@000046A9 0003
@000046AA FFF5
@000046AB 0018
@000046AC FFFA
@000046AD FFCF
@000046AE 0021
@000046AF FFCE
@000046B0 FFDF
@000046B1 FFC6
@000046B2 FFBD
@000046B3 0000
@000046B4 FFF7
@000046B5 001B
@000046B6 FFF1
@000046B7 001F
@000046B8 0012
@000046B9 000D
@000046BA FFE3
@000046BB 0001
@000046BC 0001
@000046BD FFE4
@000046BE 000A
@000046BF 002F
@000046C0 FFEF
@000046C1 FFE7
@000046C2 0018
@000046C3 FFF8
@000046C4 FFFE
@000046C5 0006
@000046C6 FFDB
@000046C7 FFE8
@000046C8 FFFD
@000046C9 FFF2
@000046CA FFF2
@000046CB FFE1
@000046CC FFF1
@000046CD 000D
@000046CE 0019
@000046CF FFEB
@000046D0 FFEB
@000046D1 FFEB
@000046D2 0003
@000046D3 000E
@000046D4 0018
@000046D5 FFD1
@000046D6 0000
@000046D7 0009
@000046D8 FFFE
@000046D9 0011
@000046DA FFD8
@000046DB FFF2
@000046DC FFEB
@000046DD 0010
@000046DE FFEE
@000046DF FFE4
@000046E0 002B
@000046E1 FFDD
@000046E2 FFF2
@000046E3 FFE7
@000046E4 FFF2
@000046E5 FFE3
@000046E6 FFDD
@000046E7 0014
@000046E8 0014
@000046E9 000E
@000046EA FFEF
@000046EB 0006
@000046EC 0016
@000046ED 0006
@000046EE FFED
@000046EF 0034
@000046F0 FFF3
@000046F1 FFE4
@000046F2 FFE8
@000046F3 FFCC
@000046F4 0003
@000046F5 0019
@000046F6 0015
@000046F7 000F
@000046F8 0002
@000046F9 0011
@000046FA FFC6
@000046FB FFE8
@000046FC FFFA
@000046FD FFFA
@000046FE 0008
@000046FF FFF0
@00004700 FFFC
@00004701 000B
@00004702 0032
@00004703 0015
@00004704 FFD9
@00004705 FFFD
@00004706 FFF5
@00004707 FFD9
@00004708 000A
@00004709 FFFA
@0000470A FFFE
@0000470B 002F
@0000470C FFD4
@0000470D 0009
@0000470E FFF1
@0000470F FFF7
@00004710 0002
@00004711 FFE3
@00004712 000D
@00004713 0016
@00004714 FFF3
@00004715 FFCD
@00004716 0008
@00004717 0000
@00004718 0016
@00004719 0011
@0000471A 0007
@0000471B FFE7
@0000471C 0032
@0000471D FFF7
@0000471E FFE5
@0000471F FFDC
@00004720 FFF5
@00004721 FFFA
@00004722 0006
@00004723 FFF4
@00004724 0005
@00004725 0008
@00004726 001C
@00004727 0005
@00004728 FFE6
@00004729 000F
@0000472A FFE6
@0000472B FFE0
@0000472C FFFC
@0000472D 000F
@0000472E FFFC
@0000472F FFE7
@00004730 FFE3
@00004731 001F
@00004732 0009
@00004733 FFE9
@00004734 0009
@00004735 FFEA
@00004736 0002
@00004737 FFF9
@00004738 FFF5
@00004739 FFEA
@0000473A 0008
@0000473B FFF2
@0000473C 001B
@0000473D FFE7
@0000473E FFF6
@0000473F FFF3
@00004740 0005
@00004741 FFF5
@00004742 FFE7
@00004743 0002
@00004744 FFF7
@00004745 FFFA
@00004746 FFF8
@00004747 FFE1
@00004748 FFF4
@00004749 0004
@0000474A FFE9
@0000474B 0002
@0000474C 0008
@0000474D 0016
@0000474E FFE8
@0000474F FFEE
@00004750 FFF3
@00004751 FFF5
@00004752 000B
@00004753 FFF8
@00004754 FFF3
@00004755 FFE4
@00004756 0009
@00004757 FFE2
@00004758 0023
@00004759 0037
@0000475A FFF1
@0000475B FFD3
@0000475C FFFF
@0000475D 0004
@0000475E FFF5
@0000475F FFF6
@00004760 0030
@00004761 FFE9
@00004762 0015
@00004763 0009
@00004764 0024
@00004765 0019
@00004766 0009
@00004767 FFFF
@00004768 FFE6
@00004769 FFE6
@0000476A FFF8
@0000476B FFF2
@0000476C FFFD
@0000476D FFEC
@0000476E 0029
@0000476F 0002
@00004770 FFFF
@00004771 FFFF
@00004772 0004
@00004773 0002
@00004774 FFFA
@00004775 0003
@00004776 FFF3
@00004777 FFE1
@00004778 0000
@00004779 FFDD
@0000477A FFFD
@0000477B 0000
@0000477C 000B
@0000477D FFF9
@0000477E 0003
@0000477F FFF5
@00004780 003B
@00004781 0010
@00004782 FFF3
@00004783 FFDA
@00004784 0010
@00004785 FFEB
@00004786 FFFB
@00004787 FFE0
@00004788 FFFA
@00004789 FFD7
@0000478A 000A
@0000478B FFF0
@0000478C FFF7
@0000478D 0002
@0000478E FFDE
@0000478F 0009
@00004790 002C
@00004791 FFF8
@00004792 FFE6
@00004793 FFFA
@00004794 0000
@00004795 000C
@00004796 0011
@00004797 FFE6
@00004798 FFFD
@00004799 0011
@0000479A 0006
@0000479B 0009
@0000479C 000E
@0000479D FFF9
@0000479E FFF5
@0000479F 000A
@000047A0 001A
@000047A1 FFF1
@000047A2 FFDD
@000047A3 FFF7
@000047A4 FFFD
@000047A5 0024
@000047A6 000E
@000047A7 FFE9
@000047A8 0004
@000047A9 FFE4
@000047AA FFE4
@000047AB 0005
@000047AC 0004
@000047AD FFED
@000047AE FFF6
@000047AF FFEB
@000047B0 0007
@000047B1 FFF7
@000047B2 0009
@000047B3 FFFF
@000047B4 FFEC
@000047B5 0017
@000047B6 000B
@000047B7 0011
@000047B8 FFE5
@000047B9 000B
@000047BA 0002
@000047BB FFEE
@000047BC FFE5
@000047BD 0014
@000047BE FFF6
@000047BF 0005
@000047C0 001E
@000047C1 FFEF
@000047C2 FFFD
@000047C3 FFEA
@000047C4 0013
@000047C5 0015
@000047C6 0003
@000047C7 0000
@000047C8 0014
@000047C9 000B
@000047CA 000B
@000047CB FFF8
@000047CC FFDD
@000047CD 000D
@000047CE FFFA
@000047CF FFE6
@000047D0 FFF1
@000047D1 FFEA
@000047D2 002D
@000047D3 0002
@000047D4 FFF9
@000047D5 0012
@000047D6 0000
@000047D7 FFF9
@000047D8 0009
@000047D9 000D
@000047DA FFE9
@000047DB FFE8
@000047DC 001C
@000047DD 0008
@000047DE 0020
@000047DF 0000
@000047E0 000C
@000047E1 000A
@000047E2 FFDE
@000047E3 0005
@000047E4 001A
@000047E5 000D
@000047E6 FFF9
@000047E7 FFFB
@000047E8 FFFE
@000047E9 FFD6
@000047EA 000C
@000047EB 0006
@000047EC FFDE
@000047ED FFCA
@000047EE 003D
@000047EF FFF8
@000047F0 FFFB
@000047F1 000D
@000047F2 FFD7
@000047F3 FFC4
@000047F4 001F
@000047F5 000C
@000047F6 FFDC
@000047F7 FFEB
@000047F8 FFEA
@000047F9 003E
@000047FA 0018
@000047FB FFE6
@000047FC 0013
@000047FD 0040
@000047FE 0029
@000047FF FFF7
@00004800 0031
@00004801 FFEC
@00004802 FFD4
@00004803 FFF3
@00004804 0014
@00004805 0004
@00004806 FFD9
@00004807 000C
@00004808 FFE5
@00004809 0039
@0000480A FFCB
@0000480B FFF3
@0000480C 002E
@0000480D FFEC
@0000480E FFD3
@0000480F FFD5
@00004810 FFFD
@00004811 FFF5
@00004812 FFC9
@00004813 0007
@00004814 0023
@00004815 0018
@00004816 FFF6
@00004817 0021
@00004818 FFFE
@00004819 001C
@0000481A 0005
@0000481B 0024
@0000481C FFBE
@0000481D FFF7
@0000481E FFDC
@0000481F FFEE
@00004820 0017
@00004821 0020
@00004822 FFEA
@00004823 FFDF
@00004824 FFEA
@00004825 0020
@00004826 FFD3
@00004827 FFD3
@00004828 FFFB
@00004829 FFDC
@0000482A FFF1
@0000482B FFC6
@0000482C 003C
@0000482D 001A
@0000482E 003B
@0000482F 0012
@00004830 FFCD
@00004831 0019
@00004832 FFE1
@00004833 FFF3
@00004834 0018
@00004835 FFCF
@00004836 0008
@00004837 000E
@00004838 FFFC
@00004839 FFFC
@0000483A FFD4
@0000483B 0005
@0000483C FFEB
@0000483D FFE2
@0000483E 0017
@0000483F FFCF
@00004840 FFEE
@00004841 FFDA
@00004842 FFF6
@00004843 0000
@00004844 FFC1
@00004845 FFE3
@00004846 FFB9
@00004847 0007
@00004848 FFF6
@00004849 FFF2
@0000484A FFE4
@0000484B 0003
@0000484C FFE2
@0000484D FFEF
@0000484E 000A
@0000484F 001B
@00004850 FFF2
@00004851 FFE7
@00004852 0004
@00004853 FFFD
@00004854 002A
@00004855 0008
@00004856 FFCC
@00004857 FFD5
@00004858 FFE2
@00004859 FFFA
@0000485A FFD3
@0000485B FFE4
@0000485C FFCD
@0000485D 0012
@0000485E FFF2
@0000485F FFC5
@00004860 0006
@00004861 003D
@00004862 0020
@00004863 000A
@00004864 0017
@00004865 FFFD
@00004866 0007
@00004867 FFF5
@00004868 0040
@00004869 FFF4
@0000486A FFE6
@0000486B 0010
@0000486C FFEE
@0000486D 0016
@0000486E FFD8
@0000486F FFBF
@00004870 0028
@00004871 FFF0
@00004872 FFE4
@00004873 FFF1
@00004874 000F
@00004875 FFFB
@00004876 FFE2
@00004877 0037
@00004878 001B
@00004879 0002
@0000487A FFFA
@0000487B FFB4
@0000487C 0005
@0000487D FFFE
@0000487E FFE3
@0000487F 001F
@00004880 FFDF
@00004881 FFF6
@00004882 FFED
@00004883 FFF8
@00004884 FFFB
@00004885 FFE9
@00004886 FFFE
@00004887 FFF4
@00004888 FFE9
@00004889 0000
@0000488A FFE8
@0000488B 000F
@0000488C FFFB
@0000488D FFE5
@0000488E FFD9
@0000488F FFEA
@00004890 001E
@00004891 002D
@00004892 0010
@00004893 FFEC
@00004894 0002
@00004895 0008
@00004896 0015
@00004897 FFFE
@00004898 0009
@00004899 FFF8
@0000489A 001B
@0000489B 002F
@0000489C FFC9
@0000489D 000C
@0000489E FFDF
@0000489F 0019
@000048A0 FFFE
@000048A1 FFEB
@000048A2 002E
@000048A3 FFC0
@000048A4 0031
@000048A5 FFDA
@000048A6 0020
@000048A7 0000
@000048A8 FFF2
@000048A9 FFF8
@000048AA FFEC
@000048AB 0018
@000048AC 0029
@000048AD 0002
@000048AE FFD9
@000048AF FFD6
@000048B0 FFFA
@000048B1 FFE8
@000048B2 001F
@000048B3 FFDE
@000048B4 0001
@000048B5 FFF5
@000048B6 0023
@000048B7 FFE0
@000048B8 FFFB
@000048B9 FFF2
@000048BA FFE3
@000048BB FFF9
@000048BC FFFE
@000048BD FFF4
@000048BE FFE0
@000048BF FFDA
@000048C0 FFD6
@000048C1 0024
@000048C2 001E
@000048C3 FFFA
@000048C4 0009
@000048C5 0018
@000048C6 0008
@000048C7 FFF8
@000048C8 0030
@000048C9 FFE2
@000048CA FFE4
@000048CB 0015
@000048CC 0018
@000048CD 0008
@000048CE FFD7
@000048CF 0008
@000048D0 FFD3
@000048D1 0001
@000048D2 0008
@000048D3 FFF7
@000048D4 0013
@000048D5 FFF9
@000048D6 FFFC
@000048D7 FFFF
@000048D8 000E
@000048D9 FFEF
@000048DA FFDF
@000048DB 0025
@000048DC 0012
@000048DD FFFB
@000048DE 000D
@000048DF 0023
@000048E0 0009
@000048E1 FFEF
@000048E2 FFE4
@000048E3 FFFE
@000048E4 FFEC
@000048E5 FFDB
@000048E6 FFE4
@000048E7 FFD9
@000048E8 0011
@000048E9 0033
@000048EA FFE1
@000048EB FFDD
@000048EC 001A
@000048ED 0022
@000048EE FFFD
@000048EF 0005
@000048F0 FFFA
@000048F1 FFE8
@000048F2 002F
@000048F3 FFD1
@000048F4 0003
@000048F5 000A
@000048F6 002F
@000048F7 001B
@000048F8 0004
@000048F9 0010
@000048FA FFDF
@000048FB FFF6
@000048FC 0002
@000048FD 0006
@000048FE 001D
@000048FF 000F
@00004900 FFEB
@00004901 0013
@00004902 FFEB
@00004903 0005
@00004904 FFED
@00004905 0000
@00004906 0013
@00004907 FFCE
@00004908 000C
@00004909 FFFD
@0000490A 0016
@0000490B 0000
@0000490C 0014
@0000490D 0002
@0000490E 0047
@0000490F 0019
@00004910 FFF5
@00004911 000F
@00004912 FFEC
@00004913 FFCD
@00004914 0012
@00004915 0004
@00004916 001C
@00004917 FFCF
@00004918 000D
@00004919 FFFF
@0000491A 0014
@0000491B FFC1
@0000491C 0002
@0000491D 0076
@0000491E FFF3
@0000491F FFF7
@00004920 0076
@00004921 FFEA
@00004922 001C
@00004923 0036
@00004924 FFF1
@00004925 002B
@00004926 FFE8
@00004927 000C
@00004928 FFBA
@00004929 FF79
@0000492A FFEF
@0000492B 001E
@0000492C FFF1
@0000492D 000A
@0000492E FFD5
@0000492F FFDD
@00004930 FFF0
@00004931 0001
@00004932 FFD8
@00004933 0097
@00004934 FFE1
@00004935 FFD9
@00004936 FFF2
@00004937 FFFC
@00004938 002A
@00004939 FFE3
@0000493A FFCA
@0000493B FFE8
@0000493C FFFF
@0000493D 0009
@0000493E FFCF
@0000493F 000F
@00004940 0017
@00004941 FF9A
@00004942 005F
@00004943 FFEA
@00004944 FFFB
@00004945 0023
@00004946 0036
@00004947 000F
@00004948 0024
@00004949 FFA9
@0000494A FFEA
@0000494B FFBC
@0000494C FFB0
@0000494D FFBE
@0000494E 004E
@0000494F FFC3
@00004950 006A
@00004951 0002
@00004952 FFCE
@00004953 FFCF
@00004954 000C
@00004955 FFD7
@00004956 FFF2
@00004957 0001
@00004958 0022
@00004959 FFC6
@0000495A 0033
@0000495B 0005
@0000495C 000F
@0000495D FFB9
@0000495E FFE9
@0000495F FFF8
@00004960 004C
@00004961 000F
@00004962 FFF6
@00004963 FFF5
@00004964 FFEE
@00004965 0037
@00004966 FFC5
@00004967 FF85
@00004968 0059
@00004969 FFE4
@0000496A 0028
@0000496B 0025
@0000496C FFD3
@0000496D FFE4
@0000496E FF80
@0000496F 0000
@00004970 0007
@00004971 FFFC
@00004972 FFE9
@00004973 FFFD
@00004974 FFBF
@00004975 FFEF
@00004976 FFCC
@00004977 FFF4
@00004978 FFE2
@00004979 FFFE
@0000497A FFFD
@0000497B FFD9
@0000497C 0004
@0000497D FFE6
@0000497E FFE8
@0000497F FFFD
@00004980 FFDE
@00004981 000A
@00004982 000E
@00004983 FFFC
@00004984 000C
@00004985 000D
@00004986 0015
@00004987 FFFD
@00004988 FFE7
@00004989 0007
@0000498A FFFE
@0000498B 0010
@0000498C 001E
@0000498D FFED
@0000498E FFFE
@0000498F 0003
@00004990 0003
@00004991 0003
@00004992 FFFF
@00004993 FFE9
@00004994 FFF2
@00004995 000B
@00004996 FFED
@00004997 0036
@00004998 000D
@00004999 001A
@0000499A 0013
@0000499B FFDE
@0000499C FFF1
@0000499D FFEC
@0000499E FFEA
@0000499F 0006
@000049A0 FFF2
@000049A1 FFFD
@000049A2 FFF5
@000049A3 0005
@000049A4 0028
@000049A5 FFF6
@000049A6 0017
@000049A7 002B
@000049A8 FFCD
@000049A9 FFD8
@000049AA FFED
@000049AB 0000
@000049AC FFF1
@000049AD 0007
@000049AE 003A
@000049AF FFF7
@000049B0 FFED
@000049B1 001F
@000049B2 0012
@000049B3 FFFF
@000049B4 FFE7
@000049B5 000E
@000049B6 000E
@000049B7 FFD9
@000049B8 0005
@000049B9 0005
@000049BA 0023
@000049BB 0006
@000049BC FFF4
@000049BD 0037
@000049BE 001C
@000049BF FFDB
@000049C0 FFF3
@000049C1 0035
@000049C2 FFE4
@000049C3 0001
@000049C4 FFF1
@000049C5 0035
@000049C6 0018
@000049C7 001D
@000049C8 FFF1
@000049C9 001D
@000049CA FFEA
@000049CB FFF4
@000049CC FFF8
@000049CD 000E
@000049CE FFFF
@000049CF FFF7
@000049D0 FFDC
@000049D1 0005
@000049D2 003C
@000049D3 0000
@000049D4 000D
@000049D5 FFFD
@000049D6 FFF4
@000049D7 0005
@000049D8 0018
@000049D9 002C
@000049DA FFEF
@000049DB 0004
@000049DC 0033
@000049DD 0006
@000049DE FFE4
@000049DF FFD7
@000049E0 001E
@000049E1 FFE4
@000049E2 0022
@000049E3 FFFB
@000049E4 001E
@000049E5 FFF0
@000049E6 FFF4
@000049E7 FFF1
@000049E8 FFF8
@000049E9 0004
@000049EA FFFA
@000049EB FFE9
@000049EC 0000
@000049ED 0011
@000049EE FFE6
@000049EF 0003
@000049F0 FFFD
@000049F1 0027
@000049F2 0003
@000049F3 FFF9
@000049F4 FFDC
@000049F5 FFEC
@000049F6 0009
@000049F7 001F
@000049F8 FFF7
@000049F9 FFDF
@000049FA 0010
@000049FB FFE4
@000049FC FFDF
@000049FD FFFC
@000049FE FFFE
@000049FF 000C
@00004A00 FFF8
@00004A01 001E
@00004A02 0000
@00004A03 0017
@00004A04 001B
@00004A05 0014
@00004A06 FFFA
@00004A07 FFFF
@00004A08 FFFC
@00004A09 FFF8
@00004A0A 000B
@00004A0B FFCE
@00004A0C 002D
@00004A0D 000E
@00004A0E 002B
@00004A0F FFF1
@00004A10 FFF1
@00004A11 FFF2
@00004A12 FFDD
@00004A13 FFDD
@00004A14 0025
@00004A15 FFDA
@00004A16 FFD9
@00004A17 0010
@00004A18 002A
@00004A19 0012
@00004A1A FFF5
@00004A1B FFFB
@00004A1C 0010
@00004A1D FFF2
@00004A1E FFF7
@00004A1F FFF4
@00004A20 0000
@00004A21 FFE6
@00004A22 FFEB
@00004A23 001B
@00004A24 0010
@00004A25 0019
@00004A26 FFDC
@00004A27 FFFD
@00004A28 0036
@00004A29 FFFA
@00004A2A 000F
@00004A2B 0003
@00004A2C FFFF
@00004A2D FFFD
@00004A2E 000E
@00004A2F 0004
@00004A30 001B
@00004A31 0012
@00004A32 0008
@00004A33 FFEF
@00004A34 002D
@00004A35 0027
@00004A36 FFBB
@00004A37 0000
@00004A38 FFFB
@00004A39 FFFA
@00004A3A 000D
@00004A3B 0005
@00004A3C 0025
@00004A3D 0010
@00004A3E 000D
@00004A3F 0003
@00004A40 0017
@00004A41 FFF3
@00004A42 FFEE
@00004A43 0000
@00004A44 0011
@00004A45 0005
@00004A46 000C
@00004A47 FFFA
@00004A48 0015
@00004A49 FFDD
@00004A4A FFFA
@00004A4B 0006
@00004A4C FFDB
@00004A4D 0003
@00004A4E FFD1
@00004A4F 0005
@00004A50 FFE8
@00004A51 0011
@00004A52 FFEC
@00004A53 FFFB
@00004A54 000C
@00004A55 0029
@00004A56 FFD7
@00004A57 0011
@00004A58 FFF6
@00004A59 001A
@00004A5A FFFA
@00004A5B 0015
@00004A5C 001E
@00004A5D FFFF
@00004A5E 0006
@00004A5F FFDD
@00004A60 FFEB
@00004A61 0012
@00004A62 0005
@00004A63 FFE8
@00004A64 0007
@00004A65 0003
@00004A66 FFE5
@00004A67 000F
@00004A68 0007
@00004A69 FFEC
@00004A6A 0020
@00004A6B 0008
@00004A6C FFFC
@00004A6D 000C
@00004A6E 000D
@00004A6F FFC7
@00004A70 FFFD
@00004A71 0010
@00004A72 0001
@00004A73 FFF7
@00004A74 0002
@00004A75 FFDA
@00004A76 FFE6
@00004A77 0005
@00004A78 0019
@00004A79 000C
@00004A7A FFC5
@00004A7B 0056
@00004A7C 001F
@00004A7D FFF3
@00004A7E FFF9
@00004A7F 0007
@00004A80 0012
@00004A81 FFDA
@00004A82 001E
@00004A83 0015
@00004A84 FFF6
@00004A85 FFDB
@00004A86 0017
@00004A87 FFF4
@00004A88 0010
@00004A89 FFCF
@00004A8A 0009
@00004A8B FFE5
@00004A8C 0012
@00004A8D FFEB
@00004A8E FFEA
@00004A8F FFDF
@00004A90 FFEE
@00004A91 000C
@00004A92 FFED
@00004A93 0027
@00004A94 FFF9
@00004A95 FFFB
@00004A96 FFF7
@00004A97 FFEC
@00004A98 001A
@00004A99 0003
@00004A9A 0002
@00004A9B 0000
@00004A9C 000A
@00004A9D FFEF
@00004A9E FFF3
@00004A9F 000B
@00004AA0 FFB8
@00004AA1 FFF7
@00004AA2 0017
@00004AA3 FFF6
@00004AA4 FFD0
@00004AA5 FFF9
@00004AA6 FFF2
@00004AA7 FFF3
@00004AA8 FFF7
@00004AA9 0024
@00004AAA FFDD
@00004AAB 0018
@00004AAC 0011
@00004AAD 000C
@00004AAE 0011
@00004AAF 0019
@00004AB0 FFDE
@00004AB1 0007
@00004AB2 FFFE
@00004AB3 000A
@00004AB4 0013
@00004AB5 000B
@00004AB6 000D
@00004AB7 0018
@00004AB8 FFE2
@00004AB9 FFF4
@00004ABA FFF8
@00004ABB 0003
@00004ABC 0008
@00004ABD 0008
@00004ABE 001D
@00004ABF FFF8
@00004AC0 FFFC
@00004AC1 0014
@00004AC2 0008
@00004AC3 FFFA
@00004AC4 001D
@00004AC5 FFE2
@00004AC6 0012
@00004AC7 0017
@00004AC8 FFE2
@00004AC9 0014
@00004ACA FFF7
@00004ACB 001E
@00004ACC FFF8
@00004ACD FFF8
@00004ACE 0017
@00004ACF FFE6
@00004AD0 FFE8
@00004AD1 000B
@00004AD2 FFF4
@00004AD3 0031
@00004AD4 FFF2
@00004AD5 0003
@00004AD6 FFFC
@00004AD7 FFF8
@00004AD8 0013
@00004AD9 0023
@00004ADA 0001
@00004ADB 0023
@00004ADC FFF7
@00004ADD 0004
@00004ADE FFFE
@00004ADF 000E
@00004AE0 FFE6
@00004AE1 0006
@00004AE2 000A
@00004AE3 001D
@00004AE4 FFF5
@00004AE5 FFF6
@00004AE6 FFFA
@00004AE7 FFF7
@00004AE8 FFF6
@00004AE9 FFF1
@00004AEA FFEE
@00004AEB 0000
@00004AEC 001C
@00004AED 0023
@00004AEE 0015
@00004AEF FFFF
@00004AF0 FFF8
@00004AF1 000D
@00004AF2 FFDD
@00004AF3 FFE6
@00004AF4 FFF3
@00004AF5 0007
@00004AF6 000C
@00004AF7 FFFC
@00004AF8 000E
@00004AF9 FFEC
@00004AFA FFF5
@00004AFB 0002
@00004AFC FFF8
@00004AFD 0018
@00004AFE 000E
@00004AFF 0000
@00004B00 FFEE
@00004B01 0018
@00004B02 0016
@00004B03 0012
@00004B04 0025
@00004B05 0026
@00004B06 FFFD
@00004B07 FFDB
@00004B08 000C
@00004B09 FFFC
@00004B0A FFFB
@00004B0B FFFE
@00004B0C FFFF
@00004B0D FFE5
@00004B0E FFF0
@00004B0F 0001
@00004B10 0000
@00004B11 0011
@00004B12 FFEC
@00004B13 FFFF
@00004B14 FFF1
@00004B15 0021
@00004B16 001A
@00004B17 000C
@00004B18 FFE6
@00004B19 FFF4
@00004B1A FFFF
@00004B1B FFDD
@00004B1C FFE8
@00004B1D FFD2
@00004B1E FFFD
@00004B1F 000E
@00004B20 FFF6
@00004B21 FFF5
@00004B22 000D
@00004B23 FFE8
@00004B24 0003
@00004B25 FFD1
@00004B26 FFF2
@00004B27 0012
@00004B28 0008
@00004B29 FFF5
@00004B2A 0018
@00004B2B FFF6
@00004B2C FFEF
@00004B2D FFFB
@00004B2E FFFA
@00004B2F 0018
@00004B30 0015
@00004B31 000A
@00004B32 000A
@00004B33 FFD9
@00004B34 000E
@00004B35 FFDB
@00004B36 000C
@00004B37 0005
@00004B38 FFE4
@00004B39 0015
@00004B3A FFF6
@00004B3B FFE8
@00004B3C 000E
@00004B3D FFED
@00004B3E 000A
@00004B3F 0006
@00004B40 001F
@00004B41 001B
@00004B42 0011
@00004B43 FFC6
@00004B44 0022
@00004B45 FFF9
@00004B46 001D
@00004B47 0002
@00004B48 FFF5
@00004B49 FFFA
@00004B4A 0020
@00004B4B 001F
@00004B4C FFE5
@00004B4D FFE1
@00004B4E FFFD
@00004B4F 0005
@00004B50 0013
@00004B51 FFD8
@00004B52 FFE7
@00004B53 0006
@00004B54 FFF7
@00004B55 FFFD
@00004B56 0019
@00004B57 FFEE
@00004B58 000B
@00004B59 FFEF
@00004B5A FFF7
@00004B5B FFE4
@00004B5C 0005
@00004B5D 0003
@00004B5E FFEF
@00004B5F FFF5
@00004B60 FFFE
@00004B61 001B
@00004B62 000D
@00004B63 0000
@00004B64 FFF9
@00004B65 0006
@00004B66 FFFF
@00004B67 FFFE
@00004B68 FFE6
@00004B69 000E
@00004B6A 000E
@00004B6B FFED
@00004B6C FFF3
@00004B6D FFEF
@00004B6E FFFC
@00004B6F 0000
@00004B70 FFF5
@00004B71 001C
@00004B72 FFFA
@00004B73 0013
@00004B74 FFE5
@00004B75 FFEC
@00004B76 0008
@00004B77 0026
@00004B78 FFEA
@00004B79 FFEC
@00004B7A FFF7
@00004B7B FFFF
@00004B7C FFFC
@00004B7D 0004
@00004B7E FFFF
@00004B7F 000D
@00004B80 001D
@00004B81 0011
@00004B82 FFFA
@00004B83 0008
@00004B84 FFDE
@00004B85 000E
@00004B86 0007
@00004B87 0019
@00004B88 FFEC
@00004B89 FFFF
@00004B8A 000D
@00004B8B FFF2
@00004B8C 0007
@00004B8D 0000
@00004B8E 0010
@00004B8F FFFA
@00004B90 FFDF
@00004B91 0021
@00004B92 FFFB
@00004B93 0011
@00004B94 FFFC
@00004B95 000D
@00004B96 0015
@00004B97 FFED
@00004B98 FFE3
@00004B99 FFED
@00004B9A 001D
@00004B9B 000D
@00004B9C FFEA
@00004B9D 000B
@00004B9E FFF5
@00004B9F FFFE
@00004BA0 000C
@00004BA1 0016
@00004BA2 0017
@00004BA3 0020
@00004BA4 000D
@00004BA5 FFCA
@00004BA6 0014
@00004BA7 FFC5
@00004BA8 0010
@00004BA9 FFFB
@00004BAA 000F
@00004BAB 000D
@00004BAC 0005
@00004BAD 0012
@00004BAE FFD8
@00004BAF FFEC
@00004BB0 000A
@00004BB1 FFE4
@00004BB2 FFEE
@00004BB3 000E
@00004BB4 0007
@00004BB5 FFFC
@00004BB6 000D
@00004BB7 000D
@00004BB8 FFF4
@00004BB9 0004
@00004BBA FFE7
@00004BBB FFED
@00004BBC 001B
@00004BBD FFFA
@00004BBE 002B
@00004BBF FFF7
@00004BC0 000C
@00004BC1 0009
@00004BC2 FFED
@00004BC3 0008
@00004BC4 FFD9
@00004BC5 FFF4
@00004BC6 FFF5
@00004BC7 0000
@00004BC8 FFED
@00004BC9 0007
@00004BCA FF9C
@00004BCB FFFA
@00004BCC FFE6
@00004BCD 0024
@00004BCE 002E
@00004BCF 0032
@00004BD0 FFFD
@00004BD1 FFF9
@00004BD2 FFF6
@00004BD3 0006
@00004BD4 0005
@00004BD5 0030
@00004BD6 0002
@00004BD7 0024
@00004BD8 FFF5
@00004BD9 FFD8
@00004BDA 000A
@00004BDB FFFD
@00004BDC FFB0
@00004BDD 000B
@00004BDE FFE7
@00004BDF 001A
@00004BE0 0018
@00004BE1 FFDE
@00004BE2 0001
@00004BE3 001E
@00004BE4 0031
@00004BE5 FFF0
@00004BE6 FFFB
@00004BE7 0008
@00004BE8 FFE0
@00004BE9 FFF9
@00004BEA 0027
@00004BEB 0002
@00004BEC FFDD
@00004BED FFFE
@00004BEE FFFA
@00004BEF 002A
@00004BF0 FFF5
@00004BF1 0005
@00004BF2 0006
@00004BF3 FFFF
@00004BF4 FFEA
@00004BF5 002D
@00004BF6 0033
@00004BF7 FFFB
@00004BF8 FFF9
@00004BF9 0013
@00004BFA 0011
@00004BFB 0006
@00004BFC FFEC
@00004BFD 0037
@00004BFE FFF9
@00004BFF 0014
@00004C00 FFD9
@00004C01 FFF4
@00004C02 FFCF
@00004C03 FFF2
@00004C04 FFFD
@00004C05 0019
@00004C06 000B
@00004C07 0007
@00004C08 0048
@00004C09 FFD8
@00004C0A FFE6
@00004C0B 005B
@00004C0C 0018
@00004C0D FFF1
@00004C0E 0006
@00004C0F 000E
@00004C10 FFFB
@00004C11 000F
@00004C12 FFFA
@00004C13 0023
@00004C14 FFF1
@00004C15 0009
@00004C16 FFFE
@00004C17 FFFD
@00004C18 0017
@00004C19 FFFC
@00004C1A 0041
@00004C1B 0018
@00004C1C FFF5
@00004C1D 0013
@00004C1E FFF0
@00004C1F FFF0
@00004C20 000F
@00004C21 FFFB
@00004C22 003A
@00004C23 0014
@00004C24 FFE3
@00004C25 FFFF
@00004C26 FFFF
@00004C27 0014
@00004C28 FFFD
@00004C29 0029
@00004C2A 0037
@00004C2B 0000
@00004C2C FFFC
@00004C2D FFC8
@00004C2E FFFC
@00004C2F FFDC
@00004C30 0004
@00004C31 001A
@00004C32 FFE1
@00004C33 FFF9
@00004C34 001E
@00004C35 0006
@00004C36 FFEE
@00004C37 FFE2
@00004C38 FFF8
@00004C39 0003
@00004C3A 0024
@00004C3B FFD9
@00004C3C FFF1
@00004C3D 0011
@00004C3E 0014
@00004C3F 000A
@00004C40 0036
@00004C41 FFE1
@00004C42 000C
@00004C43 0019
@00004C44 FFE8
@00004C45 FFE6
@00004C46 FFF4
@00004C47 0016
@00004C48 FFFD
@00004C49 FFEF
@00004C4A 0000
@00004C4B 0000
@00004C4C FFEA
@00004C4D 000C
@00004C4E FFD7
@00004C4F 0011
@00004C50 0002
@00004C51 FFDE
@00004C52 000B
@00004C53 0026
@00004C54 FFF8
@00004C55 0013
@00004C56 0014
@00004C57 FFF3
@00004C58 FFF3
@00004C59 0004
@00004C5A FFF4
@00004C5B 0005
@00004C5C 0015
@00004C5D 000B
@00004C5E FFF2
@00004C5F FFEC
@00004C60 FFE6
@00004C61 FFE0
@00004C62 001E
@00004C63 0012
@00004C64 000D
@00004C65 0012
@00004C66 0003
@00004C67 0003
@00004C68 0004
@00004C69 FFE7
@00004C6A FFD8
@00004C6B 0004
@00004C6C FFD1
@00004C6D 0004
@00004C6E 0022
@00004C6F FFC2
@00004C70 002C
@00004C71 001A
@00004C72 FFFD
@00004C73 FFF2
@00004C74 0009
@00004C75 FFFE
@00004C76 000B
@00004C77 FFF5
@00004C78 FFEE
@00004C79 FFE0
@00004C7A 000C
@00004C7B 001B
@00004C7C 0013
@00004C7D 0014
@00004C7E FFC2
@00004C7F 0015
@00004C80 0025
@00004C81 0007
@00004C82 FFF6
@00004C83 0009
@00004C84 FFF9
@00004C85 0000
@00004C86 FFEB
@00004C87 0017
@00004C88 002C
@00004C89 001B
@00004C8A FFE1
@00004C8B FFFF
@00004C8C FFF8
@00004C8D 0003
@00004C8E FFC8
@00004C8F 0000
@00004C90 FFFA
@00004C91 FFFA
@00004C92 0006
@00004C93 0008
@00004C94 002D
@00004C95 003E
@00004C96 0000
@00004C97 FFF4
@00004C98 0014
@00004C99 000D
@00004C9A FFDC
@00004C9B 0014
@00004C9C FFFC
@00004C9D FFDC
@00004C9E 0011
@00004C9F FFD8
@00004CA0 001D
@00004CA1 0003
@00004CA2 FFE0
@00004CA3 0012
@00004CA4 001D
@00004CA5 FFF8
@00004CA6 FFE3
@00004CA7 0010
@00004CA8 000E
@00004CA9 FFEE
@00004CAA FFE9
@00004CAB FFED
@00004CAC FFCF
@00004CAD FFF0
@00004CAE FFF3
@00004CAF FFF9
@00004CB0 FFFB
@00004CB1 FFEA
@00004CB2 0014
@00004CB3 FFFA
@00004CB4 0000
@00004CB5 FFED
@00004CB6 FFEE
@00004CB7 0004
@00004CB8 FFFD
@00004CB9 0007
@00004CBA 0014
@00004CBB 0009
@00004CBC 001C
@00004CBD 0011
@00004CBE FFF8
@00004CBF FFEE
@00004CC0 FFFA
@00004CC1 000F
@00004CC2 FFE6
@00004CC3 FFF2
@00004CC4 FFFB
@00004CC5 FFD8
@00004CC6 FFE8
@00004CC7 FFD3
@00004CC8 FFF4
@00004CC9 FFF4
@00004CCA 0020
@00004CCB 001B
@00004CCC 0012
@00004CCD 000E
@00004CCE 0002
@00004CCF 0006
@00004CD0 0007
@00004CD1 FFCB
@00004CD2 001A
@00004CD3 FFFC
@00004CD4 0015
@00004CD5 0003
@00004CD6 FFF4
@00004CD7 FFF5
@00004CD8 FFF2
@00004CD9 FFF4
@00004CDA 001C
@00004CDB 0009
@00004CDC FFEE
@00004CDD FFED
@00004CDE 0003
@00004CDF 000D
@00004CE0 0010
@00004CE1 FFEA
@00004CE2 0015
@00004CE3 FFF4
@00004CE4 0001
@00004CE5 0013
@00004CE6 FFE7
@00004CE7 FFF7
@00004CE8 FFFC
@00004CE9 FFF3
@00004CEA FFEC
@00004CEB FFE1
@00004CEC 0026
@00004CED 0001
@00004CEE 0013
@00004CEF FFE9
@00004CF0 0017
@00004CF1 FFF0
@00004CF2 FFE0
@00004CF3 0000
@00004CF4 000A
@00004CF5 FFEF
@00004CF6 FFED
@00004CF7 0014
@00004CF8 FFE5
@00004CF9 FFEA
@00004CFA 0023
@00004CFB 0015
@00004CFC 0002
@00004CFD FFF3
@00004CFE FFEE
@00004CFF FFF2
@00004D00 0018
@00004D01 001D
@00004D02 FFF7
@00004D03 0025
@00004D04 FFE7
@00004D05 0009
@00004D06 000E
@00004D07 FFF2
@00004D08 0002
@00004D09 000C
@00004D0A FFEE
@00004D0B FFF5
@00004D0C 001F
@00004D0D 0007
@00004D0E 0004
@00004D0F 000E
@00004D10 0011
@00004D11 0015
@00004D12 FFE7
@00004D13 FFD9
@00004D14 FFFE
@00004D15 0000
@00004D16 001C
@00004D17 FFFC
@00004D18 000A
@00004D19 0023
@00004D1A 001A
@00004D1B FFEC
@00004D1C 000F
@00004D1D 000A
@00004D1E FFEC
@00004D1F 001F
@00004D20 FFE8
@00004D21 000F
@00004D22 001C
@00004D23 000B
@00004D24 FFFB
@00004D25 0014
@00004D26 FFF0
@00004D27 000D
@00004D28 000D
@00004D29 FFFC
@00004D2A 000D
@00004D2B FFFC
@00004D2C FFEC
@00004D2D FFDF
@00004D2E 0017
@00004D2F 000B
@00004D30 FFF5
@00004D31 001E
@00004D32 0007
@00004D33 0004
@00004D34 FFF0
@00004D35 0005
@00004D36 0004
@00004D37 0003
@00004D38 FFEF
@00004D39 0016
@00004D3A 0011
@00004D3B 000E
@00004D3C 0014
@00004D3D 0019
@00004D3E FFFD
@00004D3F 0011
@00004D40 FFFD
@00004D41 0001
@00004D42 FFFA
@00004D43 FFFE
@00004D44 001D
@00004D45 0022
@00004D46 0026
@00004D47 0006
@00004D48 FFF5
@00004D49 0015
@00004D4A FFF5
@00004D4B FFF3
@00004D4C FFEC
@00004D4D FFF2
@00004D4E 0007
@00004D4F 0007
@00004D50 FFDB
@00004D51 FFFF
@00004D52 FFFD
@00004D53 0019
@00004D54 0000
@00004D55 FFFC
@00004D56 FFEA
@00004D57 0000
@00004D58 FFFB
@00004D59 FFFA
@00004D5A FFFD
@00004D5B 0005
@00004D5C 0027
@00004D5D 0002
@00004D5E FFE8
@00004D5F 0020
@00004D60 0019
@00004D61 0001
@00004D62 FFEC
@00004D63 FFFD
@00004D64 0000
@00004D65 FFF3
@00004D66 0017
@00004D67 FFF0
@00004D68 002D
@00004D69 FFF8
@00004D6A 000C
@00004D6B FFF1
@00004D6C FFF7
@00004D6D FFFA
@00004D6E FFFF
@00004D6F FFFC
@00004D70 FFE5
@00004D71 FFFB
@00004D72 000A
@00004D73 0002
@00004D74 FFDD
@00004D75 FFFB
@00004D76 FFED
@00004D77 FFF1
@00004D78 0010
@00004D79 FFEE
@00004D7A FFEA
@00004D7B FFF4
@00004D7C 0010
@00004D7D FFDA
@00004D7E FFF8
@00004D7F 0006
@00004D80 FFF9
@00004D81 0009
@00004D82 FFED
@00004D83 0000
@00004D84 0009
@00004D85 FFEA
@00004D86 FFF5
@00004D87 000A
@00004D88 FFF2
@00004D89 0017
@00004D8A FFED
@00004D8B 0004
@00004D8C 0003
@00004D8D FFDC
@00004D8E FFF3
@00004D8F FFDE
@00004D90 FFF0
@00004D91 000E
@00004D92 FFF7
@00004D93 0002
@00004D94 000A
@00004D95 FFDA
@00004D96 FFF7
@00004D97 FFE5
@00004D98 FFFC
@00004D99 FFD3
@00004D9A FFD8
@00004D9B 0009
@00004D9C 0014
@00004D9D 0011
@00004D9E FFF8
@00004D9F 0025
@00004DA0 0005
@00004DA1 0002
@00004DA2 000F
@00004DA3 001A
@00004DA4 FFF1
@00004DA5 FFE6
@00004DA6 0011
@00004DA7 FFF7
@00004DA8 FFEC
@00004DA9 0018
@00004DAA 0003
@00004DAB FFE5
@00004DAC 0011
@00004DAD 0017
@00004DAE FFFC
@00004DAF 0013
@00004DB0 FFFC
@00004DB1 0023
@00004DB2 0000
@00004DB3 0002
@00004DB4 002A
@00004DB5 000A
@00004DB6 0006
@00004DB7 000C
@00004DB8 0021
@00004DB9 FFED
@00004DBA FFF6
@00004DBB 0000
@00004DBC FFFA
@00004DBD 0008
@00004DBE 000B
@00004DBF FFFA
@00004DC0 002A
@00004DC1 FFF4
@00004DC2 FFE4
@00004DC3 FFF8
@00004DC4 0021
@00004DC5 0000
@00004DC6 FFFC
@00004DC7 000E
@00004DC8 FFF7
@00004DC9 FFE4
@00004DCA 0021
@00004DCB FFEC
@00004DCC FFE4
@00004DCD FFEF
@00004DCE 0006
@00004DCF FFF8
@00004DD0 0009
@00004DD1 FFDC
@00004DD2 0025
@00004DD3 FFF8
@00004DD4 FFD7
@00004DD5 FFFD
@00004DD6 0005
@00004DD7 FFDD
@00004DD8 0000
@00004DD9 FFF2
@00004DDA 0006
@00004DDB 0004
@00004DDC 0018
@00004DDD FFEA
@00004DDE FFF4
@00004DDF 0012
@00004DE0 0028
@00004DE1 FFFE
@00004DE2 0001
@00004DE3 FFEC
@00004DE4 FFE3
@00004DE5 001B
@00004DE6 FFDC
@00004DE7 FFDF
@00004DE8 0026
@00004DE9 FFF2
@00004DEA 0002
@00004DEB FFF9
@00004DEC FFEB
@00004DED 0003
@00004DEE FFF8
@00004DEF 0015
@00004DF0 FFFC
@00004DF1 0024
@00004DF2 0002
@00004DF3 FFEF
@00004DF4 FFFB
@00004DF5 FFFD
@00004DF6 0010
@00004DF7 000D
@00004DF8 0004
@00004DF9 000C
@00004DFA FFFD
@00004DFB 0002
@00004DFC FFDE
@00004DFD 001E
@00004DFE 000F
@00004DFF 0038
@00004E00 FFF4
@00004E01 000E
@00004E02 FFEA
@00004E03 FFF5
@00004E04 000B
@00004E05 000D
@00004E06 0014
@00004E07 FFE7
@00004E08 0003
@00004E09 0004
@00004E0A 002C
@00004E0B FFEE
@00004E0C FFDA
@00004E0D FFE9
@00004E0E FFF7
@00004E0F FFF5
@00004E10 FFF4
@00004E11 FFDB
@00004E12 FFFF
@00004E13 FFF9
@00004E14 FFE6
@00004E15 FFFC
@00004E16 FFD3
@00004E17 000A
@00004E18 000B
@00004E19 FFF5
@00004E1A FFF0
@00004E1B FFF2
@00004E1C FFE1
@00004E1D FFFD
@00004E1E FFDF
@00004E1F 0000
@00004E20 001D
@00004E21 FFC7
@00004E22 0016
@00004E23 FFFA
@00004E24 000A
@00004E25 0016
@00004E26 001D
@00004E27 002F
@00004E28 FFFC
@00004E29 0023
@00004E2A FFDC
@00004E2B 0011
@00004E2C 002B
@00004E2D 0026
@00004E2E 001E
@00004E2F 0003
@00004E30 0000
@00004E31 0029
@00004E32 FFE6
@00004E33 001F
@00004E34 FFE8
@00004E35 FFFE
@00004E36 000E
@00004E37 000C
@00004E38 0005
@00004E39 FFDE
@00004E3A 0008
@00004E3B FFFD
@00004E3C 0005
@00004E3D FFDF
@00004E3E FFEA
@00004E3F 000D
@00004E40 FFFE
@00004E41 0017
@00004E42 001B
@00004E43 0018
@00004E44 0006
@00004E45 000D
@00004E46 0008
@00004E47 FFBF
@00004E48 FFEB
@00004E49 0009
@00004E4A 0005
@00004E4B 0012
@00004E4C FFFA
@00004E4D 000E
@00004E4E 001A
@00004E4F 0015
@00004E50 0010
@00004E51 0006
@00004E52 0000
@00004E53 FFF5
@00004E54 0010
@00004E55 001E
@00004E56 FFE0
@00004E57 FFCE
@00004E58 0015
@00004E59 0024
@00004E5A 0022
@00004E5B 0008
@00004E5C FFFE
@00004E5D 002E
@00004E5E 0004
@00004E5F FFE7
@00004E60 FFB2
@00004E61 0014
@00004E62 0021
@00004E63 0022
@00004E64 FFCA
@00004E65 0019
@00004E66 0009
@00004E67 0010
@00004E68 0000
@00004E69 FFEB
@00004E6A 0026
@00004E6B FFFE
@00004E6C FFE5
@00004E6D 0000
@00004E6E 000F
@00004E6F FFEE
@00004E70 000D
@00004E71 FFDA
@00004E72 0014
@00004E73 000D
@00004E74 0013
@00004E75 0027
@00004E76 FFE4
@00004E77 FFE1
@00004E78 FFF4
@00004E79 FFF4
@00004E7A FFFD
@00004E7B FFF1
@00004E7C 0009
@00004E7D 0011
@00004E7E FFC9
@00004E7F 0014
@00004E80 005C
@00004E81 0010
@00004E82 0036
@00004E83 0000
@00004E84 0006
@00004E85 0002
@00004E86 0013
@00004E87 FFFD
@00004E88 0031
@00004E89 001D
@00004E8A FFF3
@00004E8B FFF1
@00004E8C 0018
@00004E8D 0001
@00004E8E 0005
@00004E8F FFF3
@00004E90 0023
@00004E91 000E
@00004E92 FFF1
@00004E93 000A
@00004E94 FFFE
@00004E95 FFFF
@00004E96 FFFB
@00004E97 FFEC
@00004E98 FFEF
@00004E99 001E
@00004E9A FFF2
@00004E9B 0015
@00004E9C FFF2
@00004E9D FFF2
@00004E9E FFED
@00004E9F 000C
@00004EA0 FFD2
@00004EA1 FFF0
@00004EA2 FFF5
@00004EA3 0029
@00004EA4 FFE0
@00004EA5 000B
@00004EA6 0023
@00004EA7 0016
@00004EA8 FFFE
@00004EA9 FFCA
@00004EAA 0006
@00004EAB FFF5
@00004EAC FFF4
@00004EAD FFF5
@00004EAE FFEB
@00004EAF 000C
@00004EB0 FFEC
@00004EB1 0012
@00004EB2 0008
@00004EB3 0015
@00004EB4 0009
@00004EB5 FFFB
@00004EB6 FFEC
@00004EB7 000A
@00004EB8 000A
@00004EB9 FFE0
@00004EBA FFE6
@00004EBB 0007
@00004EBC 0012
@00004EBD FFF9
@00004EBE 0009
@00004EBF 0015
@00004EC0 001B
@00004EC1 FFFE
@00004EC2 FFEF
@00004EC3 FFF2
@00004EC4 0010
@00004EC5 0000
@00004EC6 001A
@00004EC7 FFF6
@00004EC8 002E
@00004EC9 FFEB
@00004ECA 000E
@00004ECB 0012
@00004ECC 0008
@00004ECD FFE9
@00004ECE 0033
@00004ECF 001F
@00004ED0 001A
@00004ED1 FFFE
@00004ED2 001A
@00004ED3 001C
@00004ED4 0013
@00004ED5 0006
@00004ED6 FFF5
@00004ED7 FFE1
@00004ED8 001B
@00004ED9 FFED
@00004EDA FFF9
@00004EDB FFFA
@00004EDC FFFE
@00004EDD FFF3
@00004EDE 000C
@00004EDF 0018
@00004EE0 0010
@00004EE1 FFF6
@00004EE2 FFED
@00004EE3 000D
@00004EE4 0008
@00004EE5 0011
@00004EE6 000F
@00004EE7 0000
@00004EE8 0008
@00004EE9 FFFB
@00004EEA FFFC
@00004EEB FFF3
@00004EEC 0031
@00004EED 0026
@00004EEE 0008
@00004EEF FFDE
@00004EF0 0021
@00004EF1 0023
@00004EF2 000E
@00004EF3 FFF7
@00004EF4 0006
@00004EF5 000A
@00004EF6 0015
@00004EF7 FFEE
@00004EF8 FFEF
@00004EF9 000B
@00004EFA 0003
@00004EFB 000C
@00004EFC 0017
@00004EFD 0008
@00004EFE FFFF
@00004EFF 0014
@00004F00 0006
@00004F01 FFF4
@00004F02 FFF6
@00004F03 0009
@00004F04 FFF4
@00004F05 000A
@00004F06 0010
@00004F07 0015
@00004F08 FFFC
@00004F09 0002
@00004F0A 0016
@00004F0B FFF1
@00004F0C FFEE
@00004F0D FFE4
@00004F0E 0009
@00004F0F FFF1
@00004F10 FFE9
@00004F11 FFF5
@00004F12 0018
@00004F13 FFEB
@00004F14 FFED
@00004F15 0014
@00004F16 0008
@00004F17 0016
@00004F18 0006
@00004F19 0005
@00004F1A FFF9
@00004F1B 0009
@00004F1C 000D
@00004F1D 0012
@00004F1E FFED
@00004F1F FFF3
@00004F20 0018
@00004F21 FFF1
@00004F22 0016
@00004F23 FFF5
@00004F24 FFFB
@00004F25 FFE8
@00004F26 FFE0
@00004F27 FFF0
@00004F28 FFEC
@00004F29 0017
@00004F2A 0023
@00004F2B FFDD
@00004F2C 0015
@00004F2D FFF6
@00004F2E FFEE
@00004F2F FFFF
@00004F30 0006
@00004F31 FFEE
@00004F32 0005
@00004F33 0009
@00004F34 FFF9
@00004F35 0004
@00004F36 FFE4
@00004F37 FFFF
@00004F38 0011
@00004F39 FFE4
@00004F3A 0012
@00004F3B FFEA
@00004F3C FFEF
@00004F3D FFEE
@00004F3E FFFC
@00004F3F FFE6
@00004F40 001E
@00004F41 FFFE
@00004F42 0012
@00004F43 0002
@00004F44 000F
@00004F45 FFF1
@00004F46 FFE5
@00004F47 0015
@00004F48 FFED
@00004F49 FFEC
@00004F4A FFEA
@00004F4B 0000
@00004F4C 0027
@00004F4D FFEF
@00004F4E FFFA
@00004F4F 0005
@00004F50 FFC6
@00004F51 FFFF
@00004F52 0011
@00004F53 FFF7
@00004F54 FFF1
@00004F55 000D
@00004F56 000D
@00004F57 FFF7
@00004F58 002A
@00004F59 0002
@00004F5A 0013
@00004F5B 001E
@00004F5C FFE1
@00004F5D 0001
@00004F5E 0006
@00004F5F 000C
@00004F60 FFD8
@00004F61 FFE7
@00004F62 002B
@00004F63 0011
@00004F64 0015
@00004F65 FFEB
@00004F66 0013
@00004F67 000B
@00004F68 0008
@00004F69 FFD1
@00004F6A FFFE
@00004F6B FFD4
@00004F6C 0010
@00004F6D FFFA
@00004F6E 0018
@00004F6F FFE2
@00004F70 000F
@00004F71 0025
@00004F72 001A
@00004F73 0037
@00004F74 0009
@00004F75 0006
@00004F76 0008
@00004F77 FFF4
@00004F78 FFE0
@00004F79 0014
@00004F7A 0000
@00004F7B 001E
@00004F7C FFD7
@00004F7D FFF7
@00004F7E FFE9
@00004F7F 000D
@00004F80 0017
@00004F81 FFD4
@00004F82 0002
@00004F83 0028
@00004F84 0024
@00004F85 000A
@00004F86 FFE5
@00004F87 0012
@00004F88 001E
@00004F89 FFF6
@00004F8A 0026
@00004F8B FFFA
@00004F8C FF98
@00004F8D 0011
@00004F8E 0030
@00004F8F 001C
@00004F90 FFEF
@00004F91 0006
@00004F92 0002
@00004F93 0003
@00004F94 FFFA
@00004F95 001C
@00004F96 FFF5
@00004F97 FFFA
@00004F98 0000
@00004F99 0005
@00004F9A FFF5
@00004F9B FFDE
@00004F9C FFFE
@00004F9D FFF2
@00004F9E FFD6
@00004F9F FFFD
@00004FA0 000C
@00004FA1 0013
@00004FA2 0000
@00004FA3 0013
@00004FA4 0015
@00004FA5 FFDA
@00004FA6 001A
@00004FA7 FFF1
@00004FA8 FFD7
@00004FA9 FFF1
@00004FAA 0003
@00004FAB 0010
@00004FAC 0000
@00004FAD FFF9
@00004FAE FFDF
@00004FAF 0000
@00004FB0 FFFA
@00004FB1 0002
@00004FB2 FFFC
@00004FB3 FFFF
@00004FB4 000A
@00004FB5 0019
@00004FB6 FFEC
@00004FB7 FFED
@00004FB8 FFEE
@00004FB9 FFEC
@00004FBA 0000
@00004FBB FFE5
@00004FBC FFEA
@00004FBD FFEB
@00004FBE 0002
@00004FBF 0014
@00004FC0 0001
@00004FC1 0005
@00004FC2 0011
@00004FC3 FFFC
@00004FC4 0015
@00004FC5 FFD2
@00004FC6 FFEA
@00004FC7 000F
@00004FC8 FFFF
@00004FC9 FFFD
@00004FCA 0007
@00004FCB FFED
@00004FCC 000C
@00004FCD FFEA
@00004FCE 0007
@00004FCF 001E
@00004FD0 0018
@00004FD1 0008
@00004FD2 FFFD
@00004FD3 0025
@00004FD4 0001
@00004FD5 FFF8
@00004FD6 0000
@00004FD7 FFE4
@00004FD8 FFF5
@00004FD9 FFEE
@00004FDA 0000
@00004FDB FFF9
@00004FDC 000D
@00004FDD 0011
@00004FDE FFF9
@00004FDF FFF1
@00004FE0 001F
@00004FE1 000A
@00004FE2 FFFA
@00004FE3 FFEF
@00004FE4 0019
@00004FE5 0019
@00004FE6 0027
@00004FE7 000A
@00004FE8 FFFE
@00004FE9 0019
@00004FEA FFF0
@00004FEB FFF1
@00004FEC FFEC
@00004FED FFEA
@00004FEE FFFE
@00004FEF FFE6
@00004FF0 0000
@00004FF1 FFE8
@00004FF2 FFE4
@00004FF3 FFF6
@00004FF4 001A
@00004FF5 FFF0
@00004FF6 FFEE
@00004FF7 FFEA
@00004FF8 001B
@00004FF9 FFF3
@00004FFA FFE6
@00004FFB FFFD
@00004FFC 0009
@00004FFD FFE3
@00004FFE 0013
@00004FFF 0014
@00005000 000F
@00005001 FFFE
@00005002 FFF8
@00005003 001A
@00005004 0015
@00005005 0003
@00005006 0014
@00005007 FFF0
@00005008 0001
@00005009 0011
@0000500A FFF9
@0000500B FFFF
@0000500C FFFC
@0000500D FFEC
@0000500E 0005
@0000500F FFEE
@00005010 001B
@00005011 000D
@00005012 0002
@00005013 0000
@00005014 FFE7
@00005015 FFF7
@00005016 000A
@00005017 000D
@00005018 0013
@00005019 FFC6
@0000501A 000B
@0000501B FFF4
@0000501C FFCA
@0000501D 000D
@0000501E FFE0
@0000501F 001A
@00005020 FFEA
@00005021 001B
@00005022 0010
@00005023 FFF1
@00005024 0004
@00005025 001C
@00005026 0012
@00005027 000F
@00005028 0016
@00005029 FFED
@0000502A FFD4
@0000502B 0008
@0000502C 0016
@0000502D 0003
@0000502E 0005
@0000502F FFEA
@00005030 FFC7
@00005031 FFCE
@00005032 FFD3
@00005033 FFF8
@00005034 0003
@00005035 FFE3
@00005036 0011
@00005037 001E
@00005038 FFF1
@00005039 001B
@0000503A 001E
@0000503B 0004
@0000503C 0027
@0000503D FFFF
@0000503E 0017
@0000503F FFF9
@00005040 0015
@00005041 0014
@00005042 0015
@00005043 000F
@00005044 0015
@00005045 FFEA
@00005046 000F
@00005047 FFE1
@00005048 FFFF
@00005049 0037
@0000504A 0038
@0000504B FFC2
@0000504C 000B
@0000504D 0023
@0000504E FFF7
@0000504F 0003
@00005050 0015
@00005051 FFED
@00005052 FFE9
@00005053 FFF3
@00005054 000A
@00005055 FFDB
@00005056 FFFD
@00005057 FFF6
@00005058 0009
@00005059 0010
@0000505A 000B
@0000505B 0015
@0000505C 000D
@0000505D FFEA
@0000505E 0000
@0000505F FFF0
@00005060 0006
@00005061 FFF9
@00005062 001A
@00005063 000C
@00005064 FFEE
@00005065 FFC2
@00005066 0000
@00005067 000D
@00005068 0022
@00005069 0011
@0000506A FFDE
@0000506B 0004
@0000506C FFF3
@0000506D 000F
@0000506E FFE6
@0000506F FFD7
@00005070 0029
@00005071 0020
@00005072 0001
@00005073 FFE6
@00005074 001B
@00005075 FFF7
@00005076 FFF5
@00005077 0000
@00005078 0019
@00005079 FFFC
@0000507A FFE3
@0000507B FFFC
@0000507C 0011
@0000507D 0003
@0000507E FFFE
@0000507F FFD4
@00005080 0019
@00005081 000E
@00005082 FFFA
@00005083 FFE4
@00005084 0008
@00005085 FFDB
@00005086 FFF1
@00005087 FFDE
@00005088 FFDC
@00005089 FFF8
@0000508A FFE8
@0000508B FFEE
@0000508C 0037
@0000508D FFE7
@0000508E 0002
@0000508F 000F
@00005090 FFFE
@00005091 000D
@00005092 0001
@00005093 FFEE
@00005094 0012
@00005095 FFFB
@00005096 0022
@00005097 0021
@00005098 0014
@00005099 FFF6
@0000509A 0009
@0000509B 001B
@0000509C 0005
@0000509D 0006
@0000509E 0010
@0000509F FFFE
@000050A0 FFF0
@000050A1 FFED
@000050A2 0022
@000050A3 0000
@000050A4 FFFB
@000050A5 0007
@000050A6 000F
@000050A7 FFEB
@000050A8 0014
@000050A9 FFF1
@000050AA 0009
@000050AB 0009
@000050AC 000D
@000050AD FFF1
@000050AE FFFD
@000050AF 0006
@000050B0 0018
@000050B1 001C
@000050B2 0009
@000050B3 0011
@000050B4 FFF5
@000050B5 000B
@000050B6 FFE5
@000050B7 FFF7
@000050B8 FFFB
@000050B9 000E
@000050BA FFEE
@000050BB FFF0
@000050BC FFFB
@000050BD 0012
@000050BE 000A
@000050BF FFDB
@000050C0 0005
@000050C1 0014
@000050C2 0017
@000050C3 FFFB
@000050C4 0013
@000050C5 0025
@000050C6 0007
@000050C7 0014
@000050C8 FFED
@000050C9 FFEE
@000050CA FFF7
@000050CB 0003
@000050CC FFF7
@000050CD 0003
@000050CE 0012
@000050CF FFFC
@000050D0 FFFB
@000050D1 0023
@000050D2 0000
@000050D3 0015
@000050D4 FFEE
@000050D5 FFF9
@000050D6 0004
@000050D7 000C
@000050D8 0001
@000050D9 001D
@000050DA FFD8
@000050DB 0000
@000050DC FFFA
@000050DD FFF1
@000050DE 000B
@000050DF 000B
@000050E0 003B
@000050E1 0024
@000050E2 000C
@000050E3 0016
@000050E4 0015
@000050E5 000E
@000050E6 FFF0
@000050E7 FFFF
@000050E8 0018
@000050E9 FFFA
@000050EA FFFC
@000050EB FFF3
@000050EC 000A
@000050ED 000A
@000050EE 001B
@000050EF FFFF
@000050F0 0007
@000050F1 FFF7
@000050F2 FFD2
@000050F3 001C
@000050F4 FFED
@000050F5 FFFA
@000050F6 FFF2
@000050F7 0008
@000050F8 FFCE
@000050F9 FFF4
@000050FA FFD3
@000050FB 0013
@000050FC FFE8
@000050FD 0009
@000050FE 0015
@000050FF 0006
@00005100 FFF5
@00005101 FFE6
@00005102 FFF6
@00005103 001A
@00005104 FFFB
@00005105 FFE0
@00005106 001C
@00005107 FFF6
@00005108 0012
@00005109 000E
@0000510A 0007
@0000510B FFF9
@0000510C 0011
@0000510D 0008
@0000510E 0022
@0000510F FFF7
@00005110 FFFF
@00005111 FFF6
@00005112 0012
@00005113 FFE6
@00005114 0001
@00005115 FFF6
@00005116 002D
@00005117 FFFE
@00005118 000B
@00005119 0025
@0000511A 0000
@0000511B 000F
@0000511C 0009
@0000511D FFAF
@0000511E FFED
@0000511F 0002
@00005120 0027
@00005121 000B
@00005122 0022
@00005123 0001
@00005124 FFE5
@00005125 0012
@00005126 0008
@00005127 0014
@00005128 FFD9
@00005129 FFF1
@0000512A FFF8
@0000512B 0010
@0000512C 0005
@0000512D FFD6
@0000512E 001D
@0000512F FFF8
@00005130 0018
@00005131 000B
@00005132 FFF7
@00005133 FFED
@00005134 001E
@00005135 0013
@00005136 0011
@00005137 0018
@00005138 002A
@00005139 000C
@0000513A FFFD
@0000513B 000E
@0000513C 0029
@0000513D 001C
@0000513E FFF0
@0000513F 0000
@00005140 000B
@00005141 0000
@00005142 000D
@00005143 FFEE
@00005144 FFD2
@00005145 FFD1
@00005146 0011
@00005147 0000
@00005148 FFF8
@00005149 FFE5
@0000514A FFF1
@0000514B 0008
@0000514C FFF0
@0000514D FFEA
@0000514E 000B
@0000514F 000C
@00005150 FFF9
@00005151 0001
@00005152 FFEE
@00005153 FFF4
@00005154 FFF0
@00005155 FFF2
@00005156 0023
@00005157 FFEE
@00005158 FFE5
@00005159 001F
@0000515A 000D
@0000515B 0011
@0000515C FFE7
@0000515D FFFF
@0000515E FFFF
@0000515F FFD0
@00005160 001C
@00005161 FFF8
@00005162 000F
@00005163 FFF9
@00005164 001C
@00005165 0021
@00005166 FFEF
@00005167 FFF5
@00005168 000C
@00005169 FFF3
@0000516A FFDA
@0000516B FFE4
@0000516C 0021
@0000516D FFF0
@0000516E FFE5
@0000516F FFFD
@00005170 0004
@00005171 FFE7
@00005172 0006
@00005173 FFFF
@00005174 0009
@00005175 0019
@00005176 FFFA
@00005177 0001
@00005178 0000
@00005179 000C
@0000517A FFEF
@0000517B FFF5
@0000517C FFEA
@0000517D 0007
@0000517E 0001
@0000517F FFDE
@00005180 FFF6
@00005181 FFF7
@00005182 FFF0
@00005183 FFF6
@00005184 0010
@00005185 0024
@00005186 FFF4
@00005187 0008
@00005188 0016
@00005189 FFE0
@0000518A FFF1
@0000518B FFF6
@0000518C 000A
@0000518D FFFA
@0000518E 000A
@0000518F 0017
@00005190 0015
@00005191 0021
@00005192 FFE2
@00005193 0006
@00005194 000C
@00005195 FFF4
@00005196 000C
@00005197 000F
@00005198 FFEA
@00005199 0012
@0000519A 0014
@0000519B FFFB
@0000519C FFF4
@0000519D FFE1
@0000519E 0025
@0000519F 0005
@000051A0 001D
@000051A1 000D
@000051A2 FFE3
@000051A3 0000
@000051A4 FFF9
@000051A5 0004
@000051A6 0000
@000051A7 FFFF
@000051A8 0007
@000051A9 0012
@000051AA 001C
@000051AB FFE9
@000051AC 0017
@000051AD FFE5
@000051AE 000F
@000051AF FFF7
@000051B0 FFF0
@000051B1 FFEF
@000051B2 FFFE
@000051B3 FFF5
@000051B4 FFFB
@000051B5 0009
@000051B6 FFF8
@000051B7 000D
@000051B8 0012
@000051B9 0015
@000051BA FFE4
@000051BB FFF8
@000051BC FFFA
@000051BD FFF3
@000051BE FFF8
@000051BF 0002
@000051C0 0019
@000051C1 FFFC
@000051C2 0013
@000051C3 0022
@000051C4 001A
@000051C5 0009
@000051C6 FFE8
@000051C7 FFF1
@000051C8 FFE9
@000051C9 0009
@000051CA 000E
@000051CB FFE2
@000051CC FFFA
@000051CD 0004
@000051CE FFFA
@000051CF 001D
@000051D0 FFE8
@000051D1 FFE9
@000051D2 FFEE
@000051D3 001B
@000051D4 0001
@000051D5 FFFA
@000051D6 000D
@000051D7 0000
@000051D8 FFF7
@000051D9 0005
@000051DA 000B
@000051DB FFFD
@000051DC FFE0
@000051DD FFEE
@000051DE FFEC
@000051DF FFF5
@000051E0 FFF7
@000051E1 0009
@000051E2 FFF1
@000051E3 0011
@000051E4 FFED
@000051E5 FFFC
@000051E6 0007
@000051E7 FFF0
@000051E8 0018
@000051E9 FFE5
@000051EA FFED
@000051EB 0016
@000051EC FFE6
@000051ED 000F
@000051EE FFFB
@000051EF 0005
@000051F0 000A
@000051F1 000B
@000051F2 FFFB
@000051F3 FFF8
@000051F4 FFF6
@000051F5 000A
@000051F6 FFF0
@000051F7 001E
@000051F8 0000
@000051F9 0019
@000051FA FFF2
@000051FB 0010
@000051FC FFF9
@000051FD FFF7
@000051FE 0013
@000051FF FFF2
@00005200 FFF5
@00005201 FFEE
@00005202 FFE6
@00005203 FFF1
@00005204 0000
@00005205 0011
@00005206 FFE7
@00005207 0000
@00005208 0018
@00005209 FFF2
@0000520A FFF7
@0000520B 0008
@0000520C 0010
@0000520D 0034
@0000520E 0000
@0000520F 0011
@00005210 001A
@00005211 FFF6
@00005212 FFF5
@00005213 FFD9
@00005214 FFF1
@00005215 FFF7
@00005216 FFFE
@00005217 0008
@00005218 000B
@00005219 001A
@0000521A FFF4
@0000521B 000D
@0000521C FFF5
@0000521D 0015
@0000521E FFD2
@0000521F FFF6
@00005220 FFF6
@00005221 FFE6
@00005222 FFF9
@00005223 FFE9
@00005224 0003
@00005225 0010
@00005226 FFEC
@00005227 0005
@00005228 0000
@00005229 0012
@0000522A FFF1
@0000522B 0000
@0000522C 001B
@0000522D FFEB
@0000522E 0012
@0000522F FFF7
@00005230 0011
@00005231 000E
@00005232 0005
@00005233 0004
@00005234 001A
@00005235 0012
@00005236 0005
@00005237 FFEB
@00005238 0007
@00005239 FFFC
@0000523A FFFA
@0000523B FFE1
@0000523C FFF8
@0000523D 0020
@0000523E FFEF
@0000523F 0005
@00005240 FFFE
@00005241 0007
@00005242 0010
@00005243 0017
@00005244 FFF3
@00005245 000C
@00005246 0002
@00005247 FFE2
@00005248 FFF3
@00005249 FFC8
@0000524A FFF9
@0000524B FFFE
@0000524C 0003
@0000524D FFF6
@0000524E 0016
@0000524F 0011
@00005250 0014
@00005251 000D
@00005252 0003
@00005253 FFF1
@00005254 0017
@00005255 FFFE
@00005256 FFFE
@00005257 FFF9
@00005258 FFE1
@00005259 0000
@0000525A 000A
@0000525B 0004
@0000525C 000F
@0000525D FFE3
@0000525E FFE9
@0000525F FFF8
@00005260 000E
@00005261 FFF9
@00005262 FFF5
@00005263 0005
@00005264 FFFE
@00005265 0007
@00005266 0006
@00005267 000F
@00005268 FFFA
@00005269 FFF0
@0000526A FFDD
@0000526B 0000
@0000526C 0005
@0000526D FFFE
@0000526E FFF8
@0000526F FFFF
@00005270 FFD6
@00005271 0001
@00005272 0020
@00005273 FFC1
@00005274 0014
@00005275 001A
@00005276 FFF2
@00005277 FFEA
@00005278 FFE8
@00005279 0008
@0000527A FFE3
@0000527B 0015
@0000527C 0010
@0000527D FFF1
@0000527E 000B
@0000527F 0008
@00005280 001B
@00005281 0006
@00005282 FFF1
@00005283 FFF9
@00005284 0018
@00005285 FFE3
@00005286 FFEE
@00005287 000E
@00005288 FFEC
@00005289 002A
@0000528A FFFE
@0000528B 0000
@0000528C FFE4
@0000528D 001C
@0000528E 0004
@0000528F 0015
@00005290 000B
@00005291 FFF4
@00005292 000E
@00005293 005E
@00005294 0010
@00005295 FFE8
@00005296 000C
@00005297 FFEE
@00005298 FFEB
@00005299 0012
@0000529A 0008
@0000529B 0000
@0000529C FFF1
@0000529D 0007
@0000529E 000E
@0000529F FFE2
@000052A0 FFE2
@000052A1 FF95
@000052A2 001F
@000052A3 0016
@000052A4 001D
@000052A5 FFEA
@000052A6 0005
@000052A7 FFED
@000052A8 000B
@000052A9 FFF7
@000052AA FFE5
@000052AB 002A
@000052AC 0072
@000052AD FFDF
@000052AE FFA3
@000052AF FFAA
@000052B0 0008
@000052B1 FFE2
@000052B2 FFF4
@000052B3 FFF4
@000052B4 FFF4
@000052B5 000A
@000052B6 FFDA
@000052B7 FFF7
@000052B8 000B
@000052B9 FFF7
@000052BA FFE6
@000052BB 0022
@000052BC 0003
@000052BD FFF8
@000052BE FFEF
@000052BF 0008
@000052C0 000A
@000052C1 FFCD
@000052C2 000A
@000052C3 FFED
@000052C4 0007
@000052C5 0013
@000052C6 0021
@000052C7 0013
@000052C8 001A
@000052C9 FFF5
@000052CA FFEB
@000052CB FFE8
@000052CC FFC9
@000052CD 0000
@000052CE 0017
@000052CF 0000
@000052D0 FFF0
@000052D1 FFF8
@000052D2 FFC8
@000052D3 0004
@000052D4 000E
@000052D5 0033
@000052D6 0010
@000052D7 FFD8
@000052D8 0026
@000052D9 FFDD
@000052DA FFFF
@000052DB FFD1
@000052DC 0004
@000052DD FFD5
@000052DE 000A
@000052DF FFFA
@000052E0 0004
@000052E1 FF9C
@000052E2 FFDB
@000052E3 FFDC
@000052E4 FFDF
@000052E5 0029
@000052E6 FFD0
@000052E7 FFFB
@000052E8 FFFD
@000052E9 001D
@000052EA 0004
@000052EB 0017
@000052EC 004E
@000052ED 006E
@000052EE 0044
@000052EF 0038
@000052F0 000A
@000052F1 FFFD
@000052F2 0019
@000052F3 0010
@000052F4 0051
@000052F5 003D
@000052F6 FFFD
@000052F7 0067
@000052F8 FFB1
@000052F9 0070
@000052FA 0009
@000052FB FFC5
@000052FC 0004
@000052FD 000F
@000052FE 0019
@000052FF FFB1
@00005300 0007
@00005301 002E
@00005302 0012
@00005303 0022
@00005304 0002
@00005305 FFB5
@00005306 FFEA
@00005307 0049
@00005308 FFCF
@00005309 FFD6
@0000530A FFAB
@0000530B 0030
@0000530C FFC5
@0000530D 000C
@0000530E 0001
@0000530F FFFA
@00005310 FF98
@00005311 0039
@00005312 FFAA
@00005313 003D
@00005314 FFAA
@00005315 FFD4
@00005316 FFD9
@00005317 FFEE
@00005318 002B
@00005319 0030
@0000531A FFC4
@0000531B 000C
@0000531C 0006
@0000531D 0037
@0000531E FFEF
@0000531F 0047
@00005320 FFA4
@00005321 0007
@00005322 000B
@00005323 0008
@00005324 FFC7
@00005325 FF76
@00005326 003C
@00005327 0001
@00005328 FFE3
@00005329 0013
@0000532A FFDC
@0000532B 000F
@0000532C FFDA
@0000532D FFD7
@0000532E 0010
@0000532F FFC9
@00005330 FF9D
@00005331 000B
@00005332 0029
@00005333 0000
@00005334 FFF9
@00005335 0005
@00005336 FFF7
@00005337 FFFC
@00005338 FFE9
@00005339 FFF7
@0000533A FFF0
@0000533B FFDF
@0000533C FFFE
@0000533D 0016
@0000533E 001E
@0000533F FFE5
@00005340 0001
@00005341 FFFD
@00005342 FFFD
@00005343 FFFB
@00005344 FFDB
@00005345 FFF5
@00005346 001C
@00005347 0005
@00005348 0010
@00005349 0015
@0000534A 0003
@0000534B 0017
@0000534C 001B
@0000534D 0019
@0000534E FFE8
@0000534F FFF7
@00005350 000A
@00005351 FFE7
@00005352 FFDC
@00005353 FFF5
@00005354 0023
@00005355 000D
@00005356 FFF8
@00005357 FFFD
@00005358 FFF7
@00005359 002D
@0000535A FFFB
@0000535B 0020
@0000535C FFF8
@0000535D 0013
@0000535E FFF8
@0000535F FFEF
@00005360 0004
@00005361 0006
@00005362 0001
@00005363 FFE3
@00005364 FFF9
@00005365 000F
@00005366 FFFC
@00005367 FFF7
@00005368 0018
@00005369 FFD1
@0000536A FFE8
@0000536B 002A
@0000536C FFEF
@0000536D FFE1
@0000536E FFDF
@0000536F 0000
@00005370 FFED
@00005371 000B
@00005372 0002
@00005373 001B
@00005374 FFF8
@00005375 0013
@00005376 0026
@00005377 FFEB
@00005378 000C
@00005379 FFEC
@0000537A 001B
@0000537B 0014
@0000537C FFF5
@0000537D FFF2
@0000537E FFD2
@0000537F FFF5
@00005380 FFE9
@00005381 0019
@00005382 FFF9
@00005383 0006
@00005384 FFF7
@00005385 FFF8
@00005386 0002
@00005387 FFFE
@00005388 FFD1
@00005389 FFFA
@0000538A FFE7
@0000538B 0013
@0000538C 001C
@0000538D FFEC
@0000538E FFF1
@0000538F 0009
@00005390 FFF9
@00005391 000C
@00005392 0015
@00005393 0003
@00005394 FFD4
@00005395 0014
@00005396 002D
@00005397 0000
@00005398 FFFB
@00005399 000B
@0000539A FFFA
@0000539B FFFB
@0000539C FFD1
@0000539D FFD9
@0000539E 0003
@0000539F FFE1
@000053A0 0005
@000053A1 0011
@000053A2 003B
@000053A3 FFDD
@000053A4 FFEF
@000053A5 FFEF
@000053A6 0013
@000053A7 FFF4
@000053A8 FFC7
@000053A9 FFEF
@000053AA FFF3
@000053AB FFFF
@000053AC 001B
@000053AD 0009
@000053AE 0038
@000053AF 0016
@000053B0 000C
@000053B1 0014
@000053B2 FFEC
@000053B3 0031
@000053B4 000F
@000053B5 FFDD
@000053B6 0032
@000053B7 FFF8
@000053B8 0012
@000053B9 FFF3
@000053BA FFF7
@000053BB FFC6
@000053BC FFD1
@000053BD 0023
@000053BE FFF2
@000053BF 0019
@000053C0 0022
@000053C1 0009
@000053C2 0017
@000053C3 FFF9
@000053C4 FFEA
@000053C5 FFFA
@000053C6 0006
@000053C7 000A
@000053C8 FFFD
@000053C9 0027
@000053CA 0018
@000053CB FFF7
@000053CC 0023
@000053CD FFED
@000053CE 0004
@000053CF 0047
@000053D0 FFF8
@000053D1 001F
@000053D2 FFD8
@000053D3 000A
@000053D4 FFFD
@000053D5 FFFF
@000053D6 0027
@000053D7 FFF1
@000053D8 FFD5
@000053D9 0037
@000053DA 004F
@000053DB 0005
@000053DC FFE7
@000053DD FFF8
@000053DE 0001
@000053DF FFEA
@000053E0 FFFD
@000053E1 0011
@000053E2 FFF3
@000053E3 0007
@000053E4 FFF9
@000053E5 FFFE
@000053E6 FFEA
@000053E7 FFF3
@000053E8 0008
@000053E9 FFEC
@000053EA FFED
@000053EB 0010
@000053EC FFE4
@000053ED 0027
@000053EE FFFB
@000053EF 0005
@000053F0 FFFA
@000053F1 0014
@000053F2 FFF9
@000053F3 FFE9
@000053F4 0015
@000053F5 FFF0
@000053F6 FFF6
@000053F7 FFFB
@000053F8 000A
@000053F9 0015
@000053FA FFF6
@000053FB 0000
@000053FC FFF6
@000053FD 0007
@000053FE 0001
@000053FF 0003
@00005400 FFF8
@00005401 FFF8
@00005402 0005
@00005403 0014
@00005404 0009
@00005405 0003
@00005406 0008
@00005407 0019
@00005408 FFFF
@00005409 FFF6
@0000540A FFF3
@0000540B 0028
@0000540C FFE8
@0000540D FFE2
@0000540E 0001
@0000540F FFF0
@00005410 000A
@00005411 FFF1
@00005412 FFFD
@00005413 0013
@00005414 FFF8
@00005415 0007
@00005416 FFFB
@00005417 0019
@00005418 001A
@00005419 0018
@0000541A FFED
@0000541B 0022
@0000541C 0009
@0000541D 0023
@0000541E 0013
@0000541F FFFB
@00005420 FFFE
@00005421 0009
@00005422 001C
@00005423 FFE9
@00005424 FFF5
@00005425 FFFA
@00005426 001D
@00005427 002D
@00005428 FFD5
@00005429 FFF7
@0000542A 0000
@0000542B FFFF
@0000542C 0007
@0000542D 0001
@0000542E 0010
@0000542F 0005
@00005430 FFE2
@00005431 000D
@00005432 FFEA
@00005433 0008
@00005434 001B
@00005435 FFE4
@00005436 0022
@00005437 FFED
@00005438 000F
@00005439 FFF8
@0000543A 0022
@0000543B FFFE
@0000543C FFF6
@0000543D 001B
@0000543E FFF4
@0000543F FFDB
@00005440 FFF3
@00005441 FFFC
@00005442 001C
@00005443 FFF8
@00005444 FFDD
@00005445 FFF5
@00005446 FFF4
@00005447 0004
@00005448 0003
@00005449 FFEC
@0000544A FFDD
@0000544B FFEA
@0000544C 0023
@0000544D FFE3
@0000544E 000B
@0000544F 0001
@00005450 FFFE
@00005451 0002
@00005452 FFE4
@00005453 FFEB
@00005454 0012
@00005455 0009
@00005456 0001
@00005457 000C
@00005458 FFF8
@00005459 FFF9
@0000545A FFFB
@0000545B 0027
@0000545C FFED
@0000545D 000C
@0000545E 0006
@0000545F 0000
@00005460 000A
@00005461 0009
@00005462 FFFB
@00005463 FFFF
@00005464 0010
@00005465 000E
@00005466 FFFF
@00005467 0004
@00005468 0021
@00005469 FFFD
@0000546A 000E
@0000546B FFF5
@0000546C 0013
@0000546D FFF5
@0000546E 0013
@0000546F FFD2
@00005470 FFF7
@00005471 FFE9
@00005472 0009
@00005473 FFE2
@00005474 0019
@00005475 0003
@00005476 FFF5
@00005477 0004
@00005478 FFD0
@00005479 FFEC
@0000547A FFF8
@0000547B FFD4
@0000547C 0005
@0000547D 0001
@0000547E FFE8
@0000547F 0023
@00005480 FFF9
@00005481 FFF5
@00005482 FFF7
@00005483 001D
@00005484 0007
@00005485 FFF0
@00005486 FFF8
@00005487 FFF7
@00005488 FFF6
@00005489 001C
@0000548A FFF7
@0000548B 0006
@0000548C FFF4
@0000548D FFE5
@0000548E 0008
@0000548F 0013
@00005490 FFFF
@00005491 FFFF
@00005492 000C
@00005493 FFE9
@00005494 FFEA
@00005495 FFF8
@00005496 0005
@00005497 FFE9
@00005498 000F
@00005499 0008
@0000549A 001A
@0000549B 0001
@0000549C 0010
@0000549D FFFB
@0000549E FFFD
@0000549F FFDC
@000054A0 0004
@000054A1 FFFF
@000054A2 FFF4
@000054A3 FFEB
@000054A4 002F
@000054A5 FFF6
@000054A6 FFFA
@000054A7 FFDC
@000054A8 0019
@000054A9 FFF1
@000054AA 001F
@000054AB 0015
@000054AC 0010
@000054AD FFEC
@000054AE 0011
@000054AF FFF8
@000054B0 FFEE
@000054B1 0013
@000054B2 FFDC
@000054B3 FFD6
@000054B4 FFFF
@000054B5 FFEF
@000054B6 0010
@000054B7 FFF7
@000054B8 FFEB
@000054B9 001B
@000054BA FFE8
@000054BB 000A
@000054BC FFF3
@000054BD 0006
@000054BE FFF1
@000054BF FFF0
@000054C0 0018
@000054C1 0010
@000054C2 FFE9
@000054C3 0000
@000054C4 FFF2
@000054C5 0008
@000054C6 FFFE
@000054C7 FFFB
@000054C8 001F
@000054C9 FFFC
@000054CA FFDA
@000054CB FFFF
@000054CC FFFC
@000054CD 000E
@000054CE 000D
@000054CF FFE9
@000054D0 0012
@000054D1 FFFF
@000054D2 0004
@000054D3 FFE4
@000054D4 0019
@000054D5 FFF6
@000054D6 000F
@000054D7 FFF9
@000054D8 0015
@000054D9 0011
@000054DA FFF0
@000054DB FFE6
@000054DC FFE8
@000054DD 000D
@000054DE FFED
@000054DF FFE4
@000054E0 FFF4
@000054E1 FFE5
@000054E2 FFF9
@000054E3 0007
@000054E4 FFF6
@000054E5 FFF3
@000054E6 FFE0
@000054E7 FFE7
@000054E8 FFF6
@000054E9 FFF2
@000054EA FFF6
@000054EB 0010
@000054EC FFF6
@000054ED 000B
@000054EE FFFA
@000054EF FFFD
@000054F0 001D
@000054F1 FFF3
@000054F2 FFFE
@000054F3 0008
@000054F4 0002
@000054F5 0005
@000054F6 FFF3
@000054F7 0012
@000054F8 FFFF
@000054F9 FFFD
@000054FA 000A
@000054FB 000B
@000054FC 000D
@000054FD 0015
@000054FE FFFE
@000054FF 000B
@00005500 0007
@00005501 FFF6
@00005502 0000
@00005503 000A
@00005504 0015
@00005505 FFF3
@00005506 FFFD
@00005507 0025
@00005508 0016
@00005509 0012
@0000550A FFE3
@0000550B FFE4
@0000550C 0019
@0000550D 0012
@0000550E 0006
@0000550F FFE6
@00005510 0001
@00005511 FFF3
@00005512 0008
@00005513 0019
@00005514 FFE3
@00005515 0008
@00005516 0004
@00005517 FFEA
@00005518 0028
@00005519 FFEE
@0000551A 000B
@0000551B FFEB
@0000551C FFF5
@0000551D 001A
@0000551E FFF0
@0000551F FFEC
@00005520 000D
@00005521 FFEA
@00005522 FFFB
@00005523 FFF3
@00005524 000B
@00005525 000D
@00005526 FFEA
@00005527 0000
@00005528 0007
@00005529 0000
@0000552A FFF6
@0000552B FFFC
@0000552C 0011
@0000552D 0003
@0000552E FFE0
@0000552F FFE5
@00005530 0014
@00005531 0001
@00005532 001B
@00005533 FFEB
@00005534 FFF2
@00005535 FFDB
@00005536 0000
@00005537 FFFE
@00005538 0003
@00005539 FFEB
@0000553A FFFA
@0000553B FFF1
@0000553C 0024
@0000553D 000E
@0000553E 0001
@0000553F FFD6
@00005540 FFE6
@00005541 0005
@00005542 0000
@00005543 FFED
@00005544 0002
@00005545 000F
@00005546 001B
@00005547 0012
@00005548 FFFE
@00005549 FFF7
@0000554A FFF5
@0000554B FFE3
@0000554C FFE3
@0000554D 0017
@0000554E FFFE
@0000554F FFF7
@00005550 FFE7
@00005551 000A
@00005552 FFED
@00005553 000D
@00005554 FFF4
@00005555 FFF2
@00005556 FFDB
@00005557 FFE4
@00005558 FFE6
@00005559 FFFC
@0000555A FFD5
@0000555B 0018
@0000555C 0007
@0000555D FFCB
@0000555E FFEF
@0000555F 0004
@00005560 FFE6
@00005561 FFF8
@00005562 001E
@00005563 FFF2
@00005564 0009
@00005565 FFF9
@00005566 0003
@00005567 FFF5
@00005568 0005
@00005569 000B
@0000556A FFF1
@0000556B FFE7
@0000556C FFFD
@0000556D FFFC
@0000556E 0005
@0000556F 0000
@00005570 0003
@00005571 FFE4
@00005572 FFFA
@00005573 0013
@00005574 0000
@00005575 0003
@00005576 FFF3
@00005577 0000
@00005578 FFF7
@00005579 000F
@0000557A FFBA
@0000557B FFE0
@0000557C FFE2
@0000557D 0026
@0000557E FFED
@0000557F 0024
@00005580 FFED
@00005581 0011
@00005582 FFDF
@00005583 FFF2
@00005584 0009
@00005585 FFE4
@00005586 FFFA
@00005587 FFFA
@00005588 FFE9
@00005589 FFFB
@0000558A FFFA
@0000558B 0000
@0000558C 0002
@0000558D 0002
@0000558E FFE2
@0000558F FFF9
@00005590 FFDB
@00005591 FFED
@00005592 0010
@00005593 FFF4
@00005594 FFF8
@00005595 FFF4
@00005596 FFEC
@00005597 000D
@00005598 FFF0
@00005599 0017
@0000559A FFE7
@0000559B 0004
@0000559C FFF4
@0000559D FFDC
@0000559E FFFD
@0000559F FFF3
@000055A0 0000
@000055A1 FFFA
@000055A2 FFDD
@000055A3 FFFF
@000055A4 001B
@000055A5 0005
@000055A6 FFEF
@000055A7 0001
@000055A8 FFF0
@000055A9 0007
@000055AA FFEB
@000055AB 0008
@000055AC FFE7
@000055AD 000E
@000055AE FFEF
@000055AF 000A
@000055B0 FFFF
@000055B1 002B
@000055B2 0009
@000055B3 FFF0
@000055B4 001F
@000055B5 0007
@000055B6 0019
@000055B7 000B
@000055B8 FFFF
@000055B9 0002
@000055BA FFF6
@000055BB FFFB
@000055BC FFF9
@000055BD 0009
@000055BE FFEB
@000055BF FFF5
@000055C0 FFE2
@000055C1 000F
@000055C2 0027
@000055C3 FFFF
@000055C4 0008
@000055C5 0020
@000055C6 FFEE
@000055C7 FFF9
@000055C8 000E
@000055C9 001F
@000055CA 0013
@000055CB 0028
@000055CC FFDE
@000055CD FFC5
@000055CE FFF9
@000055CF 000E
@000055D0 FFE2
@000055D1 0004
@000055D2 0010
@000055D3 0003
@000055D4 FFF9
@000055D5 0007
@000055D6 FFCE
@000055D7 FFF8
@000055D8 FFFA
@000055D9 000D
@000055DA FFE6
@000055DB FFF6
@000055DC 001E
@000055DD FFFF
@000055DE 0013
@000055DF 0009
@000055E0 0011
@000055E1 FFF6
@000055E2 FFCE
@000055E3 FFFF
@000055E4 0016
@000055E5 0006
@000055E6 0018
@000055E7 FFF6
@000055E8 FFFB
@000055E9 FFEE
@000055EA 001C
@000055EB 0011
@000055EC 0010
@000055ED 0002
@000055EE FFE8
@000055EF 0000
@000055F0 001D
@000055F1 FFF6
@000055F2 FFF0
@000055F3 0003
@000055F4 0020
@000055F5 0005
@000055F6 FFFE
@000055F7 0014
@000055F8 0007
@000055F9 0003
@000055FA FFE4
@000055FB FFE8
@000055FC 000D
@000055FD 000D
@000055FE 0017
@000055FF 0004
@00005600 001C
@00005601 FFDF
@00005602 000E
@00005603 FFE3
@00005604 FFEF
@00005605 0006
@00005606 0004
@00005607 FFF6
@00005608 002A
@00005609 FFF9
@0000560A FFF7
@0000560B FFE6
@0000560C FFF3
@0000560D 0006
@0000560E FFF4
@0000560F FFE9
@00005610 FFFD
@00005611 FFF5
@00005612 0015
@00005613 000D
@00005614 FFF7
@00005615 FFC2
@00005616 FFF5
@00005617 001B
@00005618 FFEE
@00005619 FFFF
@0000561A FFCE
@0000561B FFF4
@0000561C 0002
@0000561D FFE1
@0000561E FFFC
@0000561F 0003
@00005620 001D
@00005621 FFEA
@00005622 000B
@00005623 FFF7
@00005624 0003
@00005625 000F
@00005626 0013
@00005627 FFEE
@00005628 000F
@00005629 0009
@0000562A 000A
@0000562B FFF0
@0000562C 0003
@0000562D 0011
@0000562E FFFB
@0000562F 001F
@00005630 0019
@00005631 FFE9
@00005632 FFC9
@00005633 FFFB
@00005634 0037
@00005635 0003
@00005636 FFF2
@00005637 FFEA
@00005638 FFE7
@00005639 FFD8
@0000563A FFD8
@0000563B 0006
@0000563C FFE7
@0000563D 0005
@0000563E FFEF
@0000563F 0026
@00005640 0011
@00005641 000F
@00005642 FFF5
@00005643 FFF1
@00005644 FFFA
@00005645 0012
@00005646 0010
@00005647 0012
@00005648 0007
@00005649 0016
@0000564A 0012
@0000564B FFF2
@0000564C 0012
@0000564D 0015
@0000564E FFFB
@0000564F 0000
@00005650 002D
@00005651 000A
@00005652 0039
@00005653 0000
@00005654 000B
@00005655 0002
@00005656 000C
@00005657 FFF5
@00005658 0030
@00005659 0020
@0000565A 0003
@0000565B FFFC
@0000565C 0019
@0000565D FFF6
@0000565E 0003
@0000565F 0004
@00005660 0014
@00005661 FFF9
@00005662 FFF5
@00005663 0006
@00005664 FFFD
@00005665 0019
@00005666 0016
@00005667 FFFB
@00005668 FFF4
@00005669 0001
@0000566A FFF7
@0000566B 0018
@0000566C FFF4
@0000566D FFF2
@0000566E 0018
@0000566F 0007
@00005670 0007
@00005671 FFE6
@00005672 FFFD
@00005673 0007
@00005674 FFF9
@00005675 001D
@00005676 000E
@00005677 FFF1
@00005678 FFF0
@00005679 FFE7
@0000567A 0003
@0000567B 000C
@0000567C FFF3
@0000567D FFEA
@0000567E 0016
@0000567F FFE7
@00005680 FFF3
@00005681 0007
@00005682 FFEF
@00005683 0011
@00005684 FFED
@00005685 FFF1
@00005686 FFF7
@00005687 FFD9
@00005688 FFE5
@00005689 000F
@0000568A FFE5
@0000568B 0017
@0000568C FFF1
@0000568D 0015
@0000568E 001A
@0000568F 000F
@00005690 001F
@00005691 FFF7
@00005692 FFF7
@00005693 FFF7
@00005694 FFEF
@00005695 0007
@00005696 FFFB
@00005697 FFFE
@00005698 000A
@00005699 FFF2
@0000569A 001F
@0000569B 0015
@0000569C 001C
@0000569D FFF9
@0000569E 000D
@0000569F FFFB
@000056A0 FFF4
@000056A1 FFF6
@000056A2 FFFA
@000056A3 FFF6
@000056A4 0010
@000056A5 FFE7
@000056A6 000D
@000056A7 FFFC
@000056A8 0011
@000056A9 FFFC
@000056AA 0007
@000056AB 000D
@000056AC FFF5
@000056AD FFE9
@000056AE FFF0
@000056AF FFF9
@000056B0 0012
@000056B1 001F
@000056B2 FFE3
@000056B3 FFF5
@000056B4 001E
@000056B5 0018
@000056B6 0004
@000056B7 0000
@000056B8 0028
@000056B9 001F
@000056BA FFF3
@000056BB 0019
@000056BC 0008
@000056BD 000D
@000056BE 0007
@000056BF 0007
@000056C0 FFD8
@000056C1 FFC2
@000056C2 000F
@000056C3 0005
@000056C4 0015
@000056C5 000C
@000056C6 0028
@000056C7 0022
@000056C8 0008
@000056C9 FFF0
@000056CA FFFC
@000056CB FFE0
@000056CC FFFA
@000056CD FFE8
@000056CE 0014
@000056CF FFF5
@000056D0 0003
@000056D1 001E
@000056D2 0025
@000056D3 FFF7
@000056D4 FFC7
@000056D5 FFEE
@000056D6 FFDF
@000056D7 FFEA
@000056D8 0029
@000056D9 FFDD
@000056DA 000A
@000056DB FFFB
@000056DC FFF2
@000056DD FFF8
@000056DE FFFD
@000056DF 003C
@000056E0 FFFF
@000056E1 001D
@000056E2 FFE8
@000056E3 FFCC
@000056E4 0009
@000056E5 FFDE
@000056E6 FFE7
@000056E7 FFF3
@000056E8 0021
@000056E9 FFF6
@000056EA FFD6
@000056EB 002C
@000056EC 0008
@000056ED 0001
@000056EE 0009
@000056EF 0000
@000056F0 005D
@000056F1 001E
@000056F2 0007
@000056F3 FFFC
@000056F4 FFDC
@000056F5 001A
@000056F6 FFFC
@000056F7 FFEE
@000056F8 FFF0
@000056F9 FFD7
@000056FA 0041
@000056FB 0056
@000056FC FFDE
@000056FD 0020
@000056FE FFE9
@000056FF FFF7
@00005700 FFFD
@00005701 0006
@00005702 0006
@00005703 FFEF
@00005704 000C
@00005705 FFFC
@00005706 FFFE
@00005707 FFFC
@00005708 FFC9
@00005709 FFB0
@0000570A FFF1
@0000570B 0017
@0000570C 0014
@0000570D FFEB
@0000570E FFD6
@0000570F 0020
@00005710 FFFA
@00005711 0003
@00005712 0012
@00005713 0004
@00005714 000D
@00005715 FFE0
@00005716 0011
@00005717 0001
@00005718 0013
@00005719 FFDF
@0000571A FFD4
@0000571B 0000
@0000571C 000F
@0000571D FFF0
@0000571E 000E
@0000571F 0008
@00005720 0030
@00005721 000F
@00005722 FFF4
@00005723 000D
@00005724 000D
@00005725 0011
@00005726 0004
@00005727 0005
@00005728 0006
@00005729 FFF7
@0000572A 0002
@0000572B FFF5
@0000572C 0016
@0000572D FFF5
@0000572E FFF8
@0000572F 000D
@00005730 001A
@00005731 0013
@00005732 FFEA
@00005733 FFF7
@00005734 FFDB
@00005735 FFEA
@00005736 0003
@00005737 FFF1
@00005738 FFEE
@00005739 FFF4
@0000573A 0006
@0000573B 0016
@0000573C 0003
@0000573D FFFE
@0000573E FFFA
@0000573F 001C
@00005740 FFFF
@00005741 FFD8
@00005742 FFEA
@00005743 FFEE
@00005744 FFE4
@00005745 FFED
@00005746 FFEF
@00005747 FFF2
@00005748 0000
@00005749 FFE5
@0000574A 0013
@0000574B 000E
@0000574C FFF4
@0000574D 0006
@0000574E 0011
@0000574F FFEA
@00005750 0019
@00005751 FFEE
@00005752 FFE6
@00005753 FFDF
@00005754 FFEE
@00005755 0006
@00005756 FFF9
@00005757 0016
@00005758 0016
@00005759 FFF3
@0000575A FFFE
@0000575B FFE0
@0000575C 0001
@0000575D 000B
@0000575E 0002
@0000575F FFF3
@00005760 001B
@00005761 FFEF
@00005762 0013
@00005763 0008
@00005764 FFF9
@00005765 FFF1
@00005766 0025
@00005767 0013
@00005768 FFFC
@00005769 000F
@0000576A 001A
@0000576B 0004
@0000576C FFF7
@0000576D FFF2
@0000576E FFEE
@0000576F FFFB
@00005770 FFFC
@00005771 0008
@00005772 0012
@00005773 0017
@00005774 FFFF
@00005775 001F
@00005776 0002
@00005777 FFF3
@00005778 001B
@00005779 FFEC
@0000577A 0018
@0000577B FFE4
@0000577C FFFB
@0000577D FFFF
@0000577E FFFD
@0000577F 0000
@00005780 FFE7
@00005781 001A
@00005782 FFED
@00005783 FFF1
@00005784 FFF5
@00005785 FFFD
@00005786 0016
@00005787 FFF1
@00005788 FFEF
@00005789 0016
@0000578A 001A
@0000578B FFF6
@0000578C FFFE
@0000578D 0019
@0000578E 0006
@0000578F 000B
@00005790 FFEF
@00005791 0004
@00005792 0013
@00005793 0007
@00005794 0008
@00005795 FFF3
@00005796 FFEF
@00005797 000D
@00005798 001D
@00005799 0011
@0000579A FFEA
@0000579B 001B
@0000579C 002D
@0000579D 0018
@0000579E 0012
@0000579F FFF5
@000057A0 000A
@000057A1 FFFF
@000057A2 0008
@000057A3 FFE6
@000057A4 0000
@000057A5 FFFE
@000057A6 0001
@000057A7 FFEF
@000057A8 0011
@000057A9 FFE1
@000057AA FFF9
@000057AB 0013
@000057AC FFE4
@000057AD FFFD
@000057AE 001B
@000057AF 0000
@000057B0 000B
@000057B1 FFE9
@000057B2 FFF6
@000057B3 FFE9
@000057B4 FFF9
@000057B5 FFCC
@000057B6 0011
@000057B7 0019
@000057B8 000E
@000057B9 FFF7
@000057BA 0019
@000057BB FFE6
@000057BC FFF2
@000057BD 0015
@000057BE 0024
@000057BF 0020
@000057C0 0021
@000057C1 0029
@000057C2 FFEF
@000057C3 000B
@000057C4 FFDE
@000057C5 FFE8
@000057C6 000F
@000057C7 FFF9
@000057C8 001E
@000057C9 0008
@000057CA FFFC
@000057CB 0002
@000057CC 000D
@000057CD 0020
@000057CE FFF0
@000057CF 0001
@000057D0 FFFE
@000057D1 FFF1
@000057D2 000F
@000057D3 FFF2
@000057D4 FFDE
@000057D5 FFFC
@000057D6 FFE4
@000057D7 001E
@000057D8 000D
@000057D9 000F
@000057DA 000F
@000057DB 000F
@000057DC FFE1
@000057DD FFF4
@000057DE 001C
@000057DF FFFE
@000057E0 FFDC
@000057E1 0002
@000057E2 FFEA
@000057E3 0000
@000057E4 0000
@000057E5 0001
@000057E6 FFE5
@000057E7 0001
@000057E8 0034
@000057E9 0022
@000057EA FFE8
@000057EB 0005
@000057EC 0016
@000057ED 0017
@000057EE FFF5
@000057EF FFE3
@000057F0 0024
@000057F1 FFE7
@000057F2 FFF8
@000057F3 0009
@000057F4 0006
@000057F5 FFFD
@000057F6 0014
@000057F7 0012
@000057F8 FFF3
@000057F9 FFFA
@000057FA FFFC
@000057FB 000E
@000057FC 0010
@000057FD FFFE
@000057FE 0008
@000057FF 0001
@00005800 0012
@00005801 FFFA
@00005802 0021
@00005803 001E
@00005804 FFEE
@00005805 FFEF
@00005806 0010
@00005807 0003
@00005808 0010
@00005809 0005
@0000580A 000B
@0000580B 0017
@0000580C 0006
@0000580D FFF7
@0000580E 001C
@0000580F 0013
@00005810 FFF4
@00005811 0009
@00005812 0012
@00005813 0014
@00005814 FFFB
@00005815 000B
@00005816 0020
@00005817 FFEE
@00005818 0017
@00005819 0000
@0000581A FFF7
@0000581B 000C
@0000581C FFFE
@0000581D FFF4
@0000581E 000F
@0000581F 0003
@00005820 FFF4
@00005821 0008
@00005822 0005
@00005823 FFEF
@00005824 FFEA
@00005825 0004
@00005826 FFF3
@00005827 FFE5
@00005828 FFF4
@00005829 0010
@0000582A 0006
@0000582B 0005
@0000582C 000D
@0000582D 001B
@0000582E 0017
@0000582F FFED
@00005830 0017
@00005831 FFF1
@00005832 FFF3
@00005833 000C
@00005834 0017
@00005835 FFCA
@00005836 FFF4
@00005837 FFF2
@00005838 0019
@00005839 0003
@0000583A 0023
@0000583B 0005
@0000583C 0005
@0000583D FFFB
@0000583E 0014
@0000583F FFF1
@00005840 FFF2
@00005841 000C
@00005842 000C
@00005843 FFFF
@00005844 FFE6
@00005845 FFF6
@00005846 0035
@00005847 0000
@00005848 0014
@00005849 FFEF
@0000584A 0010
@0000584B FFFA
@0000584C 0005
@0000584D 002A
@0000584E 0006
@0000584F 0008
@00005850 0027
@00005851 0003
@00005852 FFF6
@00005853 FFF6
@00005854 0008
@00005855 FFF8
@00005856 0013
@00005857 FFF2
@00005858 FFF4
@00005859 FFEF
@0000585A FFEE
@0000585B 001C
@0000585C 000D
@0000585D FFE3
@0000585E 0008
@0000585F 0005
@00005860 0009
@00005861 FFF4
@00005862 001C
@00005863 FFEE
@00005864 0011
@00005865 FFD1
@00005866 FFE4
@00005867 FFF6
@00005868 FFE9
@00005869 001D
@0000586A 0003
@0000586B FFFC
@0000586C FFF1
@0000586D FFD5
@0000586E FFFC
@0000586F FFCF
@00005870 000A
@00005871 FFF0
@00005872 0019
@00005873 FFE1
@00005874 FFE3
@00005875 0010
@00005876 000F
@00005877 0018
@00005878 FFEA
@00005879 FFF4
@0000587A 0027
@0000587B FFFA
@0000587C 0007
@0000587D 0030
@0000587E 0015
@0000587F FFF0
@00005880 FFF3
@00005881 0014
@00005882 0026
@00005883 0002
@00005884 0021
@00005885 FFFD
@00005886 FFF3
@00005887 FFFB
@00005888 000F
@00005889 FFD7
@0000588A 0012
@0000588B 0008
@0000588C 001F
@0000588D FFF2
@0000588E 001B
@0000588F 0000
@00005890 000D
@00005891 FFED
@00005892 0004
@00005893 0013
@00005894 0000
@00005895 FFFA
@00005896 FFF2
@00005897 000A
@00005898 FFF8
@00005899 0009
@0000589A FFFF
@0000589B 001A
@0000589C 001A
@0000589D 0002
@0000589E 000C
@0000589F FFDE
@000058A0 0009
@000058A1 0014
@000058A2 FFE9
@000058A3 FFF3
@000058A4 000A
@000058A5 0014
@000058A6 FFFC
@000058A7 0007
@000058A8 000F
@000058A9 0023
@000058AA FFE1
@000058AB 0000
@000058AC FFF7
@000058AD FFF0
@000058AE 000D
@000058AF 0016
@000058B0 FFF1
@000058B1 FFED
@000058B2 0002
@000058B3 000D
@000058B4 FFEB
@000058B5 FFE7
@000058B6 FFF3
@000058B7 0019
@000058B8 FFE5
@000058B9 FFF1
@000058BA FFEC
@000058BB 0002
@000058BC FFF6
@000058BD FFF6
@000058BE FFE8
@000058BF FFD9
@000058C0 FFF1
@000058C1 FFEC
@000058C2 000C
@000058C3 0004
@000058C4 FFFB
@000058C5 0004
@000058C6 FFEF
@000058C7 0012
@000058C8 FFEF
@000058C9 FFFD
@000058CA 0005
@000058CB FFDC
@000058CC FFFE
@000058CD FFF4
@000058CE FFE2
@000058CF 0014
@000058D0 001B
@000058D1 0003
@000058D2 FFE7
@000058D3 FFFB
@000058D4 FFEE
@000058D5 FFEE
@000058D6 FFE0
@000058D7 000A
@000058D8 FFF2
@000058D9 FFEA
@000058DA FFE9
@000058DB 000B
@000058DC 0006
@000058DD FFE9
@000058DE FFDC
@000058DF 000D
@000058E0 0022
@000058E1 0000
@000058E2 FFF9
@000058E3 FFF1
@000058E4 000E
@000058E5 0009
@000058E6 FFEC
@000058E7 0011
@000058E8 0002
@000058E9 FFDC
@000058EA 0011
@000058EB 000F
@000058EC FFF2
@000058ED 001D
@000058EE FFFB
@000058EF FFFF
@000058F0 FFE0
@000058F1 0017
@000058F2 FFEA
@000058F3 FFE9
@000058F4 000C
@000058F5 FFDB
@000058F6 FFFC
@000058F7 FFE4
@000058F8 0012
@000058F9 FFF7
@000058FA FFFD
@000058FB FFED
@000058FC FFF6
@000058FD FFFE
@000058FE 001E
@000058FF FFE9
@00005900 FFF4
@00005901 000D
@00005902 FFFA
@00005903 FFF9
@00005904 FFE0
@00005905 FFEB
@00005906 0003
@00005907 FFFC
@00005908 FFE8
@00005909 FFF2
@0000590A 0017
@0000590B 0015
@0000590C 0000
@0000590D FFE3
@0000590E FFF1
@0000590F 0000
@00005910 0015
@00005911 FFF5
@00005912 FFFE
@00005913 0002
@00005914 FFFE
@00005915 0022
@00005916 FFBC
@00005917 0007
@00005918 FFFE
@00005919 000B
@0000591A FFFC
@0000591B FFF5
@0000591C 0018
@0000591D FFF0
@0000591E FFFC
@0000591F FFE9
@00005920 FFF5
@00005921 0004
@00005922 FFFB
@00005923 FFE8
@00005924 0015
@00005925 FFF5
@00005926 FFE2
@00005927 FFF1
@00005928 FFF1
@00005929 000D
@0000592A FFE6
@0000592B FFF3
@0000592C FFF7
@0000592D FFFF
@0000592E FFF6
@0000592F 000C
@00005930 FFF7
@00005931 0010
@00005932 000D
@00005933 0016
@00005934 FFEC
@00005935 0002
@00005936 FFED
@00005937 0040
@00005938 FFEC
@00005939 FFFE
@0000593A FFFE
@0000593B FFD1
@0000593C 0021
@0000593D FFE6
@0000593E FFEC
@0000593F 0013
@00005940 0004
@00005941 FFF7
@00005942 FFEC
@00005943 FFED
@00005944 FFF0
@00005945 FFE6
@00005946 000B
@00005947 FFEE
@00005948 000C
@00005949 0014
@0000594A FFF9
@0000594B 0004
@0000594C FFEE
@0000594D 0019
@0000594E FFF1
@0000594F 0003
@00005950 0016
@00005951 FFEF
@00005952 0005
@00005953 002C
@00005954 0013
@00005955 FFF2
@00005956 FFFB
@00005957 FFF7
@00005958 0002
@00005959 0004
@0000595A 0002
@0000595B 0014
@0000595C 001C
@0000595D FFF6
@0000595E 0014
@0000595F 000D
@00005960 FFE4
@00005961 0008
@00005962 FFD8
@00005963 FFED
@00005964 0021
@00005965 FFEB
@00005966 0028
@00005967 0010
@00005968 0003
@00005969 0029
@0000596A 000A
@0000596B FFE6
@0000596C 0012
@0000596D FFE9
@0000596E FFEC
@0000596F FFE9
@00005970 0021
@00005971 0017
@00005972 0033
@00005973 0000
@00005974 0002
@00005975 0004
@00005976 FFF5
@00005977 0003
@00005978 0028
@00005979 0035
@0000597A 0005
@0000597B 0012
@0000597C 002E
@0000597D FFFA
@0000597E FFE7
@0000597F FFF3
@00005980 0026
@00005981 FFE1
@00005982 000B
@00005983 FFE5
@00005984 FFF2
@00005985 0012
@00005986 0017
@00005987 FFE9
@00005988 000B
@00005989 FFF2
@0000598A FFEC
@0000598B 0012
@0000598C FFE6
@0000598D 0008
@0000598E 000D
@0000598F FFDD
@00005990 FFFB
@00005991 FFFE
@00005992 FFF8
@00005993 0005
@00005994 0008
@00005995 FFEF
@00005996 0011
@00005997 000E
@00005998 0004
@00005999 FFF0
@0000599A FFF1
@0000599B FFF4
@0000599C 0002
@0000599D FFED
@0000599E 0003
@0000599F 000B
@000059A0 0003
@000059A1 0019
@000059A2 FFEF
@000059A3 0013
@000059A4 FFF3
@000059A5 FFFA
@000059A6 FFEB
@000059A7 FFE5
@000059A8 FFF2
@000059A9 FFE0
@000059AA FFFB
@000059AB FFEC
@000059AC 000F
@000059AD FFF7
@000059AE 0006
@000059AF FFEC
@000059B0 FFF3
@000059B1 FFF8
@000059B2 000A
@000059B3 0015
@000059B4 0018
@000059B5 0004
@000059B6 FFFF
@000059B7 0002
@000059B8 000A
@000059B9 FFF1
@000059BA 000C
@000059BB FFF0
@000059BC 001A
@000059BD 0008
@000059BE 0010
@000059BF 0007
@000059C0 0005
@000059C1 FFE8
@000059C2 0016
@000059C3 FFFD
@000059C4 000B
@000059C5 0002
@000059C6 0011
@000059C7 FFE9
@000059C8 FFFA
@000059C9 000D
@000059CA 0011
@000059CB FFFF
@000059CC 0018
@000059CD FFFB
@000059CE FFE8
@000059CF FFFA
@000059D0 FFF3
@000059D1 0004
@000059D2 FFEE
@000059D3 FFFD
@000059D4 FFF1
@000059D5 FFF3
@000059D6 0003
@000059D7 0000
@000059D8 FFFE
@000059D9 FFF9
@000059DA 0021
@000059DB FFFC
@000059DC 0021
@000059DD 000D
@000059DE FFF0
@000059DF 0011
@000059E0 0012
@000059E1 FFFC
@000059E2 FFE7
@000059E3 0013
@000059E4 001A
@000059E5 FFDA
@000059E6 0017
@000059E7 0007
@000059E8 004A
@000059E9 0009
@000059EA FFF7
@000059EB 0008
@000059EC FFF9
@000059ED 000B
@000059EE FFFA
@000059EF FFFB
@000059F0 FFE9
@000059F1 FFE3
@000059F2 0017
@000059F3 FFF3
@000059F4 FFE4
@000059F5 FFEB
@000059F6 FFEB
@000059F7 0009
@000059F8 0001
@000059F9 FFED
@000059FA 0020
@000059FB 0004
@000059FC 0003
@000059FD FFE6
@000059FE 0012
@000059FF FFFF
@00005A00 0001
@00005A01 000D
@00005A02 0012
@00005A03 0008
@00005A04 001E
@00005A05 FFF7
@00005A06 FFE8
@00005A07 FFF1
@00005A08 000D
@00005A09 0011
@00005A0A 0007
@00005A0B 000F
@00005A0C FFFC
@00005A0D 000D
@00005A0E FFF8
@00005A0F FFFC
@00005A10 000D
@00005A11 0009
@00005A12 FFF2
@00005A13 FFFF
@00005A14 FFFC
@00005A15 0011
@00005A16 FFE6
@00005A17 FFF0
@00005A18 FFF3
@00005A19 FFF4
@00005A1A 0016
@00005A1B 001C
@00005A1C 0024
@00005A1D FFEC
@00005A1E 0007
@00005A1F 0011
@00005A20 FFEA
@00005A21 FFEE
@00005A22 002D
@00005A23 000F
@00005A24 FFEE
@00005A25 0002
@00005A26 FFEF
@00005A27 FFFF
@00005A28 FFF5
@00005A29 000E
@00005A2A 0009
@00005A2B 0000
@00005A2C FFF7
@00005A2D 0006
@00005A2E 0010
@00005A2F FFE8
@00005A30 FFE6
@00005A31 000C
@00005A32 FFDE
@00005A33 FFFA
@00005A34 0011
@00005A35 FFEC
@00005A36 0005
@00005A37 FFEC
@00005A38 0036
@00005A39 FFFD
@00005A3A 002B
@00005A3B 0000
@00005A3C FFFA
@00005A3D 0017
@00005A3E FFFC
@00005A3F FFEB
@00005A40 0008
@00005A41 0002
@00005A42 0016
@00005A43 FFED
@00005A44 0019
@00005A45 001D
@00005A46 001A
@00005A47 FFF5
@00005A48 0026
@00005A49 000F
@00005A4A 0011
@00005A4B FFE6
@00005A4C FFF9
@00005A4D 000D
@00005A4E FFF7
@00005A4F FFF5
@00005A50 FFE0
@00005A51 0001
@00005A52 FFF8
@00005A53 FFF5
@00005A54 FFFE
@00005A55 FFEF
@00005A56 000B
@00005A57 0002
@00005A58 0003
@00005A59 000C
@00005A5A 0014
@00005A5B FFF0
@00005A5C 001A
@00005A5D FFF0
@00005A5E FFEC
@00005A5F FFF4
@00005A60 0002
@00005A61 FFE5
@00005A62 FFEB
@00005A63 FFE5
@00005A64 FFEB
@00005A65 FFFB
@00005A66 FFF2
@00005A67 FFFE
@00005A68 FFF2
@00005A69 FFFA
@00005A6A FFE7
@00005A6B FFFB
@00005A6C 0000
@00005A6D 0005
@00005A6E 0004
@00005A6F FFEE
@00005A70 FFFE
@00005A71 FFE0
@00005A72 FFF3
@00005A73 FFFF
@00005A74 0012
@00005A75 FFDA
@00005A76 0030
@00005A77 FFF9
@00005A78 0016
@00005A79 FFE5
@00005A7A 0030
@00005A7B 0017
@00005A7C FFFF
@00005A7D 0000
@00005A7E 0043
@00005A7F FFD6
@00005A80 0007
@00005A81 0001
@00005A82 0000
@00005A83 0014
@00005A84 001D
@00005A85 FFEB
@00005A86 0007
@00005A87 FFF6
@00005A88 001A
@00005A89 0024
@00005A8A 0003
@00005A8B FFEE
@00005A8C FFF3
@00005A8D FFFA
@00005A8E FFE8
@00005A8F FFE8
@00005A90 FFE0
@00005A91 FFFA
@00005A92 FFD6
@00005A93 000B
@00005A94 0016
@00005A95 FFF2
@00005A96 FFF4
@00005A97 FFF6
@00005A98 0006
@00005A99 FFE4
@00005A9A FFEF
@00005A9B FFF2
@00005A9C FFE9
@00005A9D FFF8
@00005A9E FFFE
@00005A9F 0000
@00005AA0 FFFD
@00005AA1 000C
@00005AA2 FFFD
@00005AA3 FFF5
@00005AA4 0015
@00005AA5 0000
@00005AA6 FFE1
@00005AA7 0011
@00005AA8 0012
@00005AA9 0000
@00005AAA 0017
@00005AAB FFEB
@00005AAC 000D
@00005AAD FFE9
@00005AAE 000D
@00005AAF FFFE
@00005AB0 000F
@00005AB1 0003
@00005AB2 FFF4
@00005AB3 000E
@00005AB4 FFFE
@00005AB5 FFEE
@00005AB6 FFF1
@00005AB7 FFF4
@00005AB8 FFEA
@00005AB9 FFFB
@00005ABA FFFE
@00005ABB 0006
@00005ABC FFF8
@00005ABD FFEB
@00005ABE 000F
@00005ABF 0007
@00005AC0 000B
@00005AC1 000B
@00005AC2 0015
@00005AC3 FFEF
@00005AC4 0003
@00005AC5 FFEF
@00005AC6 0004
@00005AC7 0039
@00005AC8 0003
@00005AC9 FFFF
@00005ACA FFE7
@00005ACB 0007
@00005ACC 0017
@00005ACD FFE2
@00005ACE FFFE
@00005ACF FFF2
@00005AD0 FFF9
@00005AD1 FFC2
@00005AD2 0007
@00005AD3 FFF8
@00005AD4 FFEC
@00005AD5 0015
@00005AD6 FFE3
@00005AD7 FFEF
@00005AD8 FFFB
@00005AD9 0013
@00005ADA 0015
@00005ADB 000A
@00005ADC 0009
@00005ADD 0013
@00005ADE 0004
@00005ADF FFF4
@00005AE0 FFEF
@00005AE1 001A
@00005AE2 FFF3
@00005AE3 0005
@00005AE4 0019
@00005AE5 FFFD
@00005AE6 FFEA
@00005AE7 FFEF
@00005AE8 FFF9
@00005AE9 0007
@00005AEA 0015
@00005AEB FFEC
@00005AEC FFF7
@00005AED FFEA
@00005AEE 0003
@00005AEF 0006
@00005AF0 FFD9
@00005AF1 FFF3
@00005AF2 0029
@00005AF3 000D
@00005AF4 0011
@00005AF5 FFE7
@00005AF6 000F
@00005AF7 0003
@00005AF8 FFE5
@00005AF9 FFFC
@00005AFA FFE2
@00005AFB FFE9
@00005AFC 000E
@00005AFD 0002
@00005AFE 0005
@00005AFF FFFF
@00005B00 0021
@00005B01 FFF0
@00005B02 000A
@00005B03 0000
@00005B04 FFFD
@00005B05 000D
@00005B06 0004
@00005B07 0021
@00005B08 0014
@00005B09 0007
@00005B0A 0001
@00005B0B 000C
@00005B0C FFF5
@00005B0D FFF7
@00005B0E FFE5
@00005B0F 0009
@00005B10 FFFF
@00005B11 FFEA
@00005B12 FFF6
@00005B13 000D
@00005B14 0025
@00005B15 0003
@00005B16 0011
@00005B17 0019
@00005B18 FFED
@00005B19 000C
@00005B1A 0017
@00005B1B 0022
@00005B1C FFEC
@00005B1D FFE3
@00005B1E FFFA
@00005B1F 0011
@00005B20 0021
@00005B21 0015
@00005B22 0011
@00005B23 0001
@00005B24 000A
@00005B25 FFF9
@00005B26 FFF8
@00005B27 FFF6
@00005B28 FFEB
@00005B29 FFE1
@00005B2A FFF7
@00005B2B 000C
@00005B2C 0011
@00005B2D FFF1
@00005B2E 001D
@00005B2F FFFA
@00005B30 FFF8
@00005B31 0010
@00005B32 0016
@00005B33 FFF5
@00005B34 FFF3
@00005B35 FFF7
@00005B36 0012
@00005B37 FFD4
@00005B38 FFF0
@00005B39 FFF5
@00005B3A 0013
@00005B3B FFF7
@00005B3C 0002
@00005B3D FFE9
@00005B3E 0011
@00005B3F FFF3
@00005B40 FFFD
@00005B41 000A
@00005B42 0005
@00005B43 000C
@00005B44 000D
@00005B45 0002
@00005B46 FFEA
@00005B47 FFF8
@00005B48 0003
@00005B49 FFED
@00005B4A FFFA
@00005B4B 0020
@00005B4C 0009
@00005B4D FFFD
@00005B4E 000C
@00005B4F 001C
@00005B50 FFEF
@00005B51 FFE7
@00005B52 FFE4
@00005B53 0007
@00005B54 FFF7
@00005B55 FFF1
@00005B56 0001
@00005B57 000A
@00005B58 000E
@00005B59 FFE8
@00005B5A FFF4
@00005B5B FFFB
@00005B5C FFF9
@00005B5D FFEC
@00005B5E FFF9
@00005B5F FFF1
@00005B60 FFE0
@00005B61 FFFE
@00005B62 FFDB
@00005B63 0000
@00005B64 0003
@00005B65 0015
@00005B66 0019
@00005B67 0000
@00005B68 0000
@00005B69 FFF9
@00005B6A FFFB
@00005B6B FFF6
@00005B6C FFCF
@00005B6D FFEE
@00005B6E 0015
@00005B6F 0020
@00005B70 FFDA
@00005B71 FFDE
@00005B72 001A
@00005B73 0019
@00005B74 FFDF
@00005B75 0015
@00005B76 FFFC
@00005B77 0001
@00005B78 0010
@00005B79 0015
@00005B7A FFFC
@00005B7B FFF2
@00005B7C 0020
@00005B7D 0005
@00005B7E FFFA
@00005B7F FFF7
@00005B80 FFE6
@00005B81 0025
@00005B82 0009
@00005B83 000E
@00005B84 FFEC
@00005B85 FFFD
@00005B86 FFFB
@00005B87 FFC8
@00005B88 0015
@00005B89 FFFC
@00005B8A 0011
@00005B8B FFEA
@00005B8C 0017
@00005B8D 001E
@00005B8E FFDA
@00005B8F 0009
@00005B90 FFE2
@00005B91 000D
@00005B92 FFDB
@00005B93 0009
@00005B94 000E
@00005B95 FFE1
@00005B96 000A
@00005B97 FFFB
@00005B98 FFEA
@00005B99 0011
@00005B9A FFD8
@00005B9B 002D
@00005B9C 001A
@00005B9D 002A
@00005B9E FFF6
@00005B9F FFFD
@00005BA0 001C
@00005BA1 000B
@00005BA2 FFEF
@00005BA3 0002
@00005BA4 FFE6
@00005BA5 FFF0
@00005BA6 001E
@00005BA7 FFDC
@00005BA8 FFE2
@00005BA9 0004
@00005BAA 0000
@00005BAB FFFF
@00005BAC FFF7
@00005BAD 001B
@00005BAE FFF5
@00005BAF 0011
@00005BB0 0014
@00005BB1 FFF2
@00005BB2 FFFF
@00005BB3 FFED
@00005BB4 0002
@00005BB5 FFF0
@00005BB6 0024
@00005BB7 FFF2
@00005BB8 FFE6
@00005BB9 000A
@00005BBA FFEF
@00005BBB 000E
@00005BBC 001C
@00005BBD 0011
@00005BBE FFE2
@00005BBF 0009
@00005BC0 FFD9
@00005BC1 FFF1
@00005BC2 FFFB
@00005BC3 000E
@00005BC4 0013
@00005BC5 FFD2
@00005BC6 0032
@00005BC7 FFE3
@00005BC8 0008
@00005BC9 FFD5
@00005BCA FFC5
@00005BCB 0000
@00005BCC FFE4
@00005BCD FFFB
@00005BCE 0009
@00005BCF 0005
@00005BD0 0000
@00005BD1 FFF1
@00005BD2 001B
@00005BD3 0005
@00005BD4 FFEE
@00005BD5 0020
@00005BD6 FFF3
@00005BD7 0028
@00005BD8 FFE9
@00005BD9 002C
@00005BDA FFDF
@00005BDB FFF8
@00005BDC FFF8
@00005BDD FFFB
@00005BDE FFF0
@00005BDF 0014
@00005BE0 0017
@00005BE1 FFF4
@00005BE2 0027
@00005BE3 0008
@00005BE4 0006
@00005BE5 FFFE
@00005BE6 FFF8
@00005BE7 0030
@00005BE8 0022
@00005BE9 0020
@00005BEA 001C
@00005BEB 0002
@00005BEC FFEE
@00005BED FFF5
@00005BEE FFFC
@00005BEF FFFD
@00005BF0 0004
@00005BF1 000B
@00005BF2 FFF6
@00005BF3 0022
@00005BF4 FFF6
@00005BF5 FFF8
@00005BF6 0021
@00005BF7 0021
@00005BF8 0001
@00005BF9 000E
@00005BFA 001E
@00005BFB 000A
@00005BFC 0018
@00005BFD FFF5
@00005BFE 000B
@00005BFF 0008
@00005C00 FFE0
@00005C01 FFCD
@00005C02 FFFE
@00005C03 0018
@00005C04 FFCC
@00005C05 000A
@00005C06 FFEC
@00005C07 0007
@00005C08 0012
@00005C09 FFFF
@00005C0A FFF9
@00005C0B 0012
@00005C0C FFC7
@00005C0D 000B
@00005C0E FFFF
@00005C0F FFDA
@00005C10 FFDD
@00005C11 FFEB
@00005C12 0001
@00005C13 000B
@00005C14 FFF2
@00005C15 0022
@00005C16 0001
@00005C17 0009
@00005C18 FFF2
@00005C19 000E
@00005C1A FFE0
@00005C1B FFE7
@00005C1C 0012
@00005C1D FFCA
@00005C1E FFF6
@00005C1F 0013
@00005C20 0003
@00005C21 FFFC
@00005C22 0020
@00005C23 0007
@00005C24 FFF7
@00005C25 FFDC
@00005C26 FFFC
@00005C27 FFF3
@00005C28 FFF9
@00005C29 001B
@00005C2A 0007
@00005C2B 0027
@00005C2C FFF2
@00005C2D FFF0
@00005C2E FFE7
@00005C2F 0000
@00005C30 FFC5
@00005C31 FFEE
@00005C32 FFEF
@00005C33 001A
@00005C34 000D
@00005C35 FFF0
@00005C36 FFF9
@00005C37 0012
@00005C38 FFC5
@00005C39 FFE8
@00005C3A 000E
@00005C3B 000E
@00005C3C 0026
@00005C3D 0011
@00005C3E FFE5
@00005C3F 0032
@00005C40 FFF9
@00005C41 003A
@00005C42 000F
@00005C43 001B
@00005C44 0002
@00005C45 0004
@00005C46 0017
@00005C47 FFFA
@00005C48 002A
@00005C49 000C
@00005C4A 000F
@00005C4B 0017
@00005C4C 001E
@00005C4D 002B
@00005C4E FFFD
@00005C4F 0003
@00005C50 0009
@00005C51 FFEA
@00005C52 000D
@00005C53 FFC0
@00005C54 FFEC
@00005C55 0029
@00005C56 0006
@00005C57 FFFB
@00005C58 0000
@00005C59 0018
@00005C5A 000C
@00005C5B FFFB
@00005C5C 0003
@00005C5D 0004
@00005C5E 0018
@00005C5F 0029
@00005C60 FFEB
@00005C61 FFDF
@00005C62 0004
@00005C63 0014
@00005C64 FFF7
@00005C65 0028
@00005C66 FFF3
@00005C67 FFFB
@00005C68 FFEB
@00005C69 001F
@00005C6A FFCB
@00005C6B 000A
@00005C6C FFFC
@00005C6D 0038
@00005C6E 000F
@00005C6F 002B
@00005C70 FFCD
@00005C71 002C
@00005C72 0020
@00005C73 FFE8
@00005C74 FFB5
@00005C75 FFE3
@00005C76 FFF9
@00005C77 001A
@00005C78 FFE0
@00005C79 000D
@00005C7A 0014
@00005C7B FFEA
@00005C7C FFE8
@00005C7D 000F
@00005C7E FFDA
@00005C7F 0009
@00005C80 0014
@00005C81 002D
@00005C82 FFFA
@00005C83 0016
@00005C84 FFFE
@00005C85 000E
@00005C86 FFF9
@00005C87 FFE3
@00005C88 000C
@00005C89 0017
@00005C8A 000D
@00005C8B FFE3
@00005C8C 001F
@00005C8D 0012
@00005C8E FFDE
@00005C8F 000C
@00005C90 0023
@00005C91 FFFD
@00005C92 00A9
@00005C93 0000
@00005C94 0011
@00005C95 FFFA
@00005C96 FFF5
@00005C97 0000
@00005C98 FFF8
@00005C99 0012
@00005C9A FFF9
@00005C9B 000E
@00005C9C FFFF
@00005C9D FFFB
@00005C9E FFFD
@00005C9F FFDE
@00005CA0 0027
@00005CA1 0010
@00005CA2 0000
@00005CA3 000E
@00005CA4 0009
@00005CA5 FFF6
@00005CA6 0014
@00005CA7 FFEF
@00005CA8 FFF6
@00005CA9 000A
@00005CAA 0030
@00005CAB FFFE
@00005CAC FFF1
@00005CAD FFF5
@00005CAE 0012
@00005CAF FFF1
@00005CB0 FFEA
@00005CB1 FFF9
@00005CB2 FFF7
@00005CB3 0003
@00005CB4 FFFE
@00005CB5 0009
@00005CB6 0004
@00005CB7 FFF6
@00005CB8 FFF2
@00005CB9 0017
@00005CBA FFEB
@00005CBB 000C
@00005CBC 0019
@00005CBD FFFF
@00005CBE FFEF
@00005CBF FFFE
@00005CC0 0000
@00005CC1 0008
@00005CC2 001B
@00005CC3 FFEB
@00005CC4 FFE4
@00005CC5 000A
@00005CC6 FFF1
@00005CC7 0010
@00005CC8 FFF9
@00005CC9 FFBB
@00005CCA FFFA
@00005CCB FFE5
@00005CCC 0000
@00005CCD 000D
@00005CCE 000B
@00005CCF FFEC
@00005CD0 001F
@00005CD1 001E
@00005CD2 FFFD
@00005CD3 0007
@00005CD4 FFDE
@00005CD5 0008
@00005CD6 003E
@00005CD7 000F
@00005CD8 FFD5
@00005CD9 0002
@00005CDA FFF1
@00005CDB 0014
@00005CDC 001B
@00005CDD 000E
@00005CDE 0006
@00005CDF 000B
@00005CE0 FFE9
@00005CE1 0015
@00005CE2 000D
@00005CE3 0005
@00005CE4 FFFA
@00005CE5 FFF0
@00005CE6 FFF2
@00005CE7 0011
@00005CE8 FFEE
@00005CE9 000E
@00005CEA 0015
@00005CEB 0003
@00005CEC FFFB
@00005CED FFD2
@00005CEE FFF5
@00005CEF 0007
@00005CF0 FFEF
@00005CF1 FFEF
@00005CF2 FFED
@00005CF3 0019
@00005CF4 0017
@00005CF5 FFFC
@00005CF6 FFDE
@00005CF7 0000
@00005CF8 0007
@00005CF9 000F
@00005CFA 0000
@00005CFB FFEB
@00005CFC 002A
@00005CFD FFF5
@00005CFE FFFE
@00005CFF 0037
@00005D00 FFDC
@00005D01 001F
@00005D02 FFEA
@00005D03 FFD8
@00005D04 001B
@00005D05 0021
@00005D06 FFEF
@00005D07 0012
@00005D08 0021
@00005D09 0027
@00005D0A 0022
@00005D0B 0030
@00005D0C 0038
@00005D0D FFF4
@00005D0E 001B
@00005D0F FFF9
@00005D10 0017
@00005D11 FFF7
@00005D12 FFFE
@00005D13 0001
@00005D14 FFBF
@00005D15 FFE8
@00005D16 FFFA
@00005D17 000C
@00005D18 FFF9
@00005D19 FFF0
@00005D1A 0008
@00005D1B FFED
@00005D1C FFDC
@00005D1D 0008
@00005D1E 0020
@00005D1F 0060
@00005D20 0029
@00005D21 FFF0
@00005D22 0024
@00005D23 FFFC
@00005D24 FFE4
@00005D25 0008
@00005D26 0008
@00005D27 002B
@00005D28 FFF0
@00005D29 0012
@00005D2A 0016
@00005D2B FFF4
@00005D2C 0010
@00005D2D 000C
@00005D2E FFFF
@00005D2F 001A
@00005D30 FFE4
@00005D31 0022
@00005D32 FFD4
@00005D33 FFDA
@00005D34 FFF0
@00005D35 FFEE
@00005D36 0000
@00005D37 000E
@00005D38 FFC3
@00005D39 FFDC
@00005D3A 003D
@00005D3B 0011
@00005D3C FFE7
@00005D3D FFF3
@00005D3E 000F
@00005D3F 000C
@00005D40 FFF8
@00005D41 001E
@00005D42 000B
@00005D43 000F
@00005D44 FFE8
@00005D45 FFE9
@00005D46 0007
@00005D47 FFED
@00005D48 FFF5
@00005D49 FFF5
@00005D4A 0028
@00005D4B 0021
@00005D4C 0012
@00005D4D 0020
@00005D4E 001B
@00005D4F FFEC
@00005D50 0007
@00005D51 000C
@00005D52 0011
@00005D53 FFD7
@00005D54 002C
@00005D55 FFFE
@00005D56 0006
@00005D57 000A
@00005D58 0075
@00005D59 001F
@00005D5A 0046
@00005D5B 0000
@00005D5C 000D
@00005D5D FFE7
@00005D5E 0004
@00005D5F 0010
@00005D60 FFE1
@00005D61 FFE9
@00005D62 0011
@00005D63 0020
@00005D64 FFEC
@00005D65 FFEF
@00005D66 FFE5
@00005D67 0022
@00005D68 0002
@00005D69 0000
@00005D6A 0002
@00005D6B 0017
@00005D6C 0001
@00005D6D 0011
@00005D6E 0023
@00005D6F FFF9
@00005D70 FFF4
@00005D71 FFEE
@00005D72 FFED
@00005D73 0017
@00005D74 0011
@00005D75 0008
@00005D76 000E
@00005D77 0001
@00005D78 0011
@00005D79 0006
@00005D7A 0000
@00005D7B 0007
@00005D7C FFFE
@00005D7D FFEC
@00005D7E 001F
@00005D7F 0017
@00005D80 000B
@00005D81 0028
@00005D82 FFF5
@00005D83 FFCF
@00005D84 001E
@00005D85 FFFC
@00005D86 0001
@00005D87 001A
@00005D88 0006
@00005D89 0020
@00005D8A 001C
@00005D8B 0016
@00005D8C FFF7
@00005D8D 000B
@00005D8E 0018
@00005D8F FFFD
@00005D90 000F
@00005D91 FFFD
@00005D92 0004
@00005D93 FFF7
@00005D94 FFDF
@00005D95 0001
@00005D96 0009
@00005D97 FFE4
@00005D98 001E
@00005D99 000E
@00005D9A 000D
@00005D9B 0007
@00005D9C FFEC
@00005D9D FFEB
@00005D9E 0000
@00005D9F 0014
@00005DA0 FFCC
@00005DA1 0015
@00005DA2 0004
@00005DA3 FFFE
@00005DA4 FFE3
@00005DA5 0011
@00005DA6 FFDC
@00005DA7 FFEC
@00005DA8 FFEE
@00005DA9 FFF0
@00005DAA FFDE
@00005DAB 0006
@00005DAC FFFA
@00005DAD 000E
@00005DAE 000B
@00005DAF 002B
@00005DB0 FFED
@00005DB1 001C
@00005DB2 FFE3
@00005DB3 0002
@00005DB4 FFFC
@00005DB5 FFEB
@00005DB6 0016
@00005DB7 0016
@00005DB8 FFF7
@00005DB9 FFF8
@00005DBA FFEA
@00005DBB 0000
@00005DBC 001C
@00005DBD 0018
@00005DBE FFE6
@00005DBF 0000
@00005DC0 FFF9
@00005DC1 FFF0
@00005DC2 0006
@00005DC3 001A
@00005DC4 0017
@00005DC5 001B
@00005DC6 FFF7
@00005DC7 000D
@00005DC8 FFE3
@00005DC9 FFE9
@00005DCA 0010
@00005DCB 000A
@00005DCC 0047
@00005DCD FFE6
@00005DCE 0008
@00005DCF FFF1
@00005DD0 0006
@00005DD1 0007
@00005DD2 FFE6
@00005DD3 0029
@00005DD4 0016
@00005DD5 0025
@00005DD6 000C
@00005DD7 0010
@00005DD8 FFFD
@00005DD9 0006
@00005DDA FFFF
@00005DDB 0021
@00005DDC 000E
@00005DDD FFFD
@00005DDE FFF3
@00005DDF FFEF
@00005DE0 FFE9
@00005DE1 0014
@00005DE2 0009
@00005DE3 FFF1
@00005DE4 FFD9
@00005DE5 FFE7
@00005DE6 000F
@00005DE7 FFE5
@00005DE8 FFEB
@00005DE9 FFF5
@00005DEA 0006
@00005DEB 0014
@00005DEC FFE6
@00005DED 001A
@00005DEE 0008
@00005DEF FFED
@00005DF0 FFF6
@00005DF1 0006
@00005DF2 FFF3
@00005DF3 0011
@00005DF4 000A
@00005DF5 0023
@00005DF6 FFFF
@00005DF7 FFE7
@00005DF8 FFE8
@00005DF9 FFDB
@00005DFA 001C
@00005DFB 0021
@00005DFC 0009
@00005DFD 000B
@00005DFE 000B
@00005DFF FFF3
@00005E00 FFD4
@00005E01 0003
@00005E02 002A
@00005E03 0030
@00005E04 FFFB
@00005E05 0004
@00005E06 FFFB
@00005E07 0002
@00005E08 FFF0
@00005E09 FFEA
@00005E0A 001B
@00005E0B FFFD
@00005E0C FFED
@00005E0D FFFE
@00005E0E 0000
@00005E0F FFD2
@00005E10 FFF8
@00005E11 FFE2
@00005E12 001E
@00005E13 0008
@00005E14 FFD6
@00005E15 000B
@00005E16 FFF8
@00005E17 FFF3
@00005E18 FFEB
@00005E19 000A
@00005E1A FFED
@00005E1B 0006
@00005E1C 0000
@00005E1D FFEA
@00005E1E 0008
@00005E1F FFF9
@00005E20 FFFF
@00005E21 0017
@00005E22 FFF9
@00005E23 0000
@00005E24 000D
@00005E25 FFF7
@00005E26 0006
@00005E27 0005
@00005E28 FFB4
@00005E29 FFF6
@00005E2A 0015
@00005E2B 000B
@00005E2C FFCA
@00005E2D FFE8
@00005E2E FFF4
@00005E2F 0010
@00005E30 0017
@00005E31 0011
@00005E32 FFFF
@00005E33 0020
@00005E34 FFFB
@00005E35 FFDD
@00005E36 0002
@00005E37 FFF3
@00005E38 FFEE
@00005E39 0002
@00005E3A FFF7
@00005E3B FFFA
@00005E3C 0011
@00005E3D 0004
@00005E3E 0008
@00005E3F 001F
@00005E40 FFFE
@00005E41 FFFB
@00005E42 0008
@00005E43 FFDE
@00005E44 FFF8
@00005E45 0002
@00005E46 FFE6
@00005E47 FFDF
@00005E48 0015
@00005E49 003A
@00005E4A 0009
@00005E4B FFFF
@00005E4C 001B
@00005E4D FFED
@00005E4E 001A
@00005E4F 0011
@00005E50 FFEE
@00005E51 000F
@00005E52 0022
@00005E53 000D
@00005E54 FFD8
@00005E55 0006
@00005E56 001F
@00005E57 FFFE
@00005E58 FFF6
@00005E59 FFF6
@00005E5A FFEC
@00005E5B 002C
@00005E5C FFEF
@00005E5D FFE0
@00005E5E FFAD
@00005E5F FFF8
@00005E60 0020
@00005E61 0014
@00005E62 0024
@00005E63 001B
@00005E64 FFF0
@00005E65 0005
@00005E66 0013
@00005E67 0000
@00005E68 FFE8
@00005E69 FFF3
@00005E6A 0012
@00005E6B 0006
@00005E6C 000B
@00005E6D 0005
@00005E6E FFBD
@00005E6F 0001
@00005E70 FFFC
@00005E71 0001
@00005E72 FFF7
@00005E73 FFE0
@00005E74 FFFC
@00005E75 000A
@00005E76 0007
@00005E77 FFFA
@00005E78 FFFB
@00005E79 FFE8
@00005E7A 000C
@00005E7B FFEF
@00005E7C 0007
@00005E7D FFED
@00005E7E FFFC
@00005E7F FFF7
@00005E80 FFFF
@00005E81 FFFD
@00005E82 FFEA
@00005E83 001E
@00005E84 000B
@00005E85 0007
@00005E86 FFE9
@00005E87 0000
@00005E88 FFF9
@00005E89 FFFB
@00005E8A FFFB
@00005E8B 000C
@00005E8C FFCE
@00005E8D FFEF
@00005E8E 0014
@00005E8F 0018
@00005E90 FFD4
@00005E91 FFE4
@00005E92 0021
@00005E93 0009
@00005E94 FFFA
@00005E95 FFED
@00005E96 FFEF
@00005E97 0005
@00005E98 FFFD
@00005E99 0005
@00005E9A FFF5
@00005E9B FFE5
@00005E9C FFF6
@00005E9D FFFD
@00005E9E FFF8
@00005E9F FFFF
@00005EA0 001C
@00005EA1 0009
@00005EA2 FFEF
@00005EA3 FFFA
@00005EA4 0004
@00005EA5 0016
@00005EA6 FFF2
@00005EA7 FFDC
@00005EA8 FFFD
@00005EA9 FFE6
@00005EAA FFF5
@00005EAB 000F
@00005EAC FFFD
@00005EAD 002B
@00005EAE FFE0
@00005EAF 0018
@00005EB0 FFFF
@00005EB1 FFF0
@00005EB2 FFEA
@00005EB3 FFEC
@00005EB4 0005
@00005EB5 000A
@00005EB6 FFF3
@00005EB7 FFEB
@00005EB8 FFFB
@00005EB9 FFE8
@00005EBA FFFF
@00005EBB 0027
@00005EBC 001D
@00005EBD 0016
@00005EBE 000F
@00005EBF 0027
@00005EC0 0017
@00005EC1 0016
@00005EC2 FFDD
@00005EC3 001C
@00005EC4 FFF4
@00005EC5 FFEA
@00005EC6 0006
@00005EC7 000C
@00005EC8 FFF9
@00005EC9 FFF3
@00005ECA 001B
@00005ECB 000A
@00005ECC FFDA
@00005ECD FFF8
@00005ECE FFEC
@00005ECF 0000
@00005ED0 FFE9
@00005ED1 FFFB
@00005ED2 0004
@00005ED3 0007
@00005ED4 FFF1
@00005ED5 001C
@00005ED6 0019
@00005ED7 FFF1
@00005ED8 FFF0
@00005ED9 0023
@00005EDA FFEA
@00005EDB FFFA
@00005EDC 001A
@00005EDD FFF0
@00005EDE 000F
@00005EDF 0014
@00005EE0 FFE6
@00005EE1 000A
@00005EE2 0015
@00005EE3 0001
@00005EE4 FFF4
@00005EE5 FFE8
@00005EE6 0003
@00005EE7 0004
@00005EE8 0014
@00005EE9 FFED
@00005EEA FFF4
@00005EEB 0000
@00005EEC 001D
@00005EED FFFC
@00005EEE 0012
@00005EEF FFF4
@00005EF0 0009
@00005EF1 0015
@00005EF2 0006
@00005EF3 0000
@00005EF4 0014
@00005EF5 FFFA
@00005EF6 000F
@00005EF7 0009
@00005EF8 000D
@00005EF9 FFEA
@00005EFA FFFE
@00005EFB 000F
@00005EFC FFF5
@00005EFD 0000
@00005EFE 000C
@00005EFF 001F
@00005F00 001A
@00005F01 0018
@00005F02 0013
@00005F03 0003
@00005F04 000D
@00005F05 FFF3
@00005F06 FFEB
@00005F07 FFE5
@00005F08 FFF2
@00005F09 FFD5
@00005F0A FFF7
@00005F0B FFFB
@00005F0C FFE3
@00005F0D 000B
@00005F0E 001A
@00005F0F 0014
@00005F10 0004
@00005F11 FFD6
@00005F12 0013
@00005F13 FFE8
@00005F14 000A
@00005F15 0018
@00005F16 FFF3
@00005F17 FFF4
@00005F18 000D
@00005F19 0016
@00005F1A FFF1
@00005F1B 0010
@00005F1C FFFC
@00005F1D FFFF
@00005F1E FFF4
@00005F1F FFE3
@00005F20 FFFF
@00005F21 0000
@00005F22 0005
@00005F23 FFF4
@00005F24 FFFA
@00005F25 0018
@00005F26 FFEB
@00005F27 FFF3
@00005F28 FFFA
@00005F29 FFFF
@00005F2A 0003
@00005F2B FFF6
@00005F2C 0004
@00005F2D 0012
@00005F2E 001B
@00005F2F FFF0
@00005F30 000D
@00005F31 FFF9
@00005F32 0011
@00005F33 FFF0
@00005F34 000C
@00005F35 0011
@00005F36 0021
@00005F37 0019
@00005F38 FFE9
@00005F39 FFEA
@00005F3A 0006
@00005F3B FFEF
@00005F3C 0015
@00005F3D FFE9
@00005F3E FFFE
@00005F3F FFF3
@00005F40 FFF9
@00005F41 0008
@00005F42 FFF4
@00005F43 FFE5
@00005F44 0007
@00005F45 0009
@00005F46 FFF1
@00005F47 0007
@00005F48 001B
@00005F49 FFF7
@00005F4A 0001
@00005F4B FFF5
@00005F4C 000E
@00005F4D 0007
@00005F4E FFFB
@00005F4F 0000
@00005F50 FFF7
@00005F51 000B
@00005F52 FFED
@00005F53 FFEA
@00005F54 0022
@00005F55 0013
@00005F56 0018
@00005F57 0012
@00005F58 FFE9
@00005F59 FFEA
@00005F5A FFDD
@00005F5B FFE3
@00005F5C FFF8
@00005F5D 0008
@00005F5E 0006
@00005F5F FFF6
@00005F60 001E
@00005F61 FFF3
@00005F62 0010
@00005F63 0008
@00005F64 001A
@00005F65 0008
@00005F66 FFC9
@00005F67 0004
@00005F68 0007
@00005F69 FFE5
@00005F6A FFF1
@00005F6B FFFF
@00005F6C 000D
@00005F6D FFFF
@00005F6E FFFA
@00005F6F FFF2
@00005F70 000F
@00005F71 000F
@00005F72 000B
@00005F73 000C
@00005F74 000C
@00005F75 FFE3
@00005F76 0005
@00005F77 0008
@00005F78 FFEE
@00005F79 FFE2
@00005F7A FFF6
@00005F7B 0010
@00005F7C FFED
@00005F7D FFEF
@00005F7E 0000
@00005F7F 0012
@00005F80 0002
@00005F81 FFF7
@00005F82 FFEF
@00005F83 FFED
@00005F84 FFF6
@00005F85 FFFA
@00005F86 0019
@00005F87 FFF5
@00005F88 FFFB
@00005F89 000B
@00005F8A 0009
@00005F8B 0010
@00005F8C FFEA
@00005F8D FFFD
@00005F8E 0006
@00005F8F 0008
@00005F90 0002
@00005F91 FFEB
@00005F92 0005
@00005F93 0009
@00005F94 000C
@00005F95 001C
@00005F96 0000
@00005F97 FFF2
@00005F98 FFF3
@00005F99 000A
@00005F9A FFED
@00005F9B FFE1
@00005F9C 0000
@00005F9D 000C
@00005F9E 0002
@00005F9F FFF0
@00005FA0 FFFD
@00005FA1 0026
@00005FA2 FFD4
@00005FA3 FFF9
@00005FA4 FFFC
@00005FA5 FFE9
@00005FA6 FFEB
@00005FA7 FFF7
@00005FA8 0003
@00005FA9 0021
@00005FAA 000E
@00005FAB 0002
@00005FAC 0012
@00005FAD 000A
@00005FAE FFE2
@00005FAF FFFF
@00005FB0 0005
@00005FB1 FFF8
@00005FB2 000A
@00005FB3 0000
@00005FB4 FFF6
@00005FB5 0011
@00005FB6 FFFE
@00005FB7 FFF0
@00005FB8 0010
@00005FB9 000A
@00005FBA 0011
@00005FBB 000E
@00005FBC 0006
@00005FBD 000B
@00005FBE FFF8
@00005FBF FFE6
@00005FC0 0005
@00005FC1 000D
@00005FC2 FFFE
@00005FC3 FFEF
@00005FC4 FFF0
@00005FC5 FFE8
@00005FC6 FFF5
@00005FC7 0011
@00005FC8 0010
@00005FC9 0012
@00005FCA 0002
@00005FCB 0003
@00005FCC 0001
@00005FCD FFF4
@00005FCE FFF9
@00005FCF 000E
@00005FD0 FFF2
@00005FD1 FFD6
@00005FD2 001E
@00005FD3 FFE8
@00005FD4 FFEB
@00005FD5 FFF2
@00005FD6 FFE1
@00005FD7 FFEF
@00005FD8 0001
@00005FD9 000F
@00005FDA FFEC
@00005FDB 0015
@00005FDC FFE3
@00005FDD FFF1
@00005FDE FFF6
@00005FDF 000F
@00005FE0 0022
@00005FE1 0005
@00005FE2 FFF2
@00005FE3 FFFC
@00005FE4 0007
@00005FE5 0005
@00005FE6 0019
@00005FE7 FFF0
@00005FE8 0016
@00005FE9 0020
@00005FEA 0016
@00005FEB 0003
@00005FEC FFF7
@00005FED 0005
@00005FEE FFFD
@00005FEF 0007
@00005FF0 FFF4
@00005FF1 FFE1
@00005FF2 FFD4
@00005FF3 FFEB
@00005FF4 002C
@00005FF5 000B
@00005FF6 FFD8
@00005FF7 0004
@00005FF8 0024
@00005FF9 0017
@00005FFA 0003
@00005FFB 0013
@00005FFC FFF0
@00005FFD FFE8
@00005FFE FFE8
@00005FFF 0013
@00006000 0010
@00006001 FFEF
@00006002 0011
@00006003 FFFC
@00006004 0014
@00006005 001C
@00006006 0001
@00006007 0008
@00006008 000E
@00006009 FFFD
@0000600A FFEF
@0000600B FFEA
@0000600C 0013
@0000600D FFF8
@0000600E FFE4
@0000600F 0004
@00006010 000A
@00006011 000F
@00006012 000C
@00006013 FFD8
@00006014 0002
@00006015 FFF9
@00006016 0014
@00006017 0000
@00006018 0008
@00006019 000C
@0000601A 0004
@0000601B FFF3
@0000601C 003B
@0000601D 0026
@0000601E FFF8
@0000601F 0019
@00006020 001B
@00006021 FFF4
@00006022 FFE1
@00006023 FFEF
@00006024 0014
@00006025 000C
@00006026 FFFC
@00006027 FFE2
@00006028 0025
@00006029 0014
@0000602A 000A
@0000602B 001C
@0000602C FFF6
@0000602D 0002
@0000602E FFEE
@0000602F 0014
@00006030 FFEB
@00006031 FFDD
@00006032 0005
@00006033 0003
@00006034 FFF2
@00006035 FFF9
@00006036 0008
@00006037 001F
@00006038 0005
@00006039 FFFF
@0000603A 0004
@0000603B FFF4
@0000603C 0002
@0000603D FFD7
@0000603E 0011
@0000603F 0009
@00006040 FFEC
@00006041 FFF7
@00006042 001E
@00006043 0003
@00006044 FFFC
@00006045 001C
@00006046 000F
@00006047 0014
@00006048 FFF8
@00006049 001B
@0000604A FFFD
@0000604B FFED
@0000604C FFFE
@0000604D 0004
@0000604E FFF3
@0000604F FFDD
@00006050 000A
@00006051 FFFA
@00006052 000F
@00006053 FFEC
@00006054 FFEF
@00006055 001E
@00006056 FFDD
@00006057 FFF9
@00006058 0017
@00006059 FFE5
@0000605A FFE6
@0000605B FFE8
@0000605C 002A
@0000605D FFFC
@0000605E FFF8
@0000605F 0016
@00006060 0005
@00006061 FFF9
@00006062 002A
@00006063 0023
@00006064 FFEE
@00006065 FFE2
@00006066 0002
@00006067 FFFF
@00006068 000F
@00006069 FFDB
@0000606A 0013
@0000606B 0010
@0000606C FFF5
@0000606D FFF1
@0000606E FFF1
@0000606F 0007
@00006070 000C
@00006071 FFEA
@00006072 FFEB
@00006073 FFF6
@00006074 0003
@00006075 000C
@00006076 FFFF
@00006077 0011
@00006078 FFF2
@00006079 FFF5
@0000607A 0015
@0000607B 0000
@0000607C FFE3
@0000607D 0002
@0000607E FFFD
@0000607F 000C
@00006080 0004
@00006081 FFD7
@00006082 FFC5
@00006083 FFA6
@00006084 FFF1
@00006085 FFFA
@00006086 0017
@00006087 0044
@00006088 FFC9
@00006089 FFE0
@0000608A 0013
@0000608B FFC5
@0000608C FFBA
@0000608D FF7B
@0000608E FFE2
@0000608F FF9A
@00006090 FFF5
@00006091 FFE5
@00006092 0004
@00006093 FFB3
@00006094 FFE4
@00006095 000E
@00006096 FFEF
@00006097 FFB6
@00006098 004C
@00006099 0003
@0000609A 002B
@0000609B FFF9
@0000609C 002F
@0000609D FFF1
@0000609E 0005
@0000609F 0016
@000060A0 004B
@000060A1 0013
@000060A2 FFB0
@000060A3 FFE9
@000060A4 FFC2
@000060A5 007A
@000060A6 FFD0
@000060A7 FFAE
@000060A8 002B
@000060A9 FFDD
@000060AA FFC2
@000060AB FF9A
@000060AC FFEC
@000060AD FFEA
@000060AE FFF5
@000060AF 0049
@000060B0 001A
@000060B1 FFEE
@000060B2 FFCD
@000060B3 001B
@000060B4 FFBC
@000060B5 FFE9
@000060B6 FFC6
@000060B7 004B
@000060B8 FFA8
@000060B9 FFE1
@000060BA FFF0
@000060BB FFE8
@000060BC 0063
@000060BD 002E
@000060BE FFC8
@000060BF FFF9
@000060C0 0008
@000060C1 001F
@000060C2 FFAB
@000060C3 FFDC
@000060C4 000D
@000060C5 FFD8
@000060C6 0027
@000060C7 FFE4
@000060C8 0042
@000060C9 0021
@000060CA 0076
@000060CB FFF5
@000060CC FFAF
@000060CD FFD9
@000060CE 0028
@000060CF FFC8
@000060D0 FFE7
@000060D1 0004
@000060D2 002B
@000060D3 000E
@000060D4 FFEE
@000060D5 FFF9
@000060D6 FFB7
@000060D7 0005
@000060D8 FFE2
@000060D9 FFB0
@000060DA 002E
@000060DB FFDD
@000060DC FF8A
@000060DD FFCE
@000060DE 000C
@000060DF 0000
@000060E0 FFE9
@000060E1 FFF0
@000060E2 0000
@000060E3 0009
@000060E4 FFD6
@000060E5 FFB0
@000060E6 FFF7
@000060E7 0012
@000060E8 FFC7
@000060E9 000D
@000060EA 0044
@000060EB FFCB
@000060EC FFED
@000060ED 001F
@000060EE FFE0
@000060EF 0025
@000060F0 FFE2
@000060F1 FFB4
@000060F2 FFF9
@000060F3 000A
@000060F4 FFF5
@000060F5 FFF1
@000060F6 001B
@000060F7 FFF7
@000060F8 000B
@000060F9 FFE7
@000060FA 000F
@000060FB 0007
@000060FC 003F
@000060FD 000A
@000060FE FFFE
@000060FF 0000
@00006100 0036
@00006101 FFFD
@00006102 FFDF
@00006103 FFE5
@00006104 FFE3
@00006105 0047
@00006106 000A
@00006107 FFE7
@00006108 0000
@00006109 0008
@0000610A FFF3
@0000610B FFFD
@0000610C FFDF
@0000610D FFF8
@0000610E 000A
@0000610F FFEA
@00006110 000C
@00006111 FFE9
@00006112 0002
@00006113 0006
@00006114 000D
@00006115 FFE1
@00006116 0009
@00006117 0065
@00006118 FFF9
@00006119 FFED
@0000611A FFE3
@0000611B 0008
@0000611C 0015
@0000611D FFE6
@0000611E 0017
@0000611F FFF3
@00006120 0052
@00006121 0023
@00006122 FFF5
@00006123 000B
@00006124 FFF1
@00006125 0015
@00006126 0002
@00006127 FFE8
@00006128 0013
@00006129 0012
@0000612A FFDA
@0000612B 0006
@0000612C 0008
@0000612D 0047
@0000612E FFE2
@0000612F FFE7
@00006130 0003
@00006131 FFC3
@00006132 000C
@00006133 0002
@00006134 FFD0
@00006135 FFFC
@00006136 0018
@00006137 000A
@00006138 FFFE
@00006139 001B
@0000613A 0005
@0000613B 004E
@0000613C FFCE
@0000613D 001B
@0000613E FFF3
@0000613F FFFD
@00006140 FFC6
@00006141 FFF9
@00006142 001F
@00006143 0000
@00006144 FFF0
@00006145 FFF4
@00006146 0019
@00006147 0005
@00006148 0008
@00006149 FFE3
@0000614A 0008
@0000614B 0005
@0000614C FFDA
@0000614D 0007
@0000614E FFF9
@0000614F 0023
@00006150 001B
@00006151 002E
@00006152 FFF4
@00006153 003A
@00006154 001E
@00006155 0066
@00006156 FFF9
@00006157 0033
@00006158 001F
@00006159 FFDC
@0000615A 0014
@0000615B 001A
@0000615C 001A
@0000615D FFD8
@0000615E FFFD
@0000615F FFE6
@00006160 FFC4
@00006161 FFE3
@00006162 FFF6
@00006163 FFC8
@00006164 001B
@00006165 FFF0
@00006166 002D
@00006167 FFFC
@00006168 FFC9
@00006169 FFE8
@0000616A 0007
@0000616B FFFC
@0000616C 0021
@0000616D 0002
@0000616E 0017
@0000616F 0003
@00006170 000F
@00006171 FFEE
@00006172 000C
@00006173 0026
@00006174 0019
@00006175 000C
@00006176 0013
@00006177 0002
@00006178 0025
@00006179 004B
@0000617A 0017
@0000617B FFD6
@0000617C 0007
@0000617D 0042
@0000617E FFD0
@0000617F FFE0
@00006180 000E
@00006181 000B
@00006182 FFE3
@00006183 0016
@00006184 FF90
@00006185 FFCD
@00006186 002C
@00006187 FFFF
@00006188 FFDB
@00006189 000C
@0000618A 0015
@0000618B FFF3
@0000618C FFF2
@0000618D 0022
@0000618E FFC7
@0000618F 0007
@00006190 0003
@00006191 0000
@00006192 FFF8
@00006193 0007
@00006194 0014
@00006195 FFCC
@00006196 0007
@00006197 0028
@00006198 0024
@00006199 0031
@0000619A 0008
@0000619B FFE7
@0000619C FFEC
@0000619D 0024
@0000619E FFFC
@0000619F FFDC
@000061A0 0010
@000061A1 0000
@000061A2 FFFD
@000061A3 0009
@000061A4 00A6
@000061A5 000C
@000061A6 001D
@000061A7 0000
@000061A8 FFEB
@000061A9 0016
@000061AA FFFD
@000061AB 001C
@000061AC 0022
@000061AD 000E
@000061AE FFED
@000061AF 0021
@000061B0 FFFC
@000061B1 FFDF
@000061B2 FFEB
@000061B3 FFEE
@000061B4 0004
@000061B5 FFE1
@000061B6 0007
@000061B7 0013
@000061B8 0027
@000061B9 FFC8
@000061BA 0000
@000061BB 0009
@000061BC FFAA
@000061BD FFE8
@000061BE 000C
@000061BF FFFC
@000061C0 0016
@000061C1 FFEA
@000061C2 FFE7
@000061C3 FFFE
@000061C4 0014
@000061C5 0018
@000061C6 000D
@000061C7 FFE8
@000061C8 FFF2
@000061C9 FFF3
@000061CA FFFC
@000061CB 0004
@000061CC 001D
@000061CD 000A
@000061CE FFF8
@000061CF FFE9
@000061D0 FFE6
@000061D1 FFE0
@000061D2 0006
@000061D3 FFFF
@000061D4 0003
@000061D5 FFFC
@000061D6 FFEB
@000061D7 000E
@000061D8 0008
@000061D9 FFEB
@000061DA 0006
@000061DB 0015
@000061DC FFEE
@000061DD 0049
@000061DE FFE6
@000061DF FFEA
@000061E0 FFED
@000061E1 0015
@000061E2 FFF7
@000061E3 0010
@000061E4 FFFC
@000061E5 FFE3
@000061E6 0002
@000061E7 FFE8
@000061E8 0082
@000061E9 0013
@000061EA FFD3
@000061EB 000F
@000061EC FFFE
@000061ED FFFA
@000061EE FFE6
@000061EF 000D
@000061F0 FFF1
@000061F1 0019
@000061F2 0008
@000061F3 0005
@000061F4 0010
@000061F5 FFFE
@000061F6 FFEC
@000061F7 FFEF
@000061F8 0010
@000061F9 0039
@000061FA FFF4
@000061FB FFEA
@000061FC 0024
@000061FD 0004
@000061FE 0011
@000061FF FFF2
@00006200 FFFA
@00006201 FFF6
@00006202 FFF0
@00006203 FFFD
@00006204 FFF8
@00006205 000D
@00006206 0017
@00006207 FFF1
@00006208 0040
@00006209 FFF3
@0000620A 0046
@0000620B 0000
@0000620C 0008
@0000620D FFFC
@0000620E 000A
@0000620F 0004
@00006210 FFE5
@00006211 0017
@00006212 FFC7
@00006213 FFB6
@00006214 0016
@00006215 FFEE
@00006216 0022
@00006217 0024
@00006218 0004
@00006219 FFF0
@0000621A FFFE
@0000621B FFE9
@0000621C FFEA
@0000621D FFF7
@0000621E FFCC
@0000621F FFFC
@00006220 0034
@00006221 FFEF
@00006222 0038
@00006223 0006
@00006224 FFF1
@00006225 0022
@00006226 FFEC
@00006227 0005
@00006228 FFF9
@00006229 FFAD
@0000622A 0017
@0000622B 0011
@0000622C 001E
@0000622D 0002
@0000622E FFF8
@0000622F FFE6
@00006230 000B
@00006231 000E
@00006232 FFD6
@00006233 003A
@00006234 FFF9
@00006235 0018
@00006236 000C
@00006237 FFFB
@00006238 0014
@00006239 FFF7
@0000623A FFF0
@0000623B FFC3
@0000623C 0006
@0000623D FFE5
@0000623E FFFB
@0000623F 001A
@00006240 0017
@00006241 003D
@00006242 FFE3
@00006243 0056
@00006244 FFF2
@00006245 FFFF
@00006246 001E
@00006247 0023
@00006248 0000
@00006249 FFED
@0000624A FFF5
@0000624B FFDD
@0000624C 0006
@0000624D 0031
@0000624E 003D
@0000624F FFDB
@00006250 000F
@00006251 0023
@00006252 FFF1
@00006253 FFEA
@00006254 000A
@00006255 FFEF
@00006256 005F
@00006257 0015
@00006258 002A
@00006259 0001
@0000625A 002D
@0000625B 0003
@0000625C FFF2
@0000625D FFD5
@0000625E 0003
@0000625F FFDB
@00006260 FFDE
@00006261 0014
@00006262 FFFA
@00006263 0008
@00006264 FFF0
@00006265 000E
@00006266 FFF6
@00006267 FFEF
@00006268 FFFD
@00006269 FFF2
@0000626A 000F
@0000626B FFFB
@0000626C FFC9
@0000626D FFFC
@0000626E FFB3
@0000626F 0000
@00006270 0006
@00006271 0000
@00006272 0006
@00006273 FFFE
@00006274 FFEF
@00006275 FFFB
@00006276 0027
@00006277 0010
@00006278 0014
@00006279 FFFA
@0000627A 000D
@0000627B 0025
@0000627C 000A
@0000627D FFF3
@0000627E FFFF
@0000627F 0026
@00006280 000B
@00006281 FFEB
@00006282 FFFE
@00006283 0005
@00006284 FFEB
@00006285 FFF2
@00006286 0000
@00006287 FFFD
@00006288 000D
@00006289 FFE4
@0000628A 0013
@0000628B FFFD
@0000628C 0016
@0000628D 0021
@0000628E FFE3
@0000628F FFE7
@00006290 000B
@00006291 0000
@00006292 FFF6
@00006293 FFE2
@00006294 FFE4
@00006295 0011
@00006296 0016
@00006297 FFE9
@00006298 FFFE
@00006299 FFDC
@0000629A FFF8
@0000629B 0010
@0000629C FFE2
@0000629D 000F
@0000629E 000E
@0000629F FFFE
@000062A0 FFDA
@000062A1 FFFB
@000062A2 0016
@000062A3 0017
@000062A4 FFFC
@000062A5 FFEF
@000062A6 0016
@000062A7 FFFF
@000062A8 0014
@000062A9 FFF5
@000062AA FFF3
@000062AB 000F
@000062AC 0013
@000062AD 0001
@000062AE 0006
@000062AF 0005
@000062B0 FFFE
@000062B1 0008
@000062B2 0022
@000062B3 0006
@000062B4 FFD3
@000062B5 FFE5
@000062B6 0013
@000062B7 002E
@000062B8 FFF7
@000062B9 FFFD
@000062BA 0005
@000062BB 0002
@000062BC FFF5
@000062BD FFEF
@000062BE FFF9
@000062BF FFFB
@000062C0 0010
@000062C1 FFFC
@000062C2 FFFC
@000062C3 0002
@000062C4 0005
@000062C5 0001
@000062C6 0002
@000062C7 FFE3
@000062C8 0016
@000062C9 0008
@000062CA 0008
@000062CB FFE8
@000062CC FFE1
@000062CD FFF3
@000062CE 000E
@000062CF 001C
@000062D0 000C
@000062D1 0002
@000062D2 FFF4
@000062D3 0000
@000062D4 0015
@000062D5 0004
@000062D6 0003
@000062D7 FFF5
@000062D8 001E
@000062D9 0016
@000062DA 0005
@000062DB 0001
@000062DC 000D
@000062DD 0029
@000062DE FFF9
@000062DF FFFA
@000062E0 0014
@000062E1 FFFB
@000062E2 FFE1
@000062E3 FFE4
@000062E4 FFEC
@000062E5 0018
@000062E6 FFFA
@000062E7 000B
@000062E8 FFFE
@000062E9 FFFD
@000062EA 0003
@000062EB 000B
@000062EC FFE7
@000062ED FFE6
@000062EE FFEC
@000062EF FFF4
@000062F0 0003
@000062F1 FFD4
@000062F2 FFEE
@000062F3 0006
@000062F4 0002
@000062F5 001C
@000062F6 0027
@000062F7 FFF8
@000062F8 0006
@000062F9 FFFC
@000062FA FFFB
@000062FB 0011
@000062FC FFF1
@000062FD FFF8
@000062FE 0011
@000062FF 000F
@00006300 FFF0
@00006301 FFF5
@00006302 0005
@00006303 0012
@00006304 FFF3
@00006305 001A
@00006306 0006
@00006307 FFED
@00006308 FFEC
@00006309 FFE7
@0000630A 0003
@0000630B FFEC
@0000630C FFEC
@0000630D FFE6
@0000630E 0013
@0000630F FFFD
@00006310 001B
@00006311 000E
@00006312 FFE8
@00006313 0007
@00006314 FFE8
@00006315 0004
@00006316 0028
@00006317 FFF4
@00006318 0012
@00006319 FFE0
@0000631A 0006
@0000631B FFEC
@0000631C 000D
@0000631D 001C
@0000631E 002D
@0000631F 001F
@00006320 FFF6
@00006321 0015
@00006322 000F
@00006323 0008
@00006324 0007
@00006325 0004
@00006326 0009
@00006327 FFF1
@00006328 FFF5
@00006329 000F
@0000632A 0013
@0000632B FFF8
@0000632C 0004
@0000632D FFF0
@0000632E 0015
@0000632F 0009
@00006330 0001
@00006331 0029
@00006332 FFFE
@00006333 FFEE
@00006334 0014
@00006335 0001
@00006336 0017
@00006337 0000
@00006338 FFFF
@00006339 0003
@0000633A 0008
@0000633B FFFF
@0000633C 0019
@0000633D 0022
@0000633E FFE5
@0000633F 0000
@00006340 000A
@00006341 FFE2
@00006342 FFEB
@00006343 000C
@00006344 FFF6
@00006345 FFE5
@00006346 001B
@00006347 FFF7
@00006348 0014
@00006349 0027
@0000634A FFD8
@0000634B 000D
@0000634C 0006
@0000634D FFFB
@0000634E FFE1
@0000634F 0015
@00006350 FFFE
@00006351 0007
@00006352 0000
@00006353 FFE3
@00006354 FFFA
@00006355 000A
@00006356 FFEF
@00006357 FFEF
@00006358 0000
@00006359 FFFE
@0000635A 0011
@0000635B 0027
@0000635C 0020
@0000635D FFED
@0000635E 0014
@0000635F FFEA
@00006360 0007
@00006361 FFFA
@00006362 FFE5
@00006363 FFF7
@00006364 FFF9
@00006365 FFF5
@00006366 FFEE
@00006367 0015
@00006368 0013
@00006369 FFEF
@0000636A FFFC
@0000636B 0005
@0000636C FFFA
@0000636D 0022
@0000636E FFFC
@0000636F FFDC
@00006370 0029
@00006371 0012
@00006372 FFE5
@00006373 0003
@00006374 0008
@00006375 FFE8
@00006376 0001
@00006377 FFF3
@00006378 FFF9
@00006379 FFE6
@0000637A FFE0
@0000637B 0018
@0000637C FFFB
@0000637D 0022
@0000637E 0004
@0000637F FFF1
@00006380 FFF3
@00006381 FFE3
@00006382 0025
@00006383 FFDC
@00006384 FFF9
@00006385 FFFD
@00006386 0000
@00006387 000D
@00006388 FFEB
@00006389 FFF0
@0000638A 000F
@0000638B FFF5
@0000638C 0004
@0000638D FFE1
@0000638E 000F
@0000638F FFFC
@00006390 000B
@00006391 000E
@00006392 FFF1
@00006393 FFF2
@00006394 FFF6
@00006395 0015
@00006396 0002
@00006397 FFFC
@00006398 001B
@00006399 FFFB
@0000639A FFD3
@0000639B 0000
@0000639C 0003
@0000639D FFF6
@0000639E FFFC
@0000639F 0009
@000063A0 FFDF
@000063A1 FFD0
@000063A2 000B
@000063A3 FFF6
@000063A4 FFEB
@000063A5 0005
@000063A6 0006
@000063A7 FFF0
@000063A8 FFFE
@000063A9 0001
@000063AA 0007
@000063AB FFF6
@000063AC FFFD
@000063AD FFE8
@000063AE 0019
@000063AF 001C
@000063B0 0006
@000063B1 0001
@000063B2 0015
@000063B3 0010
@000063B4 0024
@000063B5 FFEF
@000063B6 001A
@000063B7 0015
@000063B8 0024
@000063B9 000D
@000063BA FFFE
@000063BB 0008
@000063BC 0010
@000063BD 0001
@000063BE 000E
@000063BF FFF7
@000063C0 FFEE
@000063C1 001F
@000063C2 001A
@000063C3 FFEA
@000063C4 FFFA
@000063C5 0000
@000063C6 0003
@000063C7 0026
@000063C8 FFEC
@000063C9 FFEB
@000063CA 0013
@000063CB FFFB
@000063CC 0011
@000063CD 0017
@000063CE 0018
@000063CF 0003
@000063D0 0011
@000063D1 FFF3
@000063D2 FFFA
@000063D3 0015
@000063D4 FFF9
@000063D5 FFE5
@000063D6 FFF1
@000063D7 0009
@000063D8 FFF2
@000063D9 FFEA
@000063DA 0021
@000063DB 001E
@000063DC FFF1
@000063DD 001A
@000063DE FFFF
@000063DF 0011
@000063E0 FFE4
@000063E1 0016
@000063E2 FFF1
@000063E3 000F
@000063E4 FFD0
@000063E5 FFFF
@000063E6 FFF1
@000063E7 FFED
@000063E8 FFFE
@000063E9 0021
@000063EA FFE0
@000063EB FFED
@000063EC 001B
@000063ED FFF2
@000063EE FFFD
@000063EF FFF9
@000063F0 FFE8
@000063F1 000B
@000063F2 FFF4
@000063F3 FFFF
@000063F4 FFFE
@000063F5 0009
@000063F6 FFFF
@000063F7 FFF5
@000063F8 FFE3
@000063F9 0000
@000063FA 000B
@000063FB 0022
@000063FC 0009
@000063FD 0018
@000063FE 0016
@000063FF 0000
@00006400 000A
@00006401 FFE7
@00006402 FFEC
@00006403 0017
@00006404 002B
@00006405 0010
@00006406 FFDE
@00006407 FFE2
@00006408 0014
@00006409 0002
@0000640A FFF3
@0000640B FFC6
@0000640C 0012
@0000640D FFD7
@0000640E 0022
@0000640F FFE7
@00006410 0008
@00006411 0017
@00006412 0003
@00006413 FFEB
@00006414 002D
@00006415 0000
@00006416 FFE0
@00006417 0009
@00006418 0004
@00006419 FFFA
@0000641A 0003
@0000641B FFE4
@0000641C FFE6
@0000641D FFE9
@0000641E 0019
@0000641F 0026
@00006420 000C
@00006421 0006
@00006422 FFED
@00006423 001B
@00006424 FFF5
@00006425 FFED
@00006426 0003
@00006427 0018
@00006428 0001
@00006429 001B
@0000642A 000C
@0000642B FFE6
@0000642C 0025
@0000642D 000B
@0000642E FFEE
@0000642F FFF0
@00006430 FFF8
@00006431 0007
@00006432 FFE8
@00006433 FFE8
@00006434 0018
@00006435 FFFC
@00006436 000F
@00006437 FFFC
@00006438 0004
@00006439 001A
@0000643A 0005
@0000643B 0014
@0000643C FFEE
@0000643D FFEF
@0000643E FFF0
@0000643F FFE7
@00006440 0007
@00006441 0006
@00006442 0008
@00006443 0000
@00006444 0007
@00006445 0012
@00006446 0003
@00006447 FFEA
@00006448 0012
@00006449 FFE7
@0000644A 0035
@0000644B FFFD
@0000644C FFFE
@0000644D 001C
@0000644E 0004
@0000644F 0014
@00006450 FFF5
@00006451 FFF1
@00006452 FFE4
@00006453 FFE4
@00006454 FFF0
@00006455 000E
@00006456 000E
@00006457 0006
@00006458 FFFD
@00006459 FFF9
@0000645A FFE6
@0000645B FFED
@0000645C FFF1
@0000645D 0013
@0000645E FFF2
@0000645F 0003
@00006460 FFE6
@00006461 FFF0
@00006462 001B
@00006463 0000
@00006464 FFE6
@00006465 FFF8
@00006466 000E
@00006467 000B
@00006468 FFC5
@00006469 FFD1
@0000646A FFF8
@0000646B 000A
@0000646C FFC7
@0000646D 000E
@0000646E 0012
@0000646F 0009
@00006470 0000
@00006471 0008
@00006472 FFE5
@00006473 000A
@00006474 FFCD
@00006475 FFB8
@00006476 000F
@00006477 0019
@00006478 FFDB
@00006479 FFEF
@0000647A 000E
@0000647B FFF5
@0000647C 001D
@0000647D FFEA
@0000647E FFEA
@0000647F 000E
@00006480 0012
@00006481 FFE2
@00006482 001C
@00006483 FFDF
@00006484 0010
@00006485 0002
@00006486 FFF7
@00006487 FFE3
@00006488 0000
@00006489 003A
@0000648A 0014
@0000648B 0007
@0000648C 001D
@0000648D 0008
@0000648E 001A
@0000648F 000A
@00006490 0000
@00006491 FFDC
@00006492 0002
@00006493 FFF8
@00006494 0015
@00006495 000A
@00006496 FFF7
@00006497 FFF7
@00006498 0001
@00006499 0016
@0000649A 0010
@0000649B 0053
@0000649C 0013
@0000649D FFEA
@0000649E FFF0
@0000649F 000C
@000064A0 0010
@000064A1 FFF8
@000064A2 0023
@000064A3 0021
@000064A4 0016
@000064A5 003A
@000064A6 0017
@000064A7 0015
@000064A8 FFDC
@000064A9 0004
@000064AA 001E
@000064AB FFF6
@000064AC 0004
@000064AD 001D
@000064AE 000F
@000064AF FFEA
@000064B0 FFFE
@000064B1 0020
@000064B2 FFF8
@000064B3 FFFF
@000064B4 0003
@000064B5 FFDE
@000064B6 000E
@000064B7 0006
@000064B8 0000
@000064B9 FFEC
@000064BA 000A
@000064BB FFE6
@000064BC 0002
@000064BD 000D
@000064BE 0002
@000064BF 0021
@000064C0 FFC9
@000064C1 FFEE
@000064C2 0013
@000064C3 0008
@000064C4 FFD6
@000064C5 0007
@000064C6 003B
@000064C7 0000
@000064C8 FFF0
@000064C9 0015
@000064CA FFF5
@000064CB 0006
@000064CC 0013
@000064CD 0013
@000064CE FFE8
@000064CF FFDB
@000064D0 000C
@000064D1 FFF5
@000064D2 0009
@000064D3 FFFC
@000064D4 000A
@000064D5 FFDC
@000064D6 FFF3
@000064D7 FFE4
@000064D8 001E
@000064D9 FFEA
@000064DA FFE6
@000064DB 0001
@000064DC FFEE
@000064DD 0017
@000064DE 0010
@000064DF 0004
@000064E0 0008
@000064E1 FFE2
@000064E2 0011
@000064E3 FFE3
@000064E4 0001
@000064E5 FFDB
@000064E6 000F
@000064E7 0022
@000064E8 000D
@000064E9 0006
@000064EA 000C
@000064EB 0003
@000064EC FFF0
@000064ED FFFE
@000064EE 001A
@000064EF FFFE
@000064F0 FFE8
@000064F1 000F
@000064F2 FFEE
@000064F3 000B
@000064F4 FFF7
@000064F5 0006
@000064F6 FFF0
@000064F7 FFF4
@000064F8 0005
@000064F9 FFEC
@000064FA FFED
@000064FB FFF6
@000064FC FFE9
@000064FD 001A
@000064FE FFEE
@000064FF FFF6
@00006500 FFEB
@00006501 0011
@00006502 FFE7
@00006503 0016
@00006504 000A
@00006505 0005
@00006506 FFEE
@00006507 FFF7
@00006508 0010
@00006509 0030
@0000650A 0011
@0000650B FFDA
@0000650C 0001
@0000650D FFF7
@0000650E FFFF
@0000650F FFF2
@00006510 FFF9
@00006511 FFF5
@00006512 0028
@00006513 FFFA
@00006514 FFF8
@00006515 FFFC
@00006516 FFE9
@00006517 000C
@00006518 FFE4
@00006519 0007
@0000651A FFE8
@0000651B 0005
@0000651C FFFA
@0000651D FFFC
@0000651E 001F
@0000651F 0009
@00006520 0003
@00006521 FFF7
@00006522 000D
@00006523 FFEE
@00006524 000F
@00006525 FFEE
@00006526 000A
@00006527 FFF7
@00006528 FFFF
@00006529 0007
@0000652A 0006
@0000652B 0000
@0000652C FFFF
@0000652D 0002
@0000652E 0007
@0000652F FFFC
@00006530 FFE0
@00006531 FFEB
@00006532 FFF9
@00006533 001A
@00006534 FFF7
@00006535 FFEF
@00006536 0012
@00006537 000F
@00006538 FFE4
@00006539 FFF9
@0000653A FFFE
@0000653B 001E
@0000653C 0004
@0000653D FFE0
@0000653E 0000
@0000653F FFF0
@00006540 FFF7
@00006541 FFF9
@00006542 0010
@00006543 001D
@00006544 000D
@00006545 000B
@00006546 0006
@00006547 FFF2
@00006548 FFF0
@00006549 0000
@0000654A FFFD
@0000654B FFE8
@0000654C 0015
@0000654D 000E
@0000654E 0014
@0000654F 000E
@00006550 FFFC
@00006551 001F
@00006552 0000
@00006553 FFF5
@00006554 0001
@00006555 FFED
@00006556 0000
@00006557 000F
@00006558 FFE6
@00006559 001C
@0000655A 0020
@0000655B 0002
@0000655C FFE3
@0000655D FFEE
@0000655E FFF8
@0000655F FFFD
@00006560 FFEB
@00006561 FFF2
@00006562 FFFC
@00006563 001B
@00006564 FFE3
@00006565 FFE9
@00006566 FFE5
@00006567 FFE9
@00006568 FFF4
@00006569 001C
@0000656A 0021
@0000656B FFF1
@0000656C FFE6
@0000656D FFFE
@0000656E FFE6
@0000656F 0003
@00006570 FFF4
@00006571 FFF7
@00006572 000E
@00006573 0015
@00006574 FFEC
@00006575 001A
@00006576 FFFF
@00006577 FFED
@00006578 000E
@00006579 000E
@0000657A 0000
@0000657B 000F
@0000657C 0008
@0000657D FFEA
@0000657E 0010
@0000657F 0006
@00006580 FFF2
@00006581 0010
@00006582 FFF0
@00006583 FFE8
@00006584 0009
@00006585 FFE8
@00006586 FFFD
@00006587 FFF1
@00006588 0002
@00006589 FFEA
@0000658A 0013
@0000658B 0011
@0000658C 0011
@0000658D 0010
@0000658E FFF2
@0000658F 0000
@00006590 FFF7
@00006591 0019
@00006592 FFEC
@00006593 FFE4
@00006594 FFF2
@00006595 FFF5
@00006596 FFF4
@00006597 FFD4
@00006598 0015
@00006599 0015
@0000659A 000A
@0000659B FFC8
@0000659C FFE8
@0000659D 0006
@0000659E 0002
@0000659F FFE2
@000065A0 FFF5
@000065A1 0001
@000065A2 0008
@000065A3 000F
@000065A4 0029
@000065A5 0004
@000065A6 FFF6
@000065A7 FFE9
@000065A8 0021
@000065A9 0003
@000065AA FFF4
@000065AB 0008
@000065AC FFF6
@000065AD 000C
@000065AE FFEC
@000065AF 0021
@000065B0 000A
@000065B1 FFFE
@000065B2 0007
@000065B3 0002
@000065B4 FFD4
@000065B5 FFED
@000065B6 001D
@000065B7 000E
@000065B8 FFF0
@000065B9 FFEB
@000065BA 000B
@000065BB 0005
@000065BC 000C
@000065BD 0017
@000065BE FFF4
@000065BF FFF3
@000065C0 0007
@000065C1 0033
@000065C2 0000
@000065C3 FFEC
@000065C4 0007
@000065C5 FFCA
@000065C6 0021
@000065C7 000B
@000065C8 FFD7
@000065C9 FFFD
@000065CA 0016
@000065CB FFF3
@000065CC FFF7
@000065CD FFDC
@000065CE 0018
@000065CF 000F
@000065D0 0020
@000065D1 000E
@000065D2 FFE5
@000065D3 FFD2
@000065D4 0022
@000065D5 FFD4
@000065D6 0009
@000065D7 000B
@000065D8 0002
@000065D9 0017
@000065DA FFCD
@000065DB 0004
@000065DC 0014
@000065DD FFDA
@000065DE FFDC
@000065DF 0010
@000065E0 002B
@000065E1 FFFF
@000065E2 FFE9
@000065E3 000B
@000065E4 0020
@000065E5 0007
@000065E6 0002
@000065E7 FFF7
@000065E8 0019
@000065E9 0008
@000065EA FFF9
@000065EB 000C
@000065EC FFED
@000065ED FFF1
@000065EE 000B
@000065EF 000C
@000065F0 FFE6
@000065F1 0008
@000065F2 FFFC
@000065F3 0000
@000065F4 0000
@000065F5 0018
@000065F6 FFFA
@000065F7 FFED
@000065F8 FFDB
@000065F9 FFD3
@000065FA FFFD
@000065FB 0014
@000065FC FFFE
@000065FD FFF3
@000065FE 0018
@000065FF 002A
@00006600 FFEE
@00006601 0004
@00006602 FFED
@00006603 0004
@00006604 0009
@00006605 FFF5
@00006606 0003
@00006607 0002
@00006608 FFF9
@00006609 FFEE
@0000660A 0020
@0000660B 000E
@0000660C 0027
@0000660D FFE9
@0000660E FFFA
@0000660F 000B
@00006610 000A
@00006611 0002
@00006612 FFF3
@00006613 FFDF
@00006614 0012
@00006615 0003
@00006616 FFFB
@00006617 FFD6
@00006618 FFF1
@00006619 000F
@0000661A 001E
@0000661B FFF7
@0000661C 0003
@0000661D 0005
@0000661E FFF9
@0000661F FFF9
@00006620 FFEA
@00006621 FFF9
@00006622 0018
@00006623 0011
@00006624 FFEE
@00006625 001C
@00006626 FFE8
@00006627 0007
@00006628 FFE9
@00006629 FFF8
@0000662A 0003
@0000662B FFFE
@0000662C 0008
@0000662D FFEB
@0000662E FFE6
@0000662F 000D
@00006630 000A
@00006631 FFEB
@00006632 0026
@00006633 0019
@00006634 0003
@00006635 0021
@00006636 001F
@00006637 0011
@00006638 FFDB
@00006639 FFF1
@0000663A FFF4
@0000663B 0000
@0000663C 0014
@0000663D FFEC
@0000663E FFE4
@0000663F FFF2
@00006640 FFEC
@00006641 0005
@00006642 FFEE
@00006643 FFE4
@00006644 FFFE
@00006645 0015
@00006646 0019
@00006647 FFF5
@00006648 FFF5
@00006649 FFF6
@0000664A FFE2
@0000664B FFE7
@0000664C FFEE
@0000664D FFF0
@0000664E 000D
@0000664F 0011
@00006650 000B
@00006651 0000
@00006652 0019
@00006653 FFFA
@00006654 000C
@00006655 000D
@00006656 0018
@00006657 0000
@00006658 0017
@00006659 FFF4
@0000665A FFF3
@0000665B 0004
@0000665C FFE7
@0000665D FFF2
@0000665E 0004
@0000665F FFF6
@00006660 FFDD
@00006661 0007
@00006662 FFEF
@00006663 FFE9
@00006664 0005
@00006665 0011
@00006666 0003
@00006667 001B
@00006668 FFF2
@00006669 0003
@0000666A FFF2
@0000666B FFEC
@0000666C FFFB
@0000666D 0001
@0000666E 0020
@0000666F FFDF
@00006670 FFEB
@00006671 FFF0
@00006672 FFFF
@00006673 FFE5
@00006674 FFFE
@00006675 FFFE
@00006676 0002
@00006677 0010
@00006678 FFF5
@00006679 FFF6
@0000667A FFFC
@0000667B FFF1
@0000667C 0007
@0000667D FFFE
@0000667E FFF6
@0000667F FFDB
@00006680 FFEE
@00006681 0025
@00006682 0010
@00006683 0016
@00006684 0012
@00006685 FFDC
@00006686 FFEC
@00006687 FFF3
@00006688 FFD4
@00006689 000A
@0000668A FFF5
@0000668B FFFE
@0000668C 0019
@0000668D FFEF
@0000668E FFEA
@0000668F 0018
@00006690 FFE8
@00006691 FFE6
@00006692 FFF0
@00006693 FFF0
@00006694 FFFD
@00006695 FFFA
@00006696 FFFE
@00006697 FFF6
@00006698 FFEA
@00006699 FFF4
@0000669A 0033
@0000669B FFF1
@0000669C FFCB
@0000669D FFFB
@0000669E FFED
@0000669F 000B
@000066A0 0018
@000066A1 0021
@000066A2 0002
@000066A3 FFF3
@000066A4 FFF5
@000066A5 0011
@000066A6 0003
@000066A7 FFE2
@000066A8 0003
@000066A9 0018
@000066AA FFED
@000066AB 0009
@000066AC FFFB
@000066AD 0016
@000066AE 0014
@000066AF 0025
@000066B0 000C
@000066B1 FFF5
@000066B2 FFE8
@000066B3 000B
@000066B4 FFFA
@000066B5 FFE2
@000066B6 0016
@000066B7 0019
@000066B8 FFFF
@000066B9 FFE9
@000066BA 002F
@000066BB 0000
@000066BC 0003
@000066BD 0003
@000066BE 0011
@000066BF FFF9
@000066C0 001E
@000066C1 003A
@000066C2 FFEB
@000066C3 FFEC
@000066C4 001B
@000066C5 000C
@000066C6 FFF8
@000066C7 0022
@000066C8 FFF3
@000066C9 0004
@000066CA 0018
@000066CB FFDF
@000066CC 000C
@000066CD 0024
@000066CE FFE5
@000066CF FFF2
@000066D0 0021
@000066D1 000D
@000066D2 FFDD
@000066D3 FFF2
@000066D4 0002
@000066D5 FFFE
@000066D6 FFFF
@000066D7 FFD4
@000066D8 FFF8
@000066D9 FFED
@000066DA 0018
@000066DB 0018
@000066DC 000A
@000066DD FFFB
@000066DE 0005
@000066DF 0032
@000066E0 0004
@000066E1 FFD1
@000066E2 FFF4
@000066E3 0000
@000066E4 FFF7
@000066E5 001C
@000066E6 000E
@000066E7 FFF4
@000066E8 000A
@000066E9 000D
@000066EA FFF7
@000066EB 0002
@000066EC 0004
@000066ED FFEC
@000066EE FFEE
@000066EF FFF1
@000066F0 FFFD
@000066F1 0008
@000066F2 FFFE
@000066F3 FFF3
@000066F4 0011
@000066F5 0019
@000066F6 FFFD
@000066F7 0006
@000066F8 FFE7
@000066F9 0002
@000066FA FFF4
@000066FB FFE0
@000066FC FFF1
@000066FD FFF4
@000066FE 0003
@000066FF FFED
@00006700 002A
@00006701 FFF7
@00006702 000E
@00006703 FFF8
@00006704 FFE3
@00006705 FFDA
@00006706 0024
@00006707 FFF1
@00006708 FFF9
@00006709 FFEC
@0000670A 001B
@0000670B 0022
@0000670C FFE2
@0000670D FFF0
@0000670E FFF0
@0000670F 0006
@00006710 0026
@00006711 FFE8
@00006712 000A
@00006713 FFF1
@00006714 FFF0
@00006715 0006
@00006716 FFFE
@00006717 FFE6
@00006718 FFFF
@00006719 0006
@0000671A 001A
@0000671B FFF2
@0000671C FFFA
@0000671D 0000
@0000671E 0010
@0000671F 0000
@00006720 FFE3
@00006721 FFFD
@00006722 003A
@00006723 FFEE
@00006724 FFFA
@00006725 FFB9
@00006726 FFFE
@00006727 0011
@00006728 FFFE
@00006729 FFF2
@0000672A FFE5
@0000672B 0008
@0000672C 0006
@0000672D FFF6
@0000672E FFF4
@0000672F 000B
@00006730 001A
@00006731 FFE9
@00006732 0015
@00006733 0007
@00006734 FFCE
@00006735 0003
@00006736 0033
@00006737 FFD5
@00006738 FFFA
@00006739 0014
@0000673A 0013
@0000673B 0018
@0000673C FFD5
@0000673D FFF5
@0000673E 0005
@0000673F 0000
@00006740 0003
@00006741 000D
@00006742 001F
@00006743 FFEC
@00006744 0001
@00006745 0013
@00006746 FFEE
@00006747 001B
@00006748 FFF0
@00006749 FFF1
@0000674A FFF4
@0000674B FFEB
@0000674C 0012
@0000674D 001B
@0000674E 0007
@0000674F 0024
@00006750 FFEA
@00006751 0010
@00006752 FFEE
@00006753 0006
@00006754 FFF4
@00006755 0003
@00006756 FFA9
@00006757 0018
@00006758 FFDF
@00006759 0017
@0000675A FFC5
@0000675B 0005
@0000675C 0003
@0000675D 0002
@0000675E 000D
@0000675F 0017
@00006760 0036
@00006761 0025
@00006762 FFE6
@00006763 006F
@00006764 FFD0
@00006765 FFEF
@00006766 FFF7
@00006767 0008
@00006768 FFF6
@00006769 000B
@0000676A 0028
@0000676B FFF3
@0000676C 0000
@0000676D FFE0
@0000676E 000A
@0000676F FFDE
@00006770 001C
@00006771 0040
@00006772 0075
@00006773 000E
@00006774 0017
@00006775 FFEF
@00006776 0029
@00006777 FFE4
@00006778 FFEF
@00006779 000F
@0000677A 0008
@0000677B FFE8
@0000677C 001A
@0000677D FFE4
@0000677E 000D
@0000677F 0003
@00006780 002D
@00006781 FFF2
@00006782 00F7
@00006783 0000
@00006784 FFDE
@00006785 FFF8
@00006786 FFFB
@00006787 0012
@00006788 002E
@00006789 001E
@0000678A FFF2
@0000678B FFDA
@0000678C 0026
@0000678D FFF6
@0000678E 000B
@0000678F FFE3
@00006790 0016
@00006791 0008
@00006792 000E
@00006793 FFDA
@00006794 FFFD
@00006795 FFE9
@00006796 0006
@00006797 FFFE
@00006798 FFEE
@00006799 0011
@0000679A FFD6
@0000679B FFFB
@0000679C FFDF
@0000679D 0016
@0000679E 0007
@0000679F FFF2
@000067A0 FFF6
@000067A1 003A
@000067A2 FFF9
@000067A3 001C
@000067A4 FFF4
@000067A5 FFF4
@000067A6 FFE9
@000067A7 0017
@000067A8 0017
@000067A9 0001
@000067AA FFFE
@000067AB 0002
@000067AC FFEC
@000067AD 000B
@000067AE 0011
@000067AF 0005
@000067B0 0012
@000067B1 FFEB
@000067B2 0003
@000067B3 000E
@000067B4 FFFC
@000067B5 FFEC
@000067B6 FFF2
@000067B7 FFF9
@000067B8 0020
@000067B9 0022
@000067BA 0004
@000067BB 0022
@000067BC 0014
@000067BD 0028
@000067BE FFE8
@000067BF 0006
@000067C0 FFFE
@000067C1 FFEF
@000067C2 FFE0
@000067C3 FFFD
@000067C4 0036
@000067C5 0004
@000067C6 FFE1
@000067C7 0009
@000067C8 0012
@000067C9 0005
@000067CA FFEB
@000067CB FFFD
@000067CC 000C
@000067CD FFFA
@000067CE 0024
@000067CF FFF1
@000067D0 0008
@000067D1 0014
@000067D2 FFFF
@000067D3 001F
@000067D4 FFFE
@000067D5 FFFD
@000067D6 FFE5
@000067D7 0008
@000067D8 001D
@000067D9 FFD6
@000067DA FFFC
@000067DB 0016
@000067DC FFF0
@000067DD 0020
@000067DE FFEF
@000067DF FFFC
@000067E0 FFFF
@000067E1 FFFA
@000067E2 001A
@000067E3 0000
@000067E4 FFF4
@000067E5 0004
@000067E6 0016
@000067E7 0000
@000067E8 0009
@000067E9 FFEE
@000067EA FFFE
@000067EB 000F
@000067EC 0026
@000067ED 0019
@000067EE FFE4
@000067EF FFF7
@000067F0 0003
@000067F1 0000
@000067F2 FFF9
@000067F3 FFF2
@000067F4 001C
@000067F5 0006
@000067F6 FFF9
@000067F7 FFF1
@000067F8 FFFB
@000067F9 0016
@000067FA 000A
@000067FB 000D
@000067FC 0012
@000067FD 0001
@000067FE 0005
@000067FF 0012
@00006800 FFF3
@00006801 FFEF
@00006802 FFE8
@00006803 0003
@00006804 FFFD
@00006805 0007
@00006806 000B
@00006807 0028
@00006808 FFFF
@00006809 000A
@0000680A 000B
@0000680B 000B
@0000680C 001C
@0000680D FFD9
@0000680E 000A
@0000680F FFF7
@00006810 FFF7
@00006811 FFF5
@00006812 FFF6
@00006813 FFFE
@00006814 0017
@00006815 FFEF
@00006816 FFEA
@00006817 FFFC
@00006818 FFF3
@00006819 0004
@0000681A 000D
@0000681B 0013
@0000681C FFF0
@0000681D FFF2
@0000681E 001A
@0000681F FFD2
@00006820 0011
@00006821 0007
@00006822 000E
@00006823 0004
@00006824 0003
@00006825 0003
@00006826 FFDB
@00006827 FFE4
@00006828 FFFC
@00006829 0000
@0000682A 000F
@0000682B 0000
@0000682C 0030
@0000682D 000C
@0000682E FFF6
@0000682F 0000
@00006830 FFFD
@00006831 000C
@00006832 0005
@00006833 000D
@00006834 0008
@00006835 0012
@00006836 FFF7
@00006837 FFF0
@00006838 FFF8
@00006839 000B
@0000683A FFED
@0000683B FFF5
@0000683C 0005
@0000683D 0013
@0000683E 000A
@0000683F FFEF
@00006840 000D
@00006841 000E
@00006842 FFE8
@00006843 FFE8
@00006844 001B
@00006845 0014
@00006846 0001
@00006847 000A
@00006848 FFFC
@00006849 0017
@0000684A 0009
@0000684B 0000
@0000684C 0014
@0000684D FFEB
@0000684E 000B
@0000684F 0012
@00006850 FFFE
@00006851 FFF8
@00006852 0009
@00006853 0038
@00006854 FFF0
@00006855 FFEC
@00006856 FFEF
@00006857 0023
@00006858 0029
@00006859 FFE5
@0000685A FFFF
@0000685B 000E
@0000685C 001B
@0000685D FFE5
@0000685E FFDA
@0000685F 000B
@00006860 000A
@00006861 FFED
@00006862 000C
@00006863 0016
@00006864 FFE2
@00006865 0001
@00006866 0003
@00006867 FFF0
@00006868 0013
@00006869 FFF5
@0000686A 0002
@0000686B FFED
@0000686C 000E
@0000686D FFED
@0000686E 0018
@0000686F 000B
@00006870 FFEC
@00006871 FFF1
@00006872 FFF2
@00006873 FFF2
@00006874 FFFD
@00006875 FFFA
@00006876 0009
@00006877 0013
@00006878 000E
@00006879 FFE7
@0000687A 0014
@0000687B 0006
@0000687C 0011
@0000687D 0004
@0000687E 0012
@0000687F 0013
@00006880 0013
@00006881 0004
@00006882 FFFF
@00006883 FFE8
@00006884 FFF9
@00006885 000A
@00006886 0009
@00006887 0020
@00006888 FFE0
@00006889 0011
@0000688A 000E
@0000688B 000C
@0000688C FFDF
@0000688D 002B
@0000688E 001F
@0000688F 003F
@00006890 FFC7
@00006891 0014
@00006892 FFE2
@00006893 0000
@00006894 0002
@00006895 000B
@00006896 0021
@00006897 0005
@00006898 0018
@00006899 0017
@0000689A FFF0
@0000689B FFE2
@0000689C 0002
@0000689D FFE8
@0000689E 001F
@0000689F FFF5
@000068A0 FFD4
@000068A1 0000
@000068A2 FFE0
@000068A3 000A
@000068A4 FFDF
@000068A5 0009
@000068A6 000C
@000068A7 0015
@000068A8 FFED
@000068A9 0007
@000068AA FFFE
@000068AB 0002
@000068AC 001E
@000068AD 000F
@000068AE 002F
@000068AF 0000
@000068B0 FFE9
@000068B1 000C
@000068B2 002A
@000068B3 FFFC
@000068B4 001E
@000068B5 000B
@000068B6 FFDC
@000068B7 0001
@000068B8 FFFC
@000068B9 FFF0
@000068BA 0002
@000068BB FFF5
@000068BC 000E
@000068BD 001B
@000068BE FFFB
@000068BF FFF5
@000068C0 001A
@000068C1 0018
@000068C2 FFED
@000068C3 FFFA
@000068C4 FFFF
@000068C5 FFFE
@000068C6 0018
@000068C7 0009
@000068C8 FFF5
@000068C9 000A
@000068CA 000F
@000068CB FFE8
@000068CC 0009
@000068CD FFDD
@000068CE FFE9
@000068CF FFF8
@000068D0 FFF9
@000068D1 FFE6
@000068D2 FFEE
@000068D3 0002
@000068D4 0001
@000068D5 FFF6
@000068D6 FFF2
@000068D7 FFE9
@000068D8 0012
@000068D9 FFF8
@000068DA FFFE
@000068DB FFDB
@000068DC 000F
@000068DD FFDA
@000068DE 0000
@000068DF FFFD
@000068E0 001B
@000068E1 FFEA
@000068E2 000B
@000068E3 0005
@000068E4 0003
@000068E5 0026
@000068E6 0004
@000068E7 FFFA
@000068E8 0017
@000068E9 0004
@000068EA FFE1
@000068EB FFDF
@000068EC FFF5
@000068ED FFF4
@000068EE FFF3
@000068EF FFF6
@000068F0 000A
@000068F1 FFED
@000068F2 0020
@000068F3 FFF3
@000068F4 FFDC
@000068F5 0018
@000068F6 FFFE
@000068F7 FFE3
@000068F8 FFDB
@000068F9 FFE8
@000068FA FFF0
@000068FB 0015
@000068FC FFF9
@000068FD FFF1
@000068FE FFF9
@000068FF 0007
@00006900 FFF5
@00006901 FFF5
@00006902 001F
@00006903 FFE1
@00006904 0019
@00006905 0002
@00006906 0005
@00006907 000A
@00006908 FFFD
@00006909 000E
@0000690A FFEA
@0000690B FFED
@0000690C 0004
@0000690D 0009
@0000690E 0002
@0000690F FFEE
@00006910 0021
@00006911 0000
@00006912 0030
@00006913 0000
@00006914 FFE1
@00006915 FFFD
@00006916 0000
@00006917 0009
@00006918 0019
@00006919 FFFA
@0000691A 0009
@0000691B FFE7
@0000691C 0000
@0000691D FFFD
@0000691E 0012
@0000691F FFD8
@00006920 FFE7
@00006921 FFE0
@00006922 0007
@00006923 0006
@00006924 0013
@00006925 FFEB
@00006926 FFEB
@00006927 0013
@00006928 FFF9
@00006929 0005
@0000692A 0021
@0000692B FFE3
@0000692C FFE7
@0000692D FFE5
@0000692E FFEC
@0000692F 000F
@00006930 0003
@00006931 FFD5
@00006932 001C
@00006933 002D
@00006934 0024
@00006935 0006
@00006936 0018
@00006937 FFCB
@00006938 0001
@00006939 0018
@0000693A FFE6
@0000693B 0025
@0000693C 0004
@0000693D 0008
@0000693E 0024
@0000693F FFF4
@00006940 0011
@00006941 FFDE
@00006942 FFEA
@00006943 0004
@00006944 FFE6
@00006945 FFFC
@00006946 0014
@00006947 000B
@00006948 FFF4
@00006949 FFB7
@0000694A FFE4
@0000694B 0026
@0000694C FFCF
@0000694D FFDE
@0000694E FFCF
@0000694F FFFD
@00006950 FFD5
@00006951 FFE9
@00006952 0015
@00006953 FFF7
@00006954 FFC8
@00006955 003D
@00006956 0013
@00006957 FFF5
@00006958 0006
@00006959 FFE9
@0000695A FFFE
@0000695B 0001
@0000695C 0020
@0000695D 0017
@0000695E 0019
@0000695F 001F
@00006960 000E
@00006961 FFF7
@00006962 0008
@00006963 FFF8
@00006964 0019
@00006965 FFEA
@00006966 0018
@00006967 FFF5
@00006968 0002
@00006969 FFF8
@0000696A FFEF
@0000696B 001A
@0000696C 000D
@0000696D FFDD
@0000696E FFDD
@0000696F FFF8
@00006970 FFEF
@00006971 FFE1
@00006972 000B
@00006973 000A
@00006974 FFD7
@00006975 FFD8
@00006976 0069
@00006977 0000
@00006978 0002
@00006979 FFFA
@0000697A 0004
@0000697B 0009
@0000697C FFDE
@0000697D FFF8
@0000697E 0013
@0000697F 001C
@00006980 FFF8
@00006981 FFFD
@00006982 0011
@00006983 FFEB
@00006984 FFE8
@00006985 0012
@00006986 0006
@00006987 001D
@00006988 FFDE
@00006989 FFEC
@0000698A 0004
@0000698B FFFC
@0000698C FFF8
@0000698D 0016
@0000698E FFFC
@0000698F FFFC
@00006990 0000
@00006991 001B
@00006992 FFEB
@00006993 001C
@00006994 001B
@00006995 0011
@00006996 FFF7
@00006997 FFD9
@00006998 FFFB
@00006999 0003
@0000699A 0012
@0000699B 0000
@0000699C FFEC
@0000699D 000B
@0000699E FFF0
@0000699F FFE9
@000069A0 0007
@000069A1 FFFF
@000069A2 0005
@000069A3 0014
@000069A4 0004
@000069A5 0011
@000069A6 0021
@000069A7 FFF5
@000069A8 FFF1
@000069A9 0003
@000069AA FFF2
@000069AB 0000
@000069AC FFFE
@000069AD FFE9
@000069AE FFF6
@000069AF 0002
@000069B0 0008
@000069B1 0004
@000069B2 0009
@000069B3 FFE4
@000069B4 000D
@000069B5 FFED
@000069B6 000F
@000069B7 001C
@000069B8 FFE7
@000069B9 FFFC
@000069BA 001B
@000069BB FFEE
@000069BC FFD8
@000069BD FFFA
@000069BE 001C
@000069BF FFF3
@000069C0 0009
@000069C1 0006
@000069C2 FFEA
@000069C3 000E
@000069C4 FFF3
@000069C5 0010
@000069C6 FFF8
@000069C7 FFE4
@000069C8 FFF2
@000069C9 FFD3
@000069CA 0011
@000069CB 0009
@000069CC FFE2
@000069CD FFF5
@000069CE FFDC
@000069CF 0013
@000069D0 FFFF
@000069D1 0013
@000069D2 000F
@000069D3 FFFF
@000069D4 FFE2
@000069D5 0002
@000069D6 0015
@000069D7 0022
@000069D8 000D
@000069D9 001B
@000069DA FFE4
@000069DB 0000
@000069DC 0016
@000069DD 0014
@000069DE 0006
@000069DF FFE2
@000069E0 002F
@000069E1 001F
@000069E2 000C
@000069E3 FFF7
@000069E4 0017
@000069E5 000A
@000069E6 FFF1
@000069E7 FFFD
@000069E8 FFFE
@000069E9 FFF1
@000069EA FFED
@000069EB 0004
@000069EC FFEC
@000069ED FFF1
@000069EE FFF3
@000069EF 0020
@000069F0 0003
@000069F1 001E
@000069F2 FFFD
@000069F3 000F
@000069F4 FFE8
@000069F5 0003
@000069F6 000A
@000069F7 FFE5
@000069F8 0010
@000069F9 FFF2
@000069FA 0004
@000069FB 000A
@000069FC 0000
@000069FD 001C
@000069FE FFFF
@000069FF 0016
@00006A00 FFED
@00006A01 FFD8
@00006A02 FFF3
@00006A03 0008
@00006A04 0007
@00006A05 001A
@00006A06 000F
@00006A07 001A
@00006A08 FFE9
@00006A09 FFFD
@00006A0A 0013
@00006A0B 0017
@00006A0C FFF0
@00006A0D FFF9
@00006A0E 0013
@00006A0F FFFE
@00006A10 FFFA
@00006A11 FFF5
@00006A12 FFDC
@00006A13 000B
@00006A14 0004
@00006A15 FFE6
@00006A16 001C
@00006A17 FFFF
@00006A18 0014
@00006A19 FFFD
@00006A1A 0004
@00006A1B FFF5
@00006A1C 0003
@00006A1D FFFD
@00006A1E FFE5
@00006A1F FFEF
@00006A20 001C
@00006A21 FFE6
@00006A22 0021
@00006A23 0007
@00006A24 FFF5
@00006A25 FFF3
@00006A26 0025
@00006A27 000B
@00006A28 FFFD
@00006A29 FFFE
@00006A2A FFEA
@00006A2B 0011
@00006A2C FFFD
@00006A2D FFD5
@00006A2E 001B
@00006A2F 000F
@00006A30 000B
@00006A31 0011
@00006A32 0016
@00006A33 FFF9
@00006A34 FFFC
@00006A35 0002
@00006A36 FFFD
@00006A37 FFFB
@00006A38 FFE5
@00006A39 0023
@00006A3A FFEF
@00006A3B 0005
@00006A3C FFF9
@00006A3D 0018
@00006A3E FFFD
@00006A3F 0000
@00006A40 0004
@00006A41 FFE7
@00006A42 0001
@00006A43 001B
@00006A44 0003
@00006A45 FFF9
@00006A46 FFEA
@00006A47 002A
@00006A48 0026
@00006A49 FFED
@00006A4A 0012
@00006A4B FFFE
@00006A4C 0008
@00006A4D 000B
@00006A4E 0005
@00006A4F 0015
@00006A50 FFEE
@00006A51 FFF2
@00006A52 0004
@00006A53 0013
@00006A54 0018
@00006A55 FFFA
@00006A56 0019
@00006A57 FFF8
@00006A58 0003
@00006A59 FFF1
@00006A5A FFF7
@00006A5B FFE8
@00006A5C 0017
@00006A5D FFF7
@00006A5E 0002
@00006A5F FFFA
@00006A60 0015
@00006A61 0008
@00006A62 001B
@00006A63 FFFB
@00006A64 0000
@00006A65 FFE8
@00006A66 000F
@00006A67 0013
@00006A68 FFFB
@00006A69 0024
@00006A6A 0015
@00006A6B FFE8
@00006A6C 001C
@00006A6D FFF7
@00006A6E FFE7
@00006A6F FFF4
@00006A70 FFF9
@00006A71 FFF3
@00006A72 FFF9
@00006A73 0007
@00006A74 0016
@00006A75 FFF5
@00006A76 FFFA
@00006A77 FFFC
@00006A78 FFEE
@00006A79 FFFC
@00006A7A 0012
@00006A7B 0007
@00006A7C 0008
@00006A7D FFED
@00006A7E 0024
@00006A7F 0003
@00006A80 FFCE
@00006A81 0017
@00006A82 0035
@00006A83 002D
@00006A84 FFD5
@00006A85 FFF7
@00006A86 FFEB
@00006A87 FFEC
@00006A88 0003
@00006A89 0013
@00006A8A 0020
@00006A8B FFEE
@00006A8C FFF6
@00006A8D 0006
@00006A8E FFEE
@00006A8F FFE6
@00006A90 FFF0
@00006A91 FFEF
@00006A92 0001
@00006A93 000C
@00006A94 FFE8
@00006A95 0015
@00006A96 000D
@00006A97 FFFF
@00006A98 FFF5
@00006A99 FFEC
@00006A9A FFED
@00006A9B 000A
@00006A9C FFF5
@00006A9D FFE6
@00006A9E FFF7
@00006A9F FFFA
@00006AA0 FFF6
@00006AA1 0011
@00006AA2 0012
@00006AA3 0000
@00006AA4 001A
@00006AA5 FFE5
@00006AA6 FFFC
@00006AA7 0006
@00006AA8 000A
@00006AA9 0027
@00006AAA FFE2
@00006AAB 0013
@00006AAC 0023
@00006AAD FFFD
@00006AAE FFFC
@00006AAF FFF1
@00006AB0 001A
@00006AB1 FFFB
@00006AB2 0013
@00006AB3 FFF6
@00006AB4 0020
@00006AB5 FFF4
@00006AB6 FFFB
@00006AB7 000D
@00006AB8 000A
@00006AB9 0002
@00006ABA 0000
@00006ABB FFF6
@00006ABC FFFB
@00006ABD FFE6
@00006ABE FFFF
@00006ABF FFE8
@00006AC0 FFE7
@00006AC1 FFD3
@00006AC2 FFF5
@00006AC3 FFE8
@00006AC4 FFF0
@00006AC5 FFFC
@00006AC6 0014
@00006AC7 0021
@00006AC8 FFFB
@00006AC9 FFF4
@00006ACA FFE6
@00006ACB 0003
@00006ACC FFE9
@00006ACD 0012
@00006ACE FFE6
@00006ACF 000B
@00006AD0 0005
@00006AD1 0003
@00006AD2 FFE9
@00006AD3 FFFA
@00006AD4 FFEF
@00006AD5 FFEE
@00006AD6 FFE3
@00006AD7 FFF6
@00006AD8 FFEE
@00006AD9 FFE6
@00006ADA 0005
@00006ADB FFF7
@00006ADC FFEE
@00006ADD 001D
@00006ADE FFFC
@00006ADF 0019
@00006AE0 FFE5
@00006AE1 001B
@00006AE2 FFE9
@00006AE3 FFDF
@00006AE4 001D
@00006AE5 FFEC
@00006AE6 FFEC
@00006AE7 FFF1
@00006AE8 002D
@00006AE9 001D
@00006AEA 0013
@00006AEB 0008
@00006AEC 0014
@00006AED 0009
@00006AEE 000D
@00006AEF 0009
@00006AF0 0018
@00006AF1 0006
@00006AF2 FFFA
@00006AF3 0007
@00006AF4 FFDF
@00006AF5 0005
@00006AF6 FFDD
@00006AF7 000D
@00006AF8 0022
@00006AF9 0018
@00006AFA 000F
@00006AFB FFEC
@00006AFC 000A
@00006AFD 0018
@00006AFE FFF5
@00006AFF FFF4
@00006B00 FFFB
@00006B01 FFFF
@00006B02 FFF9
@00006B03 000C
@00006B04 002B
@00006B05 001A
@00006B06 0002
@00006B07 0000
@00006B08 0007
@00006B09 0016
@00006B0A FFE9
@00006B0B FFE3
@00006B0C FFF3
@00006B0D FFF3
@00006B0E 0005
@00006B0F FFF4
@00006B10 0002
@00006B11 0009
@00006B12 FFF3
@00006B13 FFCA
@00006B14 0014
@00006B15 FFF5
@00006B16 FFDB
@00006B17 FFE8
@00006B18 FFF0
@00006B19 FFF0
@00006B1A 0016
@00006B1B FFE3
@00006B1C FFE9
@00006B1D 0013
@00006B1E FFFC
@00006B1F FFDF
@00006B20 0007
@00006B21 FFF3
@00006B22 FFE6
@00006B23 000F
@00006B24 0028
@00006B25 FFF8
@00006B26 0030
@00006B27 0024
@00006B28 0009
@00006B29 001A
@00006B2A FFEF
@00006B2B 0004
@00006B2C 000D
@00006B2D 000B
@00006B2E FFFE
@00006B2F 0000
@00006B30 FFE6
@00006B31 FFCF
@00006B32 FFEA
@00006B33 FFFA
@00006B34 FFEF
@00006B35 FFFD
@00006B36 FFEB
@00006B37 0015
@00006B38 000B
@00006B39 0000
@00006B3A FFF1
@00006B3B FFF7
@00006B3C FFEA
@00006B3D FFF3
@00006B3E 0014
@00006B3F 000B
@00006B40 0007
@00006B41 FFF5
@00006B42 001A
@00006B43 0006
@00006B44 000A
@00006B45 FFEF
@00006B46 0006
@00006B47 0003
@00006B48 002B
@00006B49 0011
@00006B4A 0003
@00006B4B FFCE
@00006B4C 002C
@00006B4D FFFE
@00006B4E 001D
@00006B4F FFFD
@00006B50 000D
@00006B51 FFFD
@00006B52 0000
@00006B53 0015
@00006B54 0016
@00006B55 0009
@00006B56 FFE4
@00006B57 0008
@00006B58 0001
@00006B59 FFEF
@00006B5A FFEA
@00006B5B 000E
@00006B5C FFF7
@00006B5D FFFB
@00006B5E FFFC
@00006B5F 001D
@00006B60 FFFC
@00006B61 0003
@00006B62 0000
@00006B63 FFD4
@00006B64 FFEA
@00006B65 0009
@00006B66 FFF1
@00006B67 0012
@00006B68 FFE7
@00006B69 0008
@00006B6A 0002
@00006B6B 0000
@00006B6C 0008
@00006B6D FFFD
@00006B6E 000C
@00006B6F 0006
@00006B70 0014
@00006B71 FFD7
@00006B72 FFE0
@00006B73 001A
@00006B74 FFDD
@00006B75 0007
@00006B76 FFEC
@00006B77 0025
@00006B78 002D
@00006B79 FFF4
@00006B7A FFFC
@00006B7B 0002
@00006B7C FFFC
@00006B7D 0015
@00006B7E FFE6
@00006B7F 000B
@00006B80 0008
@00006B81 001A
@00006B82 0029
@00006B83 000A
@00006B84 FFF8
@00006B85 0010
@00006B86 0012
@00006B87 FFDF
@00006B88 FFDA
@00006B89 FFD9
@00006B8A FFEE
@00006B8B FFFC
@00006B8C FFF4
@00006B8D FFFB
@00006B8E 0014
@00006B8F 0015
@00006B90 0013
@00006B91 0005
@00006B92 FFF6
@00006B93 FFB9
@00006B94 0000
@00006B95 0020
@00006B96 FFE9
@00006B97 FFF0
@00006B98 0021
@00006B99 FFDC
@00006B9A FFEA
@00006B9B 0020
@00006B9C FFF9
@00006B9D 000F
@00006B9E FFFD
@00006B9F 0021
@00006BA0 FFFB
@00006BA1 000D
@00006BA2 0004
@00006BA3 FFF6
@00006BA4 000A
@00006BA5 001C
@00006BA6 FFE7
@00006BA7 0019
@00006BA8 FFE6
@00006BA9 0004
@00006BAA 0019
@00006BAB FFE4
@00006BAC FFB1
@00006BAD 0005
@00006BAE 005E
@00006BAF 0004
@00006BB0 FFEF
@00006BB1 0011
@00006BB2 FFE7
@00006BB3 FFF4
@00006BB4 0023
@00006BB5 0016
@00006BB6 0021
@00006BB7 0011
@00006BB8 FFEC
@00006BB9 001A
@00006BBA 0000
@00006BBB FFD5
@00006BBC FFF4
@00006BBD 0021
@00006BBE 001E
@00006BBF FFE4
@00006BC0 0017
@00006BC1 000C
@00006BC2 FFE7
@00006BC3 FFEB
@00006BC4 FFD4
@00006BC5 FFED
@00006BC6 0007
@00006BC7 FFEA
@00006BC8 FFCC
@00006BC9 0016
@00006BCA FFFE
@00006BCB FFF1
@00006BCC 000F
@00006BCD FFF6
@00006BCE 001F
@00006BCF 0000
@00006BD0 FFF2
@00006BD1 FFF0
@00006BD2 0000
@00006BD3 000B
@00006BD4 0027
@00006BD5 0030
@00006BD6 FFFD
@00006BD7 FFFA
@00006BD8 002C
@00006BD9 0016
@00006BDA FFEF
@00006BDB FFDD
@00006BDC 0018
@00006BDD 000C
@00006BDE FFE3
@00006BDF 0010
@00006BE0 0008
@00006BE1 0017
@00006BE2 0011
@00006BE3 0022
@00006BE4 000B
@00006BE5 000F
@00006BE6 0004
@00006BE7 002A
@00006BE8 0018
@00006BE9 FFD1
@00006BEA FFF3
@00006BEB 0009
@00006BEC FFF1
@00006BED FFDF
@00006BEE FFE9
@00006BEF 0008
@00006BF0 FFD9
@00006BF1 0023
@00006BF2 001D
@00006BF3 FFF2
@00006BF4 FFF2
@00006BF5 FFDB
@00006BF6 0029
@00006BF7 FFFB
@00006BF8 000F
@00006BF9 FFE5
@00006BFA 0012
@00006BFB 0015
@00006BFC FFE2
@00006BFD 0005
@00006BFE 001E
@00006BFF 0013
@00006C00 FFE9
@00006C01 FFF5
@00006C02 002E
@00006C03 FFDC
@00006C04 FFED
@00006C05 FFEA
@00006C06 FFF8
@00006C07 FFF0
@00006C08 FFFD
@00006C09 FFDE
@00006C0A 001F
@00006C0B FFDF
@00006C0C 0009
@00006C0D FFEE
@00006C0E 0007
@00006C0F 0014
@00006C10 0001
@00006C11 0017
@00006C12 001D
@00006C13 FFF2
@00006C14 0024
@00006C15 FFF0
@00006C16 0026
@00006C17 000B
@00006C18 000D
@00006C19 FFF3
@00006C1A 0020
@00006C1B 0015
@00006C1C 0001
@00006C1D FFE9
@00006C1E FFF5
@00006C1F FFFA
@00006C20 FFF2
@00006C21 FFEA
@00006C22 000D
@00006C23 FFF8
@00006C24 FFF7
@00006C25 FFF7
@00006C26 0009
@00006C27 FFEE
@00006C28 0020
@00006C29 000E
@00006C2A 001A
@00006C2B 0013
@00006C2C 0013
@00006C2D 0009
@00006C2E FFED
@00006C2F FFFD
@00006C30 0000
@00006C31 0015
@00006C32 0001
@00006C33 0000
@00006C34 0000
@00006C35 0008
@00006C36 000C
@00006C37 FFFE
@00006C38 FFF8
@00006C39 0002
@00006C3A FFEC
@00006C3B 0018
@00006C3C 000C
@00006C3D FFFA
@00006C3E 000C
@00006C3F 0003
@00006C40 FFC9
@00006C41 FFEA
@00006C42 0007
@00006C43 0013
@00006C44 FFE6
@00006C45 0004
@00006C46 FFD4
@00006C47 FFDD
@00006C48 FFE4
@00006C49 FFDF
@00006C4A FFE6
@00006C4B FFE5
@00006C4C 0004
@00006C4D 002B
@00006C4E 0004
@00006C4F FFE5
@00006C50 001F
@00006C51 0014
@00006C52 FFFD
@00006C53 FFDA
@00006C54 0016
@00006C55 FFE5
@00006C56 000C
@00006C57 FFF7
@00006C58 002A
@00006C59 FFFF
@00006C5A FFF2
@00006C5B FFFE
@00006C5C FFF7
@00006C5D 0024
@00006C5E FFF2
@00006C5F FFF6
@00006C60 002A
@00006C61 FFEB
@00006C62 FFDA
@00006C63 0007
@00006C64 FFEF
@00006C65 FFE1
@00006C66 FFCF
@00006C67 0038
@00006C68 0017
@00006C69 0026
@00006C6A FFF1
@00006C6B 000F
@00006C6C FFFC
@00006C6D FFEB
@00006C6E FFF3
@00006C6F FFFE
@00006C70 FFDE
@00006C71 0003
@00006C72 FFF2
@00006C73 0004
@00006C74 0017
@00006C75 000C
@00006C76 FFEF
@00006C77 0004
@00006C78 FFDE
@00006C79 FFFB
@00006C7A FFD0
@00006C7B FFF1
@00006C7C FFF8
@00006C7D FFFC
@00006C7E FFDA
@00006C7F FFD2
@00006C80 002A
@00006C81 FFF7
@00006C82 FFFE
@00006C83 000A
@00006C84 000A
@00006C85 0000
@00006C86 FFF6
@00006C87 FFE7
@00006C88 FFFE
@00006C89 FFF6
@00006C8A 0002
@00006C8B 0012
@00006C8C FFF2
@00006C8D 0013
@00006C8E FFEF
@00006C8F FFF6
@00006C90 FFF6
@00006C91 FFE1
@00006C92 0033
@00006C93 FFEF
@00006C94 FFEC
@00006C95 FFFD
@00006C96 FFF0
@00006C97 0000
@00006C98 FFF4
@00006C99 0014
@00006C9A 001D
@00006C9B FFF2
@00006C9C 0014
@00006C9D 0027
@00006C9E FFED
@00006C9F FFFA
@00006CA0 000B
@00006CA1 FFFE
@00006CA2 FFFA
@00006CA3 0010
@00006CA4 0011
@00006CA5 0010
@00006CA6 000A
@00006CA7 FFFC
@00006CA8 FFF2
@00006CA9 FFFD
@00006CAA 0014
@00006CAB FFFC
@00006CAC FFF1
@00006CAD 001B
@00006CAE 0014
@00006CAF 000F
@00006CB0 FFE9
@00006CB1 0000
@00006CB2 FFEF
@00006CB3 FFF9
@00006CB4 0011
@00006CB5 FFD4
@00006CB6 FFF0
@00006CB7 FFEF
@00006CB8 000F
@00006CB9 0010
@00006CBA 001B
@00006CBB 0012
@00006CBC 0015
@00006CBD FFEE
@00006CBE 0018
@00006CBF 0012
@00006CC0 0002
@00006CC1 0015
@00006CC2 0015
@00006CC3 0010
@00006CC4 000C
@00006CC5 FFEC
@00006CC6 FFFA
@00006CC7 0002
@00006CC8 0017
@00006CC9 FFF2
@00006CCA 001C
@00006CCB FFE8
@00006CCC FFF8
@00006CCD FFEA
@00006CCE FFEF
@00006CCF FFEB
@00006CD0 FFEC
@00006CD1 0003
@00006CD2 0006
@00006CD3 FFE3
@00006CD4 001C
@00006CD5 0003
@00006CD6 FFEC
@00006CD7 FFFE
@00006CD8 001F
@00006CD9 0029
@00006CDA 000D
@00006CDB FFEF
@00006CDC 0006
@00006CDD FFFF
@00006CDE 0016
@00006CDF FFF9
@00006CE0 FFF0
@00006CE1 FFED
@00006CE2 0013
@00006CE3 0009
@00006CE4 FFED
@00006CE5 0008
@00006CE6 FFEA
@00006CE7 0010
@00006CE8 0002
@00006CE9 FFED
@00006CEA FFFE
@00006CEB FFE7
@00006CEC 0000
@00006CED 0005
@00006CEE 0021
@00006CEF 000D
@00006CF0 FFF1
@00006CF1 0016
@00006CF2 FFFF
@00006CF3 FFF3
@00006CF4 FFF2
@00006CF5 001C
@00006CF6 FFF4
@00006CF7 FFE0
@00006CF8 FFE9
@00006CF9 FFE9
@00006CFA FFFF
@00006CFB 0000
@00006CFC FFF1
@00006CFD FFFF
@00006CFE 0013
@00006CFF 000B
@00006D00 0038
@00006D01 002B
@00006D02 FFE4
@00006D03 002C
@00006D04 0004
@00006D05 0006
@00006D06 FFE6
@00006D07 000C
@00006D08 000A
@00006D09 FFDF
@00006D0A 0015
@00006D0B FFFB
@00006D0C 000A
@00006D0D 001D
@00006D0E FFD6
@00006D0F FFF1
@00006D10 FFE1
@00006D11 000E
@00006D12 FFF0
@00006D13 FFFD
@00006D14 FFDB
@00006D15 FFFA
@00006D16 FFE1
@00006D17 FFD9
@00006D18 FFDB
@00006D19 FFFF
@00006D1A FFD3
@00006D1B FFEB
@00006D1C 0018
@00006D1D 000B
@00006D1E FFE9
@00006D1F FFF7
@00006D20 0008
@00006D21 FFD7
@00006D22 FFE1
@00006D23 FFF6
@00006D24 FFEC
@00006D25 0009
@00006D26 FFEF
@00006D27 0007
@00006D28 0023
@00006D29 FFEF
@00006D2A 000B
@00006D2B 0000
@00006D2C FFE7
@00006D2D FFDF
@00006D2E FFFD
@00006D2F FFEF
@00006D30 FFEB
@00006D31 0027
@00006D32 FFFF
@00006D33 FFBA
@00006D34 000E
@00006D35 0015
@00006D36 0007
@00006D37 FFF3
@00006D38 FFF0
@00006D39 0007
@00006D3A 0004
@00006D3B 0003
@00006D3C FFCE
@00006D3D FFDB
@00006D3E FFFB
@00006D3F 002E
@00006D40 000B
@00006D41 0017
@00006D42 FFE3
@00006D43 0014
@00006D44 0001
@00006D45 FFE3
@00006D46 FFFB
@00006D47 FFE4
@00006D48 FFFD
@00006D49 FFF4
@00006D4A 0012
@00006D4B 0006
@00006D4C 0001
@00006D4D 0006
@00006D4E FFF8
@00006D4F FFDE
@00006D50 0009
@00006D51 FFE1
@00006D52 FFEC
@00006D53 FFEE
@00006D54 0006
@00006D55 0000
@00006D56 0001
@00006D57 0003
@00006D58 0009
@00006D59 FFF6
@00006D5A 001A
@00006D5B FFF0
@00006D5C FFF4
@00006D5D FFFB
@00006D5E 0010
@00006D5F 0000
@00006D60 0005
@00006D61 FFF6
@00006D62 FFF9
@00006D63 FFFB
@00006D64 0008
@00006D65 002B
@00006D66 FFE7
@00006D67 0001
@00006D68 FFFE
@00006D69 FFEC
@00006D6A FFEC
@00006D6B FFE0
@00006D6C 001C
@00006D6D FFE1
@00006D6E FFF2
@00006D6F FFEB
@00006D70 001E
@00006D71 0004
@00006D72 FFF7
@00006D73 FFE9
@00006D74 001C
@00006D75 001B
@00006D76 FFF8
@00006D77 0018
@00006D78 FFF7
@00006D79 FFF9
@00006D7A 0000
@00006D7B 000D
@00006D7C 000C
@00006D7D FFEE
@00006D7E FFFB
@00006D7F 0009
@00006D80 0006
@00006D81 FFF8
@00006D82 0009
@00006D83 0011
@00006D84 000E
@00006D85 0004
@00006D86 0014
@00006D87 002D
@00006D88 0014
@00006D89 FFF7
@00006D8A 0005
@00006D8B 000C
@00006D8C FFF4
@00006D8D FFFF
@00006D8E 0007
@00006D8F 0006
@00006D90 FFF1
@00006D91 0011
@00006D92 0012
@00006D93 FFE4
@00006D94 FFFE
@00006D95 0007
@00006D96 FFE2
@00006D97 FFF6
@00006D98 0008
@00006D99 FFF7
@00006D9A 0008
@00006D9B FFF4
@00006D9C FFEC
@00006D9D 0018
@00006D9E FFDF
@00006D9F 0007
@00006DA0 001E
@00006DA1 0010
@00006DA2 FFE4
@00006DA3 0019
@00006DA4 000F
@00006DA5 FFEE
@00006DA6 FFED
@00006DA7 0010
@00006DA8 FFED
@00006DA9 0003
@00006DAA 000E
@00006DAB FFF3
@00006DAC 0017
@00006DAD FFFB
@00006DAE FFEA
@00006DAF 0013
@00006DB0 FFF2
@00006DB1 0016
@00006DB2 FFDC
@00006DB3 FFEA
@00006DB4 0006
@00006DB5 000B
@00006DB6 0028
@00006DB7 0007
@00006DB8 001B
@00006DB9 FFF6
@00006DBA FFE7
@00006DBB FFF9
@00006DBC FFFD
@00006DBD FFF4
@00006DBE FFE0
@00006DBF FFF0
@00006DC0 FFFD
@00006DC1 001C
@00006DC2 FFFC
@00006DC3 0000
@00006DC4 FFDB
@00006DC5 FFF7
@00006DC6 FFFC
@00006DC7 0010
@00006DC8 004D
@00006DC9 FFFC
@00006DCA FFFB
@00006DCB 000B
@00006DCC FFF5
@00006DCD FFF9
@00006DCE 0004
@00006DCF FFE1
@00006DD0 FFEE
@00006DD1 FFE8
@00006DD2 0008
@00006DD3 FFEA
@00006DD4 FFFB
@00006DD5 FFEA
@00006DD6 FFE2
@00006DD7 000D
@00006DD8 FFFB
@00006DD9 0000
@00006DDA FFE6
@00006DDB FFDF
@00006DDC FFD9
@00006DDD FFF0
@00006DDE FFFC
@00006DDF FFDC
@00006DE0 0013
@00006DE1 0020
@00006DE2 FFF2
@00006DE3 001A
@00006DE4 0017
@00006DE5 FFF1
@00006DE6 FFF5
@00006DE7 0009
@00006DE8 FFF2
@00006DE9 FFEE
@00006DEA FFF8
@00006DEB FFFD
@00006DEC FFED
@00006DED 000A
@00006DEE FFE2
@00006DEF FFE3
@00006DF0 001C
@00006DF1 FFFB
@00006DF2 FFE7
@00006DF3 FFE9
@00006DF4 0002
@00006DF5 FFFE
@00006DF6 FFFC
@00006DF7 FFF3
@00006DF8 0017
@00006DF9 0032
@00006DFA 000E
@00006DFB 0005
@00006DFC FFF5
@00006DFD FFFA
@00006DFE 0014
@00006DFF FFEE
@00006E00 FFFA
@00006E01 FFDE
@00006E02 0003
@00006E03 FFDA
@00006E04 0017
@00006E05 000D
@00006E06 FFD5
@00006E07 0012
@00006E08 0022
@00006E09 0010
@00006E0A FFEF
@00006E0B FFF5
@00006E0C 0005
@00006E0D FFE4
@00006E0E 0027
@00006E0F 0014
@00006E10 FFF7
@00006E11 000E
@00006E12 0022
@00006E13 FFFD
@00006E14 FFF0
@00006E15 0034
@00006E16 000B
@00006E17 FFF6
@00006E18 FFF7
@00006E19 FFEF
@00006E1A 0002
@00006E1B FFF7
@00006E1C FFF7
@00006E1D FFF8
@00006E1E FFD7
@00006E1F 0013
@00006E20 FFE6
@00006E21 0016
@00006E22 001D
@00006E23 001A
@00006E24 FFE0
@00006E25 0011
@00006E26 FFFD
@00006E27 0000
@00006E28 FFC7
@00006E29 FFFF
@00006E2A FFFC
@00006E2B 0018
@00006E2C FFAF
@00006E2D 0013
@00006E2E FFE7
@00006E2F 001C
@00006E30 001B
@00006E31 0017
@00006E32 FFF1
@00006E33 002F
@00006E34 FFEE
@00006E35 FFE4
@00006E36 001A
@00006E37 FFD7
@00006E38 0039
@00006E39 FFED
@00006E3A FFF1
@00006E3B FFDD
@00006E3C FFFF
@00006E3D FFED
@00006E3E 0026
@00006E3F FFE7
@00006E40 FF9E
@00006E41 001C
@00006E42 FFD6
@00006E43 FFD6
@00006E44 FFEC
@00006E45 FFEB
@00006E46 000E
@00006E47 001D
@00006E48 FFCE
@00006E49 0011
@00006E4A FFF5
@00006E4B 0010
@00006E4C 0009
@00006E4D FFCE
@00006E4E FFD5
@00006E4F 0014
@00006E50 FFD6
@00006E51 0014
@00006E52 FFD5
@00006E53 FFFE
@00006E54 0011
@00006E55 FFEC
@00006E56 FFEB
@00006E57 FFF7
@00006E58 0005
@00006E59 0001
@00006E5A 0002
@00006E5B 0006
@00006E5C FFC6
@00006E5D 0008
@00006E5E FFE2
@00006E5F 0010
@00006E60 FFF2
@00006E61 0003
@00006E62 0008
@00006E63 000E
@00006E64 FFE0
@00006E65 FFFA
@00006E66 000E
@00006E67 FFF8
@00006E68 0013
@00006E69 002F
@00006E6A 003B
@00006E6B 0037
@00006E6C 0005
@00006E6D FFCD
@00006E6E 0006
@00006E6F 0008
@00006E70 0006
@00006E71 FFEA
@00006E72 0064
@00006E73 0050
@00006E74 FFE3
@00006E75 0005
@00006E76 FFEE
@00006E77 FFF0
@00006E78 FFDB
@00006E79 0060
@00006E7A 0013
@00006E7B FFE9
@00006E7C 0013
@00006E7D 0010
@00006E7E 0024
@00006E7F 001B
@00006E80 FFDE
@00006E81 0014
@00006E82 0011
@00006E83 001D
@00006E84 0020
@00006E85 0004
@00006E86 FFE9
@00006E87 FFF8
@00006E88 0014
@00006E89 000D
@00006E8A 0038
@00006E8B 0000
@00006E8C FFF7
@00006E8D FFD9
@00006E8E 0004
@00006E8F FFEE
@00006E90 0028
@00006E91 FFF3
@00006E92 0017
@00006E93 0012
@00006E94 FFCD
@00006E95 FFEC
@00006E96 0014
@00006E97 0027
@00006E98 FFD7
@00006E99 0011
@00006E9A 001B
@00006E9B 0008
@00006E9C 0000
@00006E9D 0000
@00006E9E FFE4
@00006E9F FFCD
@00006EA0 FFF9
@00006EA1 0000
@00006EA2 000C
@00006EA3 FFC6
@00006EA4 FFE3
@00006EA5 003A
@00006EA6 FFE9
@00006EA7 FFCF
@00006EA8 FFE2
@00006EA9 FFCC
@00006EAA FFEF
@00006EAB FFE2
@00006EAC 0017
@00006EAD FFD9
@00006EAE FFF7
@00006EAF 000C
@00006EB0 FFF2
@00006EB1 000F
@00006EB2 FFE1
@00006EB3 FFE6
@00006EB4 FFFE
@00006EB5 0000
@00006EB6 FFCA
@00006EB7 FFE7
@00006EB8 003C
@00006EB9 FFED
@00006EBA FFF6
@00006EBB 0012
@00006EBC 0021
@00006EBD 0019
@00006EBE FFD8
@00006EBF 0043
@00006EC0 0009
@00006EC1 0011
@00006EC2 000D
@00006EC3 FFF1
@00006EC4 0011
@00006EC5 FFF8
@00006EC6 FFDD
@00006EC7 000A
@00006EC8 FFCD
@00006EC9 FFFA
@00006ECA FFD8
@00006ECB FFD7
@00006ECC 001D
@00006ECD FFD5
@00006ECE FFE9
@00006ECF FFDF
@00006ED0 0026
@00006ED1 0020
@00006ED2 FFC4
@00006ED3 FFE0
@00006ED4 0004
@00006ED5 FFDC
@00006ED6 FFE3
@00006ED7 FFC6
@00006ED8 000A
@00006ED9 FFF8
@00006EDA 000C
@00006EDB 0005
@00006EDC FFE6
@00006EDD 000C
@00006EDE FFF5
@00006EDF FFE0
@00006EE0 FFFC
@00006EE1 0001
@00006EE2 000C
@00006EE3 000E
@00006EE4 FFEF
@00006EE5 000D
@00006EE6 FFEF
@00006EE7 FFEE
@00006EE8 0013
@00006EE9 FFE2
@00006EEA 005C
@00006EEB FFD7
@00006EEC FFFE
@00006EED FFD0
@00006EEE FFFD
@00006EEF 0000
@00006EF0 0007
@00006EF1 FFE3
@00006EF2 000D
@00006EF3 FFE1
@00006EF4 002A
@00006EF5 FFFE
@00006EF6 FFEB
@00006EF7 0011
@00006EF8 0008
@00006EF9 FFAD
@00006EFA 000D
@00006EFB 001D
@00006EFC FFB3
@00006EFD FFCC
@00006EFE 0040
@00006EFF FFF9
@00006F00 000E
@00006F01 FFDD
@00006F02 FFE6
@00006F03 FFB9
@00006F04 FFC7
@00006F05 FFFD
@00006F06 FFD0
@00006F07 FFA9
@00006F08 FFC7
@00006F09 0037
@00006F0A 000E
@00006F0B FFD1
@00006F0C FFDA
@00006F0D 0043
@00006F0E 000D
@00006F0F 0023
@00006F10 0012
@00006F11 FFBE
@00006F12 FFEC
@00006F13 0021
@00006F14 0020
@00006F15 FFD9
@00006F16 FFC7
@00006F17 FFEE
@00006F18 FFDE
@00006F19 0041
@00006F1A FFB3
@00006F1B FFD7
@00006F1C 0053
@00006F1D FFD7
@00006F1E FFC2
@00006F1F FFE4
@00006F20 0008
@00006F21 FFFD
@00006F22 FFCE
@00006F23 0048
@00006F24 0015
@00006F25 0035
@00006F26 FFE9
@00006F27 FFBC
@00006F28 0025
@00006F29 0001
@00006F2A FFD4
@00006F2B 0022
@00006F2C FFBD
@00006F2D FFE8
@00006F2E FFD4
@00006F2F FFBF
@00006F30 0015
@00006F31 001A
@00006F32 FFD4
@00006F33 0024
@00006F34 FFDC
@00006F35 0026
@00006F36 FFB6
@00006F37 FFF8
@00006F38 0004
@00006F39 FFC0
@00006F3A 001E
@00006F3B FFE3
@00006F3C 0038
@00006F3D 0009
@00006F3E 0022
@00006F3F FFF8
@00006F40 FFD5
@00006F41 002C
@00006F42 FFF5
@00006F43 FFDB
@00006F44 FFEF
@00006F45 FFD2
@00006F46 002C
@00006F47 003A
@00006F48 FFDD
@00006F49 0010
@00006F4A FFB8
@00006F4B 000F
@00006F4C 000F
@00006F4D FFC8
@00006F4E 002E
@00006F4F FFEB
@00006F50 0003
@00006F51 FFD8
@00006F52 007A
@00006F53 0000
@00006F54 FFFC
@00006F55 FFF9
@00006F56 FFE4
@00006F57 0000
@00006F58 001A
@00006F59 0048
@00006F5A FFF5
@00006F5B 0037
@00006F5C FFFD
@00006F5D 0005
@00006F5E FFCA
@00006F5F 004D
@00006F60 0037
@00006F61 FFF1
@00006F62 000D
@00006F63 0021
@00006F64 0048
@00006F65 FFD6
@00006F66 FFEB
@00006F67 000C
@00006F68 FFE3
@00006F69 001F
@00006F6A 000B
@00006F6B 0015
@00006F6C FFF1
@00006F6D FFD5
@00006F6E FFFC
@00006F6F FFD2
@00006F70 FFEA
@00006F71 0001
@00006F72 FFFC
@00006F73 FFFB
@00006F74 FFA9
@00006F75 000D
@00006F76 0005
@00006F77 0008
@00006F78 FFF3
@00006F79 FFB4
@00006F7A 0001
@00006F7B 000E
@00006F7C FFF7
@00006F7D 000D
@00006F7E FFFE
@00006F7F 0022
@00006F80 FFE1
@00006F81 0035
@00006F82 0026
@00006F83 000A
@00006F84 FFEF
@00006F85 001D
@00006F86 0029
@00006F87 FFFA
@00006F88 FFAE
@00006F89 FFE0
@00006F8A FFF0
@00006F8B FFAB
@00006F8C FFFD
@00006F8D FFEF
@00006F8E 002B
@00006F8F FFD8
@00006F90 001F
@00006F91 004A
@00006F92 001A
@00006F93 0004
@00006F94 FFC3
@00006F95 FFF9
@00006F96 0044
@00006F97 0082
@00006F98 FFF0
@00006F99 FFB9
@00006F9A 0030
@00006F9B 002B
@00006F9C 0004
@00006F9D FFFC
@00006F9E 0029
@00006F9F 0054
@00006FA0 FFE0
@00006FA1 FFF2
@00006FA2 FFD3
@00006FA3 FFFA
@00006FA4 0001
@00006FA5 0072
@00006FA6 0006
@00006FA7 0001
@00006FA8 FFD1
@00006FA9 FFFC
@00006FAA FFE6
@00006FAB FFF0
@00006FAC 0010
@00006FAD FFD4
@00006FAE 0028
@00006FAF 0072
@00006FB0 0011
@00006FB1 0022
@00006FB2 FFCB
@00006FB3 0033
@00006FB4 0036
@00006FB5 0013
@00006FB6 003D
@00006FB7 0000
@00006FB8 0004
@00006FB9 FFF9
@00006FBA FFEB
@00006FBB 0016
@00006FBC 0022
@00006FBD 0013
@00006FBE 0006
@00006FBF FFEE
@00006FC0 0030
@00006FC1 FFF2
@00006FC2 0026
@00006FC3 000F
@00006FC4 FFF4
@00006FC5 FFF2
@00006FC6 0026
@00006FC7 FFE3
@00006FC8 FFEE
@00006FC9 0007
@00006FCA 0005
@00006FCB FFD1
@00006FCC 0033
@00006FCD FFE9
@00006FCE FFEA
@00006FCF FFD3
@00006FD0 FFD5
@00006FD1 002C
@00006FD2 0018
@00006FD3 FFE8
@00006FD4 000F
@00006FD5 002F
@00006FD6 001A
@00006FD7 FFFB
@00006FD8 FFFA
@00006FD9 FFEF
@00006FDA FFE9
@00006FDB 0012
@00006FDC 0030
@00006FDD FFDC
@00006FDE FFE4
@00006FDF 0020
@00006FE0 FFDD
@00006FE1 0000
@00006FE2 FFDE
@00006FE3 FFF2
@00006FE4 0017
@00006FE5 FFE3
@00006FE6 FFE7
@00006FE7 FFE9
@00006FE8 0017
@00006FE9 FFE6
@00006FEA FFE8
@00006FEB 0013
@00006FEC 001F
@00006FED 0000
@00006FEE 0019
@00006FEF 0010
@00006FF0 0010
@00006FF1 001D
@00006FF2 FFFE
@00006FF3 0029
@00006FF4 FFE6
@00006FF5 FFDC
@00006FF6 FFED
@00006FF7 FFFB
@00006FF8 FFE2
@00006FF9 FFFC
@00006FFA FFF9
@00006FFB FFDA
@00006FFC 001B
@00006FFD 0025
@00006FFE FFF8
@00006FFF FFE4
@00007000 0003
@00007001 0006
@00007002 0013
@00007003 FFD4
@00007004 0000
@00007005 FFF9
@00007006 0016
@00007007 0013
@00007008 FFDD
@00007009 0013
@0000700A FFD7
@0000700B FFEF
@0000700C 001C
@0000700D FFE6
@0000700E 0018
@0000700F 0017
@00007010 FFF2
@00007011 FFFE
@00007012 FFD1
@00007013 0005
@00007014 000B
@00007015 FFE7
@00007016 0012
@00007017 FFF0
@00007018 0003
@00007019 FFD7
@0000701A FFF2
@0000701B 0000
@0000701C 0012
@0000701D FFF6
@0000701E FFE2
@0000701F 0017
@00007020 0032
@00007021 FFE5
@00007022 FFE4
@00007023 FFDA
@00007024 FFC9
@00007025 FFCE
@00007026 0027
@00007027 0015
@00007028 FFDD
@00007029 FFD8
@0000702A 0015
@0000702B FFDF
@0000702C 000C
@0000702D FFEC
@0000702E FFE8
@0000702F FFC8
@00007030 FFF8
@00007031 FFF0
@00007032 FFF6
@00007033 FFEE
@00007034 FFDC
@00007035 004B
@00007036 FFF9
@00007037 FFF4
@00007038 0003
@00007039 0011
@0000703A 0025
@0000703B FFEF
@0000703C 0034
@0000703D FFC7
@0000703E FFF6
@0000703F 0001
@00007040 000C
@00007041 000C
@00007042 FFE7
@00007043 FFDB
@00007044 FFD8
@00007045 0019
@00007046 FFCD
@00007047 FFD9
@00007048 0028
@00007049 FFF0
@0000704A FFE0
@0000704B FFF3
@0000704C 0012
@0000704D FFE9
@0000704E FFC0
@0000704F 0035
@00007050 0015
@00007051 0031
@00007052 FFFC
@00007053 003B
@00007054 FFF9
@00007055 FFF7
@00007056 FFCA
@00007057 0020
@00007058 FFD6
@00007059 0000
@0000705A FFE2
@0000705B FFCA
@0000705C 0005
@0000705D FFF1
@0000705E FFFB
@0000705F FFFB
@00007060 FFDA
@00007061 0025
@00007062 FFE2
@00007063 FFFF
@00007064 001A
@00007065 FFFE
@00007066 FFFC
@00007067 FFE2
@00007068 0023
@00007069 FFFE
@0000706A 000F
@0000706B FFF8
@0000706C FFE3
@0000706D 0005
@0000706E FFDD
@0000706F FFDA
@00007070 0000
@00007071 FFE2
@00007072 0022
@00007073 0028
@00007074 FFDA
@00007075 002B
@00007076 FFCC
@00007077 0025
@00007078 FFEC
@00007079 FFCB
@0000707A 002C
@0000707B FFE7
@0000707C FFE1
@0000707D FFDE
@0000707E 0032
@0000707F 0000
@00007080 FFE4
@00007081 000D
@00007082 FFDD
@00007083 FFF1
@00007084 001D
@00007085 FFFC
@00007086 FFE7
@00007087 FFDD
@00007088 FFBC
@00007089 FFE4
@0000708A 0020
@0000708B 0007
@0000708C FFEF
@0000708D FFDD
@0000708E 001F
@0000708F 000E
@00007090 FFE8
@00007091 FFE9
@00007092 FFEA
@00007093 FFD6
@00007094 0009
@00007095 0013
@00007096 001E
@00007097 0004
@00007098 FFEF
@00007099 0029
@0000709A 0025
@0000709B 0001
@0000709C FFE7
@0000709D FFD4
@0000709E 001A
@0000709F FFF3
@000070A0 0018
@000070A1 FFEC
@000070A2 FFF5
@000070A3 0003
@000070A4 FFFD
@000070A5 001F
@000070A6 0002
@000070A7 0029
@000070A8 FFE8
@000070A9 000F
@000070AA FFFD
@000070AB FFD9
@000070AC 001B
@000070AD FFDA
@000070AE FFD9
@000070AF FFDD
@000070B0 0019
@000070B1 FFE7
@000070B2 FFD9
@000070B3 0003
@000070B4 0024
@000070B5 0020
@000070B6 FFF3
@000070B7 003D
@000070B8 FFE4
@000070B9 FFFA
@000070BA FFD4
@000070BB 001A
@000070BC FFD0
@000070BD 001D
@000070BE FFEF
@000070BF FFEB
@000070C0 FFF7
@000070C1 001B
@000070C2 0005
@000070C3 FFF6
@000070C4 FFDD
@000070C5 FFE8
@000070C6 FFE1
@000070C7 FFE9
@000070C8 FFF6
@000070C9 002D
@000070CA FFEF
@000070CB 0007
@000070CC 002A
@000070CD 0006
@000070CE 0019
@000070CF FFFC
@000070D0 FFF8
@000070D1 FFDA
@000070D2 FFDD
@000070D3 0003
@000070D4 FFF3
@000070D5 001D
@000070D6 0035
@000070D7 0010
@000070D8 FFDD
@000070D9 0008
@000070DA FFF4
@000070DB FFDA
@000070DC FFFA
@000070DD FFE8
@000070DE FFEA
@000070DF FFDC
@000070E0 0003
@000070E1 FFD3
@000070E2 FFE2
@000070E3 0000
@000070E4 FFFB
@000070E5 000F
@000070E6 FFF6
@000070E7 0001
@000070E8 0021
@000070E9 FFEE
@000070EA FFE0
@000070EB 0010
@000070EC FFEB
@000070ED FFF9
@000070EE 0026
@000070EF FFF0
@000070F0 FFCA
@000070F1 FFE7
@000070F2 0034
@000070F3 FFD6
@000070F4 0008
@000070F5 0020
@000070F6 FFF2
@000070F7 FFDF
@000070F8 002A
@000070F9 0012
@000070FA FFF5
@000070FB FFD0
@000070FC FFC2
@000070FD 000A
@000070FE FFFB
@000070FF FFD0
@00007100 FFF0
@00007101 0015
@00007102 0009
@00007103 FFF3
@00007104 0032
@00007105 FFD1
@00007106 FFE6
@00007107 0021
@00007108 001E
@00007109 0014
@0000710A FFDA
@0000710B 000A
@0000710C FFF4
@0000710D 002F
@0000710E FFFB
@0000710F FFE5
@00007110 0023
@00007111 FFC4
@00007112 FFE3
@00007113 FFD5
@00007114 0012
@00007115 FFE1
@00007116 FFC4
@00007117 000E
@00007118 0022
@00007119 FFF7
@0000711A 0005
@0000711B 0004
@0000711C FFED
@0000711D 0010
@0000711E FFD3
@0000711F 0020
@00007120 FFD2
@00007121 0005
@00007122 FFFD
@00007123 FFED
@00007124 0017
@00007125 0013
@00007126 0005
@00007127 FFD9
@00007128 0005
@00007129 000F
@0000712A FFCA
@0000712B FFF3
@0000712C 0011
@0000712D 000F
@0000712E FFFD
@0000712F FFE3
@00007130 0034
@00007131 0014
@00007132 000E
@00007133 000A
@00007134 FFE5
@00007135 FFE9
@00007136 000F
@00007137 FFD5
@00007138 FFFD
@00007139 FFF0
@0000713A 0053
@0000713B 002D
@0000713C FFEA
@0000713D 0006
@0000713E FFE9
@0000713F 0005
@00007140 0002
@00007141 FFD4
@00007142 002A
@00007143 0001
@00007144 0009
@00007145 FFED
@00007146 0020
@00007147 0000
@00007148 000D
@00007149 FFF7
@0000714A 0001
@0000714B FFF3
@0000714C 0045
@0000714D 001E
@0000714E FFF3
@0000714F FFFC
@00007150 0009
@00007151 FFFB
@00007152 0006
@00007153 004D
@00007154 FFD3
@00007155 FFF9
@00007156 FFFB
@00007157 000F
@00007158 FFF3
@00007159 FFFC
@0000715A FFE6
@0000715B FFE7
@0000715C 000E
@0000715D FFE6
@0000715E FFEC
@0000715F FFDF
@00007160 000F
@00007161 0003
@00007162 FFF2
@00007163 FFF2
@00007164 0000
@00007165 0019
@00007166 0005
@00007167 FFFB
@00007168 0005
@00007169 FFF5
@0000716A 000F
@0000716B 0001
@0000716C FFF9
@0000716D FFEC
@0000716E FFEF
@0000716F 000B
@00007170 FFE6
@00007171 FFE6
@00007172 FFF2
@00007173 FFF2
@00007174 0024
@00007175 FFFA
@00007176 FFE7
@00007177 FFF1
@00007178 0006
@00007179 FFF9
@0000717A FFDE
@0000717B 0019
@0000717C 0009
@0000717D 0009
@0000717E FFEE
@0000717F FFDA
@00007180 000C
@00007181 0019
@00007182 FFF9
@00007183 000B
@00007184 FFF2
@00007185 FFF4
@00007186 FFF4
@00007187 FFF7
@00007188 0011
@00007189 FFC2
@0000718A 0012
@0000718B 0007
@0000718C 000C
@0000718D 0009
@0000718E FFF1
@0000718F 0002
@00007190 0004
@00007191 000A
@00007192 FFD4
@00007193 FFE9
@00007194 000D
@00007195 FFE9
@00007196 0024
@00007197 0019
@00007198 0006
@00007199 003A
@0000719A 0000
@0000719B FFE5
@0000719C FFFD
@0000719D FFF9
@0000719E FFFF
@0000719F 0004
@000071A0 FFE8
@000071A1 0010
@000071A2 0009
@000071A3 FFEF
@000071A4 000C
@000071A5 FFF6
@000071A6 0006
@000071A7 FFEA
@000071A8 0030
@000071A9 FFFB
@000071AA FFE9
@000071AB 0000
@000071AC FFF0
@000071AD 000F
@000071AE 0007
@000071AF FFF6
@000071B0 002F
@000071B1 001D
@000071B2 FFF0
@000071B3 FFE9
@000071B4 FFEF
@000071B5 FFBE
@000071B6 0008
@000071B7 FFF2
@000071B8 FFD9
@000071B9 FFD7
@000071BA 0034
@000071BB FFC7
@000071BC FFF2
@000071BD 0000
@000071BE FFEA
@000071BF FFEC
@000071C0 0014
@000071C1 000B
@000071C2 FFD5
@000071C3 FFCD
@000071C4 FFE4
@000071C5 002B
@000071C6 0005
@000071C7 FFE6
@000071C8 000C
@000071C9 003F
@000071CA 0014
@000071CB 0018
@000071CC 000D
@000071CD FFD9
@000071CE FFE7
@000071CF FFF9
@000071D0 001E
@000071D1 0003
@000071D2 FFF2
@000071D3 001F
@000071D4 FFF8
@000071D5 FFF8
@000071D6 FFCA
@000071D7 FFF2
@000071D8 003B
@000071D9 0005
@000071DA FFC4
@000071DB FFDB
@000071DC FFF3
@000071DD FFF7
@000071DE FFB8
@000071DF 0035
@000071E0 000C
@000071E1 0006
@000071E2 000E
@000071E3 0022
@000071E4 0019
@000071E5 000E
@000071E6 FFE1
@000071E7 0030
@000071E8 FFEC
@000071E9 FFBF
@000071EA FFF4
@000071EB FFE1
@000071EC 0000
@000071ED FFF5
@000071EE FFDB
@000071EF FFF3
@000071F0 FFFE
@000071F1 000A
@000071F2 FFE6
@000071F3 0007
@000071F4 FFEC
@000071F5 FFDF
@000071F6 FFF7
@000071F7 FFC3
@000071F8 000F
@000071F9 FFF2
@000071FA 0022
@000071FB FFF5
@000071FC FFF9
@000071FD FFCC
@000071FE FFDA
@000071FF FFE0
@00007200 001D
@00007201 FFEE
@00007202 0011
@00007203 002B
@00007204 FFED
@00007205 001C
@00007206 FFE1
@00007207 FFF8
@00007208 FFED
@00007209 FFCC
@0000720A 0034
@0000720B FFDF
@0000720C FFFD
@0000720D FFE3
@0000720E FFA8
@0000720F 0000
@00007210 000C
@00007211 0006
@00007212 0022
@00007213 FFFB
@00007214 004A
@00007215 FFE1
@00007216 FFEF
@00007217 0025
@00007218 FFB1
@00007219 FFDB
@0000721A FFF6
@0000721B 000C
@0000721C FFC5
@0000721D 000D
@0000721E FFF2
@0000721F FFEF
@00007220 0033
@00007221 0005
@00007222 FFFA
@00007223 FFF1
@00007224 FFC9
@00007225 0022
@00007226 000B
@00007227 FFD8
@00007228 FFF4
@00007229 0013
@0000722A 000A
@0000722B 0006
@0000722C FFFB
@0000722D FFFB
@0000722E 0002
@0000722F FFD5
@00007230 0013
@00007231 FFEA
@00007232 FFF9
@00007233 000D
@00007234 0024
@00007235 000C
@00007236 FFF8
@00007237 000E
@00007238 FFF0
@00007239 0007
@0000723A FFF1
@0000723B 0001
@0000723C 0018
@0000723D FFEE
@0000723E 000B
@0000723F 000B
@00007240 0010
@00007241 0007
@00007242 0002
@00007243 FFFE
@00007244 FFF2
@00007245 000F
@00007246 FFFE
@00007247 0009
@00007248 FFF2
@00007249 001C
@0000724A FFB0
@0000724B 0016
@0000724C FFEE
@0000724D 0008
@0000724E 0010
@0000724F 0007
@00007250 000C
@00007251 FFEE
@00007252 0008
@00007253 000A
@00007254 FFF1
@00007255 FFFE
@00007256 FFFE
@00007257 0016
@00007258 FFE7
@00007259 FFDE
@0000725A FFBA
@0000725B FFDD
@0000725C 0023
@0000725D FFE7
@0000725E 0002
@0000725F FFF6
@00007260 0011
@00007261 FFFC
@00007262 FFFB
@00007263 FFF0
@00007264 0013
@00007265 FFDF
@00007266 0025
@00007267 0008
@00007268 FFED
@00007269 FFFC
@0000726A FFD7
@0000726B FFED
@0000726C 0007
@0000726D FFDA
@0000726E 0011
@0000726F FFF4
@00007270 003A
@00007271 FFFB
@00007272 0013
@00007273 0000
@00007274 001C
@00007275 FFEE
@00007276 FFDD
@00007277 FFF8
@00007278 001B
@00007279 0023
@0000727A FFEF
@0000727B FFFC
@0000727C 0010
@0000727D FFCB
@0000727E 0016
@0000727F 0030
@00007280 FFFF
@00007281 FFCF
@00007282 002E
@00007283 0006
@00007284 0015
@00007285 FFE7
@00007286 FFCE
@00007287 FFDA
@00007288 0009
@00007289 FFE5
@0000728A FFC0
@0000728B FFE9
@0000728C FF9E
@0000728D 0045
@0000728E 002A
@0000728F FFE0
@00007290 FFF7
@00007291 003D
@00007292 FFFE
@00007293 002B
@00007294 0006
@00007295 FFDC
@00007296 FFF3
@00007297 0008
@00007298 0042
@00007299 000C
@0000729A FFBB
@0000729B 0013
@0000729C FFBF
@0000729D 0028
@0000729E FFD7
@0000729F FFCD
@000072A0 002D
@000072A1 FFCA
@000072A2 FFB5
@000072A3 FFEF
@000072A4 0018
@000072A5 FFE3
@000072A6 FFBE
@000072A7 002E
@000072A8 FFFF
@000072A9 0027
@000072AA FFED
@000072AB 0003
@000072AC 000D
@000072AD FFFB
@000072AE 0013
@000072AF 0043
@000072B0 FFBC
@000072B1 FFE0
@000072B2 FFFA
@000072B3 FFC1
@000072B4 FFF5
@000072B5 0004
@000072B6 FFDA
@000072B7 0001
@000072B8 0001
@000072B9 0001
@000072BA FFA6
@000072BB FFD9
@000072BC FFF5
@000072BD FFD4
@000072BE 003F
@000072BF FFF7
@000072C0 003A
@000072C1 0020
@000072C2 0036
@000072C3 001F
@000072C4 FFC8
@000072C5 0026
@000072C6 FFE8
@000072C7 FFE9
@000072C8 FFFB
@000072C9 FFC3
@000072CA 0005
@000072CB 002B
@000072CC FFD0
@000072CD 000C
@000072CE FFDA
@000072CF 0007
@000072D0 000F
@000072D1 FFC1
@000072D2 0042
@000072D3 FFF0
@000072D4 0002
@000072D5 FFE5
@000072D6 FFD6
@000072D7 0000
@000072D8 FFE9
@000072D9 FFCB
@000072DA FFC3
@000072DB FFC9
@000072DC 002E
@000072DD FFF7
@000072DE FFFF
@000072DF FFED
@000072E0 FFE7
@000072E1 FF9D
@000072E2 0016
@000072E3 000B
@000072E4 FFD9
@000072E5 FFEC
@000072E6 0028
@000072E7 FFE7
@000072E8 FFE7
@000072E9 FFFB
@000072EA FFCA
@000072EB FFD3
@000072EC FFEE
@000072ED FFF4
@000072EE 000B
@000072EF FFAB
@000072F0 FFA8
@000072F1 006C
@000072F2 000D
@000072F3 FFCE
@000072F4 0004
@000072F5 001A
@000072F6 0032
@000072F7 FFFD
@000072F8 002A
@000072F9 FF9C
@000072FA FFEA
@000072FB 0017
@000072FC 002E
@000072FD 0037
@000072FE FFC0
@000072FF FFDC
@00007300 FFBF
@00007301 0029
@00007302 FFBE
@00007303 FFB2
@00007304 003F
@00007305 FFCC
@00007306 FFD3
@00007307 FFE5
@00007308 000D
@00007309 FFFF
@0000730A FF71
@0000730B 0085
@0000730C 0031
@0000730D 0025
@0000730E FFE3
@0000730F 001E
@00007310 0011
@00007311 0012
@00007312 FFE1
@00007313 004E
@00007314 FF90
@00007315 FFEA
@00007316 FFE7
@00007317 FFAF
@00007318 FFE8
@00007319 FFF8
@0000731A FFF4
@0000731B FFCA
@0000731C 0016
@0000731D 001C
@0000731E FF71
@0000731F FFC6
@00007320 0016
@00007321 FFE5
@00007322 FFE6
@00007323 FFA9
@00007324 0050
@00007325 0001
@00007326 0048
@00007327 0012
@00007328 FFEC
@00007329 FFE4
@0000732A 0015
@0000732B FFB9
@0000732C 0013
@0000732D FFD9
@0000732E 0025
@0000732F 0041
@00007330 FFB6
@00007331 0002
@00007332 FFC5
@00007333 001D
@00007334 0014
@00007335 FF5F
@00007336 0099
@00007337 FFC2
@00007338 FFD2
@00007339 FF7D
@0000733A FFCC
@0000733B 0000
@0000733C 0025
@0000733D 0010
@0000733E FFE4
@0000733F FFEE
@00007340 0023
@00007341 0018
@00007342 000C
@00007343 FFEC
@00007344 002E
@00007345 FFF6
@00007346 0007
@00007347 FFF4
@00007348 FFF1
@00007349 FFFD
@0000734A FFFC
@0000734B 0008
@0000734C 0017
@0000734D 0005
@0000734E 000B
@0000734F FFFE
@00007350 FFEF
@00007351 FFF3
@00007352 FFEC
@00007353 FFF7
@00007354 0003
@00007355 0019
@00007356 0001
@00007357 FFDD
@00007358 FFE6
@00007359 001E
@0000735A FFF8
@0000735B FFF2
@0000735C FFF4
@0000735D 0005
@0000735E FFFB
@0000735F 000A
@00007360 0010
@00007361 FFDA
@00007362 FFEE
@00007363 0032
@00007364 0007
@00007365 000A
@00007366 FFE2
@00007367 0009
@00007368 001C
@00007369 FFF8
@0000736A 0002
@0000736B FFF5
@0000736C 0017
@0000736D 0005
@0000736E 0002
@0000736F 0009
@00007370 FFED
@00007371 FFE4
@00007372 001A
@00007373 FFD5
@00007374 FFF0
@00007375 FFF2
@00007376 0002
@00007377 000F
@00007378 FFEA
@00007379 FFDC
@0000737A FFFD
@0000737B FFFC
@0000737C FFE7
@0000737D FFBB
@0000737E FFF5
@0000737F FFEE
@00007380 FFFE
@00007381 000E
@00007382 FFE4
@00007383 000B
@00007384 FFF4
@00007385 0006
@00007386 FFEC
@00007387 FFFC
@00007388 0015
@00007389 FFED
@0000738A 0011
@0000738B 0022
@0000738C FFF8
@0000738D 0017
@0000738E FFED
@0000738F 0004
@00007390 FFFD
@00007391 FFF3
@00007392 FFF6
@00007393 0017
@00007394 0003
@00007395 FFEA
@00007396 FFDB
@00007397 0007
@00007398 0008
@00007399 FFE7
@0000739A 0020
@0000739B FFCE
@0000739C 0018
@0000739D FFE4
@0000739E FFCF
@0000739F 0000
@000073A0 0010
@000073A1 0001
@000073A2 000E
@000073A3 000D
@000073A4 0035
@000073A5 0000
@000073A6 FFF4
@000073A7 0013
@000073A8 FFEA
@000073A9 FFEB
@000073AA FFF0
@000073AB FFF5
@000073AC FFEC
@000073AD FFE6
@000073AE FFF8
@000073AF FFE2
@000073B0 000E
@000073B1 0013
@000073B2 FFEA
@000073B3 FFF6
@000073B4 FFE4
@000073B5 FFF8
@000073B6 FFF7
@000073B7 FFEA
@000073B8 FFE2
@000073B9 001D
@000073BA FFFA
@000073BB FFE7
@000073BC FFD2
@000073BD FFE8
@000073BE 001E
@000073BF FFEB
@000073C0 FFF6
@000073C1 FFFA
@000073C2 000D
@000073C3 001B
@000073C4 001F
@000073C5 FFEC
@000073C6 0004
@000073C7 FFD3
@000073C8 000B
@000073C9 FFF4
@000073CA FFEA
@000073CB FFE8
@000073CC 0019
@000073CD FFE6
@000073CE FFE7
@000073CF 0005
@000073D0 000B
@000073D1 FFF3
@000073D2 FFF0
@000073D3 001A
@000073D4 0007
@000073D5 0001
@000073D6 FFF3
@000073D7 FFF7
@000073D8 0006
@000073D9 FFF5
@000073DA FFF3
@000073DB 0025
@000073DC FFFA
@000073DD FFFE
@000073DE FFDD
@000073DF FFF7
@000073E0 001F
@000073E1 0002
@000073E2 0004
@000073E3 FFFE
@000073E4 001D
@000073E5 FFFC
@000073E6 0004
@000073E7 0004
@000073E8 0017
@000073E9 FFF8
@000073EA 000D
@000073EB FFED
@000073EC FFFA
@000073ED FFEC
@000073EE 000D
@000073EF FFFB
@000073F0 FFF6
@000073F1 0009
@000073F2 FFF3
@000073F3 FFF7
@000073F4 0003
@000073F5 FFFF
@000073F6 0011
@000073F7 000C
@000073F8 0005
@000073F9 000A
@000073FA FFDD
@000073FB 000B
@000073FC 0016
@000073FD FFE8
@000073FE 000A
@000073FF FFD0
@00007400 0016
@00007401 FFE3
@00007402 FFFD
@00007403 0000
@00007404 0015
@00007405 000E
@00007406 0045
@00007407 FFE7
@00007408 005E
@00007409 0009
@0000740A FFE5
@0000740B 0018
@0000740C FFC0
@0000740D FFDA
@0000740E FFFF
@0000740F FFCF
@00007410 FFAF
@00007411 FFF4
@00007412 0022
@00007413 FFF6
@00007414 002E
@00007415 FFC7
@00007416 FFFE
@00007417 FFDC
@00007418 FF9A
@00007419 FFF4
@0000741A FFF2
@0000741B FF8C
@0000741C 0001
@0000741D 001A
@0000741E 0008
@0000741F FFBC
@00007420 FFF8
@00007421 0011
@00007422 0002
@00007423 FFCA
@00007424 0019
@00007425 FFDF
@00007426 FFEA
@00007427 0001
@00007428 FFFB
@00007429 FFC6
@0000742A FFD8
@0000742B FFDE
@0000742C FFF3
@0000742D 0022
@0000742E FFDE
@0000742F FFEC
@00007430 0030
@00007431 FFF0
@00007432 FFFE
@00007433 FFEC
@00007434 FFF5
@00007435 FFDE
@00007436 FFCD
@00007437 0039
@00007438 FFFA
@00007439 FFF6
@0000743A 0006
@0000743B FFCA
@0000743C FFD2
@0000743D 0017
@0000743E FFC7
@0000743F 0006
@00007440 FFD6
@00007441 FFE4
@00007442 FFEB
@00007443 FFE5
@00007444 006D
@00007445 000F
@00007446 FFCF
@00007447 0005
@00007448 FFF2
@00007449 FFF2
@0000744A FFF0
@0000744B FFF9
@0000744C FFFC
@0000744D FFC4
@0000744E 0019
@0000744F 0020
@00007450 000A
@00007451 001C
@00007452 0033
@00007453 FFFB
@00007454 FFE8
@00007455 004C
@00007456 FFF9
@00007457 FFE5
@00007458 FFCA
@00007459 FFDC
@0000745A 004B
@0000745B 0020
@0000745C FFF8
@0000745D FFF4
@0000745E FFC6
@0000745F 0034
@00007460 000B
@00007461 FFC3
@00007462 003A
@00007463 FFFD
@00007464 0028
@00007465 FFD2
@00007466 0068
@00007467 0000
@00007468 002C
@00007469 0000
@0000746A FFE5
@0000746B FFE9
@0000746C 0011
@0000746D FFF0
@0000746E FFF1
@0000746F 000A
@00007470 FFE0
@00007471 FFC1
@00007472 0014
@00007473 000E
@00007474 FFC5
@00007475 FFD5
@00007476 000E
@00007477 FFF8
@00007478 FFEE
@00007479 FFE9
@0000747A FFE4
@0000747B FFD9
@0000747C 000F
@0000747D FFE2
@0000747E 0009
@0000747F FFCB
@00007480 FFD5
@00007481 0055
@00007482 FFF9
@00007483 FFDC
@00007484 FFE2
@00007485 0018
@00007486 0026
@00007487 FFF1
@00007488 0013
@00007489 FFE0
@0000748A FFDA
@0000748B 0010
@0000748C 000F
@0000748D FFFF
@0000748E FFCB
@0000748F FFE2
@00007490 0006
@00007491 002B
@00007492 FFE0
@00007493 FFD5
@00007494 001F
@00007495 FFC9
@00007496 FFDE
@00007497 FFF0
@00007498 FFF3
@00007499 FFE9
@0000749A FFB6
@0000749B 0058
@0000749C 0024
@0000749D 002B
@0000749E FFEC
@0000749F 002F
@000074A0 000E
@000074A1 001E
@000074A2 0003
@000074A3 0023
@000074A4 FFD7
@000074A5 0000
@000074A6 FFD7
@000074A7 FFE8
@000074A8 FFE2
@000074A9 FFFB
@000074AA FFF1
@000074AB 0012
@000074AC FFE5
@000074AD 0019
@000074AE FFC5
@000074AF FFE4
@000074B0 0012
@000074B1 FFFB
@000074B2 000B
@000074B3 FFBC
@000074B4 0017
@000074B5 0004
@000074B6 0003
@000074B7 FFEB
@000074B8 FFE0
@000074B9 0013
@000074BA FFE5
@000074BB FFED
@000074BC FFF6
@000074BD FFD3
@000074BE FFF8
@000074BF 001E
@000074C0 FFE5
@000074C1 0004
@000074C2 FFD6
@000074C3 FFFB
@000074C4 FFE9
@000074C5 FFD5
@000074C6 005D
@000074C7 FFE5
@000074C8 FFE7
@000074C9 FFCB
@000074CA 001D
@000074CB 0000
@000074CC 000C
@000074CD FFF0
@000074CE FFD3
@000074CF 001C
@000074D0 0021
@000074D1 0040
@000074D2 FFED
@000074D3 FFD1
@000074D4 0028
@000074D5 FFB3
@000074D6 001C
@000074D7 004A
@000074D8 FFED
@000074D9 FFE4
@000074DA 001A
@000074DB FFE4
@000074DC FFD9
@000074DD FFFC
@000074DE FFC3
@000074DF FFCF
@000074E0 001F
@000074E1 FFB9
@000074E2 FFFE
@000074E3 FFDF
@000074E4 FFA7
@000074E5 005B
@000074E6 0010
@000074E7 FFC6
@000074E8 FFCA
@000074E9 FFC8
@000074EA 001B
@000074EB 001C
@000074EC 0022
@000074ED FFF7
@000074EE FFEF
@000074EF 000F
@000074F0 002D
@000074F1 0005
@000074F2 FFB2
@000074F3 FFEB
@000074F4 FFEF
@000074F5 0035
@000074F6 FFAD
@000074F7 FFC7
@000074F8 001B
@000074F9 FFD7
@000074FA 0000
@000074FB FFBD
@000074FC 0020
@000074FD FFFF
@000074FE FFB9
@000074FF 004D
@00007500 FFFF
@00007501 003F
@00007502 0011
@00007503 000D
@00007504 FFF6
@00007505 FFFD
@00007506 FFC8
@00007507 0039
@00007508 FFBC
@00007509 FFE5
@0000750A 0000
@0000750B FFD8
@0000750C FFB8
@0000750D 0014
@0000750E 0017
@0000750F FFFB
@00007510 0046
@00007511 0008
@00007512 FFC2
@00007513 FFC4
@00007514 002C
@00007515 FFCD
@00007516 003F
@00007517 0003
@00007518 001D
@00007519 0002
@0000751A 004C
@0000751B FFFB
@0000751C FFE3
@0000751D 001D
@0000751E 0010
@0000751F FFE5
@00007520 FFFF
@00007521 FFD2
@00007522 0034
@00007523 004F
@00007524 FFC0
@00007525 FFEE
@00007526 FFF5
@00007527 0041
@00007528 0014
@00007529 FFAF
@0000752A 0029
@0000752B FFE2
@0000752C FFB0
@0000752D FFAB
@0000752E 0001
@0000752F 0000
@00007530 FFEE
@00007531 0017
@00007532 0017
@00007533 0007
@00007534 0018
@00007535 0029
@00007536 FFDF
@00007537 FFEC
@00007538 0011
@00007539 0001
@0000753A FFEF
@0000753B FFE2
@0000753C FFFF
@0000753D FFE4
@0000753E 000D
@0000753F FFD2
@00007540 000D
@00007541 000A
@00007542 FFEE
@00007543 FFEC
@00007544 0003
@00007545 FFE6
@00007546 FFEB
@00007547 FFFA
@00007548 FFD7
@00007549 FFFB
@0000754A FFFD
@0000754B FFD9
@0000754C FFF6
@0000754D 0006
@0000754E 0011
@0000754F 0015
@00007550 0023
@00007551 FFD7
@00007552 FFFE
@00007553 FFF9
@00007554 001C
@00007555 FFC6
@00007556 FFE1
@00007557 0015
@00007558 FFF5
@00007559 0026
@0000755A FFDA
@0000755B FFE0
@0000755C 0010
@0000755D FFFC
@0000755E FFF9
@0000755F FFEA
@00007560 001B
@00007561 0015
@00007562 FFE9
@00007563 0008
@00007564 001C
@00007565 001A
@00007566 FFFA
@00007567 FFED
@00007568 0016
@00007569 0017
@0000756A 0006
@0000756B FFF9
@0000756C FFFD
@0000756D 0004
@0000756E 0004
@0000756F FFE8
@00007570 0039
@00007571 0017
@00007572 000E
@00007573 0004
@00007574 000F
@00007575 0013
@00007576 FFE0
@00007577 FFE5
@00007578 FFEC
@00007579 FFFF
@0000757A 0022
@0000757B FFF5
@0000757C FFFF
@0000757D FFF9
@0000757E 0003
@0000757F 0014
@00007580 FFEC
@00007581 0001
@00007582 000C
@00007583 FFDB
@00007584 FFFF
@00007585 FFF4
@00007586 0032
@00007587 0011
@00007588 FFF8
@00007589 000C
@0000758A FFD4
@0000758B 000E
@0000758C 001E
@0000758D FFDC
@0000758E 0026
@0000758F FFCE
@00007590 000C
@00007591 FFE5
@00007592 000D
@00007593 0000
@00007594 FFFB
@00007595 0000
@00007596 FFE1
@00007597 FFF5
@00007598 006B
@00007599 0040
@0000759A 0000
@0000759B 0015
@0000759C FFF7
@0000759D FFE9
@0000759E FFF1
@0000759F 0008
@000075A0 FFFE
@000075A1 002F
@000075A2 FFE2
@000075A3 0004
@000075A4 0056
@000075A5 0004
@000075A6 000F
@000075A7 0008
@000075A8 FFE4
@000075A9 FFF5
@000075AA FFEF
@000075AB FFD8
@000075AC FFED
@000075AD 001C
@000075AE FFFE
@000075AF FFFB
@000075B0 FFEC
@000075B1 0028
@000075B2 FFC8
@000075B3 FFD0
@000075B4 0010
@000075B5 FFEA
@000075B6 0012
@000075B7 0000
@000075B8 000A
@000075B9 FFF3
@000075BA 0009
@000075BB 001A
@000075BC 001D
@000075BD FFF8
@000075BE FFF8
@000075BF 000F
@000075C0 FFF8
@000075C1 0003
@000075C2 0011
@000075C3 FFF4
@000075C4 0019
@000075C5 0015
@000075C6 FFFC
@000075C7 000A
@000075C8 FFDB
@000075C9 FFE9
@000075CA FFFB
@000075CB FFD5
@000075CC FFD9
@000075CD FFEB
@000075CE FFE9
@000075CF FFFF
@000075D0 FFEE
@000075D1 FFF2
@000075D2 FFE8
@000075D3 0012
@000075D4 FFF9
@000075D5 FF8F
@000075D6 FFF1
@000075D7 0007
@000075D8 001D
@000075D9 FFF5
@000075DA 0008
@000075DB 001A
@000075DC FFCE
@000075DD 0006
@000075DE FFA8
@000075DF 0015
@000075E0 FFF7
@000075E1 FFE2
@000075E2 FFEE
@000075E3 000C
@000075E4 0022
@000075E5 001B
@000075E6 FFEA
@000075E7 0012
@000075E8 0005
@000075E9 0018
@000075EA FFE1
@000075EB FFF8
@000075EC FFF9
@000075ED 000E
@000075EE 0012
@000075EF 0017
@000075F0 0027
@000075F1 FFF0
@000075F2 0007
@000075F3 0011
@000075F4 0012
@000075F5 0004
@000075F6 FFFD
@000075F7 0000
@000075F8 000E
@000075F9 0011
@000075FA 0014
@000075FB 0006
@000075FC 002C
@000075FD 000B
@000075FE 0008
@000075FF 000C
@00007600 FFF4
@00007601 FFE7
@00007602 FFEE
@00007603 FFEF
@00007604 FFE7
@00007605 0009
@00007606 0002
@00007607 FFE8
@00007608 0014
@00007609 FFF8
@0000760A FFF6
@0000760B FFFD
@0000760C FFFB
@0000760D FFE8
@0000760E FFE8
@0000760F FFF5
@00007610 FFE7
@00007611 000C
@00007612 0018
@00007613 0005
@00007614 FFEE
@00007615 FFEA
@00007616 0027
@00007617 001D
@00007618 0019
@00007619 0011
@0000761A 0013
@0000761B 0005
@0000761C FFF7
@0000761D 0004
@0000761E 000E
@0000761F 0025
@00007620 FFF9
@00007621 0020
@00007622 FFF1
@00007623 FFEA
@00007624 0007
@00007625 FFEE
@00007626 FFF1
@00007627 FFF6
@00007628 001E
@00007629 0012
@0000762A FFE8
@0000762B FFF3
@0000762C FFF0
@0000762D 0019
@0000762E FFED
@0000762F FFE0
@00007630 FFE5
@00007631 0001
@00007632 FFE8
@00007633 001E
@00007634 FFDE
@00007635 0010
@00007636 FFFC
@00007637 FFFA
@00007638 FFF4
@00007639 0017
@0000763A FFF6
@0000763B FFE8
@0000763C 0021
@0000763D FFEB
@0000763E 0005
@0000763F 000A
@00007640 FFF8
@00007641 FFFD
@00007642 FFFC
@00007643 000B
@00007644 FFFC
@00007645 FFE9
@00007646 001B
@00007647 FFED
@00007648 000D
@00007649 000D
@0000764A FFED
@0000764B FFDB
@0000764C 0010
@0000764D FFDE
@0000764E 000F
@0000764F 0022
@00007650 FFEE
@00007651 0009
@00007652 FFED
@00007653 FFF8
@00007654 FFF3
@00007655 FFDC
@00007656 0018
@00007657 FFF5
@00007658 0009
@00007659 FFE1
@0000765A FFEE
@0000765B 0000
@0000765C 000F
@0000765D 0018
@0000765E FFEC
@0000765F 0023
@00007660 002C
@00007661 FFEE
@00007662 FFE7
@00007663 FFED
@00007664 FFDB
@00007665 FFED
@00007666 000C
@00007667 FFF3
@00007668 FFE0
@00007669 FFDF
@0000766A 0016
@0000766B FFEC
@0000766C 001D
@0000766D 0018
@0000766E FFEE
@0000766F FFE9
@00007670 FFFF
@00007671 FFF1
@00007672 0008
@00007673 FFF2
@00007674 FFCD
@00007675 0045
@00007676 0019
@00007677 FFE1
@00007678 FFE9
@00007679 0012
@0000767A 001D
@0000767B 0017
@0000767C 002C
@0000767D FFE0
@0000767E FFD3
@0000767F 0004
@00007680 FFF8
@00007681 0012
@00007682 FFF4
@00007683 0011
@00007684 FFDF
@00007685 0004
@00007686 FFF1
@00007687 FFF1
@00007688 0016
@00007689 FFD7
@0000768A FFF2
@0000768B FFF3
@0000768C 0013
@0000768D FFFF
@0000768E FFE1
@0000768F 0034
@00007690 000D
@00007691 FFFC
@00007692 FFF1
@00007693 FFFE
@00007694 FFEA
@00007695 FFF8
@00007696 0004
@00007697 0016
@00007698 FFF7
@00007699 FFF0
@0000769A FFF7
@0000769B FFE5
@0000769C 0016
@0000769D 000E
@0000769E FFEE
@0000769F FFFF
@000076A0 0005
@000076A1 0025
@000076A2 FFF1
@000076A3 FFE1
@000076A4 000E
@000076A5 FFEC
@000076A6 001B
@000076A7 FFE2
@000076A8 0028
@000076A9 FFF7
@000076AA 001E
@000076AB 0002
@000076AC FFF0
@000076AD 000C
@000076AE FFFB
@000076AF FFE5
@000076B0 FFF1
@000076B1 0004
@000076B2 0000
@000076B3 0003
@000076B4 FFD1
@000076B5 FFFA
@000076B6 FFF6
@000076B7 FFFF
@000076B8 0008
@000076B9 FFC3
@000076BA 0056
@000076BB FFF4
@000076BC FFEC
@000076BD FFEF
@000076BE 000C
@000076BF 0000
@000076C0 FFEA
@000076C1 FFF5
@000076C2 0014
@000076C3 0022
@000076C4 0013
@000076C5 000A
@000076C6 000A
@000076C7 0004
@000076C8 FFE0
@000076C9 FFF6
@000076CA FFE1
@000076CB FFF3
@000076CC FFC0
@000076CD 0011
@000076CE 001F
@000076CF FFF7
@000076D0 000B
@000076D1 FFF9
@000076D2 FFE0
@000076D3 FFD1
@000076D4 FFF1
@000076D5 FFE3
@000076D6 0022
@000076D7 FFCF
@000076D8 FFFB
@000076D9 002B
@000076DA FFFF
@000076DB FFF8
@000076DC FFC8
@000076DD FFC2
@000076DE FFF9
@000076DF FFD1
@000076E0 0030
@000076E1 0002
@000076E2 0006
@000076E3 FFFD
@000076E4 0017
@000076E5 FFE2
@000076E6 FFD6
@000076E7 0036
@000076E8 FFF4
@000076E9 000B
@000076EA FFFD
@000076EB FFFA
@000076EC 0032
@000076ED FFFA
@000076EE FFEF
@000076EF 000B
@000076F0 001F
@000076F1 0009
@000076F2 FFF1
@000076F3 0029
@000076F4 FFE3
@000076F5 000A
@000076F6 0011
@000076F7 FFEA
@000076F8 FFF4
@000076F9 FFFB
@000076FA 0001
@000076FB 0020
@000076FC FFDB
@000076FD FFDF
@000076FE FFE3
@000076FF FFD6
@00007700 002A
@00007701 FFBD
@00007702 0019
@00007703 FFF4
@00007704 0024
@00007705 FFF0
@00007706 FFDE
@00007707 FFE7
@00007708 FFF8
@00007709 FFED
@0000770A FFF5
@0000770B FFE9
@0000770C 0009
@0000770D FFCF
@0000770E 001B
@0000770F 000E
@00007710 0013
@00007711 0011
@00007712 FFEF
@00007713 FFFA
@00007714 0019
@00007715 0004
@00007716 001C
@00007717 0029
@00007718 FFE9
@00007719 0006
@0000771A FFF7
@0000771B 0000
@0000771C 0024
@0000771D FFDE
@0000771E 001A
@0000771F FFD0
@00007720 001F
@00007721 FFDF
@00007722 FFDE
@00007723 0000
@00007724 0005
@00007725 FFBE
@00007726 0011
@00007727 FFB2
@00007728 FFE3
@00007729 0001
@0000772A FFF9
@0000772B FFE7
@0000772C 0014
@0000772D FFFD
@0000772E FFF0
@0000772F 0026
@00007730 FFFD
@00007731 0016
@00007732 001A
@00007733 FFFF
@00007734 0021
@00007735 FFF1
@00007736 FFDC
@00007737 FFC7
@00007738 0017
@00007739 FFF7
@0000773A FFF6
@0000773B FFD7
@0000773C FFC4
@0000773D 0021
@0000773E FFE9
@0000773F FFD6
@00007740 FFF7
@00007741 FFCE
@00007742 FFF8
@00007743 0028
@00007744 000D
@00007745 FFE4
@00007746 FFE7
@00007747 0002
@00007748 FFF0
@00007749 0010
@0000774A FFDD
@0000774B 0013
@0000774C FFF9
@0000774D 0012
@0000774E FFDC
@0000774F FFDE
@00007750 000C
@00007751 FFE6
@00007752 FFE4
@00007753 0001
@00007754 0010
@00007755 FFEA
@00007756 FFCE
@00007757 0041
@00007758 0016
@00007759 FFD1
@0000775A 000A
@0000775B FFC0
@0000775C FFF0
@0000775D 0010
@0000775E 002D
@0000775F 0027
@00007760 FFFC
@00007761 FFE4
@00007762 FFF7
@00007763 FFE8
@00007764 FFFE
@00007765 0017
@00007766 0006
@00007767 FFF8
@00007768 0063
@00007769 0007
@0000776A FFC2
@0000776B FFF8
@0000776C FFF2
@0000776D FFD5
@0000776E 0013
@0000776F 0009
@00007770 002C
@00007771 FFFA
@00007772 0026
@00007773 0033
@00007774 FFED
@00007775 FFEC
@00007776 FFEB
@00007777 FFFD
@00007778 0018
@00007779 FFFA
@0000777A 0007
@0000777B 0013
@0000777C FFD2
@0000777D FFF1
@0000777E FFD2
@0000777F 0002
@00007780 0012
@00007781 FFCC
@00007782 003F
@00007783 FFFF
@00007784 FFEB
@00007785 FFCF
@00007786 FFDC
@00007787 0000
@00007788 0035
@00007789 0013
@0000778A FFA0
@0000778B FFD3
@0000778C FFE0
@0000778D 0015
@0000778E FFC9
@0000778F FFB4
@00007790 0030
@00007791 FF9C
@00007792 000C
@00007793 0049
@00007794 FFDE
@00007795 FFD9
@00007796 0033
@00007797 FFCD
@00007798 FF94
@00007799 0016
@0000779A FFCA
@0000779B FFDF
@0000779C 0024
@0000779D FFD7
@0000779E 0030
@0000779F FFE7
@000077A0 FF9C
@000077A1 005E
@000077A2 0000
@000077A3 FFC6
@000077A4 FFFC
@000077A5 FF99
@000077A6 FFFD
@000077A7 FFE7
@000077A8 0030
@000077A9 FFE0
@000077AA FFC4
@000077AB 0023
@000077AC FFEF
@000077AD 000C
@000077AE FFA3
@000077AF FFDD
@000077B0 FFD2
@000077B1 0018
@000077B2 FFA9
@000077B3 FFDB
@000077B4 0045
@000077B5 0001
@000077B6 FFC9
@000077B7 FFD2
@000077B8 001D
@000077B9 0001
@000077BA FFDE
@000077BB 0060
@000077BC 0039
@000077BD 004C
@000077BE 0004
@000077BF 0029
@000077C0 002A
@000077C1 FFF2
@000077C2 0016
@000077C3 0033
@000077C4 FFDE
@000077C5 FF8D
@000077C6 FFD9
@000077C7 FFD8
@000077C8 000D
@000077C9 0016
@000077CA 0020
@000077CB FFC9
@000077CC 00A8
@000077CD 001C
@000077CE FFB4
@000077CF FFC1
@000077D0 0007
@000077D1 FFD3
@000077D2 FFFA
@000077D3 FFCE
@000077D4 0024
@000077D5 FFE1
@000077D6 006A
@000077D7 001D
@000077D8 0006
@000077D9 0017
@000077DA 000E
@000077DB FFE7
@000077DC 0001
@000077DD FFD3
@000077DE FFFF
@000077DF 002A
@000077E0 FFD9
@000077E1 FFE2
@000077E2 FFE9
@000077E3 0005
@000077E4 0025
@000077E5 FF9C
@000077E6 003D
@000077E7 FFDB
@000077E8 FFB5
@000077E9 FFC9
@000077EA FFD0
@000077EB 0000
@000077EC 000E
@000077ED 002B
@000077EE 0016
@000077EF 0028
@000077F0 0000
@000077F1 002E
@000077F2 FFDE
@000077F3 FFED
@000077F4 0016
@000077F5 FFD7
@000077F6 0027
@000077F7 001B
@000077F8 FFD9
@000077F9 0001
@000077FA 0017
@000077FB FFDB
@000077FC 0021
@000077FD FFF7
@000077FE FFEB
@000077FF FFE0
@00007800 FFF1
@00007801 0004
@00007802 FFCE
@00007803 FFCC
@00007804 FFCA
@00007805 0045
@00007806 0006
@00007807 FFDE
@00007808 FFE2
@00007809 001B
@0000780A FFF8
@0000780B 000D
@0000780C 0042
@0000780D FFED
@0000780E FFF0
@0000780F 0019
@00007810 002F
@00007811 FFD3
@00007812 FFDA
@00007813 FFF7
@00007814 FFE2
@00007815 0018
@00007816 FFDF
@00007817 FFE4
@00007818 0039
@00007819 FFE3
@0000781A FFDD
@0000781B FFE5
@0000781C 000F
@0000781D FFE7
@0000781E FFAE
@0000781F 003E
@00007820 FFF1
@00007821 002C
@00007822 000E
@00007823 FFDE
@00007824 FFF7
@00007825 0007
@00007826 FFEA
@00007827 0029
@00007828 FFCA
@00007829 FFD9
@0000782A FFF5
@0000782B FFDA
@0000782C FFE0
@0000782D 0002
@0000782E 0003
@0000782F FFFC
@00007830 0006
@00007831 0019
@00007832 FFB7
@00007833 FFDC
@00007834 FFF1
@00007835 FFEB
@00007836 FFFB
@00007837 FFD3
@00007838 001E
@00007839 FFFC
@0000783A 0018
@0000783B 0001
@0000783C FFDC
@0000783D 0004
@0000783E FFE2
@0000783F FFC9
@00007840 FFFD
@00007841 FFD2
@00007842 0020
@00007843 0014
@00007844 FFBD
@00007845 FFF9
@00007846 FFCD
@00007847 000E
@00007848 0001
@00007849 FFCB
@0000784A 0062
@0000784B FFF6
@0000784C FFF0
@0000784D FFB1
@0000784E FFED
@0000784F 0000
@00007850 0010
@00007851 FFD7
@00007852 FFD2
@00007853 FFFA
@00007854 0053
@00007855 FFF2
@00007856 0009
@00007857 000B
@00007858 FFE9
@00007859 FFAD
@0000785A 0000
@0000785B FFE4
@0000785C FFBE
@0000785D 0005
@0000785E 001B
@0000785F FFEE
@00007860 0017
@00007861 FFF6
@00007862 0010
@00007863 FFD9
@00007864 FFD3
@00007865 0014
@00007866 FFF4
@00007867 FFAC
@00007868 FFE5
@00007869 003D
@0000786A 0001
@0000786B 0000
@0000786C 000B
@0000786D 003C
@0000786E 000C
@0000786F FFCD
@00007870 002A
@00007871 FFDE
@00007872 FFDC
@00007873 0010
@00007874 0000
@00007875 000B
@00007876 FFEA
@00007877 0001
@00007878 000F
@00007879 0008
@0000787A FFD6
@0000787B FFCD
@0000787C 0032
@0000787D FFE3
@0000787E FFE9
@0000787F FFEA
@00007880 001B
@00007881 0021
@00007882 FFE8
@00007883 0022
@00007884 FFF7
@00007885 0023
@00007886 FFE4
@00007887 FFFF
@00007888 FFFF
@00007889 FFEB
@0000788A FFC4
@0000788B 0008
@0000788C FFCB
@0000788D FFEB
@0000788E 000B
@0000788F 0010
@00007890 FFF0
@00007891 FFE8
@00007892 FFDA
@00007893 0026
@00007894 FFF1
@00007895 0000
@00007896 FFCF
@00007897 FFF2
@00007898 000F
@00007899 FFF4
@0000789A FFB3
@0000789B FFAD
@0000789C 002B
@0000789D 001E
@0000789E 0024
@0000789F 0003
@000078A0 0010
@000078A1 0027
@000078A2 FFF7
@000078A3 FFF1
@000078A4 0004
@000078A5 FFD0
@000078A6 0007
@000078A7 002B
@000078A8 FFDC
@000078A9 0009
@000078AA FFD2
@000078AB 0013
@000078AC 0006
@000078AD FFCA
@000078AE 0044
@000078AF FFDC
@000078B0 FFFB
@000078B1 FFD8
@000078B2 003D
@000078B3 0000
@000078B4 0020
@000078B5 0000
@000078B6 FFDD
@000078B7 FFFA
@000078B8 0026
@000078B9 FFE4
@000078BA FFC1
@000078BB FFEE
@000078BC FFF4
@000078BD FFCD
@000078BE 000E
@000078BF FFEF
@000078C0 FFF1
@000078C1 FFE4
@000078C2 0041
@000078C3 FFDA
@000078C4 FFF7
@000078C5 FFF4
@000078C6 FFC9
@000078C7 FFE6
@000078C8 0008
@000078C9 000B
@000078CA FFE0
@000078CB FFC3
@000078CC FFCD
@000078CD 0027
@000078CE FFFF
@000078CF FFE0
@000078D0 FFFE
@000078D1 0005
@000078D2 FFFA
@000078D3 FFE5
@000078D4 0038
@000078D5 FFC1
@000078D6 FFD5
@000078D7 0019
@000078D8 0034
@000078D9 0018
@000078DA FFC9
@000078DB FFE2
@000078DC FFFA
@000078DD 0014
@000078DE FFD8
@000078DF FFCD
@000078E0 002B
@000078E1 FFC3
@000078E2 FFC9
@000078E3 FFDA
@000078E4 0024
@000078E5 FFD7
@000078E6 FFB8
@000078E7 0034
@000078E8 0033
@000078E9 0001
@000078EA FFFC
@000078EB 0033
@000078EC 0005
@000078ED 000B
@000078EE 0001
@000078EF 0017
@000078F0 FFE0
@000078F1 FFCF
@000078F2 FFED
@000078F3 FFD6
@000078F4 0003
@000078F5 0028
@000078F6 FFE5
@000078F7 FFF5
@000078F8 0016
@000078F9 0003
@000078FA FFE9
@000078FB FFC8
@000078FC 0031
@000078FD FFD9
@000078FE 001E
@000078FF FFD6
@00007900 0021
@00007901 FFF6
@00007902 0013
@00007903 FFFA
@00007904 FFD3
@00007905 FFF5
@00007906 FFF1
@00007907 FFC9
@00007908 0013
@00007909 FFDE
@0000790A 0006
@0000790B 0033
@0000790C FFEA
@0000790D 0029
@0000790E FFED
@0000790F 001F
@00007910 FFF1
@00007911 FFBC
@00007912 0033
@00007913 FFD1
@00007914 FFEA
@00007915 FFC2
@00007916 FFFD
@00007917 0000
@00007918 0024
@00007919 0008
@0000791A FFF2
@0000791B FFFC
@0000791C 0024
@0000791D 0001
@0000791E FFF7
@0000791F FFD4
@00007920 FFF8
@00007921 FFEF
@00007922 0022
@00007923 FFFA
@00007924 FFD4
@00007925 0001
@00007926 002D
@00007927 FFF3
@00007928 FFFF
@00007929 0003
@0000792A FFDE
@0000792B FFC0
@0000792C 001C
@0000792D FFF1
@0000792E 0009
@0000792F FFDE
@00007930 FFDC
@00007931 0013
@00007932 FFFC
@00007933 FFEE
@00007934 FFD8
@00007935 FFEC
@00007936 FFF6
@00007937 0004
@00007938 0034
@00007939 FFEC
@0000793A FFE8
@0000793B 000C
@0000793C 0021
@0000793D 0005
@0000793E FFD3
@0000793F FFF9
@00007940 FFE5
@00007941 002B
@00007942 FFCB
@00007943 FFE8
@00007944 0028
@00007945 0000
@00007946 FFF2
@00007947 FFD1
@00007948 001C
@00007949 0015
@0000794A FFE1
@0000794B 0028
@0000794C 0020
@0000794D 0051
@0000794E 0001
@0000794F 001D
@00007950 001B
@00007951 000E
@00007952 0010
@00007953 0015
@00007954 FFE5
@00007955 FFDE
@00007956 FFCD
@00007957 FFE3
@00007958 0002
@00007959 FFEC
@0000795A FFF0
@0000795B 0003
@0000795C 0033
@0000795D 0018
@0000795E FFC1
@0000795F FFD5
@00007960 FFFE
@00007961 FFC9
@00007962 FFEE
@00007963 FFC6
@00007964 0029
@00007965 FFF3
@00007966 003A
@00007967 0012
@00007968 FFD2
@00007969 001D
@0000796A FFF7
@0000796B FFE2
@0000796C 0028
@0000796D FFD3
@0000796E FFFE
@0000796F 0013
@00007970 FFF1
@00007971 0016
@00007972 FFD4
@00007973 0018
@00007974 0008
@00007975 FFDD
@00007976 003D
@00007977 FFDA
@00007978 0013
@00007979 FFC1
@0000797A FFF0
@0000797B 0000
@0000797C 0009
@0000797D FFFF
@0000797E FFE8
@0000797F 001D
@00007980 0051
@00007981 FFE0
@00007982 FFE2
@00007983 0009
@00007984 FFEB
@00007985 FFD4
@00007986 0001
@00007987 FFDF
@00007988 FFF8
@00007989 FFDB
@0000798A 0016
@0000798B FFED
@0000798C FFF8
@0000798D 001F
@0000798E FFD0
@0000798F FFE6
@00007990 001E
@00007991 0014
@00007992 FFE0
@00007993 FFCA
@00007994 FFD4
@00007995 003E
@00007996 FFFB
@00007997 FFEA
@00007998 FFEB
@00007999 001F
@0000799A 0006
@0000799B FFFE
@0000799C 001E
@0000799D FFE4
@0000799E 0007
@0000799F 0016
@000079A0 0027
@000079A1 0029
@000079A2 FFED
@000079A3 FFF0
@000079A4 FFFA
@000079A5 FFFF
@000079A6 FFF1
@000079A7 FFE8
@000079A8 002B
@000079A9 FFF2
@000079AA FFBA
@000079AB FFF4
@000079AC 0000
@000079AD FFE6
@000079AE FFC0
@000079AF 004F
@000079B0 003E
@000079B1 FFF4
@000079B2 FFF0
@000079B3 0014
@000079B4 FFF4
@000079B5 0014
@000079B6 FFF7
@000079B7 002C
@000079B8 FFEA
@000079B9 FFD8
@000079BA FFD4
@000079BB FFD5
@000079BC 000B
@000079BD FFF6
@000079BE 000C
@000079BF FFE9
@000079C0 0007
@000079C1 0008
@000079C2 FFC9
@000079C3 0007
@000079C4 FFFF
@000079C5 FFF3
@000079C6 FFD9
@000079C7 FFD1
@000079C8 0038
@000079C9 FFEE
@000079CA 000A
@000079CB 0004
@000079CC FFE4
@000079CD FFC9
@000079CE FFDA
@000079CF FFDD
@000079D0 002A
@000079D1 FFD6
@000079D2 FFFB
@000079D3 003F
@000079D4 FFD3
@000079D5 0016
@000079D6 FFC6
@000079D7 0016
@000079D8 FFFB
@000079D9 FFC8
@000079DA 0033
@000079DB FFCE
@000079DC FFEE
@000079DD FFCA
@000079DE 0010
@000079DF 0000
@000079E0 0008
@000079E1 001E
@000079E2 FFDC
@000079E3 FFF6
@000079E4 0024
@000079E5 FFFE
@000079E6 000F
@000079E7 FFDB
@000079E8 FFF8
@000079E9 FFF4
@000079EA 003A
@000079EB 0026
@000079EC FFAB
@000079ED FFEE
@000079EE 002A
@000079EF FFD6
@000079F0 FFF1
@000079F1 FFF1
@000079F2 FFF5
@000079F3 FFC5
@000079F4 0021
@000079F5 FFDA
@000079F6 FFF7
@000079F7 FFCC
@000079F8 FFD0
@000079F9 0056
@000079FA FFF0
@000079FB FFE3
@000079FC 000B
@000079FD 000E
@000079FE FFE8
@000079FF 000F
@00007A00 0038
@00007A01 FFE0
@00007A02 FFD2
@00007A03 0006
@00007A04 0019
@00007A05 0002
@00007A06 FFCE
@00007A07 000F
@00007A08 FFF2
@00007A09 FFF7
@00007A0A FFD8
@00007A0B FFE0
@00007A0C 0020
@00007A0D FFDF
@00007A0E FFCC
@00007A0F FFC3
@00007A10 FFF0
@00007A11 000C
@00007A12 FFCB
@00007A13 004F
@00007A14 0025
@00007A15 0014
@00007A16 FFF4
@00007A17 0058
@00007A18 FFF4
@00007A19 0002
@00007A1A 0014
@00007A1B 003B
@00007A1C FFE8
@00007A1D FFBB
@00007A1E 0002
@00007A1F FFC3
@00007A20 0004
@00007A21 FFF8
@00007A22 0001
@00007A23 0001
@00007A24 003A
@00007A25 0028
@00007A26 FFC1
@00007A27 FFE2
@00007A28 000D
@00007A29 FFED
@00007A2A 0025
@00007A2B FFD6
@00007A2C 001D
@00007A2D 001A
@00007A2E 0023
@00007A2F FFEC
@00007A30 FFF7
@00007A31 FFE4
@00007A32 FFDF
@00007A33 FFF6
@00007A34 0012
@00007A35 FFDA
@00007A36 0011
@00007A37 001D
@00007A38 FFD6
@00007A39 000F
@00007A3A FFDA
@00007A3B 000A
@00007A3C FFF6
@00007A3D FFC7
@00007A3E 004C
@00007A3F 0003
@00007A40 FFDE
@00007A41 FFD9
@00007A42 FFEC
@00007A43 0000
@00007A44 FFEE
@00007A45 0005
@00007A46 FFC4
@00007A47 0000
@00007A48 0026
@00007A49 0030
@00007A4A FFD8
@00007A4B FFF3
@00007A4C 0014
@00007A4D FFE7
@00007A4E 001F
@00007A4F 0000
@00007A50 FFE6
@00007A51 FFCB
@00007A52 001E
@00007A53 FFF2
@00007A54 FFDA
@00007A55 FFFA
@00007A56 FFDE
@00007A57 FFE3
@00007A58 002B
@00007A59 0009
@00007A5A FFE6
@00007A5B FFF9
@00007A5C FFCB
@00007A5D 0015
@00007A5E 000B
@00007A5F FFD1
@00007A60 0019
@00007A61 0041
@00007A62 001C
@00007A63 0025
@00007A64 0004
@00007A65 FFF1
@00007A66 FFEC
@00007A67 FFFE
@00007A68 0011
@00007A69 0001
@00007A6A FFE6
@00007A6B 0004
@00007A6C FFDC
@00007A6D 001C
@00007A6E FFFA
@00007A6F FFD2
@00007A70 002A
@00007A71 FFDA
@00007A72 FFD6
@00007A73 FFFF
@00007A74 0022
@00007A75 FFE9
@00007A76 FFD5
@00007A77 0022
@00007A78 FFF9
@00007A79 002B
@00007A7A 0013
@00007A7B 001C
@00007A7C 000B
@00007A7D FFF6
@00007A7E FFD7
@00007A7F 0032
@00007A80 FFD6
@00007A81 FFE0
@00007A82 FFCC
@00007A83 FFF4
@00007A84 FFE1
@00007A85 0019
@00007A86 FFEB
@00007A87 0004
@00007A88 0015
@00007A89 0026
@00007A8A FFF5
@00007A8B FFE7
@00007A8C FFFF
@00007A8D FFF8
@00007A8E 0019
@00007A8F FFCB
@00007A90 002D
@00007A91 001D
@00007A92 0036
@00007A93 000B
@00007A94 FFDC
@00007A95 0014
@00007A96 FFE3
@00007A97 FFD1
@00007A98 0000
@00007A99 FFE6
@00007A9A FFFD
@00007A9B 0010
@00007A9C FFDE
@00007A9D FFEE
@00007A9E FFD9
@00007A9F 0028
@00007AA0 FFF2
@00007AA1 FFF7
@00007AA2 0029
@00007AA3 FFE1
@00007AA4 FFEA
@00007AA5 FFE5
@00007AA6 FFF5
@00007AA7 0000
@00007AA8 FFD5
@00007AA9 000E
@00007AAA 0040
@00007AAB 0014
@00007AAC 0002
@00007AAD FFF8
@00007AAE FFE6
@00007AAF 001F
@00007AB0 FFEA
@00007AB1 0012
@00007AB2 FFE0
@00007AB3 FFF6
@00007AB4 FFED
@00007AB5 0008
@00007AB6 0007
@00007AB7 FFD0
@00007AB8 0042
@00007AB9 000E
@00007ABA FFF6
@00007ABB FFD5
@00007ABC 0002
@00007ABD FFDD
@00007ABE FFDE
@00007ABF FFE1
@00007AC0 FFC9
@00007AC1 000B
@00007AC2 FFF1
@00007AC3 FFC5
@00007AC4 FFB7
@00007AC5 0018
@00007AC6 FFF6
@00007AC7 FFE7
@00007AC8 0019
@00007AC9 FFFA
@00007ACA FFF8
@00007ACB 0007
@00007ACC FFD2
@00007ACD 000F
@00007ACE FFE4
@00007ACF FFF3
@00007AD0 FFEA
@00007AD1 000E
@00007AD2 FFB0
@00007AD3 000B
@00007AD4 0032
@00007AD5 FFE4
@00007AD6 FFC9
@00007AD7 FFED
@00007AD8 FFDD
@00007AD9 0010
@00007ADA FFD2
@00007ADB 0025
@00007ADC FFFE
@00007ADD FFEE
@00007ADE FFF4
@00007ADF 0007
@00007AE0 FFBF
@00007AE1 000C
@00007AE2 FFF0
@00007AE3 0020
@00007AE4 FFD5
@00007AE5 FFD7
@00007AE6 FFE4
@00007AE7 FFE2
@00007AE8 004E
@00007AE9 002F
@00007AEA 0022
@00007AEB 000F
@00007AEC FFDA
@00007AED FFF2
@00007AEE FFDF
@00007AEF 0014
@00007AF0 FFED
@00007AF1 0001
@00007AF2 001C
@00007AF3 0008
@00007AF4 0002
@00007AF5 0008
@00007AF6 0009
@00007AF7 FFFE
@00007AF8 FFE2
@00007AF9 0071
@00007AFA 000C
@00007AFB FFF8
@00007AFC FFF1
@00007AFD 004F
@00007AFE 0011
@00007AFF 0012
@00007B00 FFDB
@00007B01 FFF6
@00007B02 FFDC
@00007B03 FFF9
@00007B04 0022
@00007B05 FFB6
@00007B06 0025
@00007B07 001A
@00007B08 FFF8
@00007B09 FFDC
@00007B0A 0059
@00007B0B 0000
@00007B0C FFFA
@00007B0D FFE9
@00007B0E FFFB
@00007B0F 000B
@00007B10 001E
@00007B11 0021
@00007B12 FFF3
@00007B13 0014
@00007B14 FFE7
@00007B15 FFF1
@00007B16 FFE1
@00007B17 0000
@00007B18 FFDC
@00007B19 FFF8
@00007B1A FFFF
@00007B1B 0000
@00007B1C 000E
@00007B1D FFF9
@00007B1E FFDC
@00007B1F FFE1
@00007B20 FFE3
@00007B21 001F
@00007B22 0014
@00007B23 FFFB
@00007B24 FFEB
@00007B25 0014
@00007B26 0017
@00007B27 0005
@00007B28 FFDD
@00007B29 0005
@00007B2A FFF0
@00007B2B FFE5
@00007B2C FFFE
@00007B2D FFEB
@00007B2E FFE8
@00007B2F 0013
@00007B30 0014
@00007B31 0010
@00007B32 FFFA
@00007B33 FFF9
@00007B34 FFE9
@00007B35 0004
@00007B36 000B
@00007B37 FFE0
@00007B38 0024
@00007B39 FFFC
@00007B3A FFED
@00007B3B FFEF
@00007B3C FFF0
@00007B3D 000A
@00007B3E FFF5
@00007B3F 000C
@00007B40 001C
@00007B41 FFFC
@00007B42 000B
@00007B43 0000
@00007B44 FFF9
@00007B45 0013
@00007B46 FFD7
@00007B47 0023
@00007B48 FFE8
@00007B49 FFDD
@00007B4A FFF0
@00007B4B FFE3
@00007B4C FFEC
@00007B4D 0011
@00007B4E FFEC
@00007B4F FFED
@00007B50 0007
@00007B51 0007
@00007B52 0004
@00007B53 0009
@00007B54 FFF7
@00007B55 0007
@00007B56 FFEF
@00007B57 FFE3
@00007B58 0012
@00007B59 FFF8
@00007B5A 0008
@00007B5B FFED
@00007B5C FFFD
@00007B5D 0014
@00007B5E 0008
@00007B5F FFFF
@00007B60 0015
@00007B61 0005
@00007B62 002B
@00007B63 0008
@00007B64 FFF9
@00007B65 FFEF
@00007B66 FFDF
@00007B67 000D
@00007B68 0001
@00007B69 FFE1
@00007B6A 001A
@00007B6B FFD7
@00007B6C 0022
@00007B6D FFF9
@00007B6E FFF2
@00007B6F 0000
@00007B70 0005
@00007B71 000C
@00007B72 FFF6
@00007B73 FFEE
@00007B74 FFEF
@00007B75 002E
@00007B76 0002
@00007B77 FFD9
@00007B78 FFF4
@00007B79 FFCD
@00007B7A 001B
@00007B7B FFCE
@00007B7C FFB9
@00007B7D FFD1
@00007B7E 0045
@00007B7F FFE8
@00007B80 0011
@00007B81 FFD2
@00007B82 FFD7
@00007B83 FFBE
@00007B84 FFF5
@00007B85 0000
@00007B86 FFF3
@00007B87 FFE1
@00007B88 FFC9
@00007B89 0068
@00007B8A 000C
@00007B8B FFAD
@00007B8C FFEE
@00007B8D FFFD
@00007B8E 0002
@00007B8F 0001
@00007B90 003D
@00007B91 FFB4
@00007B92 FFD9
@00007B93 0000
@00007B94 0030
@00007B95 FFFF
@00007B96 FF94
@00007B97 FFDD
@00007B98 FFDF
@00007B99 000C
@00007B9A FFB0
@00007B9B FFAD
@00007B9C 0054
@00007B9D FFCF
@00007B9E FFB7
@00007B9F FFE2
@00007BA0 0013
@00007BA1 FFFC
@00007BA2 FF99
@00007BA3 0057
@00007BA4 0019
@00007BA5 000A
@00007BA6 000F
@00007BA7 FFDE
@00007BA8 FFFB
@00007BA9 0018
@00007BAA FFDE
@00007BAB 004C
@00007BAC FFBB
@00007BAD FFBC
@00007BAE FFCE
@00007BAF FFC8
@00007BB0 0006
@00007BB1 FFF4
@00007BB2 FFDB
@00007BB3 0000
@00007BB4 FFF6
@00007BB5 000A
@00007BB6 FF84
@00007BB7 FFFD
@00007BB8 000B
@00007BB9 FFDC
@00007BBA 000F
@00007BBB FFBB
@00007BBC 0034
@00007BBD FFFD
@00007BBE 003A
@00007BBF 0002
@00007BC0 FFEB
@00007BC1 FFF8
@00007BC2 FFFD
@00007BC3 FFB5
@00007BC4 FFFA
@00007BC5 FFDA
@00007BC6 000F
@00007BC7 005E
@00007BC8 FF9D
@00007BC9 FFEB
@00007BCA FFBC
@00007BCB FFFD
@00007BCC 0009
@00007BCD FF9A
@00007BCE 008A
@00007BCF FFC1
@00007BD0 0002
@00007BD1 FF9D
@00007BD2 FFFD
@00007BD3 0000
@00007BD4 FFF1
@00007BD5 0001
@00007BD6 FFF9
@00007BD7 FFF5
@00007BD8 0035
@00007BD9 0033
@00007BDA FFF7
@00007BDB 000C
@00007BDC 000A
@00007BDD 000C
@00007BDE FFED
@00007BDF 0022
@00007BE0 FFEF
@00007BE1 0003
@00007BE2 0005
@00007BE3 FFEE
@00007BE4 FFFD
@00007BE5 0026
@00007BE6 FFE9
@00007BE7 FFE7
@00007BE8 FFFC
@00007BE9 0011
@00007BEA 0000
@00007BEB FFE9
@00007BEC FFE1
@00007BED 0005
@00007BEE 0008
@00007BEF FFEE
@00007BF0 FFC4
@00007BF1 0028
@00007BF2 FFFB
@00007BF3 FFF5
@00007BF4 FFE9
@00007BF5 0014
@00007BF6 0009
@00007BF7 001C
@00007BF8 FFF1
@00007BF9 0001
@00007BFA FFF5
@00007BFB FFF9
@00007BFC FFF8
@00007BFD FFE8
@00007BFE 0002
@00007BFF FFEA
@00007C00 FFFE
@00007C01 FFEE
@00007C02 FFFE
@00007C03 FFFA
@00007C04 001C
@00007C05 FFF7
@00007C06 FFF2
@00007C07 0009
@00007C08 FFF6
@00007C09 0016
@00007C0A FFF6
@00007C0B FFD2
@00007C0C FFFA
@00007C0D 001D
@00007C0E 001C
@00007C0F 0016
@00007C10 FFF9
@00007C11 0000
@00007C12 FFDC
@00007C13 000E
@00007C14 FFE1
@00007C15 FFBF
@00007C16 FFF8
@00007C17 FFE4
@00007C18 0004
@00007C19 FFE5
@00007C1A FFE8
@00007C1B FFF0
@00007C1C FFE2
@00007C1D 0000
@00007C1E 0000
@00007C1F 000A
@00007C20 FFF1
@00007C21 FFEE
@00007C22 0014
@00007C23 0020
@00007C24 FFF3
@00007C25 0025
@00007C26 FFFC
@00007C27 FFF3
@00007C28 0018
@00007C29 0009
@00007C2A 000C
@00007C2B FFF6
@00007C2C FFE9
@00007C2D 0015
@00007C2E FFF5
@00007C2F FFF5
@00007C30 002D
@00007C31 FFF5
@00007C32 FFFE
@00007C33 FFE3
@00007C34 0010
@00007C35 0000
@00007C36 FFE2
@00007C37 0000
@00007C38 FFFF
@00007C39 FFFB
@00007C3A FFD1
@00007C3B FFED
@00007C3C 001D
@00007C3D 0005
@00007C3E FFFF
@00007C3F 0009
@00007C40 0017
@00007C41 FFBD
@00007C42 0001
@00007C43 0017
@00007C44 FFBC
@00007C45 FFE2
@00007C46 0014
@00007C47 FFE5
@00007C48 FFFF
@00007C49 000B
@00007C4A FFC1
@00007C4B FFB9
@00007C4C FFED
@00007C4D FFF7
@00007C4E FFFE
@00007C4F FFD7
@00007C50 FFAF
@00007C51 002A
@00007C52 FFE8
@00007C53 FFCF
@00007C54 FFD8
@00007C55 0027
@00007C56 FFF3
@00007C57 FFF6
@00007C58 0010
@00007C59 FFE7
@00007C5A FFF6
@00007C5B 000F
@00007C5C 0015
@00007C5D FFE2
@00007C5E FFD4
@00007C5F FFF3
@00007C60 FFCC
@00007C61 002C
@00007C62 FFAD
@00007C63 FFE9
@00007C64 0042
@00007C65 FFFA
@00007C66 FFCC
@00007C67 FFD5
@00007C68 0007
@00007C69 FFFC
@00007C6A FFC2
@00007C6B 004C
@00007C6C 0018
@00007C6D FFFC
@00007C6E FFF2
@00007C6F 0017
@00007C70 0003
@00007C71 FFFF
@00007C72 FFCF
@00007C73 001A
@00007C74 FFC7
@00007C75 FFC9
@00007C76 FFE8
@00007C77 FFD8
@00007C78 000E
@00007C79 FFF8
@00007C7A FFC5
@00007C7B 0012
@00007C7C 000F
@00007C7D 000A
@00007C7E FFDC
@00007C7F FFF4
@00007C80 0005
@00007C81 FFD4
@00007C82 0002
@00007C83 FFC2
@00007C84 000D
@00007C85 0009
@00007C86 0022
@00007C87 002A
@00007C88 FFFA
@00007C89 0008
@00007C8A FFF5
@00007C8B FFF5
@00007C8C FFF4
@00007C8D 0004
@00007C8E 000C
@00007C8F 0046
@00007C90 FFC5
@00007C91 0015
@00007C92 FFCE
@00007C93 001F
@00007C94 000E
@00007C95 FFB6
@00007C96 0048
@00007C97 FFC5
@00007C98 001B
@00007C99 FFB9
@00007C9A 0016
@00007C9B 0000
@00007C9C FFEB
@00007C9D 0014
@00007C9E 0018
@00007C9F FFF2
@00007CA0 002A
@00007CA1 0029
@00007CA2 FFE7
@00007CA3 FFFF
@00007CA4 FFF7
@00007CA5 FFEE
@00007CA6 000D
@00007CA7 FFDE
@00007CA8 FFE8
@00007CA9 FFFA
@00007CAA FFFD
@00007CAB FFF5
@00007CAC 0011
@00007CAD 000F
@00007CAE FFE9
@00007CAF FFF6
@00007CB0 FFF0
@00007CB1 0007
@00007CB2 FFFA
@00007CB3 0006
@00007CB4 FFE1
@00007CB5 FFF8
@00007CB6 0012
@00007CB7 FFEA
@00007CB8 FFE1
@00007CB9 FFDF
@00007CBA FFFF
@00007CBB FFF8
@00007CBC FFF1
@00007CBD FFF0
@00007CBE 0017
@00007CBF 0003
@00007CC0 000A
@00007CC1 FFE8
@00007CC2 FFF6
@00007CC3 0044
@00007CC4 FFFD
@00007CC5 FFEC
@00007CC6 FFF9
@00007CC7 FFDC
@00007CC8 FFFD
@00007CC9 FFED
@00007CCA FFDF
@00007CCB FFF1
@00007CCC FFFD
@00007CCD 0019
@00007CCE FFE9
@00007CCF FFEB
@00007CD0 FFF5
@00007CD1 FFEC
@00007CD2 0003
@00007CD3 FFDE
@00007CD4 FFFD
@00007CD5 0013
@00007CD6 000C
@00007CD7 001B
@00007CD8 FFEA
@00007CD9 0002
@00007CDA FFE5
@00007CDB 000E
@00007CDC FFEA
@00007CDD 0006
@00007CDE FFF9
@00007CDF FFE6
@00007CE0 001F
@00007CE1 0000
@00007CE2 FFFE
@00007CE3 0005
@00007CE4 FFF5
@00007CE5 FFF3
@00007CE6 FFFA
@00007CE7 FFFF
@00007CE8 FFF2
@00007CE9 FFED
@00007CEA FFF1
@00007CEB 000C
@00007CEC 0014
@00007CED 0012
@00007CEE 000D
@00007CEF 0006
@00007CF0 FFEC
@00007CF1 FFEF
@00007CF2 000B
@00007CF3 001D
@00007CF4 FFEE
@00007CF5 000F
@00007CF6 FFEB
@00007CF7 0003
@00007CF8 0002
@00007CF9 FFF8
@00007CFA FFF7
@00007CFB 0006
@00007CFC FFF7
@00007CFD 000D
@00007CFE 0003
@00007CFF 0000
@00007D00 0017
@00007D01 FFF4
@00007D02 FFF0
@00007D03 FFFE
@00007D04 003D
@00007D05 0024
@00007D06 000A
@00007D07 FFDE
@00007D08 000A
@00007D09 FFDC
@00007D0A 002C
@00007D0B 0027
@00007D0C FFB5
@00007D0D FFF2
@00007D0E 0019
@00007D0F 0000
@00007D10 0007
@00007D11 0011
@00007D12 FFD2
@00007D13 FFC9
@00007D14 FFE9
@00007D15 FFED
@00007D16 FFD0
@00007D17 FFCC
@00007D18 FFE8
@00007D19 0036
@00007D1A 001C
@00007D1B FFDD
@00007D1C FFD4
@00007D1D 0031
@00007D1E FFE6
@00007D1F FFDD
@00007D20 0018
@00007D21 FFE0
@00007D22 FFFC
@00007D23 002E
@00007D24 0031
@00007D25 FFF0
@00007D26 FFE1
@00007D27 FFF1
@00007D28 FFD1
@00007D29 0021
@00007D2A FFED
@00007D2B FFEE
@00007D2C 0041
@00007D2D 0001
@00007D2E FFC5
@00007D2F FFE5
@00007D30 0017
@00007D31 FFE1
@00007D32 FFE5
@00007D33 002C
@00007D34 0021
@00007D35 FFF6
@00007D36 0016
@00007D37 0002
@00007D38 002A
@00007D39 0006
@00007D3A FFFF
@00007D3B 002E
@00007D3C FFD0
@00007D3D FFED
@00007D3E FFDD
@00007D3F FFC5
@00007D40 0028
@00007D41 FFE2
@00007D42 FFEF
@00007D43 000C
@00007D44 0012
@00007D45 002C
@00007D46 FFED
@00007D47 FFF3
@00007D48 0008
@00007D49 FFC9
@00007D4A FFCA
@00007D4B FFB1
@00007D4C 0040
@00007D4D 0028
@00007D4E 003E
@00007D4F 000E
@00007D50 FFF6
@00007D51 FFD6
@00007D52 FFF2
@00007D53 FFDF
@00007D54 FFF0
@00007D55 FFF8
@00007D56 FFEF
@00007D57 003A
@00007D58 FFD8
@00007D59 FFF1
@00007D5A FFCA
@00007D5B 0009
@00007D5C 001D
@00007D5D FFC0
@00007D5E 0040
@00007D5F FFE1
@00007D60 FFE7
@00007D61 FFC2
@00007D62 FFB9
@00007D63 0000
@00007D64 FFF5
@00007D65 FFF4
@00007D66 001C
@00007D67 0007
@00007D68 0058
@00007D69 FFF7
@00007D6A FFF5
@00007D6B FFF4
@00007D6C FFEB
@00007D6D FFDF
@00007D6E 000F
@00007D6F FFD4
@00007D70 FFE0
@00007D71 FFF5
@00007D72 0024
@00007D73 0005
@00007D74 0015
@00007D75 0022
@00007D76 FFFF
@00007D77 FFED
@00007D78 0022
@00007D79 FFEE
@00007D7A FFF9
@00007D7B FFE4
@00007D7C FFCB
@00007D7D 0023
@00007D7E 0017
@00007D7F FFE9
@00007D80 FFF3
@00007D81 FFE3
@00007D82 FFE6
@00007D83 FFFE
@00007D84 0006
@00007D85 FFF4
@00007D86 FFE5
@00007D87 0027
@00007D88 0001
@00007D89 FFF2
@00007D8A FFFC
@00007D8B 0031
@00007D8C FFED
@00007D8D 0000
@00007D8E FFEB
@00007D8F FFFE
@00007D90 001A
@00007D91 FFE2
@00007D92 FFFA
@00007D93 FFD6
@00007D94 0016
@00007D95 FFF1
@00007D96 0003
@00007D97 000E
@00007D98 FFEC
@00007D99 001C
@00007D9A 0004
@00007D9B 0019
@00007D9C FFEA
@00007D9D 0015
@00007D9E FFFE
@00007D9F 0011
@00007DA0 FFFC
@00007DA1 FFD9
@00007DA2 FFF2
@00007DA3 FFFA
@00007DA4 0006
@00007DA5 FFDA
@00007DA6 0017
@00007DA7 FFEE
@00007DA8 001A
@00007DA9 0015
@00007DAA FFD8
@00007DAB FFE7
@00007DAC FFFD
@00007DAD 0009
@00007DAE 000A
@00007DAF FFE7
@00007DB0 000B
@00007DB1 FFF3
@00007DB2 000F
@00007DB3 000F
@00007DB4 000A
@00007DB5 0000
@00007DB6 FFE4
@00007DB7 FFFF
@00007DB8 0020
@00007DB9 FFF2
@00007DBA 0024
@00007DBB 002C
@00007DBC 0004
@00007DBD 0000
@00007DBE FFEA
@00007DBF 0015
@00007DC0 0012
@00007DC1 FFF3
@00007DC2 0020
@00007DC3 FFFD
@00007DC4 001D
@00007DC5 FFD9
@00007DC6 FFD1
@00007DC7 0000
@00007DC8 000C
@00007DC9 000B
@00007DCA FFC8
@00007DCB 001B
@00007DCC 002A
@00007DCD 000C
@00007DCE FFE6
@00007DCF 0004
@00007DD0 FFE0
@00007DD1 FFCF
@00007DD2 001D
@00007DD3 FFFD
@00007DD4 FFBD
@00007DD5 FFE3
@00007DD6 000D
@00007DD7 FFD9
@00007DD8 FFF2
@00007DD9 0002
@00007DDA FFCF
@00007DDB FFEA
@00007DDC 000A
@00007DDD FFE5
@00007DDE FFE9
@00007DDF FFDD
@00007DE0 FFE9
@00007DE1 0045
@00007DE2 FFFC
@00007DE3 FFC9
@00007DE4 0007
@00007DE5 FFDE
@00007DE6 FFF1
@00007DE7 000C
@00007DE8 0035
@00007DE9 FFCA
@00007DEA FFDA
@00007DEB 0028
@00007DEC 002A
@00007DED 001D
@00007DEE FFBB
@00007DEF 0009
@00007DF0 FFE0
@00007DF1 0014
@00007DF2 FFD3
@00007DF3 FFD9
@00007DF4 0034
@00007DF5 FFEE
@00007DF6 FFC4
@00007DF7 FFE2
@00007DF8 0024
@00007DF9 FFE9
@00007DFA FFB5
@00007DFB 004B
@00007DFC 0002
@00007DFD 0008
@00007DFE 0022
@00007DFF 000F
@00007E00 FFF6
@00007E01 000E
@00007E02 FFC7
@00007E03 0048
@00007E04 FFDE
@00007E05 FFD0
@00007E06 FFEE
@00007E07 FFC2
@00007E08 000A
@00007E09 FFDB
@00007E0A FFF6
@00007E0B FFFC
@00007E0C 001F
@00007E0D FFFA
@00007E0E FFD6
@00007E0F FFDC
@00007E10 FFF9
@00007E11 FFCD
@00007E12 FFF3
@00007E13 FFC6
@00007E14 0012
@00007E15 0007
@00007E16 0025
@00007E17 0023
@00007E18 FFFC
@00007E19 FFF3
@00007E1A FFF5
@00007E1B FFE9
@00007E1C 0026
@00007E1D FFD3
@00007E1E 0027
@00007E1F 0028
@00007E20 FFD0
@00007E21 0019
@00007E22 FFF6
@00007E23 FFEA
@00007E24 001C
@00007E25 FFCF
@00007E26 004E
@00007E27 FFE9
@00007E28 0023
@00007E29 FFD5
@00007E2A FFFF
@00007E2B 0000
@00007E2C FFF4
@00007E2D FFFA
@00007E2E FFF2
@00007E2F FFF4
@00007E30 0044
@00007E31 0010
@00007E32 FFE7
@00007E33 0003
@00007E34 0002
@00007E35 FFD6
@00007E36 000E
@00007E37 FFF4
@00007E38 FFED
@00007E39 FFE3
@00007E3A 001B
@00007E3B 0007
@00007E3C 0005
@00007E3D 0023
@00007E3E FFDB
@00007E3F FFEC
@00007E40 0009
@00007E41 FFE7
@00007E42 000D
@00007E43 FFDC
@00007E44 FFF0
@00007E45 0007
@00007E46 0005
@00007E47 FFE7
@00007E48 FFE6
@00007E49 FFE8
@00007E4A 0003
@00007E4B 0007
@00007E4C 0011
@00007E4D 000A
@00007E4E 0002
@00007E4F 0002
@00007E50 000F
@00007E51 FFE4
@00007E52 FFF7
@00007E53 0006
@00007E54 FFDB
@00007E55 0006
@00007E56 0006
@00007E57 FFEE
@00007E58 001E
@00007E59 0008
@00007E5A FFF4
@00007E5B FFF8
@00007E5C FFF9
@00007E5D 0010
@00007E5E FFF9
@00007E5F FFFA
@00007E60 FFEE
@00007E61 001E
@00007E62 000B
@00007E63 000A
@00007E64 FFEB
@00007E65 0009
@00007E66 001D
@00007E67 0027
@00007E68 FFEA
@00007E69 000D
@00007E6A FFE3
@00007E6B FFDC
@00007E6C FFF4
@00007E6D FFE7
@00007E6E FFF1
@00007E6F FFDB
@00007E70 0009
@00007E71 FFFE
@00007E72 FFF4
@00007E73 FFDD
@00007E74 FFFB
@00007E75 FFEE
@00007E76 0012
@00007E77 FFF3
@00007E78 000E
@00007E79 FFE7
@00007E7A FFFD
@00007E7B FFF0
@00007E7C FFE9
@00007E7D 0033
@00007E7E 0001
@00007E7F FFF5
@00007E80 FFF9
@00007E81 FFDD
@00007E82 0008
@00007E83 0003
@00007E84 000A
@00007E85 001D
@00007E86 FFF1
@00007E87 FFFD
@00007E88 000E
@00007E89 FFD5
@00007E8A 001F
@00007E8B FFD7
@00007E8C 0009
@00007E8D FFE0
@00007E8E FFED
@00007E8F 0000
@00007E90 000E
@00007E91 FFEF
@00007E92 FFF2
@00007E93 FFF3
@00007E94 0047
@00007E95 0006
@00007E96 FFF8
@00007E97 0002
@00007E98 FFF9
@00007E99 FFBB
@00007E9A FFEF
@00007E9B FFFE
@00007E9C FFCE
@00007E9D FFF4
@00007E9E 0005
@00007E9F FFF3
@00007EA0 0008
@00007EA1 FFE8
@00007EA2 FFF9
@00007EA3 FFE1
@00007EA4 FFF4
@00007EA5 FFF0
@00007EA6 FFE1
@00007EA7 FFEA
@00007EA8 FFCD
@00007EA9 0033
@00007EAA 000A
@00007EAB FFF7
@00007EAC 0006
@00007EAD 0049
@00007EAE 0012
@00007EAF 0013
@00007EB0 001C
@00007EB1 FFEA
@00007EB2 0003
@00007EB3 0014
@00007EB4 0031
@00007EB5 000D
@00007EB6 FFF1
@00007EB7 FFF9
@00007EB8 FFCD
@00007EB9 FFFA
@00007EBA FFD8
@00007EBB FFF2
@00007EBC 0037
@00007EBD 0003
@00007EBE FFC0
@00007EBF FFE8
@00007EC0 FFF1
@00007EC1 FFEE
@00007EC2 FFE6
@00007EC3 001E
@00007EC4 0028
@00007EC5 FFD5
@00007EC6 0018
@00007EC7 0002
@00007EC8 FFFE
@00007EC9 001B
@00007ECA FFE6
@00007ECB 0028
@00007ECC FFC3
@00007ECD FFCD
@00007ECE FFEF
@00007ECF FFD0
@00007ED0 FFFD
@00007ED1 FFF9
@00007ED2 FFD2
@00007ED3 0018
@00007ED4 FFDC
@00007ED5 0029
@00007ED6 FFC7
@00007ED7 FFE1
@00007ED8 FFF6
@00007ED9 0001
@00007EDA 0001
@00007EDB FFDE
@00007EDC 0031
@00007EDD 0024
@00007EDE 0016
@00007EDF FFE3
@00007EE0 FFDD
@00007EE1 FFEC
@00007EE2 FFEE
@00007EE3 FFED
@00007EE4 0014
@00007EE5 FFCF
@00007EE6 FFFF
@00007EE7 001E
@00007EE8 FFE4
@00007EE9 FFF4
@00007EEA FFD4
@00007EEB 0025
@00007EEC 0000
@00007EED FFC5
@00007EEE 003F
@00007EEF FFE2
@00007EF0 0009
@00007EF1 FFD2
@00007EF2 002A
@00007EF3 0000
@00007EF4 0008
@00007EF5 FFF6
@00007EF6 FFE4
@00007EF7 0014
@00007EF8 000B
@00007EF9 FFF7
@00007EFA FFFA
@00007EFB FFE8
@00007EFC 0006
@00007EFD FFD4
@00007EFE 000F
@00007EFF 0022
@00007F00 FFCB
@00007F01 FFFD
@00007F02 0003
@00007F03 FFDD
@00007F04 0001
@00007F05 0007
@00007F06 FFF0
@00007F07 FFF2
@00007F08 FFFD
@00007F09 000F
@00007F0A 0002
@00007F0B FFE4
@00007F0C FFC6
@00007F0D 0036
@00007F0E FFEE
@00007F0F FFEA
@00007F10 FFE3
@00007F11 000D
@00007F12 0016
@00007F13 FFFD
@00007F14 001B
@00007F15 FFD9
@00007F16 0002
@00007F17 FFF2
@00007F18 000F
@00007F19 0020
@00007F1A FFE0
@00007F1B 0001
@00007F1C FFF9
@00007F1D 0016
@00007F1E FFBA
@00007F1F FFEF
@00007F20 0043
@00007F21 FFF9
@00007F22 FFDA
@00007F23 FFE3
@00007F24 FFF6
@00007F25 FFFF
@00007F26 FFB9
@00007F27 0045
@00007F28 001A
@00007F29 002E
@00007F2A 0015
@00007F2B 0022
@00007F2C FFF7
@00007F2D FFF1
@00007F2E FFDE
@00007F2F 002E
@00007F30 FFD3
@00007F31 FFE0
@00007F32 0007
@00007F33 FFD4
@00007F34 000B
@00007F35 FFF9
@00007F36 0002
@00007F37 0009
@00007F38 FFEA
@00007F39 001A
@00007F3A FFD7
@00007F3B FFDE
@00007F3C 0020
@00007F3D FFE2
@00007F3E 0016
@00007F3F FFE9
@00007F40 0012
@00007F41 0008
@00007F42 001E
@00007F43 0000
@00007F44 0000
@00007F45 0001
@00007F46 0000
@00007F47 FFCD
@00007F48 001F
@00007F49 0004
@00007F4A FFF8
@00007F4B 0011
@00007F4C FFD9
@00007F4D FFFA
@00007F4E FFE4
@00007F4F 001D
@00007F50 000E
@00007F51 FFB8
@00007F52 0042
@00007F53 FFF1
@00007F54 FFFE
@00007F55 FFE4
@00007F56 0021
@00007F57 0000
@00007F58 0015
@00007F59 0007
@00007F5A FFD9
@00007F5B FFF8
@00007F5C FFF9
@00007F5D 001D
@00007F5E FFE5
@00007F5F FFEB
@00007F60 FFF1
@00007F61 FFF4
@00007F62 FFFF
@00007F63 FFE8
@00007F64 FFC0
@00007F65 0005
@00007F66 000E
@00007F67 FFE0
@00007F68 FFEF
@00007F69 0019
@00007F6A FFFA
@00007F6B FFDB
@00007F6C 0017
@00007F6D FFDE
@00007F6E FFF7
@00007F6F FFE3
@00007F70 FFC6
@00007F71 001A
@00007F72 000C
@00007F73 FFF1
@00007F74 FFE8
@00007F75 FFF3
@00007F76 FFF1
@00007F77 FFED
@00007F78 0035
@00007F79 FFD3
@00007F7A FFED
@00007F7B 0000
@00007F7C 0027
@00007F7D 0015
@00007F7E FFDB
@00007F7F FFF3
@00007F80 0006
@00007F81 0006
@00007F82 FFE1
@00007F83 FFF1
@00007F84 0028
@00007F85 FFDE
@00007F86 FFFA
@00007F87 FFDA
@00007F88 FFFA
@00007F89 FFE6
@00007F8A FFCE
@00007F8B 003B
@00007F8C FFFD
@00007F8D FFF7
@00007F8E 0015
@00007F8F FFEE
@00007F90 FFF3
@00007F91 0025
@00007F92 FFF5
@00007F93 001D
@00007F94 FFC6
@00007F95 FFD6
@00007F96 FFDF
@00007F97 FFE1
@00007F98 001D
@00007F99 FFFF
@00007F9A 000F
@00007F9B FFE4
@00007F9C FFF3
@00007F9D FFFE
@00007F9E FFC4
@00007F9F FFFD
@00007FA0 000B
@00007FA1 FFE3
@00007FA2 001F
@00007FA3 FFDC
@00007FA4 0010
@00007FA5 0018
@00007FA6 0017
@00007FA7 0022
@00007FA8 0005
@00007FA9 0020
@00007FAA FFEA
@00007FAB 0001
@00007FAC 001E
@00007FAD FFEE
@00007FAE FFFA
@00007FAF 0034
@00007FB0 FFEA
@00007FB1 FFFA
@00007FB2 FFE6
@00007FB3 0014
@00007FB4 0007
@00007FB5 FFE8
@00007FB6 0043
@00007FB7 FFC9
@00007FB8 000C
@00007FB9 FFE5
@00007FBA 0008
@00007FBB 0000
@00007FBC 0001
@00007FBD FFFC
@00007FBE FFF1
@00007FBF 001C
@00007FC0 0051
@00007FC1 0017
@00007FC2 FFF6
@00007FC3 FFD6
@00007FC4 0022
@00007FC5 FFF1
@00007FC6 FFFE
@00007FC7 0013
@00007FC8 FFF3
@00007FC9 FFDB
@00007FCA 0006
@00007FCB FFD7
@00007FCC 000B
@00007FCD 0020
@00007FCE FFF9
@00007FCF FFFF
@00007FD0 000F
@00007FD1 FFE8
@00007FD2 FFF3
@00007FD3 FFF1
@00007FD4 FFE4
@00007FD5 000D
@00007FD6 FFFD
@00007FD7 FFF2
@00007FD8 FFDF
@00007FD9 FFD9
@00007FDA 0009
@00007FDB FFF6
@00007FDC 001B
@00007FDD 0006
@00007FDE FFDE
@00007FDF FFFA
@00007FE0 FFFA
@00007FE1 FFFF
@00007FE2 FFD1
@00007FE3 FFFD
@00007FE4 0007
@00007FE5 FFFE
@00007FE6 FFFF
@00007FE7 FFE4
@00007FE8 0017
@00007FE9 0002
@00007FEA FFF1
@00007FEB FFE9
@00007FEC 002A
@00007FED FFF5
@00007FEE FFDE
@00007FEF 0001
@00007FF0 FFF5
@00007FF1 0030
@00007FF2 FFFE
@00007FF3 001A
@00007FF4 0003
@00007FF5 0013
@00007FF6 000E
@00007FF7 002E
@00007FF8 FFE9
@00007FF9 FFF2
@00007FFA FFDF
@00007FFB FFE6
@00007FFC FFF5
@00007FFD 0009
@00007FFE 0007
@00007FFF FFE5
@00008000 0008
@00008001 0000
@00008002 FFF5
@00008003 FFFB
@00008004 FFE4
@00008005 FFF4
@00008006 0001
@00008007 FFFA
@00008008 000C
@00008009 FFE8
@0000800A 002B
@0000800B 0015
@0000800C 0000
@0000800D 0039
@0000800E FFD1
@0000800F FFD2
@00008010 000E
@00008011 FFC7
@00008012 0029
@00008013 0004
@00008014 FFEF
@00008015 0026
@00008016 FFF5
@00008017 000D
@00008018 0031
@00008019 FFEF
@0000801A 0028
@0000801B FFE3
@0000801C 0001
@0000801D FFD4
@0000801E FFFF
@0000801F 0000
@00008020 0022
@00008021 FFEE
@00008022 0000
@00008023 FFEE
@00008024 0033
@00008025 FFF9
@00008026 FFEE
@00008027 0009
@00008028 0018
@00008029 FFE4
@0000802A FFF3
@0000802B 000D
@0000802C FFE4
@0000802D FFF5
@0000802E FFF9
@0000802F 0004
@00008030 000E
@00008031 0010
@00008032 FFE1
@00008033 0007
@00008034 0004
@00008035 0010
@00008036 FFFB
@00008037 000B
@00008038 FFE6
@00008039 0019
@0000803A 0015
@0000803B FFF4
@0000803C FFDC
@0000803D 000D
@0000803E FFF4
@0000803F 000B
@00008040 FFEB
@00008041 FFE7
@00008042 0005
@00008043 FFFE
@00008044 0008
@00008045 FFFD
@00008046 FFFC
@00008047 FFEF
@00008048 FFED
@00008049 0004
@0000804A FFED
@0000804B FFFF
@0000804C 0015
@0000804D FFF6
@0000804E FFF0
@0000804F 0011
@00008050 FFF3
@00008051 0001
@00008052 FFE7
@00008053 0016
@00008054 FFF9
@00008055 FFEB
@00008056 0004
@00008057 0003
@00008058 001E
@00008059 0009
@0000805A 0013
@0000805B FFFD
@0000805C FFF1
@0000805D 0003
@0000805E FFFE
@0000805F 0002
@00008060 FFD7
@00008061 FFFD
@00008062 FFE8
@00008063 0003
@00008064 0001
@00008065 0002
@00008066 FFF8
@00008067 FFF5
@00008068 0009
@00008069 FFF3
@0000806A 0013
@0000806B FFF6
@0000806C 000A
@0000806D 0001
@0000806E 0006
@0000806F 000B
@00008070 0005
@00008071 FFF2
@00008072 FFF4
@00008073 000D
@00008074 001A
@00008075 0002
@00008076 001C
@00008077 001F
@00008078 FFF4
@00008079 001C
@0000807A 0004
@0000807B FFE8
@0000807C 000E
@0000807D FFFF
@0000807E 001B
@0000807F FFF5
@00008080 0012
@00008081 FFE0
@00008082 FFE8
@00008083 0000
@00008084 0026
@00008085 FFFA
@00008086 0005
@00008087 FFE2
@00008088 003F
@00008089 FFE6
@0000808A FFF1
@0000808B FFFF
@0000808C FFE3
@0000808D FFBD
@0000808E 000E
@0000808F 0000
@00008090 FFB9
@00008091 FFF0
@00008092 0037
@00008093 FFFB
@00008094 000E
@00008095 000C
@00008096 FFE1
@00008097 FFBD
@00008098 0023
@00008099 FFE8
@0000809A FFDD
@0000809B FFBD
@0000809C FFB9
@0000809D 0058
@0000809E FFEF
@0000809F FFE4
@000080A0 FFE2
@000080A1 FFE0
@000080A2 FFFB
@000080A3 0001
@000080A4 002B
@000080A5 FFC0
@000080A6 FFDD
@000080A7 0008
@000080A8 000E
@000080A9 FFE3
@000080AA FFD4
@000080AB 0002
@000080AC FFFA
@000080AD 0027
@000080AE FFC2
@000080AF FFD1
@000080B0 0033
@000080B1 FFD8
@000080B2 FFDB
@000080B3 FFE1
@000080B4 0010
@000080B5 FFD9
@000080B6 FFE1
@000080B7 0028
@000080B8 001C
@000080B9 0042
@000080BA FFF9
@000080BB 001B
@000080BC 0001
@000080BD 0018
@000080BE FFF8
@000080BF 002F
@000080C0 FFB2
@000080C1 FFC4
@000080C2 0000
@000080C3 FFDB
@000080C4 0030
@000080C5 0000
@000080C6 FFF5
@000080C7 FFFA
@000080C8 0026
@000080C9 000E
@000080CA FFBD
@000080CB FFF2
@000080CC 0012
@000080CD FFE4
@000080CE FFF1
@000080CF FFD2
@000080D0 0029
@000080D1 FFED
@000080D2 0049
@000080D3 0028
@000080D4 FFDD
@000080D5 002B
@000080D6 FFEA
@000080D7 FFC4
@000080D8 0026
@000080D9 FFF4
@000080DA 0024
@000080DB 0043
@000080DC FFC2
@000080DD 0034
@000080DE FFC8
@000080DF 000E
@000080E0 FFF9
@000080E1 FFC0
@000080E2 0040
@000080E3 FFE3
@000080E4 FFFA
@000080E5 FFC3
@000080E6 000A
@000080E7 0000
@000080E8 004B
@000080E9 001E
@000080EA FFEF
@000080EB 0010
@000080EC 0007
@000080ED FFFD
@000080EE 0004
@000080EF 0008
@000080F0 003A
@000080F1 FFF7
@000080F2 0016
@000080F3 FFED
@000080F4 FF88
@000080F5 FFF8
@000080F6 000E
@000080F7 FFD8
@000080F8 0025
@000080F9 001E
@000080FA FFDD
@000080FB FFE3
@000080FC FFE4
@000080FD FFE0
@000080FE 0003
@000080FF FFEB
@00008100 FFD6
@00008101 0029
@00008102 FFFE
@00008103 FFCF
@00008104 FFED
@00008105 0002
@00008106 FFEF
@00008107 000F
@00008108 0030
@00008109 FFD7
@0000810A FFB0
@0000810B FFF9
@0000810C FFF1
@0000810D FFE9
@0000810E FFC2
@0000810F FFDF
@00008110 FFDF
@00008111 0002
@00008112 FFB4
@00008113 FFCE
@00008114 0038
@00008115 FFE5
@00008116 FFE1
@00008117 FFE1
@00008118 0025
@00008119 FFF0
@0000811A FFE9
@0000811B 001D
@0000811C FFF0
@0000811D 0014
@0000811E 001C
@0000811F 000D
@00008120 FFFC
@00008121 FFF6
@00008122 003D
@00008123 003E
@00008124 FFD1
@00008125 FF89
@00008126 FFED
@00008127 FFDC
@00008128 008A
@00008129 FFCD
@0000812A FFA3
@0000812B FFDA
@0000812C 0048
@0000812D 0021
@0000812E FFE7
@0000812F FFFF
@00008130 0000
@00008131 FFD3
@00008132 0005
@00008133 FFDC
@00008134 0023
@00008135 FFF3
@00008136 002E
@00008137 001A
@00008138 FFFF
@00008139 FFF0
@0000813A 0023
@0000813B FFF8
@0000813C FFF8
@0000813D FFE9
@0000813E 0010
@0000813F 0033
@00008140 FFF2
@00008141 0001
@00008142 FFCC
@00008143 FFF5
@00008144 0011
@00008145 FFB4
@00008146 003F
@00008147 FFF0
@00008148 FFE6
@00008149 FFE9
@0000814A FFF2
@0000814B 0000
@0000814C 003B
@0000814D 0004
@0000814E 0002
@0000814F 0019
@00008150 0020
@00008151 FFDE
@00008152 FFFF
@00008153 FFE3
@00008154 FFFE
@00008155 FFD9
@00008156 0017
@00008157 FFF5
@00008158 FFAF
@00008159 0007
@0000815A 002B
@0000815B FFFD
@0000815C 0013
@0000815D 000E
@0000815E FFDE
@0000815F FFB2
@00008160 FFF4
@00008161 FFE6
@00008162 0001
@00008163 FFC2
@00008164 FFAB
@00008165 004C
@00008166 FFF1
@00008167 FFC6
@00008168 001C
@00008169 FFE7
@0000816A FFF1
@0000816B FFF5
@0000816C 0033
@0000816D FFCC
@0000816E FFE3
@0000816F 0004
@00008170 0011
@00008171 0021
@00008172 FFCB
@00008173 FFF8
@00008174 FFE6
@00008175 001F
@00008176 FFC1
@00008177 FFD1
@00008178 0061
@00008179 FFD2
@0000817A FFF3
@0000817B FFD7
@0000817C 0012
@0000817D FFD2
@0000817E FFC3
@0000817F 005D
@00008180 FFFC
@00008181 0015
@00008182 0008
@00008183 0013
@00008184 FFF8
@00008185 000D
@00008186 FFDC
@00008187 003D
@00008188 FFC2
@00008189 FFDB
@0000818A FFF1
@0000818B FFCF
@0000818C 0002
@0000818D 0007
@0000818E 0011
@0000818F FFF5
@00008190 000D
@00008191 0018
@00008192 FFB2
@00008193 FFE5
@00008194 000D
@00008195 FFEF
@00008196 FFEA
@00008197 FFAE
@00008198 0025
@00008199 0010
@0000819A 0027
@0000819B FFEC
@0000819C FFDA
@0000819D 0001
@0000819E FFE1
@0000819F FFCB
@000081A0 FFED
@000081A1 FFDA
@000081A2 001D
@000081A3 002E
@000081A4 FFC0
@000081A5 001F
@000081A6 FFBF
@000081A7 0014
@000081A8 0016
@000081A9 FFA5
@000081AA 0089
@000081AB FFEF
@000081AC FFEC
@000081AD FF97
@000081AE 0004
@000081AF 0000
@000081B0 FFF1
@000081B1 000C
@000081B2 0006
@000081B3 FFF7
@000081B4 FFD6
@000081B5 FFE9
@000081B6 003B
@000081B7 0031
@000081B8 FFDF
@000081B9 FFDD
@000081BA FFE0
@000081BB 0014
@000081BC FFFF
@000081BD 000B
@000081BE FFE0
@000081BF 0015
@000081C0 FFF2
@000081C1 0006
@000081C2 0012
@000081C3 000B
@000081C4 FFC5
@000081C5 001F
@000081C6 001B
@000081C7 FFE5
@000081C8 FFF2
@000081C9 0001
@000081CA FFEB
@000081CB 0025
@000081CC FFD4
@000081CD FFCE
@000081CE FFFA
@000081CF FFF9
@000081D0 0006
@000081D1 FFE9
@000081D2 0016
@000081D3 FFE5
@000081D4 FFE5
@000081D5 FFF6
@000081D6 FFFB
@000081D7 FFD6
@000081D8 0007
@000081D9 FFEB
@000081DA FFEC
@000081DB 000C
@000081DC 001D
@000081DD 001B
@000081DE FFF9
@000081DF 000E
@000081E0 FFDA
@000081E1 001D
@000081E2 FFF8
@000081E3 0010
@000081E4 FFE0
@000081E5 006A
@000081E6 FFCD
@000081E7 FFF6
@000081E8 FFE9
@000081E9 FFF2
@000081EA FFD0
@000081EB 000F
@000081EC FFEC
@000081ED FFF3
@000081EE 0019
@000081EF 0026
@000081F0 FFDA
@000081F1 FFFA
@000081F2 003C
@000081F3 0044
@000081F4 FFF0
@000081F5 FFF2
@000081F6 0018
@000081F7 0033
@000081F8 FFD3
@000081F9 000A
@000081FA FFF9
@000081FB FFF6
@000081FC FFE8
@000081FD FFED
@000081FE FFE0
@000081FF FFD2
@00008200 0029
@00008201 0001
@00008202 004F
@00008203 0011
@00008204 FFDA
@00008205 FFFC
@00008206 FFF5
@00008207 0009
@00008208 FFFE
@00008209 FFF6
@0000820A 0018
@0000820B FFE1
@0000820C 0000
@0000820D 0000
@0000820E 0015
@0000820F 000A
@00008210 000A
@00008211 FFE8
@00008212 0001
@00008213 0000
@00008214 0023
@00008215 FFFF
@00008216 0008
@00008217 FFE1
@00008218 002E
@00008219 0001
@0000821A FFE3
@0000821B 0009
@0000821C FFE4
@0000821D FFD3
@0000821E 000B
@0000821F FFE3
@00008220 FFCC
@00008221 FFEB
@00008222 001B
@00008223 FFE3
@00008224 000C
@00008225 0007
@00008226 FFD3
@00008227 FFE5
@00008228 001C
@00008229 000A
@0000822A FFF3
@0000822B FFEE
@0000822C FFF1
@0000822D 0019
@0000822E FFF1
@0000822F FFD5
@00008230 FFF1
@00008231 FFE7
@00008232 0029
@00008233 FFE9
@00008234 000A
@00008235 FFDE
@00008236 FFE5
@00008237 0008
@00008238 0026
@00008239 FFF4
@0000823A FFD5
@0000823B 0001
@0000823C FFF2
@0000823D FFFA
@0000823E FFCB
@0000823F FFCC
@00008240 002B
@00008241 FFEB
@00008242 FFEB
@00008243 FFEA
@00008244 0015
@00008245 FFF1
@00008246 FFD6
@00008247 004B
@00008248 0025
@00008249 0019
@0000824A FFF5
@0000824B FFF7
@0000824C FFF9
@0000824D 0010
@0000824E FFE5
@0000824F 002B
@00008250 FFEC
@00008251 FFD9
@00008252 FFE1
@00008253 FFE8
@00008254 FFFE
@00008255 0006
@00008256 FFFD
@00008257 FFF5
@00008258 0024
@00008259 001C
@0000825A FFD1
@0000825B 000F
@0000825C 000D
@0000825D FFDC
@0000825E 0008
@0000825F FFB7
@00008260 0028
@00008261 0002
@00008262 0023
@00008263 FFF7
@00008264 0008
@00008265 0000
@00008266 FFE8
@00008267 FFFC
@00008268 0007
@00008269 FFE8
@0000826A 001C
@0000826B 0038
@0000826C FFE7
@0000826D FFFD
@0000826E FFD3
@0000826F FFFB
@00008270 FFF4
@00008271 FFE1
@00008272 0051
@00008273 FFED
@00008274 FFE6
@00008275 FFCD
@00008276 FFFD
@00008277 0000
@00008278 000E
@00008279 FFF8
@0000827A 0013
@0000827B 0018
@0000827C 000F
@0000827D 0000
@0000827E 0004
@0000827F FFEE
@00008280 0005
@00008281 FFCA
@00008282 000F
@00008283 0007
@00008284 FFB8
@00008285 FFD8
@00008286 0008
@00008287 FFEE
@00008288 0008
@00008289 0006
@0000828A FFEB
@0000828B FFD5
@0000828C 0017
@0000828D FFEF
@0000828E FFE5
@0000828F FFC6
@00008290 FFD6
@00008291 003C
@00008292 FFEC
@00008293 FFF9
@00008294 0002
@00008295 0012
@00008296 0004
@00008297 000E
@00008298 002D
@00008299 FFE1
@0000829A FFEE
@0000829B 0005
@0000829C 000A
@0000829D 001B
@0000829E FFB4
@0000829F 000C
@000082A0 FFD7
@000082A1 0006
@000082A2 FFB4
@000082A3 FFDD
@000082A4 0023
@000082A5 FFD6
@000082A6 FFE3
@000082A7 FFE5
@000082A8 0015
@000082A9 000F
@000082AA FFD2
@000082AB 0050
@000082AC 001E
@000082AD 0021
@000082AE 0014
@000082AF 001E
@000082B0 0018
@000082B1 0015
@000082B2 FFEC
@000082B3 0023
@000082B4 FFCF
@000082B5 FFCA
@000082B6 0009
@000082B7 FFD4
@000082B8 0007
@000082B9 0003
@000082BA 000B
@000082BB FFE4
@000082BC 000D
@000082BD 0010
@000082BE FFB0
@000082BF 0002
@000082C0 0004
@000082C1 FFDF
@000082C2 0026
@000082C3 FFE3
@000082C4 0010
@000082C5 FFF7
@000082C6 0032
@000082C7 FFF6
@000082C8 FFFE
@000082C9 0015
@000082CA FFF4
@000082CB FFF6
@000082CC FFEC
@000082CD FFF1
@000082CE FFF9
@000082CF 0034
@000082D0 FFD0
@000082D1 0009
@000082D2 FFDF
@000082D3 0017
@000082D4 FFEE
@000082D5 FFB3
@000082D6 006B
@000082D7 FFEE
@000082D8 FFEE
@000082D9 FFB9
@000082DA FFFE
@000082DB 0000
@000082DC 001C
@000082DD FFFC
@000082DE 0025
@000082DF 0004
@000082E0 002D
@000082E1 0011
@000082E2 0007
@000082E3 0040
@000082E4 FFF5
@000082E5 0040
@000082E6 FFE2
@000082E7 0023
@000082E8 0027
@000082E9 0012
@000082EA FFB9
@000082EB 0018
@000082EC 0025
@000082ED FFB2
@000082EE 0016
@000082EF 0036
@000082F0 FFD6
@000082F1 001A
@000082F2 0030
@000082F3 0026
@000082F4 0014
@000082F5 FFA5
@000082F6 FFF0
@000082F7 FFFC
@000082F8 FFFC
@000082F9 FFE6
@000082FA 0001
@000082FB FFFB
@000082FC FFD2
@000082FD 005B
@000082FE 0037
@000082FF FFEE
@00008300 0000
@00008301 FF94
@00008302 0026
@00008303 0026
@00008304 004D
@00008305 FFEE
@00008306 0028
@00008307 002F
@00008308 FFB4
@00008309 0030
@0000830A 003E
@0000830B 0019
@0000830C FFD0
@0000830D 000E
@0000830E 005F
@0000830F FFCF
@00008310 FFD3
@00008311 FFFD
@00008312 FFD5
@00008313 FFAB
@00008314 FFCE
@00008315 FFDB
@00008316 000B
@00008317 FFBC
@00008318 0012
@00008319 0032
@0000831A 0028
@0000831B 004E
@0000831C FFEB
@0000831D 0002
@0000831E 0015
@0000831F 0043
@00008320 FFFC
@00008321 FFA6
@00008322 0049
@00008323 0040
@00008324 FFF8
@00008325 001C
@00008326 002D
@00008327 0053
@00008328 FFCF
@00008329 FFFE
@0000832A FFDC
@0000832B FFEE
@0000832C 000D
@0000832D 002E
@0000832E 001A
@0000832F 0007
@00008330 FFBF
@00008331 0006
@00008332 0002
@00008333 FFD9
@00008334 0025
@00008335 FFE3
@00008336 0017
@00008337 001D
@00008338 0001
@00008339 003E
@0000833A FFB0
@0000833B 0022
@0000833C 0046
@0000833D 0018
@0000833E 0035
@0000833F 0000
@00008340 0017
@00008341 FFF2
@00008342 FFE4
@00008343 FFF6
@00008344 0036
@00008345 0020
@00008346 FFEF
@00008347 FFE5
@00008348 0004
@00008349 FFD9
@0000834A FFDC
@0000834B 0019
@0000834C FFDF
@0000834D FFEB
@0000834E 0022
@0000834F FFF3
@00008350 002D
@00008351 000C
@00008352 FFF3
@00008353 FFF5
@00008354 0010
@00008355 FFF8
@00008356 0015
@00008357 FFFC
@00008358 FFE6
@00008359 000A
@0000835A 000D
@0000835B FFDA
@0000835C FFDE
@0000835D 0003
@0000835E FFF9
@0000835F 0008
@00008360 FFF6
@00008361 FFEC
@00008362 FFEE
@00008363 001E
@00008364 FFFB
@00008365 FFDD
@00008366 000A
@00008367 FFF8
@00008368 FFDE
@00008369 000B
@0000836A FFDE
@0000836B FFFB
@0000836C FFFC
@0000836D FFF9
@0000836E FFE6
@0000836F FFF2
@00008370 0004
@00008371 0001
@00008372 0002
@00008373 0015
@00008374 001B
@00008375 0008
@00008376 000A
@00008377 FFFD
@00008378 FFFD
@00008379 0007
@0000837A 0019
@0000837B 000C
@0000837C FFE9
@0000837D FFEB
@0000837E FFE7
@0000837F 0007
@00008380 FFF5
@00008381 FFF8
@00008382 FFDE
@00008383 FFED
@00008384 001D
@00008385 FFE7
@00008386 FFE2
@00008387 FFEA
@00008388 FFE9
@00008389 000D
@0000838A 0026
@0000838B FFDB
@0000838C 0020
@0000838D FFFA
@0000838E FFF2
@0000838F FFF9
@00008390 0007
@00008391 001A
@00008392 FFD9
@00008393 FFFE
@00008394 001A
@00008395 0003
@00008396 0006
@00008397 FFFA
@00008398 FFE8
@00008399 000D
@0000839A 0004
@0000839B FFE7
@0000839C 0039
@0000839D FFF4
@0000839E 0003
@0000839F FFF4
@000083A0 FFF7
@000083A1 FFF6
@000083A2 FFFA
@000083A3 0000
@000083A4 001E
@000083A5 0005
@000083A6 0006
@000083A7 000E
@000083A8 0013
@000083A9 FFFC
@000083AA 000A
@000083AB FFD9
@000083AC FFF8
@000083AD FFDE
@000083AE 0001
@000083AF 0017
@000083B0 FFD5
@000083B1 FFDA
@000083B2 001C
@000083B3 FFD9
@000083B4 FFFC
@000083B5 001D
@000083B6 FFEA
@000083B7 0006
@000083B8 FFFA
@000083B9 FFE3
@000083BA FFF6
@000083BB FFDE
@000083BC FFE7
@000083BD 0020
@000083BE 0005
@000083BF FFED
@000083C0 FFDE
@000083C1 002E
@000083C2 FFF3
@000083C3 0013
@000083C4 FFFC
@000083C5 FFE9
@000083C6 FFEE
@000083C7 001B
@000083C8 0013
@000083C9 FFF1
@000083CA FFD4
@000083CB FFE2
@000083CC FFFA
@000083CD 0001
@000083CE FFE8
@000083CF FFFA
@000083D0 0007
@000083D1 000E
@000083D2 FFF9
@000083D3 0004
@000083D4 0001
@000083D5 0016
@000083D6 FFE5
@000083D7 0017
@000083D8 FFFF
@000083D9 FFF3
@000083DA 0003
@000083DB FFEF
@000083DC FFFB
@000083DD FFFC
@000083DE 0008
@000083DF 0007
@000083E0 0002
@000083E1 FFEE
@000083E2 FFC9
@000083E3 FFE1
@000083E4 0008
@000083E5 0009
@000083E6 FFD8
@000083E7 FFEC
@000083E8 0007
@000083E9 0027
@000083EA FFDD
@000083EB FFF6
@000083EC 0008
@000083ED 0000
@000083EE 0013
@000083EF FFC9
@000083F0 001F
@000083F1 FFFE
@000083F2 001D
@000083F3 0016
@000083F4 FFE9
@000083F5 FFF3
@000083F6 FFFF
@000083F7 FFDC
@000083F8 0027
@000083F9 FFEE
@000083FA 0008
@000083FB 001C
@000083FC 0005
@000083FD 001E
@000083FE FFD8
@000083FF 000C
@00008400 FFFF
@00008401 FFD6
@00008402 0027
@00008403 FFD1
@00008404 000D
@00008405 FFF5
@00008406 FFFA
@00008407 0000
@00008408 FFDE
@00008409 FFFF
@0000840A 0007
@0000840B 000A
@0000840C 0085
@0000840D FFE4
@0000840E FFF0
@0000840F 001F
@00008410 FFBF
@00008411 FFD3
@00008412 FFFA
@00008413 FFFB
@00008414 FFDA
@00008415 0011
@00008416 001F
@00008417 0001
@00008418 FFF2
@00008419 000A
@0000841A 0000
@0000841B FFF1
@0000841C FFFA
@0000841D 0011
@0000841E FFFF
@0000841F FFC0
@00008420 FFE7
@00008421 002A
@00008422 0011
@00008423 FFC9
@00008424 0015
@00008425 0019
@00008426 FFF0
@00008427 FFCE
@00008428 0032
@00008429 FFF7
@0000842A FFF7
@0000842B 000F
@0000842C 0008
@0000842D 0010
@0000842E FFC4
@0000842F 0012
@00008430 FFF4
@00008431 0019
@00008432 FFC9
@00008433 FFBA
@00008434 001A
@00008435 FFF3
@00008436 FFDC
@00008437 FFED
@00008438 000A
@00008439 FFEC
@0000843A FFBE
@0000843B 0027
@0000843C 0012
@0000843D FFFD
@0000843E 001F
@0000843F 0009
@00008440 FFF0
@00008441 001B
@00008442 FFDA
@00008443 0031
@00008444 FFDA
@00008445 000E
@00008446 FFE9
@00008447 FFFE
@00008448 000C
@00008449 FFF3
@0000844A FFE4
@0000844B 002C
@0000844C FFE3
@0000844D 0030
@0000844E FFCC
@0000844F FFDF
@00008450 FFF8
@00008451 FFDD
@00008452 FFD2
@00008453 FFD2
@00008454 003E
@00008455 0001
@00008456 0030
@00008457 FFE2
@00008458 FFE1
@00008459 FFE3
@0000845A 000D
@0000845B FFEC
@0000845C FFF3
@0000845D FFE0
@0000845E 002B
@0000845F 002B
@00008460 FFD7
@00008461 0004
@00008462 FFD3
@00008463 000A
@00008464 FFFB
@00008465 FFC5
@00008466 0010
@00008467 FFB0
@00008468 0034
@00008469 FFD8
@0000846A 000A
@0000846B 0000
@0000846C FFDF
@0000846D FFEE
@0000846E FFF4
@0000846F 0007
@00008470 0026
@00008471 FFF7
@00008472 FFEF
@00008473 FFF4
@00008474 FFD7
@00008475 FFCB
@00008476 0016
@00008477 FFDF
@00008478 FFA8
@00008479 FFE7
@0000847A 000F
@0000847B FFE1
@0000847C FFFF
@0000847D FFF1
@0000847E FFF4
@0000847F FFE1
@00008480 FFEE
@00008481 FFED
@00008482 0014
@00008483 FFDC
@00008484 FFE5
@00008485 002E
@00008486 0018
@00008487 0000
@00008488 FFF9
@00008489 0011
@0000848A FFF7
@0000848B FFEB
@0000848C 0010
@0000848D FFDB
@0000848E FFE2
@0000848F 0014
@00008490 002D
@00008491 0012
@00008492 FFD0
@00008493 0003
@00008494 FFFC
@00008495 001B
@00008496 FFBC
@00008497 FFEA
@00008498 0027
@00008499 FFE5
@0000849A FFF5
@0000849B FFE5
@0000849C 0003
@0000849D FFFB
@0000849E FFC2
@0000849F 002B
@000084A0 FFFF
@000084A1 0031
@000084A2 000C
@000084A3 0020
@000084A4 FFFA
@000084A5 FFF6
@000084A6 FFE0
@000084A7 0026
@000084A8 FFC8
@000084A9 FFE2
@000084AA FFEF
@000084AB FFC4
@000084AC 0012
@000084AD 000C
@000084AE 0015
@000084AF FFE6
@000084B0 FFE4
@000084B1 FFFE
@000084B2 FFCB
@000084B3 FFDB
@000084B4 FFF9
@000084B5 FFE4
@000084B6 0013
@000084B7 FFED
@000084B8 002D
@000084B9 FFF7
@000084BA 002C
@000084BB FFFA
@000084BC FFF1
@000084BD 0045
@000084BE FFEE
@000084BF FFF6
@000084C0 FFF0
@000084C1 FFF5
@000084C2 0029
@000084C3 002C
@000084C4 FFE3
@000084C5 0011
@000084C6 FFCD
@000084C7 FFF7
@000084C8 0011
@000084C9 FFD0
@000084CA 0047
@000084CB FFC6
@000084CC 0002
@000084CD FFCD
@000084CE 0000
@000084CF 0000
@000084D0 FFF8
@000084D1 FFF4
@000084D2 FFF9
@000084D3 0014
@000084D4 005F
@000084D5 0028
@000084D6 FFEE
@000084D7 000F
@000084D8 0011
@000084D9 FFE4
@000084DA FFFB
@000084DB FFF8
@000084DC FFFD
@000084DD 0013
@000084DE FFF7
@000084DF FFF6
@000084E0 0005
@000084E1 0027
@000084E2 000A
@000084E3 0005
@000084E4 FFF5
@000084E5 000A
@000084E6 FFED
@000084E7 0001
@000084E8 FFDC
@000084E9 FFEB
@000084EA 0007
@000084EB FFE3
@000084EC FFF2
@000084ED FFF9
@000084EE 0003
@000084EF FFF7
@000084F0 0012
@000084F1 0006
@000084F2 0019
@000084F3 FFF4
@000084F4 0003
@000084F5 FFDB
@000084F6 000C
@000084F7 0024
@000084F8 0000
@000084F9 FFE3
@000084FA FFFA
@000084FB FFE2
@000084FC 0018
@000084FD 0023
@000084FE FFF8
@000084FF 0003
@00008500 FFF7
@00008501 001C
@00008502 000B
@00008503 0000
@00008504 FFF2
@00008505 FFEB
@00008506 000D
@00008507 FFFC
@00008508 FFFB
@00008509 FFFD
@0000850A 0010
@0000850B 000C
@0000850C 0011
@0000850D 0014
@0000850E 0001
@0000850F FFE9
@00008510 FFF3
@00008511 FFE4
@00008512 0009
@00008513 FFEC
@00008514 0017
@00008515 FFDA
@00008516 0016
@00008517 FFF1
@00008518 FFEB
@00008519 FFEA
@0000851A FFFE
@0000851B 0013
@0000851C FFFC
@0000851D FFF7
@0000851E 0007
@0000851F 0016
@00008520 0011
@00008521 0019
@00008522 0014
@00008523 FFE2
@00008524 FFFB
@00008525 000D
@00008526 001F
@00008527 0019
@00008528 FFE3
@00008529 FFFA
@0000852A FFEF
@0000852B FFF8
@0000852C 0027
@0000852D FFDF
@0000852E FFF3
@0000852F FFE0
@00008530 0035
@00008531 FFF2
@00008532 FFEC
@00008533 0000
@00008534 FFC8
@00008535 FFF2
@00008536 FFE7
@00008537 FFD3
@00008538 FFE4
@00008539 FFEE
@0000853A FFD9
@0000853B FFCA
@0000853C 000A
@0000853D FF99
@0000853E 0030
@0000853F 0057
@00008540 FFFE
@00008541 FFF3
@00008542 0044
@00008543 FFFA
@00008544 FFF4
@00008545 001D
@00008546 FFA2
@00008547 FFB8
@00008548 FFDF
@00008549 FFF5
@0000854A 001E
@0000854B FF83
@0000854C FF9A
@0000854D 006A
@0000854E 0004
@0000854F FFA6
@00008550 FFB9
@00008551 FFC8
@00008552 0021
@00008553 000E
@00008554 002A
@00008555 FF83
@00008556 0005
@00008557 0012
@00008558 0061
@00008559 FFE1
@0000855A FF7E
@0000855B FF76
@0000855C FFBC
@0000855D 004C
@0000855E FF9C
@0000855F FFD5
@00008560 006E
@00008561 FFAF
@00008562 FFC1
@00008563 FFC3
@00008564 001C
@00008565 FFF2
@00008566 FF6A
@00008567 00B7
@00008568 0034
@00008569 006F
@0000856A FFF9
@0000856B FF9B
@0000856C 0009
@0000856D 0008
@0000856E FFB9
@0000856F 008D
@00008570 FF9A
@00008571 FFD5
@00008572 FFF1
@00008573 FFB4
@00008574 003A
@00008575 001D
@00008576 0032
@00008577 FF9F
@00008578 0005
@00008579 0027
@0000857A FF55
@0000857B 0002
@0000857C 0016
@0000857D FFD3
@0000857E FFEE
@0000857F FFEA
@00008580 0054
@00008581 0003
@00008582 0072
@00008583 001E
@00008584 FFD0
@00008585 000F
@00008586 000C
@00008587 FFBB
@00008588 0010
@00008589 FFF8
@0000858A 0007
@0000858B 0048
@0000858C FF71
@0000858D FFE0
@0000858E FFB0
@0000858F 0005
@00008590 001C
@00008591 FF81
@00008592 007C
@00008593 FFCF
@00008594 FFFF
@00008595 FFAF
@00008596 0045
@00008597 0000
@00008598 0051
@00008599 FFED
@0000859A 0045
@0000859B FFD9
@0000859C 0070
@0000859D 000B
@0000859E 0027
@0000859F 0013
@000085A0 FFDD
@000085A1 FFE6
@000085A2 FFEA
@000085A3 0044
@000085A4 FFCB
@000085A5 0022
@000085A6 FFE0
@000085A7 0029
@000085A8 0020
@000085A9 0020
@000085AA 001F
@000085AB 000D
@000085AC FFD9
@000085AD FFFA
@000085AE FFE0
@000085AF FFD7
@000085B0 000B
@000085B1 001D
@000085B2 FFFB
@000085B3 0006
@000085B4 FFD9
@000085B5 0027
@000085B6 FFD4
@000085B7 FFF7
@000085B8 0023
@000085B9 0001
@000085BA FFF5
@000085BB 000B
@000085BC FFFC
@000085BD 0017
@000085BE 0003
@000085BF FFED
@000085C0 0031
@000085C1 FFCC
@000085C2 FFCD
@000085C3 FFF4
@000085C4 0014
@000085C5 0021
@000085C6 0016
@000085C7 0028
@000085C8 0016
@000085C9 FFF8
@000085CA FFED
@000085CB 001D
@000085CC FFF8
@000085CD FFF7
@000085CE 0006
@000085CF FFE5
@000085D0 0015
@000085D1 0019
@000085D2 FFD5
@000085D3 FFF9
@000085D4 FFF2
@000085D5 FFE1
@000085D6 0006
@000085D7 FFFB
@000085D8 FFF1
@000085D9 FF96
@000085DA FFDF
@000085DB FFBF
@000085DC 0018
@000085DD 0012
@000085DE FFEE
@000085DF FFFD
@000085E0 FFC7
@000085E1 FFE0
@000085E2 FFBF
@000085E3 FFD0
@000085E4 000D
@000085E5 FFE5
@000085E6 FFFB
@000085E7 0012
@000085E8 0012
@000085E9 0000
@000085EA FFF6
@000085EB 0012
@000085EC 0008
@000085ED FFF3
@000085EE FFFA
@000085EF FFDA
@000085F0 FFF3
@000085F1 0007
@000085F2 FFF3
@000085F3 FFEB
@000085F4 0002
@000085F5 FFFD
@000085F6 003A
@000085F7 0008
@000085F8 0031
@000085F9 FFF7
@000085FA FFD7
@000085FB 0000
@000085FC FFEB
@000085FD 001E
@000085FE FFB8
@000085FF 0008
@00008600 FFEB
@00008601 FFE1
@00008602 FFD7
@00008603 FFF0
@00008604 FFDF
@00008605 FFA8
@00008606 0038
@00008607 001B
@00008608 FFD3
@00008609 FFFD
@0000860A 0034
@0000860B FFE0
@0000860C FFEC
@0000860D FFD8
@0000860E FFCB
@0000860F FFCB
@00008610 0002
@00008611 FFED
@00008612 001D
@00008613 FFB5
@00008614 FFBE
@00008615 0038
@00008616 FFF5
@00008617 FFBD
@00008618 0007
@00008619 FFF1
@0000861A 001A
@0000861B FFE5
@0000861C 0051
@0000861D FFBC
@0000861E FFD4
@0000861F FFF7
@00008620 001F
@00008621 003A
@00008622 FFBF
@00008623 FFED
@00008624 FFCD
@00008625 000D
@00008626 FFE3
@00008627 FFE7
@00008628 0033
@00008629 FFCA
@0000862A FFE6
@0000862B FFE9
@0000862C 001C
@0000862D FFF7
@0000862E FFB6
@0000862F 0052
@00008630 001C
@00008631 0018
@00008632 0008
@00008633 FFE2
@00008634 000A
@00008635 000F
@00008636 FFC8
@00008637 002C
@00008638 FFCF
@00008639 FFEB
@0000863A 0000
@0000863B FFE1
@0000863C 0043
@0000863D 0011
@0000863E 0007
@0000863F 0002
@00008640 0041
@00008641 0026
@00008642 FFC8
@00008643 FFD8
@00008644 FFF9
@00008645 FFD8
@00008646 FFDA
@00008647 FFB1
@00008648 003D
@00008649 001F
@0000864A 0059
@0000864B 000F
@0000864C FFD8
@0000864D FFE9
@0000864E FFD9
@0000864F FFC9
@00008650 FFED
@00008651 FFE7
@00008652 001B
@00008653 004D
@00008654 FFB9
@00008655 0013
@00008656 FFC8
@00008657 0023
@00008658 000A
@00008659 FF9C
@0000865A 0071
@0000865B FFDF
@0000865C FFFF
@0000865D FFBE
@0000865E FFBB
@0000865F 0000
@00008660 0003
@00008661 0006
@00008662 000A
@00008663 FFF3
@00008664 005C
@00008665 FFD3
@00008666 FFDD
@00008667 0017
@00008668 FFB6
@00008669 FFCD
@0000866A 000F
@0000866B 000B
@0000866C FFDB
@0000866D FFF7
@0000866E 0013
@0000866F 0005
@00008670 FFE8
@00008671 0019
@00008672 FFD9
@00008673 FFCE
@00008674 FFC3
@00008675 0003
@00008676 FFE7
@00008677 FFAC
@00008678 FFE1
@00008679 003A
@0000867A 0015
@0000867B FFD2
@0000867C 000F
@0000867D 0035
@0000867E 0016
@0000867F FFF7
@00008680 004A
@00008681 FFE2
@00008682 0005
@00008683 0035
@00008684 002E
@00008685 002C
@00008686 FFD3
@00008687 FFB3
@00008688 FFFE
@00008689 0029
@0000868A FFBC
@0000868B FFD2
@0000868C 0040
@0000868D FFD3
@0000868E FFFE
@0000868F FFDC
@00008690 0006
@00008691 0000
@00008692 FFF2
@00008693 0029
@00008694 0001
@00008695 00C8
@00008696 0010
@00008697 FFFE
@00008698 FFF8
@00008699 0001
@0000869A FF85
@0000869B 0022
@0000869C FFA4
@0000869D FFF5
@0000869E FFDA
@0000869F FFDF
@000086A0 FFFB
@000086A1 FFFF
@000086A2 FFCB
@000086A3 FFF4
@000086A4 FFD5
@000086A5 0030
@000086A6 FFD6
@000086A7 FFD1
@000086A8 000E
@000086A9 FFD8
@000086AA FFD3
@000086AB FFDD
@000086AC 0043
@000086AD 0001
@000086AE 0015
@000086AF 001A
@000086B0 FFF1
@000086B1 001C
@000086B2 000A
@000086B3 FFFC
@000086B4 FFED
@000086B5 FFD2
@000086B6 0038
@000086B7 000D
@000086B8 FFD4
@000086B9 000A
@000086BA FFDC
@000086BB 0013
@000086BC 0000
@000086BD FFC9
@000086BE 004A
@000086BF FFB9
@000086C0 0026
@000086C1 FFC5
@000086C2 0067
@000086C3 0000
@000086C4 0000
@000086C5 0010
@000086C6 FFEA
@000086C7 FFFE
@000086C8 FFC9
@000086C9 0017
@000086CA 0003
@000086CB FFFB
@000086CC 0014
@000086CD FFFC
@000086CE FFEB
@000086CF FFF0
@000086D0 FFEC
@000086D1 FFEE
@000086D2 002D
@000086D3 FFF2
@000086D4 0018
@000086D5 000D
@000086D6 FFF2
@000086D7 0000
@000086D8 002A
@000086D9 FFF1
@000086DA 0010
@000086DB FFF7
@000086DC FF8F
@000086DD FFF9
@000086DE FFFB
@000086DF 0008
@000086E0 FFDA
@000086E1 FFEA
@000086E2 FFED
@000086E3 0025
@000086E4 FFFC
@000086E5 001A
@000086E6 FFF7
@000086E7 0029
@000086E8 FFD6
@000086E9 0023
@000086EA FFF6
@000086EB FFDE
@000086EC FFE8
@000086ED FFE1
@000086EE FFFF
@000086EF FFDE
@000086F0 FFF3
@000086F1 000A
@000086F2 FFE0
@000086F3 0001
@000086F4 FFF9
@000086F5 FFFD
@000086F6 FFE7
@000086F7 0027
@000086F8 FFF0
@000086F9 000C
@000086FA FFF4
@000086FB 0031
@000086FC FFF9
@000086FD 0022
@000086FE FFFE
@000086FF FFFE
@00008700 FFE4
@00008701 FFD0
@00008702 FFDD
@00008703 FFB9
@00008704 0002
@00008705 FFFE
@00008706 FFF7
@00008707 0004
@00008708 003A
@00008709 0005
@0000870A FFE8
@0000870B FFD7
@0000870C 0001
@0000870D FFF3
@0000870E 0000
@0000870F 000E
@00008710 0013
@00008711 FFE0
@00008712 000E
@00008713 002A
@00008714 0010
@00008715 FFD9
@00008716 000E
@00008717 FFDC
@00008718 0005
@00008719 FFF9
@0000871A FFF7
@0000871B FFFB
@0000871C FFCF
@0000871D 0016
@0000871E 0014
@0000871F 001D
@00008720 003F
@00008721 000A
@00008722 FFD9
@00008723 0013
@00008724 FFE9
@00008725 FFEE
@00008726 FFBB
@00008727 0000
@00008728 0011
@00008729 FFF2
@0000872A 0009
@0000872B 0015
@0000872C 0032
@0000872D 000A
@0000872E FFE3
@0000872F FFDD
@00008730 FFED
@00008731 FFE5
@00008732 0023
@00008733 FFE3
@00008734 FFC2
@00008735 FFE6
@00008736 000B
@00008737 FFF3
@00008738 FFFF
@00008739 FFEB
@0000873A FFEC
@0000873B FFE0
@0000873C 0017
@0000873D FFE2
@0000873E FFDF
@0000873F FFCB
@00008740 FFD6
@00008741 0049
@00008742 0022
@00008743 FFDC
@00008744 FFDC
@00008745 FFE6
@00008746 000D
@00008747 FFDA
@00008748 0023
@00008749 FFDE
@0000874A FFD7
@0000874B 0011
@0000874C 001B
@0000874D FFED
@0000874E FFE2
@0000874F 0006
@00008750 FFFB
@00008751 0003
@00008752 FFC6
@00008753 FFE3
@00008754 0042
@00008755 FFFB
@00008756 FFEC
@00008757 FFC9
@00008758 0013
@00008759 FFFB
@0000875A FFE9
@0000875B 002F
@0000875C 0013
@0000875D 0004
@0000875E 0022
@0000875F 0024
@00008760 0012
@00008761 0021
@00008762 FFD8
@00008763 0038
@00008764 FFD3
@00008765 FFD2
@00008766 FFF7
@00008767 FFE2
@00008768 0008
@00008769 0000
@0000876A FFEF
@0000876B FFFF
@0000876C 001C
@0000876D 0021
@0000876E FFE4
@0000876F FFEA
@00008770 FFFD
@00008771 0001
@00008772 FFF2
@00008773 FFE8
@00008774 0015
@00008775 FFF1
@00008776 002A
@00008777 0019
@00008778 FFEC
@00008779 FFF2
@0000877A FFF3
@0000877B FFE1
@0000877C 0000
@0000877D FFD5
@0000877E 002A
@0000877F 001D
@00008780 FFC8
@00008781 002C
@00008782 FFF3
@00008783 FFFA
@00008784 0013
@00008785 FFDF
@00008786 0043
@00008787 FFE4
@00008788 0004
@00008789 FFD7
@0000878A FFE5
@0000878B 0000
@0000878C 0024
@0000878D FFF0
@0000878E FFF0
@0000878F 0015
@00008790 0037
@00008791 0010
@00008792 FFEF
@00008793 FFE1
@00008794 000B
@00008795 FFF4
@00008796 000A
@00008797 0002
@00008798 FFEC
@00008799 0002
@0000879A 001C
@0000879B 000D
@0000879C FFFE
@0000879D 001C
@0000879E 0000
@0000879F FFE1
@000087A0 FFEE
@000087A1 0017
@000087A2 FFE6
@000087A3 FFEF
@000087A4 FFDB
@000087A5 0009
@000087A6 0000
@000087A7 FFFA
@000087A8 FFE0
@000087A9 FFF2
@000087AA FFF0
@000087AB 000D
@000087AC 000F
@000087AD FFF8
@000087AE FFE7
@000087AF 0018
@000087B0 FFFD
@000087B1 FFF2
@000087B2 FFE4
@000087B3 FFFF
@000087B4 FFFC
@000087B5 0005
@000087B6 FFFE
@000087B7 FFE1
@000087B8 0003
@000087B9 000C
@000087BA FFEF
@000087BB FFDC
@000087BC FFFD
@000087BD 000E
@000087BE FFF5
@000087BF 0016
@000087C0 0018
@000087C1 000B
@000087C2 FFFA
@000087C3 FFE4
@000087C4 FFFA
@000087C5 FFFC
@000087C6 0002
@000087C7 0024
@000087C8 FFF6
@000087C9 0003
@000087CA 0004
@000087CB FFE1
@000087CC 001C
@000087CD FFDC
@000087CE FFFE
@000087CF 0003
@000087D0 FFFE
@000087D1 FFF6
@000087D2 FFE8
@000087D3 0012
@000087D4 0007
@000087D5 FFE9
@000087D6 FFF8
@000087D7 FFD9
@000087D8 FFFB
@000087D9 FFFE
@000087DA FFFD
@000087DB 0011
@000087DC 000E
@000087DD 0007
@000087DE FFE7
@000087DF FFEA
@000087E0 001F
@000087E1 FFE5
@000087E2 0020
@000087E3 0025
@000087E4 000F
@000087E5 FFF4
@000087E6 FFF3
@000087E7 FFF7
@000087E8 FFFF
@000087E9 FFDD
@000087EA FFF7
@000087EB FFD8
@000087EC FFEC
@000087ED FFF3
@000087EE FFFB
@000087EF 0000
@000087F0 FFE7
@000087F1 0008
@000087F2 FFFD
@000087F3 FFDD
@000087F4 FFF9
@000087F5 000C
@000087F6 FFF0
@000087F7 000D
@000087F8 FFDB
@000087F9 FFBF
@000087FA FFFB
@000087FB 002B
@000087FC FFBF
@000087FD 0004
@000087FE 0005
@000087FF FFFB
@00008800 FFF3
@00008801 FFE7
@00008802 FFD9
@00008803 FFED
@00008804 0007
@00008805 FFFD
@00008806 FFD9
@00008807 FFDA
@00008808 FFEF
@00008809 0039
@0000880A 0012
@0000880B FFCB
@0000880C FFE5
@0000880D 0010
@0000880E FFFC
@0000880F FFED
@00008810 0035
@00008811 FFD6
@00008812 FFF1
@00008813 001D
@00008814 0003
@00008815 0000
@00008816 FFBF
@00008817 FFF1
@00008818 FFF5
@00008819 001C
@0000881A FFB2
@0000881B FFE2
@0000881C 003F
@0000881D 0006
@0000881E FFBF
@0000881F FFF6
@00008820 000B
@00008821 FFE2
@00008822 FFD1
@00008823 0028
@00008824 002E
@00008825 FFFD
@00008826 0011
@00008827 FFF9
@00008828 FFFE
@00008829 0014
@0000882A 0003
@0000882B 0041
@0000882C FFD7
@0000882D FFF6
@0000882E FFD0
@0000882F FFC9
@00008830 000B
@00008831 0005
@00008832 FFD4
@00008833 0010
@00008834 FFEE
@00008835 0001
@00008836 FFB0
@00008837 FFEF
@00008838 FFF0
@00008839 FFE7
@0000883A FFEE
@0000883B FFC9
@0000883C 002A
@0000883D 0015
@0000883E 0037
@0000883F 0001
@00008840 0007
@00008841 001D
@00008842 FFDE
@00008843 FFD6
@00008844 0013
@00008845 FFE7
@00008846 001A
@00008847 002A
@00008848 FFC0
@00008849 000F
@0000884A FFD5
@0000884B 001B
@0000884C 0019
@0000884D FFAA
@0000884E 003D
@0000884F FFD5
@00008850 0017
@00008851 FFCD
@00008852 0002
@00008853 0000
@00008854 002C
@00008855 0004
@00008856 001A
@00008857 FFE5
@00008858 001E
@00008859 FFFB
@0000885A FFF8
@0000885B FFEC
@0000885C FFD2
@0000885D FFD7
@0000885E 0011
@0000885F 0042
@00008860 FFD5
@00008861 0009
@00008862 FFF7
@00008863 000F
@00008864 002D
@00008865 0005
@00008866 FFEB
@00008867 FFDE
@00008868 FFFA
@00008869 0006
@0000886A FFEF
@0000886B FFCF
@0000886C FFDC
@0000886D 003F
@0000886E FFFB
@0000886F 0004
@00008870 FFFA
@00008871 000C
@00008872 FFF1
@00008873 FFE6
@00008874 0032
@00008875 FFF7
@00008876 0014
@00008877 0014
@00008878 0011
@00008879 FFF3
@0000887A FFDC
@0000887B 0017
@0000887C FFEB
@0000887D 001D
@0000887E FFDF
@0000887F FFDD
@00008880 0048
@00008881 000E
@00008882 FFDA
@00008883 FFEF
@00008884 FFF2
@00008885 001A
@00008886 FFBF
@00008887 0027
@00008888 001B
@00008889 FFFD
@0000888A 0005
@0000888B 0008
@0000888C 0006
@0000888D 0020
@0000888E FFDA
@0000888F 0035
@00008890 FFC6
@00008891 FFF6
@00008892 FFEC
@00008893 FFCD
@00008894 FFFB
@00008895 FFE7
@00008896 FFF7
@00008897 0017
@00008898 0008
@00008899 0008
@0000889A FFD9
@0000889B 0008
@0000889C FFE8
@0000889D FFDB
@0000889E FFE8
@0000889F FFF0
@000088A0 0009
@000088A1 FFF8
@000088A2 0021
@000088A3 0010
@000088A4 0001
@000088A5 000F
@000088A6 0006
@000088A7 000E
@000088A8 0004
@000088A9 FFCA
@000088AA FFFE
@000088AB 0019
@000088AC FFEE
@000088AD FFFC
@000088AE FFF2
@000088AF 0022
@000088B0 FFF6
@000088B1 FFC9
@000088B2 004E
@000088B3 FFDA
@000088B4 000E
@000088B5 FFE8
@000088B6 0023
@000088B7 0000
@000088B8 FFED
@000088B9 FFF7
@000088BA 000B
@000088BB FFF0
@000088BC 0023
@000088BD 0013
@000088BE 000A
@000088BF 0008
@000088C0 0013
@000088C1 FFF0
@000088C2 FFF4
@000088C3 FFEC
@000088C4 FFD9
@000088C5 FFE5
@000088C6 001F
@000088C7 FFF8
@000088C8 0008
@000088C9 0017
@000088CA FFF1
@000088CB FFF1
@000088CC FFE5
@000088CD 000D
@000088CE FFFB
@000088CF FFE3
@000088D0 FFD6
@000088D1 0000
@000088D2 0001
@000088D3 FFE5
@000088D4 FFD5
@000088D5 FFFB
@000088D6 001E
@000088D7 000E
@000088D8 0013
@000088D9 FFEF
@000088DA 0012
@000088DB 0015
@000088DC FFF5
@000088DD FFDB
@000088DE FFF4
@000088DF 001C
@000088E0 FFE1
@000088E1 001A
@000088E2 FFF3
@000088E3 FFEF
@000088E4 000A
@000088E5 0011
@000088E6 0008
@000088E7 0003
@000088E8 0002
@000088E9 FFF7
@000088EA FFD7
@000088EB 0005
@000088EC FFFB
@000088ED FFF9
@000088EE FFF6
@000088EF FFE4
@000088F0 0004
@000088F1 FFFD
@000088F2 FFF6
@000088F3 FFFA
@000088F4 FFD5
@000088F5 0000
@000088F6 FFE2
@000088F7 FFDA
@000088F8 0011
@000088F9 FFDB
@000088FA 000E
@000088FB 001F
@000088FC 0006
@000088FD 0005
@000088FE FFFB
@000088FF FFF2
@00008900 000A
@00008901 FFF9
@00008902 0014
@00008903 FFEC
@00008904 002B
@00008905 0000
@00008906 000A
@00008907 FFEE
@00008908 FFE4
@00008909 FFFF
@0000890A 001C
@0000890B FFEB
@0000890C 001E
@0000890D FFE8
@0000890E 002F
@0000890F FFFF
@00008910 FFDF
@00008911 000A
@00008912 FFD8
@00008913 000A
@00008914 0028
@00008915 FFDF
@00008916 001B
@00008917 FFCD
@00008918 0016
@00008919 FFF6
@0000891A 0025
@0000891B 0000
@0000891C 0048
@0000891D FFF2
@0000891E 001A
@0000891F FFEE
@00008920 004B
@00008921 0016
@00008922 0005
@00008923 001F
@00008924 FFE4
@00008925 000B
@00008926 FFF5
@00008927 0014
@00008928 0015
@00008929 0017
@0000892A 0005
@0000892B 0009
@0000892C 007D
@0000892D FFFD
@0000892E 0011
@0000892F 000C
@00008930 FFEC
@00008931 0012
@00008932 002C
@00008933 000B
@00008934 FFEF
@00008935 0016
@00008936 FFE1
@00008937 FFFC
@00008938 FFD0
@00008939 FFFD
@0000893A FFC3
@0000893B FFDF
@0000893C FFFE
@0000893D 0001
@0000893E 000E
@0000893F FFDB
@00008940 FFF1
@00008941 FFC1
@00008942 FFF6
@00008943 000A
@00008944 002E
@00008945 FFE4
@00008946 000A
@00008947 0011
@00008948 FFF6
@00008949 0023
@0000894A FFF4
@0000894B 001B
@0000894C 0009
@0000894D 0017
@0000894E 001F
@0000894F FFED
@00008950 FFDA
@00008951 FFCF
@00008952 0031
@00008953 FFCA
@00008954 FFF0
@00008955 000B
@00008956 0039
@00008957 FFF2
@00008958 FFF9
@00008959 0004
@0000895A 0020
@0000895B 0001
@0000895C 0022
@0000895D FF93
@0000895E FFFE
@0000895F 001C
@00008960 007C
@00008961 FFD8
@00008962 001A
@00008963 0011
@00008964 FFE6
@00008965 FFED
@00008966 FFD6
@00008967 0018
@00008968 FFDA
@00008969 FFE9
@0000896A 000C
@0000896B FFF7
@0000896C 003F
@0000896D 0030
@0000896E 000D
@0000896F 0014
@00008970 FFCF
@00008971 0023
@00008972 000C
@00008973 FFF1
@00008974 FFFE
@00008975 FFE8
@00008976 0007
@00008977 FFD3
@00008978 003F
@00008979 0005
@0000897A 0008
@0000897B 0027
@0000897C 0053
@0000897D FFFC
@0000897E FFFC
@0000897F 0000
@00008980 0017
@00008981 FFE0
@00008982 FFFD
@00008983 0007
@00008984 0045
@00008985 0022
@00008986 FFF9
@00008987 FFCE
@00008988 FFE6
@00008989 FFDB
@0000898A 000E
@0000898B FFED
@0000898C 0000
@0000898D FFC7
@0000898E 0019
@0000898F FFD1
@00008990 FFE4
@00008991 0015
@00008992 FFDB
@00008993 FFF7
@00008994 002B
@00008995 FFEE
@00008996 FFEA
@00008997 FFEB
@00008998 FFB9
@00008999 0015
@0000899A 0023
@0000899B FFF0
@0000899C FFEA
@0000899D 000E
@0000899E 001D
@0000899F FFF0
@000089A0 0010
@000089A1 FFD2
@000089A2 FFC6
@000089A3 0015
@000089A4 001D
@000089A5 FFDF
@000089A6 FFC8
@000089A7 000C
@000089A8 FFFA
@000089A9 003C
@000089AA FFE0
@000089AB FFE8
@000089AC 0027
@000089AD FFE7
@000089AE FFDD
@000089AF FFF3
@000089B0 001B
@000089B1 FFE3
@000089B2 FFE8
@000089B3 0030
@000089B4 000D
@000089B5 0010
@000089B6 0013
@000089B7 0009
@000089B8 000D
@000089B9 0005
@000089BA 0015
@000089BB 001D
@000089BC FFD1
@000089BD FFD7
@000089BE FFDE
@000089BF FFD0
@000089C0 001D
@000089C1 000E
@000089C2 FFD9
@000089C3 FFE5
@000089C4 0032
@000089C5 0007
@000089C6 FFF6
@000089C7 FFE6
@000089C8 000D
@000089C9 FFF7
@000089CA 0028
@000089CB FFDF
@000089CC 000B
@000089CD 000C
@000089CE 002A
@000089CF 0007
@000089D0 FFC9
@000089D1 000D
@000089D2 FFD9
@000089D3 FFDB
@000089D4 0017
@000089D5 FFCC
@000089D6 FFFA
@000089D7 0027
@000089D8 FFEB
@000089D9 0014
@000089DA FFC8
@000089DB 0016
@000089DC 0017
@000089DD FFDD
@000089DE 0020
@000089DF FFFC
@000089E0 FFCB
@000089E1 FFCF
@000089E2 FFD7
@000089E3 0000
@000089E4 0001
@000089E5 0017
@000089E6 0013
@000089E7 FFF2
@000089E8 0039
@000089E9 0012
@000089EA 0009
@000089EB FFF1
@000089EC 0020
@000089ED 0001
@000089EE FFFC
@000089EF 0003
@000089F0 FFC3
@000089F1 FFE6
@000089F2 0026
@000089F3 FFDB
@000089F4 001B
@000089F5 0005
@000089F6 FFFB
@000089F7 FFD4
@000089F8 0021
@000089F9 FFF7
@000089FA FFE5
@000089FB FFDF
@000089FC FFCE
@000089FD 0021
@000089FE FFEE
@000089FF FFDA
@00008A00 FFF3
@00008A01 FFF7
@00008A02 000C
@00008A03 FFF8
@00008A04 0029
@00008A05 FFEA
@00008A06 FFE6
@00008A07 001E
@00008A08 002A
@00008A09 FFE7
@00008A0A FFF4
@00008A0B 0008
@00008A0C FFE2
@00008A0D 000F
@00008A0E FFE2
@00008A0F FFEA
@00008A10 0027
@00008A11 FFE7
@00008A12 FFE5
@00008A13 0003
@00008A14 0029
@00008A15 FFE6
@00008A16 FFFC
@00008A17 000B
@00008A18 0027
@00008A19 001C
@00008A1A 001D
@00008A1B FFFD
@00008A1C 000B
@00008A1D 0019
@00008A1E FFFA
@00008A1F 0006
@00008A20 FFEB
@00008A21 FFE5
@00008A22 FFDD
@00008A23 FFD3
@00008A24 FFF4
@00008A25 FFF0
@00008A26 0010
@00008A27 FFD6
@00008A28 0013
@00008A29 0008
@00008A2A FFD2
@00008A2B FFEF
@00008A2C FFF6
@00008A2D FFFA
@00008A2E 000F
@00008A2F FFF9
@00008A30 002B
@00008A31 0010
@00008A32 0003
@00008A33 0001
@00008A34 0009
@00008A35 000E
@00008A36 FFDE
@00008A37 FFE2
@00008A38 0019
@00008A39 FFF4
@00008A3A 0007
@00008A3B 0014
@00008A3C FFDE
@00008A3D FFFF
@00008A3E FFEA
@00008A3F 0016
@00008A40 0000
@00008A41 FFDC
@00008A42 002F
@00008A43 FFD9
@00008A44 FFE8
@00008A45 FFCE
@00008A46 0004
@00008A47 0000
@00008A48 0043
@00008A49 0013
@00008A4A FFBA
@00008A4B 0001
@00008A4C 0020
@00008A4D 000E
@00008A4E 0004
@00008A4F FFF0
@00008A50 0000
@00008A51 FFC0
@00008A52 0038
@00008A53 001D
@00008A54 FFB1
@00008A55 FFD4
@00008A56 0039
@00008A57 FFE8
@00008A58 000A
@00008A59 FFDB
@00008A5A FFBA
@00008A5B FFBB
@00008A5C 001B
@00008A5D FFF5
@00008A5E FFF2
@00008A5F FFEB
@00008A60 FFB3
@00008A61 004E
@00008A62 000E
@00008A63 FFE6
@00008A64 0006
@00008A65 001A
@00008A66 001A
@00008A67 0012
@00008A68 003E
@00008A69 FFE8
@00008A6A FFED
@00008A6B 001F
@00008A6C 0038
@00008A6D 0008
@00008A6E FFA6
@00008A6F FFE1
@00008A70 FFCE
@00008A71 002E
@00008A72 FFCD
@00008A73 FFD5
@00008A74 002F
@00008A75 FFDD
@00008A76 FFC7
@00008A77 FFD4
@00008A78 0010
@00008A79 FFF9
@00008A7A FFCC
@00008A7B 0044
@00008A7C 001D
@00008A7D 003A
@00008A7E 000E
@00008A7F 0010
@00008A80 0027
@00008A81 001D
@00008A82 FFD2
@00008A83 0052
@00008A84 FFAC
@00008A85 FFEF
@00008A86 0002
@00008A87 FFB8
@00008A88 FFFD
@00008A89 0016
@00008A8A 0008
@00008A8B 001B
@00008A8C 0006
@00008A8D 0022
@00008A8E FFC0
@00008A8F FFE5
@00008A90 FFFB
@00008A91 FFCB
@00008A92 FFF2
@00008A93 FFC7
@00008A94 0029
@00008A95 0014
@00008A96 0041
@00008A97 0002
@00008A98 FFCE
@00008A99 FFE4
@00008A9A FFE6
@00008A9B FFBD
@00008A9C 0005
@00008A9D FFE0
@00008A9E 000E
@00008A9F 0045
@00008AA0 FFC5
@00008AA1 0010
@00008AA2 FFE7
@00008AA3 0014
@00008AA4 FFEC
@00008AA5 FFB4
@00008AA6 005B
@00008AA7 FFCA
@00008AA8 FFF1
@00008AA9 FFBE
@00008AAA FFFF
@00008AAB 0000
@00008AAC FFFC
@00008AAD FFF7
@00008AAE FFF2
@00008AAF 0001
@00008AB0 0049
@00008AB1 0028
@00008AB2 FFDE
@00008AB3 FFE5
@00008AB4 FFE6
@00008AB5 FFF1
@00008AB6 0005
@00008AB7 FFE6
@00008AB8 FFE4
@00008AB9 FFF5
@00008ABA 0010
@00008ABB FFDA
@00008ABC 001F
@00008ABD 0002
@00008ABE FFD4
@00008ABF FFD4
@00008AC0 0007
@00008AC1 FFFF
@00008AC2 FFE3
@00008AC3 FFD5
@00008AC4 FFEB
@00008AC5 0014
@00008AC6 FFEF
@00008AC7 FFEA
@00008AC8 FFE2
@00008AC9 0012
@00008ACA 000E
@00008ACB FFDC
@00008ACC 0029
@00008ACD FFFE
@00008ACE FFF3
@00008ACF 0008
@00008AD0 0005
@00008AD1 0002
@00008AD2 FFF3
@00008AD3 FFF0
@00008AD4 FFF3
@00008AD5 001E
@00008AD6 FFDA
@00008AD7 FFD2
@00008AD8 001E
@00008AD9 FFF7
@00008ADA FFD2
@00008ADB FFF9
@00008ADC FFFA
@00008ADD FFF5
@00008ADE FFDC
@00008ADF 0022
@00008AE0 000A
@00008AE1 FFE3
@00008AE2 0001
@00008AE3 FFF5
@00008AE4 0007
@00008AE5 FFFF
@00008AE6 0008
@00008AE7 001C
@00008AE8 FFD2
@00008AE9 FFF4
@00008AEA FFDD
@00008AEB FFE4
@00008AEC 0000
@00008AED FFE3
@00008AEE FFCA
@00008AEF FFFF
@00008AF0 0024
@00008AF1 FFF8
@00008AF2 FFFB
@00008AF3 000A
@00008AF4 000B
@00008AF5 FFE5
@00008AF6 FFE8
@00008AF7 FFC4
@00008AF8 0001
@00008AF9 0004
@00008AFA 0012
@00008AFB FFF6
@00008AFC 0006
@00008AFD FFF4
@00008AFE FFFB
@00008AFF FFF0
@00008B00 FFEB
@00008B01 FFE0
@00008B02 000D
@00008B03 0026
@00008B04 FFED
@00008B05 0006
@00008B06 FFCE
@00008B07 0006
@00008B08 0002
@00008B09 FFED
@00008B0A 0018
@00008B0B FFF1
@00008B0C 000E
@00008B0D FFF2
@00008B0E 0003
@00008B0F 0000
@00008B10 FFFC
@00008B11 FFF3
@00008B12 FFEA
@00008B13 000C
@00008B14 0023
@00008B15 0014
@00008B16 FFE4
@00008B17 000C
@00008B18 FFF5
@00008B19 FFC5
@00008B1A 003A
@00008B1B FFF7
@00008B1C FFAE
@00008B1D FFEE
@00008B1E 0031
@00008B1F FFF0
@00008B20 0005
@00008B21 FFF0
@00008B22 FFF4
@00008B23 FFB2
@00008B24 FFEA
@00008B25 0003
@00008B26 FFF4
@00008B27 FFB6
@00008B28 FFDF
@00008B29 003E
@00008B2A FFFB
@00008B2B FFCA
@00008B2C FFE6
@00008B2D FFFE
@00008B2E FFFA
@00008B2F FFFD
@00008B30 002E
@00008B31 FFE9
@00008B32 0001
@00008B33 0004
@00008B34 0016
@00008B35 FFDF
@00008B36 FFCE
@00008B37 001B
@00008B38 FFD7
@00008B39 0030
@00008B3A FFD1
@00008B3B FFDA
@00008B3C 0036
@00008B3D FFEB
@00008B3E FFF6
@00008B3F FFE5
@00008B40 0007
@00008B41 0008
@00008B42 FFA8
@00008B43 0051
@00008B44 FFF8
@00008B45 0029
@00008B46 0019
@00008B47 0018
@00008B48 0004
@00008B49 FFFE
@00008B4A FFF3
@00008B4B 001D
@00008B4C FFDD
@00008B4D FFCC
@00008B4E FFE7
@00008B4F FFC3
@00008B50 000F
@00008B51 0005
@00008B52 FFE9
@00008B53 FFFF
@00008B54 FFDC
@00008B55 001F
@00008B56 FFC2
@00008B57 0000
@00008B58 0007
@00008B59 FFD7
@00008B5A 0014
@00008B5B FFE4
@00008B5C 003E
@00008B5D FFF4
@00008B5E 002C
@00008B5F 0012
@00008B60 FFDD
@00008B61 004A
@00008B62 FFE9
@00008B63 FFDB
@00008B64 FFE7
@00008B65 FFFD
@00008B66 0001
@00008B67 003E
@00008B68 FFDC
@00008B69 001C
@00008B6A FFF8
@00008B6B 0059
@00008B6C 0011
@00008B6D FFB6
@00008B6E 0062
@00008B6F 0001
@00008B70 FFEF
@00008B71 FFCE
@00008B72 FFF5
@00008B73 0000
@00008B74 FFF3
@00008B75 0014
@00008B76 FFEB
@00008B77 0007
@00008B78 002D
@00008B79 0042
@00008B7A 0000
@00008B7B FFE1
@00008B7C 002A
@00008B7D FFBD
@00008B7E 0014
@00008B7F 002E
@00008B80 FFCB
@00008B81 FFED
@00008B82 0019
@00008B83 FFEF
@00008B84 0012
@00008B85 0004
@00008B86 FFCF
@00008B87 FFF7
@00008B88 000A
@00008B89 FFEB
@00008B8A FFEF
@00008B8B FFDD
@00008B8C FFF1
@00008B8D 0027
@00008B8E 000B
@00008B8F FFEE
@00008B90 FFD4
@00008B91 000D
@00008B92 0002
@00008B93 FFFA
@00008B94 000D
@00008B95 FFF9
@00008B96 FFEC
@00008B97 002B
@00008B98 0013
@00008B99 FFD9
@00008B9A FFF2
@00008B9B 0018
@00008B9C FFE5
@00008B9D FFFD
@00008B9E FFE4
@00008B9F FFFB
@00008BA0 0025
@00008BA1 0000
@00008BA2 FFC7
@00008BA3 FFFB
@00008BA4 0017
@00008BA5 000B
@00008BA6 FFD1
@00008BA7 001D
@00008BA8 FFFF
@00008BA9 001F
@00008BAA 0018
@00008BAB FFF1
@00008BAC 000C
@00008BAD 000A
@00008BAE FFED
@00008BAF 0023
@00008BB0 FFE6
@00008BB1 FFF1
@00008BB2 FFE6
@00008BB3 FFED
@00008BB4 FFED
@00008BB5 FFCC
@00008BB6 FFD7
@00008BB7 FFE6
@00008BB8 0027
@00008BB9 001D
@00008BBA FFDE
@00008BBB 0014
@00008BBC 0012
@00008BBD FFD6
@00008BBE FFF1
@00008BBF FFE1
@00008BC0 0029
@00008BC1 FFF3
@00008BC2 0025
@00008BC3 0028
@00008BC4 FFE6
@00008BC5 0017
@00008BC6 FFDE
@00008BC7 FFE1
@00008BC8 FFFC
@00008BC9 FFEC
@00008BCA FFFC
@00008BCB 0025
@00008BCC FFCB
@00008BCD 000B
@00008BCE FFD2
@00008BCF 0015
@00008BD0 000D
@00008BD1 FFE4
@00008BD2 002A
@00008BD3 FFE0
@00008BD4 0008
@00008BD5 FFC7
@00008BD6 FFE8
@00008BD7 0000
@00008BD8 0023
@00008BD9 0009
@00008BDA 008C
@00008BDB 0011
@00008BDC 0007
@00008BDD FFDF
@00008BDE FFF1
@00008BDF 0023
@00008BE0 FFCE
@00008BE1 FFF7
@00008BE2 0019
@00008BE3 FFB9
@00008BE4 FFBA
@00008BE5 002F
@00008BE6 FFE2
@00008BE7 FFD7
@00008BE8 0004
@00008BE9 FFFB
@00008BEA FFF9
@00008BEB 0021
@00008BEC FFCB
@00008BED 000D
@00008BEE FFCC
@00008BEF FFBA
@00008BF0 0011
@00008BF1 0035
@00008BF2 FFF4
@00008BF3 000B
@00008BF4 003B
@00008BF5 005E
@00008BF6 FFF6
@00008BF7 FFF0
@00008BF8 004C
@00008BF9 FFF9
@00008BFA 0007
@00008BFB FFF6
@00008BFC 0009
@00008BFD FFFB
@00008BFE FFF2
@00008BFF 002C
@00008C00 FFF8
@00008C01 000A
@00008C02 FFCD
@00008C03 0006
@00008C04 0025
@00008C05 FFD9
@00008C06 FFE0
@00008C07 FFF6
@00008C08 000D
@00008C09 0005
@00008C0A FFC9
@00008C0B 000A
@00008C0C 004C
@00008C0D FFF4
@00008C0E FFEF
@00008C0F FFED
@00008C10 0013
@00008C11 0017
@00008C12 000F
@00008C13 0001
@00008C14 FFFE
@00008C15 FF9A
@00008C16 0006
@00008C17 FFDF
@00008C18 0011
@00008C19 FFA8
@00008C1A FFF1
@00008C1B FF68
@00008C1C 0023
@00008C1D 0013
@00008C1E FFCF
@00008C1F FFEC
@00008C20 0000
@00008C21 FFEA
@00008C22 FF9F
@00008C23 FFAE
@00008C24 0008
@00008C25 0006
@00008C26 0007
@00008C27 0008
@00008C28 FFF3
@00008C29 FFB1
@00008C2A 0000
@00008C2B FFF3
@00008C2C 0014
@00008C2D FFE7
@00008C2E FFFA
@00008C2F 0026
@00008C30 001B
@00008C31 FFF2
@00008C32 FFDB
@00008C33 FFF3
@00008C34 FFE7
@00008C35 FFDF
@00008C36 002F
@00008C37 0008
@00008C38 FFF3
@00008C39 FFDB
@00008C3A FFD0
@00008C3B 0000
@00008C3C 000A
@00008C3D 001D
@00008C3E 000F
@00008C3F 001B
@00008C40 FFFF
@00008C41 0002
@00008C42 FFF2
@00008C43 FFE6
@00008C44 FFFE
@00008C45 FFEC
@00008C46 0020
@00008C47 FFE3
@00008C48 FFDB
@00008C49 FFEE
@00008C4A 0010
@00008C4B FFFB
@00008C4C FFE2
@00008C4D FFE5
@00008C4E FFDF
@00008C4F FFE4
@00008C50 0000
@00008C51 FFFE
@00008C52 000D
@00008C53 FFEE
@00008C54 FFCF
@00008C55 001D
@00008C56 FFEF
@00008C57 FFD5
@00008C58 FFE0
@00008C59 FFA3
@00008C5A 0008
@00008C5B FFF5
@00008C5C 0004
@00008C5D FFD4
@00008C5E FFF9
@00008C5F 0015
@00008C60 FFFC
@00008C61 000C
@00008C62 FFEA
@00008C63 FFF8
@00008C64 0000
@00008C65 0028
@00008C66 FFD8
@00008C67 FFCB
@00008C68 001E
@00008C69 FFEE
@00008C6A FFE6
@00008C6B FFD5
@00008C6C 000D
@00008C6D FFF9
@00008C6E FFF1
@00008C6F 003A
@00008C70 FFF7
@00008C71 0062
@00008C72 FFEF
@00008C73 FFF0
@00008C74 0009
@00008C75 001C
@00008C76 0020
@00008C77 0025
@00008C78 FFE0
@00008C79 FFD5
@00008C7A FFE1
@00008C7B FFE6
@00008C7C 0012
@00008C7D 000D
@00008C7E 000D
@00008C7F 0008
@00008C80 004A
@00008C81 FFFA
@00008C82 FFD2
@00008C83 0006
@00008C84 002B
@00008C85 FFE6
@00008C86 0031
@00008C87 FFEE
@00008C88 0035
@00008C89 FFD6
@00008C8A 000B
@00008C8B FFF2
@00008C8C 0004
@00008C8D 0009
@00008C8E FFFD
@00008C8F FFF6
@00008C90 001C
@00008C91 FFE8
@00008C92 0011
@00008C93 0023
@00008C94 FFC5
@00008C95 FFFC
@00008C96 FFCC
@00008C97 0001
@00008C98 0013
@00008C99 FFDF
@00008C9A 003E
@00008C9B FFD9
@00008C9C FFE7
@00008C9D FFD7
@00008C9E 0016
@00008C9F 0000
@00008CA0 000F
@00008CA1 FFFE
@00008CA2 FFEE
@00008CA3 FFF3
@00008CA4 003B
@00008CA5 0004
@00008CA6 FFDF
@00008CA7 000C
@00008CA8 0018
@00008CA9 FFFD
@00008CAA 0001
@00008CAB 0021
@00008CAC FFD3
@00008CAD 0003
@00008CAE 0006
@00008CAF FFFF
@00008CB0 001B
@00008CB1 001A
@00008CB2 0002
@00008CB3 FFEA
@00008CB4 0010
@00008CB5 FFE6
@00008CB6 0003
@00008CB7 FFCD
@00008CB8 FFD1
@00008CB9 002D
@00008CBA 000F
@00008CBB FFE1
@00008CBC FFF4
@00008CBD FFF2
@00008CBE FFFF
@00008CBF FFF0
@00008CC0 0004
@00008CC1 FFD4
@00008CC2 000F
@00008CC3 0016
@00008CC4 0008
@00008CC5 FFE0
@00008CC6 FFFB
@00008CC7 FFE1
@00008CC8 0003
@00008CC9 000A
@00008CCA FFE5
@00008CCB FFF4
@00008CCC 0026
@00008CCD FFF0
@00008CCE FFFF
@00008CCF FFE9
@00008CD0 0020
@00008CD1 000B
@00008CD2 FFE8
@00008CD3 0011
@00008CD4 000D
@00008CD5 0008
@00008CD6 0017
@00008CD7 FFFB
@00008CD8 0017
@00008CD9 0008
@00008CDA FFE9
@00008CDB 0002
@00008CDC FFE7
@00008CDD FFF2
@00008CDE FFFD
@00008CDF FFDE
@00008CE0 001F
@00008CE1 FFFE
@00008CE2 FFE6
@00008CE3 FFEB
@00008CE4 0036
@00008CE5 0017
@00008CE6 FFFF
@00008CE7 FFEC
@00008CE8 FFE8
@00008CE9 FFFA
@00008CEA FFFC
@00008CEB FFC9
@00008CEC 000E
@00008CED FFE4
@00008CEE 0005
@00008CEF FFF4
@00008CF0 FFF3
@00008CF1 0010
@00008CF2 FFE1
@00008CF3 FFDF
@00008CF4 FFFA
@00008CF5 0007
@00008CF6 FFFF
@00008CF7 001A
@00008CF8 0005
@00008CF9 000A
@00008CFA FFDF
@00008CFB 000B
@00008CFC 0036
@00008CFD FFF1
@00008CFE 0008
@00008CFF FFE9
@00008D00 0002
@00008D01 FFE0
@00008D02 000F
@00008D03 0000
@00008D04 FFF3
@00008D05 FFDC
@00008D06 FFE9
@00008D07 FFD9
@00008D08 003C
@00008D09 000B
@00008D0A 0008
@00008D0B FFF3
@00008D0C 0006
@00008D0D FFB0
@00008D0E 0004
@00008D0F 0000
@00008D10 FFF4
@00008D11 FFEC
@00008D12 002F
@00008D13 FFE3
@00008D14 FFE5
@00008D15 000F
@00008D16 FFDE
@00008D17 FFFB
@00008D18 FFFA
@00008D19 000F
@00008D1A FFEE
@00008D1B FFC9
@00008D1C FFDC
@00008D1D 0046
@00008D1E 001B
@00008D1F 0008
@00008D20 FFE5
@00008D21 0022
@00008D22 0032
@00008D23 0013
@00008D24 0029
@00008D25 FFEE
@00008D26 0020
@00008D27 0008
@00008D28 001F
@00008D29 0021
@00008D2A FFC6
@00008D2B FFE0
@00008D2C FFEA
@00008D2D 0024
@00008D2E FFD6
@00008D2F FFCA
@00008D30 002F
@00008D31 FFE8
@00008D32 FFF1
@00008D33 FFF4
@00008D34 FFFB
@00008D35 0005
@00008D36 FFC3
@00008D37 0027
@00008D38 FFFF
@00008D39 0032
@00008D3A FFF5
@00008D3B 0045
@00008D3C FFFA
@00008D3D FFE7
@00008D3E FFD8
@00008D3F 0027
@00008D40 FFD4
@00008D41 FFE9
@00008D42 FFE1
@00008D43 FFE0
@00008D44 FFD1
@00008D45 0006
@00008D46 FFFC
@00008D47 FFE0
@00008D48 FFF0
@00008D49 002E
@00008D4A FFC2
@00008D4B 0002
@00008D4C 000D
@00008D4D FFF5
@00008D4E 0012
@00008D4F FFE5
@00008D50 003C
@00008D51 0000
@00008D52 002B
@00008D53 FFEB
@00008D54 FFEC
@00008D55 FFF7
@00008D56 0009
@00008D57 FFF0
@00008D58 FFE8
@00008D59 FFF0
@00008D5A 0022
@00008D5B 0014
@00008D5C FFC5
@00008D5D FFE7
@00008D5E FFEC
@00008D5F 0005
@00008D60 0001
@00008D61 FFCD
@00008D62 0037
@00008D63 FFEA
@00008D64 FFEC
@00008D65 FFBF
@00008D66 0022
@00008D67 0000
@00008D68 000A
@00008D69 FFEE
@00008D6A FFAF
@00008D6B FFE0
@00008D6C 0039
@00008D6D FFF8
@00008D6E 0001
@00008D6F FFD8
@00008D70 FFF4
@00008D71 FFBE
@00008D72 0040
@00008D73 0034
@00008D74 FFEF
@00008D75 FFF4
@00008D76 0049
@00008D77 FFF4
@00008D78 FFCB
@00008D79 FFCF
@00008D7A FFC2
@00008D7B FFBB
@00008D7C 0031
@00008D7D FFF1
@00008D7E FFC1
@00008D7F FFE0
@00008D80 FFB0
@00008D81 003D
@00008D82 0019
@00008D83 FFDB
@00008D84 FFFD
@00008D85 003C
@00008D86 002C
@00008D87 FFF9
@00008D88 0029
@00008D89 FFC3
@00008D8A FFD1
@00008D8B 0000
@00008D8C 002E
@00008D8D 001F
@00008D8E FFDD
@00008D8F 001F
@00008D90 FFD2
@00008D91 0038
@00008D92 FFD9
@00008D93 FFDC
@00008D94 004A
@00008D95 FFD7
@00008D96 FFC9
@00008D97 FFCC
@00008D98 0034
@00008D99 FFF6
@00008D9A FF9B
@00008D9B 004F
@00008D9C 0034
@00008D9D 0004
@00008D9E FFF7
@00008D9F 0023
@00008DA0 FFF2
@00008DA1 001A
@00008DA2 FFC3
@00008DA3 0041
@00008DA4 FFC5
@00008DA5 FFDF
@00008DA6 FFDF
@00008DA7 FFBA
@00008DA8 FFC5
@00008DA9 0000
@00008DAA FFF4
@00008DAB FFDF
@00008DAC FFF9
@00008DAD 000F
@00008DAE FFCF
@00008DAF FFDA
@00008DB0 0023
@00008DB1 FFF8
@00008DB2 0006
@00008DB3 FFBA
@00008DB4 0041
@00008DB5 0012
@00008DB6 003C
@00008DB7 001D
@00008DB8 FFC2
@00008DB9 FFE0
@00008DBA FFE9
@00008DBB FFD8
@00008DBC FFEB
@00008DBD FFE8
@00008DBE 0004
@00008DBF 002B
@00008DC0 FFC7
@00008DC1 FFE8
@00008DC2 FFDC
@00008DC3 0010
@00008DC4 FFFB
@00008DC5 FFCE
@00008DC6 002D
@00008DC7 FFC9
@00008DC8 FFDF
@00008DC9 FFC0
@00008DCA FFC3
@00008DCB 0000
@00008DCC FFE3
@00008DCD 001B
@00008DCE 0016
@00008DCF 0016
@00008DD0 0012
@00008DD1 FFFA
@00008DD2 0006
@00008DD3 FFFC
@00008DD4 FFDB
@00008DD5 FFCF
@00008DD6 0007
@00008DD7 FFE0
@00008DD8 FFEA
@00008DD9 FFEA
@00008DDA 0015
@00008DDB FFEE
@00008DDC FFF6
@00008DDD 0017
@00008DDE FFEC
@00008DDF FFE6
@00008DE0 0016
@00008DE1 000D
@00008DE2 FFEC
@00008DE3 FFD4
@00008DE4 FFC8
@00008DE5 0064
@00008DE6 FFDC
@00008DE7 FFFC
@00008DE8 FFF5
@00008DE9 0020
@00008DEA FFD3
@00008DEB FFE9
@00008DEC 0026
@00008DED FFD5
@00008DEE FFC6
@00008DEF FFF5
@00008DF0 0025
@00008DF1 FFDE
@00008DF2 FFBC
@00008DF3 0004
@00008DF4 FFFF
@00008DF5 0006
@00008DF6 FFA7
@00008DF7 0002
@00008DF8 0030
@00008DF9 FFD8
@00008DFA FFD0
@00008DFB FFCB
@00008DFC 000B
@00008DFD 000E
@00008DFE FFB2
@00008DFF 0031
@00008E00 0019
@00008E01 FFFB
@00008E02 0021
@00008E03 0042
@00008E04 0020
@00008E05 FFF7
@00008E06 001A
@00008E07 0015
@00008E08 FFE2
@00008E09 FFDB
@00008E0A FFF1
@00008E0B FFDB
@00008E0C FFED
@00008E0D FFDE
@00008E0E FFFE
@00008E0F FFD6
@00008E10 0003
@00008E11 001E
@00008E12 FFCB
@00008E13 0005
@00008E14 FFF2
@00008E15 FFED
@00008E16 FFF5
@00008E17 FFBA
@00008E18 0018
@00008E19 0014
@00008E1A 0034
@00008E1B 0009
@00008E1C 0000
@00008E1D FFF6
@00008E1E FFE4
@00008E1F FFF4
@00008E20 0008
@00008E21 FFF0
@00008E22 FFF5
@00008E23 0038
@00008E24 FFE0
@00008E25 FFF0
@00008E26 FFCF
@00008E27 FFF6
@00008E28 0017
@00008E29 FF9D
@00008E2A 0044
@00008E2B FFE9
@00008E2C 0007
@00008E2D FFD7
@00008E2E FF9D
@00008E2F 0000
@00008E30 0023
@00008E31 FFF0
@00008E32 000C
@00008E33 0013
@00008E34 0045
@00008E35 001E
@00008E36 FFDB
@00008E37 0002
@00008E38 0004
@00008E39 FFFF
@00008E3A 001B
@00008E3B 001F
@00008E3C FFFC
@00008E3D FFE9
@00008E3E 0003
@00008E3F 0001
@00008E40 0027
@00008E41 001B
@00008E42 FFDF
@00008E43 FFF0
@00008E44 0015
@00008E45 000A
@00008E46 FFFF
@00008E47 FFF5
@00008E48 FFFA
@00008E49 0025
@00008E4A FFF5
@00008E4B FFD1
@00008E4C FFFE
@00008E4D 0005
@00008E4E 001B
@00008E4F 0023
@00008E50 001B
@00008E51 FFDD
@00008E52 FFF1
@00008E53 FFFF
@00008E54 000F
@00008E55 FFF2
@00008E56 FFDA
@00008E57 0014
@00008E58 FFE2
@00008E59 0014
@00008E5A FFE7
@00008E5B FFF2
@00008E5C 0020
@00008E5D FFEB
@00008E5E FFE4
@00008E5F FFEE
@00008E60 0008
@00008E61 0000
@00008E62 0006
@00008E63 001B
@00008E64 0010
@00008E65 FFE9
@00008E66 FFF6
@00008E67 FFFB
@00008E68 FFF7
@00008E69 0016
@00008E6A FFE8
@00008E6B 0006
@00008E6C FFE8
@00008E6D FFE2
@00008E6E FFD7
@00008E6F FFEB
@00008E70 FFFD
@00008E71 FFFE
@00008E72 FFE4
@00008E73 0009
@00008E74 0021
@00008E75 0007
@00008E76 FFD6
@00008E77 000B
@00008E78 FFE8
@00008E79 FFEB
@00008E7A 000E
@00008E7B FFFB
@00008E7C 0014
@00008E7D 0000
@00008E7E 0024
@00008E7F 0003
@00008E80 FFF2
@00008E81 FFFF
@00008E82 000A
@00008E83 FFFB
@00008E84 0015
@00008E85 FFCB
@00008E86 000D
@00008E87 0018
@00008E88 FFE2
@00008E89 0006
@00008E8A FFE7
@00008E8B 0019
@00008E8C FFF8
@00008E8D FFE5
@00008E8E 001B
@00008E8F FFDC
@00008E90 0000
@00008E91 FFFA
@00008E92 FFFF
@00008E93 0000
@00008E94 FFFD
@00008E95 FFEE
@00008E96 0002
@00008E97 0006
@00008E98 0040
@00008E99 000B
@00008E9A 000E
@00008E9B FFDF
@00008E9C 0004
@00008E9D 0009
@00008E9E 0008
@00008E9F 001C
@00008EA0 0002
@00008EA1 0006
@00008EA2 FFF1
@00008EA3 FFDC
@00008EA4 FFF4
@00008EA5 0029
@00008EA6 FFE9
@00008EA7 FFE3
@00008EA8 FFEB
@00008EA9 FFFA
@00008EAA FFE9
@00008EAB 0006
@00008EAC FFF2
@00008EAD FFF4
@00008EAE 000C
@00008EAF 0005
@00008EB0 FFEA
@00008EB1 0015
@00008EB2 001B
@00008EB3 000B
@00008EB4 001B
@00008EB5 FFDF
@00008EB6 FFE9
@00008EB7 0003
@00008EB8 0013
@00008EB9 000B
@00008EBA FFE3
@00008EBB 0001
@00008EBC FFE9
@00008EBD 0011
@00008EBE FFE3
@00008EBF FFFA
@00008EC0 0007
@00008EC1 0006
@00008EC2 FFDF
@00008EC3 FFE8
@00008EC4 0020
@00008EC5 FFEC
@00008EC6 FFF3
@00008EC7 FFF9
@00008EC8 FFF7
@00008EC9 FFED
@00008ECA FFF6
@00008ECB FFD0
@00008ECC 0017
@00008ECD FFF2
@00008ECE 000A
@00008ECF FFF4
@00008ED0 FFF3
@00008ED1 FFF8
@00008ED2 FFD6
@00008ED3 0001
@00008ED4 FFE1
@00008ED5 FFF8
@00008ED6 FFE2
@00008ED7 000C
@00008ED8 0012
@00008ED9 FFFC
@00008EDA 0005
@00008EDB FFF9
@00008EDC 0016
@00008EDD FFEE
@00008EDE 0000
@00008EDF FFE4
@00008EE0 FFFB
@00008EE1 FFE8
@00008EE2 000C
@00008EE3 FFFE
@00008EE4 FFEE
@00008EE5 0006
@00008EE6 FFEC
@00008EE7 0000
@00008EE8 FFFA
@00008EE9 000A
@00008EEA 0018
@00008EEB 0020
@00008EEC FFF0
@00008EED FFF4
@00008EEE FFF4
@00008EEF FFF1
@00008EF0 002F
@00008EF1 FFEB
@00008EF2 0028
@00008EF3 FFD5
@00008EF4 0021
@00008EF5 000D
@00008EF6 FFE7
@00008EF7 0000
@00008EF8 0021
@00008EF9 0010
@00008EFA FFFC
@00008EFB 002D
@00008EFC 0018
@00008EFD FFEE
@00008EFE 0005
@00008EFF FFF3
@00008F00 FFF3
@00008F01 FFF1
@00008F02 0035
@00008F03 FFF0
@00008F04 FFC9
@00008F05 FFE0
@00008F06 0024
@00008F07 0017
@00008F08 001A
@00008F09 FFED
@00008F0A FFE0
@00008F0B FFC9
@00008F0C FFF8
@00008F0D FFFB
@00008F0E FFFF
@00008F0F FFB4
@00008F10 FFD4
@00008F11 0038
@00008F12 FFEC
@00008F13 FFDD
@00008F14 0013
@00008F15 0022
@00008F16 000D
@00008F17 FFE0
@00008F18 003D
@00008F19 FFE4
@00008F1A FFEF
@00008F1B FFED
@00008F1C FFFB
@00008F1D 0003
@00008F1E FFCC
@00008F1F FFE6
@00008F20 0002
@00008F21 001C
@00008F22 FFCB
@00008F23 FFEE
@00008F24 002C
@00008F25 FFD1
@00008F26 FFF8
@00008F27 FFC9
@00008F28 0010
@00008F29 000E
@00008F2A FFDB
@00008F2B 001F
@00008F2C 0011
@00008F2D 0010
@00008F2E 0009
@00008F2F 0012
@00008F30 FFF2
@00008F31 FFF7
@00008F32 FFF1
@00008F33 0019
@00008F34 FFDB
@00008F35 FFE9
@00008F36 FFEA
@00008F37 FFE4
@00008F38 0000
@00008F39 0018
@00008F3A FFE8
@00008F3B FFFE
@00008F3C FFF5
@00008F3D 002C
@00008F3E FFC9
@00008F3F 0002
@00008F40 FFFC
@00008F41 FFE6
@00008F42 FFF1
@00008F43 FFDA
@00008F44 000A
@00008F45 000C
@00008F46 0031
@00008F47 FFEA
@00008F48 000C
@00008F49 FFF9
@00008F4A FFF9
@00008F4B FFF0
@00008F4C FFFC
@00008F4D FFD6
@00008F4E FFF5
@00008F4F 003F
@00008F50 FFC7
@00008F51 0018
@00008F52 FFC9
@00008F53 0022
@00008F54 000D
@00008F55 FFB0
@00008F56 0048
@00008F57 0004
@00008F58 FFE9
@00008F59 FFC2
@00008F5A 0009
@00008F5B 0000
@00008F5C 000A
@00008F5D FFFF
@00008F5E FFEE
@00008F5F FFEF
@00008F60 002D
@00008F61 0026
@00008F62 FFE5
@00008F63 FFF4
@00008F64 FFFE
@00008F65 FFF1
@00008F66 FFE2
@00008F67 FFDA
@00008F68 FFFB
@00008F69 0011
@00008F6A 0005
@00008F6B FFE2
@00008F6C 001C
@00008F6D 0007
@00008F6E FFE7
@00008F6F FFF4
@00008F70 FFF8
@00008F71 0002
@00008F72 FFF3
@00008F73 FFF8
@00008F74 FFE3
@00008F75 002C
@00008F76 FFF4
@00008F77 FFE7
@00008F78 FFE9
@00008F79 FFFA
@00008F7A 0011
@00008F7B FFE0
@00008F7C 0011
@00008F7D FFF7
@00008F7E 0008
@00008F7F 0025
@00008F80 FFFF
@00008F81 FFF4
@00008F82 FFEA
@00008F83 0027
@00008F84 FFF3
@00008F85 0015
@00008F86 FFE1
@00008F87 FFD2
@00008F88 0019
@00008F89 0009
@00008F8A FFED
@00008F8B FFDD
@00008F8C 000E
@00008F8D FFEE
@00008F8E FFCF
@00008F8F 0011
@00008F90 FFFA
@00008F91 FFEB
@00008F92 001B
@00008F93 FFD4
@00008F94 0012
@00008F95 FFFF
@00008F96 FFE7
@00008F97 0000
@00008F98 0000
@00008F99 FFF3
@00008F9A FFFA
@00008F9B FFDC
@00008F9C 002A
@00008F9D FFD8
@00008F9E FFFF
@00008F9F FFD8
@00008FA0 000F
@00008FA1 FFF6
@00008FA2 FFD9
@00008FA3 0007
@00008FA4 0005
@00008FA5 FFE8
@00008FA6 FFD5
@00008FA7 FFEF
@00008FA8 000C
@00008FA9 FFF0
@00008FAA 0021
@00008FAB FFEC
@00008FAC FFF8
@00008FAD FFD8
@00008FAE FFF8
@00008FAF FFE5
@00008FB0 000C
@00008FB1 FFF6
@00008FB2 FFFC
@00008FB3 FFFD
@00008FB4 FFCF
@00008FB5 000E
@00008FB6 FFFA
@00008FB7 FFFC
@00008FB8 0010
@00008FB9 FFDD
@00008FBA 0036
@00008FBB FFE8
@00008FBC 0008
@00008FBD FFCA
@00008FBE 0006
@00008FBF 0000
@00008FC0 001B
@00008FC1 FFFA
@00008FC2 FFB0
@00008FC3 FFF4
@00008FC4 002A
@00008FC5 0022
@00008FC6 FFE4
@00008FC7 FFEF
@00008FC8 0008
@00008FC9 FFCC
@00008FCA 002F
@00008FCB 0038
@00008FCC FFB9
@00008FCD FFFD
@00008FCE 0046
@00008FCF FFD1
@00008FD0 FFD4
@00008FD1 0001
@00008FD2 FFBE
@00008FD3 FFCB
@00008FD4 0004
@00008FD5 FFED
@00008FD6 FFE5
@00008FD7 FFD7
@00008FD8 FFC6
@00008FD9 0062
@00008FDA 000B
@00008FDB FFE1
@00008FDC FFEE
@00008FDD FFEB
@00008FDE 0005
@00008FDF 0002
@00008FE0 002A
@00008FE1 FFBC
@00008FE2 FFC7
@00008FE3 0011
@00008FE4 0027
@00008FE5 0020
@00008FE6 FFC0
@00008FE7 FFEE
@00008FE8 FFD3
@00008FE9 000D
@00008FEA FFBF
@00008FEB FFE2
@00008FEC 0053
@00008FED FFD1
@00008FEE FFC7
@00008FEF FFC1
@00008FF0 0009
@00008FF1 FFE0
@00008FF2 FFCA
@00008FF3 0069
@00008FF4 0009
@00008FF5 0012
@00008FF6 000C
@00008FF7 FFE6
@00008FF8 FFF8
@00008FF9 001F
@00008FFA FFEA
@00008FFB 0025
@00008FFC FFCD
@00008FFD FFE8
@00008FFE FFFA
@00008FFF FFD4
@00009000 FFBC
@00009001 000E
@00009002 FFD1
@00009003 FFEF
@00009004 0014
@00009005 001A
@00009006 FFB4
@00009007 FFE8
@00009008 FFF6
@00009009 FFF6
@0000900A 0009
@0000900B FFCC
@0000900C 001A
@0000900D 0007
@0000900E 0036
@0000900F 003A
@00009010 FFCD
@00009011 FFBB
@00009012 0003
@00009013 FFEB
@00009014 FFEF
@00009015 FFE0
@00009016 001E
@00009017 004A
@00009018 FFD0
@00009019 0014
@0000901A FFD7
@0000901B 0008
@0000901C 0015
@0000901D FFA2
@0000901E 0076
@0000901F FFD1
@00009020 0009
@00009021 FFB4
@00009022 FFC5
@00009023 0000
@00009024 0027
@00009025 FFFB
@00009026 FFD4
@00009027 FFE3
@00009028 FFF7
@00009029 0016
@0000902A FFD7
@0000902B FFEF
@0000902C 000C
@0000902D FFD1
@0000902E 0024
@0000902F 0007
@00009030 FFE4
@00009031 FFF4
@00009032 0027
@00009033 FFDE
@00009034 FFDF
@00009035 001F
@00009036 FFC1
@00009037 FFDF
@00009038 0028
@00009039 FFEE
@0000903A FFE6
@0000903B FFCD
@0000903C FFE7
@0000903D 0066
@0000903E FFF2
@0000903F FFD0
@00009040 FFDE
@00009041 FFDA
@00009042 FFFC
@00009043 0012
@00009044 0044
@00009045 FFC7
@00009046 FFF1
@00009047 FFFF
@00009048 0026
@00009049 0011
@0000904A FFBF
@0000904B 0014
@0000904C FFCD
@0000904D FFFF
@0000904E FFC3
@0000904F FFE5
@00009050 0051
@00009051 FFCC
@00009052 FFE3
@00009053 FFE8
@00009054 0009
@00009055 FFEB
@00009056 FFA5
@00009057 0046
@00009058 0015
@00009059 001A
@0000905A FFEB
@0000905B 000D
@0000905C 0026
@0000905D FFEE
@0000905E 000B
@0000905F 004D
@00009060 FFDD
@00009061 FFEC
@00009062 FFFA
@00009063 FFBB
@00009064 FFED
@00009065 001C
@00009066 FFF4
@00009067 000B
@00009068 0027
@00009069 001A
@0000906A FFAC
@0000906B FFED
@0000906C 0020
@0000906D FFE3
@0000906E 0012
@0000906F FFAF
@00009070 0032
@00009071 0017
@00009072 0045
@00009073 000A
@00009074 FFDC
@00009075 FFFF
@00009076 FFDC
@00009077 FFED
@00009078 001E
@00009079 0004
@0000907A 000D
@0000907B 0041
@0000907C FFB9
@0000907D 000C
@0000907E FFCA
@0000907F 0011
@00009080 FFF4
@00009081 FF9F
@00009082 004E
@00009083 FFF6
@00009084 FFDA
@00009085 FFBD
@00009086 FFC0
@00009087 0000
@00009088 000C
@00009089 FFF6
@0000908A FFF2
@0000908B FFF1
@0000908C 0012
@0000908D 0022
@0000908E FFFF
@0000908F FFE7
@00009090 FFEE
@00009091 FFED
@00009092 0001
@00009093 FFF5
@00009094 FFE9
@00009095 FFFE
@00009096 001D
@00009097 FFF4
@00009098 0005
@00009099 000A
@0000909A FFF8
@0000909B FFEE
@0000909C 0022
@0000909D 0010
@0000909E 0010
@0000909F FFE4
@000090A0 0001
@000090A1 0023
@000090A2 0018
@000090A3 FFFB
@000090A4 FFE7
@000090A5 0015
@000090A6 001E
@000090A7 0016
@000090A8 0024
@000090A9 0002
@000090AA FFFC
@000090AB FFF8
@000090AC 0015
@000090AD FFF2
@000090AE 0009
@000090AF FFF2
@000090B0 000C
@000090B1 0002
@000090B2 000D
@000090B3 FFE9
@000090B4 000E
@000090B5 000E
@000090B6 0007
@000090B7 FFE2
@000090B8 001C
@000090B9 0004
@000090BA FFFB
@000090BB 0011
@000090BC FFF5
@000090BD 0012
@000090BE 0017
@000090BF FFF9
@000090C0 000C
@000090C1 0006
@000090C2 0011
@000090C3 0023
@000090C4 FFF6
@000090C5 FFF4
@000090C6 FFE1
@000090C7 FFF0
@000090C8 FFEA
@000090C9 FFF9
@000090CA FFE1
@000090CB 000C
@000090CC FFFE
@000090CD 0006
@000090CE FFDB
@000090CF FFEC
@000090D0 FFF9
@000090D1 FFF2
@000090D2 0016
@000090D3 FFE8
@000090D4 0005
@000090D5 FFFC
@000090D6 0005
@000090D7 0010
@000090D8 FFF2
@000090D9 0017
@000090DA FFE0
@000090DB FFD9
@000090DC FFFD
@000090DD FFDB
@000090DE FFFF
@000090DF 0005
@000090E0 FFDF
@000090E1 0025
@000090E2 FFEA
@000090E3 0002
@000090E4 FFF3
@000090E5 0009
@000090E6 0014
@000090E7 FFD3
@000090E8 0006
@000090E9 FFED
@000090EA 001C
@000090EB 0000
@000090EC 000C
@000090ED FFFD
@000090EE FFFB
@000090EF 0013
@000090F0 0057
@000090F1 0011
@000090F2 FFED
@000090F3 FFE2
@000090F4 0005
@000090F5 000A
@000090F6 001F
@000090F7 FFE6
@000090F8 0000
@000090F9 0001
@000090FA 0015
@000090FB FFFE
@000090FC 000D
@000090FD 0021
@000090FE FFD8
@000090FF FFE8
@00009100 0031
@00009101 FFE9
@00009102 FFF0
@00009103 FFF4
@00009104 FFD1
@00009105 FFFA
@00009106 0019
@00009107 FFF8
@00009108 FFF6
@00009109 0012
@0000910A FFFB
@0000910B 000D
@0000910C 0021
@0000910D FFE0
@0000910E 0005
@0000910F 0001
@00009110 0012
@00009111 FFF3
@00009112 0001
@00009113 FFED
@00009114 FFE6
@00009115 001B
@00009116 000F
@00009117 FFE9
@00009118 0017
@00009119 FFE7
@0000911A FFE8
@0000911B FFF0
@0000911C 0007
@0000911D 0003
@0000911E FFDE
@0000911F FFFD
@00009120 FFFD
@00009121 FFF8
@00009122 0019
@00009123 0019
@00009124 FFFC
@00009125 FFFE
@00009126 FFE7
@00009127 000D
@00009128 FFE6
@00009129 0008
@0000912A FFF8
@0000912B FFFA
@0000912C FFFA
@0000912D FFF5
@0000912E FFE6
@0000912F FFE0
@00009130 0016
@00009131 000D
@00009132 FFE4
@00009133 FFFF
@00009134 FFFD
@00009135 FFE8
@00009136 000F
@00009137 FFE9
@00009138 000D
@00009139 001A
@0000913A 0004
@0000913B 0020
@0000913C FFD9
@0000913D FFF4
@0000913E 0008
@0000913F FFE1
@00009140 0008
@00009141 0004
@00009142 0024
@00009143 0007
@00009144 FFEF
@00009145 0013
@00009146 FFEC
@00009147 0012
@00009148 0003
@00009149 0007
@0000914A FFF6
@0000914B FFF5
@0000914C 0011
@0000914D 0008
@0000914E 0000
@0000914F 0000
@00009150 000E
@00009151 FFEC
@00009152 FFEF
@00009153 FFDD
@00009154 0015
@00009155 0007
@00009156 FFD4
@00009157 FFF4
@00009158 000C
@00009159 FFE4
@0000915A 002B
@0000915B 0013
@0000915C FFD4
@0000915D FFDC
@0000915E 002F
@0000915F FFF0
@00009160 FFF1
@00009161 FFFC
@00009162 FFCA
@00009163 FFC5
@00009164 FFF9
@00009165 FFE1
@00009166 FFCE
@00009167 FFC0
@00009168 FFEA
@00009169 0036
@0000916A 0017
@0000916B FFF6
@0000916C 001A
@0000916D 0043
@0000916E 002B
@0000916F FFF5
@00009170 0040
@00009171 FFD1
@00009172 FFF0
@00009173 FFF5
@00009174 0033
@00009175 0039
@00009176 FFC7
@00009177 0004
@00009178 FFCA
@00009179 002E
@0000917A FFDA
@0000917B FFE8
@0000917C 004E
@0000917D FFF6
@0000917E FFEC
@0000917F FFCC
@00009180 0026
@00009181 FFDD
@00009182 FFB4
@00009183 000A
@00009184 0032
@00009185 0023
@00009186 000D
@00009187 0009
@00009188 000D
@00009189 000E
@0000918A FFFA
@0000918B 001F
@0000918C FFDE
@0000918D FFD2
@0000918E FFC7
@0000918F FFC2
@00009190 FFE5
@00009191 0020
@00009192 FFDA
@00009193 FFD6
@00009194 FFD0
@00009195 0019
@00009196 FFEA
@00009197 FFD5
@00009198 0007
@00009199 FFEF
@0000919A 0004
@0000919B FFB4
@0000919C 0026
@0000919D 0005
@0000919E 003C
@0000919F 001C
@000091A0 FFED
@000091A1 FFFE
@000091A2 FFCE
@000091A3 FFCD
@000091A4 FFF0
@000091A5 FFD0
@000091A6 FFFA
@000091A7 000F
@000091A8 FFE7
@000091A9 001D
@000091AA FFD0
@000091AB FFFC
@000091AC FFE1
@000091AD FFBC
@000091AE 002D
@000091AF FFC4
@000091B0 FFFC
@000091B1 FFBA
@000091B2 FFDB
@000091B3 0000
@000091B4 0005
@000091B5 FFEB
@000091B6 FFA7
@000091B7 0015
@000091B8 0026
@000091B9 000A
@000091BA FFFD
@000091BB 0006
@000091BC 0000
@000091BD FFDD
@000091BE FFF5
@000091BF 0049
@000091C0 FFDF
@000091C1 FFD6
@000091C2 0029
@000091C3 0016
@000091C4 0015
@000091C5 FFF5
@000091C6 FFDC
@000091C7 FFB8
@000091C8 FFF1
@000091C9 001A
@000091CA FFC4
@000091CB FFD0
@000091CC FFF7
@000091CD 0039
@000091CE FFF7
@000091CF FFDA
@000091D0 000A
@000091D1 0057
@000091D2 0000
@000091D3 0009
@000091D4 0034
@000091D5 FFE0
@000091D6 0016
@000091D7 000E
@000091D8 0058
@000091D9 FFDE
@000091DA FFCC
@000091DB FFEB
@000091DC FFE4
@000091DD 0013
@000091DE FFE7
@000091DF FFBC
@000091E0 0033
@000091E1 0003
@000091E2 FFEA
@000091E3 FFF4
@000091E4 FFF2
@000091E5 FFF9
@000091E6 FFC9
@000091E7 0023
@000091E8 0005
@000091E9 0024
@000091EA FFE4
@000091EB FFDA
@000091EC FFF5
@000091ED 001E
@000091EE FFFF
@000091EF 0024
@000091F0 FFB4
@000091F1 0018
@000091F2 0006
@000091F3 FFE8
@000091F4 FFF0
@000091F5 FFD2
@000091F6 FFF6
@000091F7 0026
@000091F8 002A
@000091F9 002C
@000091FA FFDD
@000091FB FFF4
@000091FC 0014
@000091FD FFFA
@000091FE FFDF
@000091FF FFE7
@00009200 0023
@00009201 0000
@00009202 0011
@00009203 FFDF
@00009204 FFF9
@00009205 0021
@00009206 FFDC
@00009207 FFE2
@00009208 FFEF
@00009209 FFCA
@0000920A 001C
@0000920B 000E
@0000920C FFB9
@0000920D 0005
@0000920E FFD2
@0000920F 0015
@00009210 FFE2
@00009211 FFC8
@00009212 0036
@00009213 FFDD
@00009214 001C
@00009215 FFBC
@00009216 0016
@00009217 0000
@00009218 000A
@00009219 FFF0
@0000921A FFEE
@0000921B 0010
@0000921C 0027
@0000921D 0027
@0000921E FFEA
@0000921F 0002
@00009220 0015
@00009221 FFE4
@00009222 0020
@00009223 FFE3
@00009224 FFDF
@00009225 FFF4
@00009226 0028
@00009227 FFD6
@00009228 0018
@00009229 FFEB
@0000922A FFEF
@0000922B FFDB
@0000922C 0004
@0000922D FFEB
@0000922E FFF9
@0000922F FFF0
@00009230 FFD1
@00009231 0000
@00009232 0004
@00009233 FFDE
@00009234 FFDF
@00009235 001C
@00009236 0023
@00009237 FFFE
@00009238 0000
@00009239 FFFA
@0000923A 0003
@0000923B 000E
@0000923C 0026
@0000923D FFED
@0000923E FFFF
@0000923F 002E
@00009240 FFDB
@00009241 002D
@00009242 FFF7
@00009243 FFD9
@00009244 001F
@00009245 FFDE
@00009246 FFED
@00009247 FFFD
@00009248 000F
@00009249 0007
@0000924A FFD8
@0000924B 0007
@0000924C 0023
@0000924D 0013
@0000924E 000B
@0000924F FFF5
@00009250 0019
@00009251 0013
@00009252 FFD7
@00009253 000C
@00009254 FFF8
@00009255 FFD3
@00009256 FFF3
@00009257 FFFC
@00009258 0030
@00009259 0027
@0000925A FFFF
@0000925B FFE1
@0000925C 0026
@0000925D 0010
@0000925E FFFB
@0000925F FFFC
@00009260 0016
@00009261 FFF0
@00009262 001F
@00009263 FFE8
@00009264 002D
@00009265 0005
@00009266 0019
@00009267 000E
@00009268 FFDC
@00009269 FFE9
@0000926A FFF2
@0000926B FFE7
@0000926C 000E
@0000926D FFE4
@0000926E 002C
@0000926F 0026
@00009270 0004
@00009271 000C
@00009272 FFF9
@00009273 FFF3
@00009274 FFF8
@00009275 FFDE
@00009276 0022
@00009277 FFEC
@00009278 0008
@00009279 FFFB
@0000927A 0001
@0000927B 0000
@0000927C 0029
@0000927D FFDD
@0000927E FFB5
@0000927F 0021
@00009280 0061
@00009281 003D
@00009282 0021
@00009283 FFEA
@00009284 002B
@00009285 002F
@00009286 FFCA
@00009287 001C
@00009288 0055
@00009289 0037
@0000928A FFF9
@0000928B 001E
@0000928C 0014
@0000928D FFD0
@0000928E 002C
@0000928F 0044
@00009290 0071
@00009291 0001
@00009292 0037
@00009293 00A7
@00009294 0014
@00009295 FFBA
@00009296 0010
@00009297 004A
@00009298 FFB9
@00009299 FF78
@0000929A 0030
@0000929B 0039
@0000929C FFBE
@0000929D 0052
@0000929E 0036
@0000929F 000A
@000092A0 FFEB
@000092A1 0018
@000092A2 0044
@000092A3 0057
@000092A4 001E
@000092A5 FFC6
@000092A6 005E
@000092A7 0008
@000092A8 FF85
@000092A9 0037
@000092AA 0039
@000092AB 0012
@000092AC FFE0
@000092AD 0032
@000092AE 005D
@000092AF FFC9
@000092B0 FFAE
@000092B1 FFD1
@000092B2 0011
@000092B3 FFFC
@000092B4 FFB2
@000092B5 0017
@000092B6 0025
@000092B7 FFD6
@000092B8 0049
@000092B9 0025
@000092BA 0047
@000092BB 0018
@000092BC FF50
@000092BD 0021
@000092BE 002B
@000092BF 008B
@000092C0 004E
@000092C1 FFA3
@000092C2 005C
@000092C3 FFEA
@000092C4 001C
@000092C5 0060
@000092C6 002D
@000092C7 0042
@000092C8 FFB5
@000092C9 FFEE
@000092CA FFCD
@000092CB FFFC
@000092CC FFFC
@000092CD FFA6
@000092CE 0042
@000092CF 001A
@000092D0 FFE0
@000092D1 FFF1
@000092D2 0008
@000092D3 FFB5
@000092D4 004F
@000092D5 0001
@000092D6 0062
@000092D7 FFF9
@000092D8 0012
@000092D9 0054
@000092DA FF8F
@000092DB 003F
@000092DC 0013
@000092DD 0057
@000092DE FFD4
@000092DF 0000
