-0.21536376,0.14009801,0.20977688,-0.27527791,0.10638025,-0.07846097,0.04135437,-0.15752989,0.12126762,-0.18377292,0.14076257,0.13404378,-0.11548195,0.05390411,-0.00759732,-0.02122841,-0.03880328,0.12641689,-0.13661915,-0.12804870,0.06728546,-0.22371683,0.12993854,0.09841529,-0.10896040,-0.18457033,-0.10773522,0.03298362,0.11016273,-0.08739047,-0.20374732,0.00195654,0.04551904,-0.06739269,0.06968637,0.30937508,-0.12750545,-0.04209584,-0.01696383,-0.11760620,0.10169729,0.03948281,0.04618289,-0.22561213,0.10880665,0.05303153,-0.14394476,-0.16395994,-0.15892485,-0.14668405,0.17397685,-0.29772109,-0.07728577,-0.27238709,-0.12896273,-0.01015653,0.18983459,0.17167629,0.21749367,-0.32993808,0.02714655,0.17351107,0.07084491,-0.21221703,-0.09333174,0.01717853,0.10791842,-0.01310412,0.10944579,-0.03657468,0.12359908,0.07463720,-0.05051278,0.02337066,-0.22896142,0.12788893,0.10091499,0.03963451,0.11100024,-0.07457993,0.13227606,-0.01625312,0.04040961,-0.00221971,-0.08899323,0.00295964,-0.12819107,-0.06238136,-0.00668914,0.06731539,-0.08626830,0.03870477,-0.01053845,0.07895818
0.02578093,-0.06377535,-0.08321488,-0.06519119,-0.27002111,0.08529387,0.16017449,-0.16166613,-0.01926114,0.14859021,-0.00127842,0.05280187,-0.04370940,-0.14343292,-0.15330242,-0.04770258,-0.01441768,0.05251050,-0.28563267,-0.11341241,0.26592344,-0.09432166,-0.07403710,-0.03803005,-0.05594340,-0.10060303,-0.09025078,0.23191363,-0.06085986,-0.13113163,0.10106713,0.16936365,0.00302881,-0.08247185,0.01636061,0.02434981,0.11934625,-0.16063154,-0.24129929,0.29477438,-0.10138599,-0.15358783,-0.12324783,0.06960139,0.01984891,-0.18535617,0.25654888,-0.04118736,0.03113562,-0.06695540,0.04301057,-0.02041864,0.04252855,-0.07475488,0.18149731,-0.21332057,-0.15017185,-0.04842897,-0.17431037,0.16810396,-0.15617841,-0.02929848,-0.09680852,0.12920122,0.07521491,-0.24502635,-0.06427705,-0.14203611,-0.17238006,-0.11561584,-0.20477892,0.13286754,-0.04700950,0.13793749,0.10812309,-0.10671204,0.05447537,-0.01793286,-0.08705527,0.06388680,-0.12346424,-0.00350269,0.09532269,-0.13265397,-0.00258372,-0.12261546,0.09931323,0.05547127,-0.23382680,0.36866361,-0.04310211,-0.01919871,-0.32416314,-0.16394150
0.03013082,-0.01288604,0.02773432,-0.05389094,-0.14374810,0.02750107,0.25076637,-0.24798955,-0.22141305,0.20653273,-0.08865583,0.14766635,-0.04004477,-0.24987666,-0.15584999,-0.21125299,-0.06602507,-0.11709680,-0.29005307,-0.25344130,0.17111912,0.06575550,-0.26668245,-0.11315298,0.22831626,0.15958360,-0.00198841,0.04248673,-0.18976986,-0.05306515,0.08265754,0.26381320,-0.06959619,-0.17958897,-0.20452245,-0.16748466,0.18529746,-0.16010040,-0.18807775,0.34734493,-0.23328270,-0.07267690,-0.19217026,0.00788415,-0.21401182,-0.19991413,0.31393349,0.08612791,0.17728443,0.04975666,-0.16627228,0.02789203,0.03210248,-0.19464634,0.19355533,-0.19066846,-0.15750273,-0.18849079,-0.18154426,0.14835936,0.03043104,-0.16440636,0.16714922,-0.10075060,0.11652686,-0.24000300,-0.05126499,0.00902092,-0.10692498,0.12367743,-0.02295409,0.13555646,0.07130989,0.27568838,0.04541368,-0.22971332,0.15613303,-0.02507897,-0.22805905,0.01228815,-0.20565154,0.19823928,0.26372391,-0.31629437,0.07024436,-0.33831689,0.15721667,0.07309891,-0.34855947,0.35455370,-0.08157819,-0.01798262,-0.26161119,0.35820258
0.20943063,0.04110206,0.09178770,0.04240355,0.14298397,-0.12289584,0.12662405,0.09866854,0.01967904,-0.07677153,0.13932149,0.06592821,-0.28320670,0.02711828,0.06381011,-0.05942421,0.01580062,0.01597887,0.15317872,0.10794658,-0.18715836,-0.09665822,0.04417992,-0.14690915,0.05148932,-0.04320252,0.06748998,-0.24930415,0.23319526,0.16977754,-0.13429034,-0.07999495,-0.15691179,-0.05077580,0.08796691,0.10381791,-0.06736627,0.03421061,0.08084583,-0.16421250,0.17511904,0.07998729,0.01607489,0.05784632,0.06569752,0.16610754,-0.01589933,-0.12661505,-0.17921634,-0.10298096,-0.32453474,-0.07150044,-0.17102954,0.09056148,-0.15367314,0.08579378,0.13932225,0.19810568,0.03421465,-0.29125628,-0.11885561,0.14992942,0.49240774,0.10360619,-0.32115167,0.09793372,0.20317864,0.06310634,0.02216873,0.02316298,0.39912245,-0.17940135,-0.05628985,-0.18534422,-0.15312399,0.04462108,0.31727073,-0.09141129,-0.07700484,-0.18693209,0.10383983,-0.02833242,-0.20704043,-0.05303613,-0.10738706,0.13560064,0.18663876,-0.03999418,0.14752361,-0.23638861,0.05589300,0.22029831,0.24638903,0.15203524
0.12188463,-0.03506493,-0.17504685,-0.00667103,-0.08049129,0.06905200,-0.03076875,-0.09485625,0.01228976,0.19326276,-0.19073433,-0.02403137,-0.01913824,0.01582614,0.02439979,0.16717942,-0.00284900,-0.21869335,-0.09475777,-0.11358788,0.04397357,0.04415727,-0.08591518,-0.03349217,0.17398508,0.13401537,-0.04668970,0.09481645,-0.09830770,-0.04127023,0.12318806,0.18084545,0.01332392,0.00794915,0.09279270,-0.12980647,0.10292719,-0.14233097,-0.12801687,0.09330571,-0.13523565,-0.17185007,-0.08154952,0.03377018,0.00820992,-0.11601595,-0.04600304,0.03289824,0.03229555,0.17255540,-0.07789464,0.14545657,0.05517211,0.00533511,0.14087301,-0.14105178,-0.15145901,-0.06062647,-0.11154917,-0.08871568,0.08480875,-0.10634088,-0.22130120,0.06140690,0.14673175,-0.16108790,-0.04799323,0.08367104,-0.06812075,0.05979329,-0.05362739,0.16080916,-0.04382857,0.07758434,0.17778063,0.03319205,-0.01325469,-0.22009093,0.01454175,0.03838578,-0.09504133,0.16848429,-0.01632787,-0.00872356,0.13642499,-0.08700443,0.01218970,-0.02827204,-0.16869111,0.01158548,-0.13371527,-0.14979944,-0.00254149,-0.25284168
-0.00818248,-0.01068578,0.05417033,-0.11008125,-0.28598318,0.03710473,0.01801142,-0.24020645,-0.08959505,0.04386723,-0.00685623,-0.07761020,-0.08658420,-0.18539290,-0.07249261,0.10091107,-0.09577756,-0.08404232,-0.13662115,-0.16404036,0.22183713,0.14964053,-0.11331201,-0.06961252,0.20704123,0.04096825,-0.02798966,0.12000583,-0.15281783,-0.11291108,0.03061263,0.13864487,0.10062401,-0.05082836,-0.17199337,-0.05507644,0.16700046,-0.08929991,-0.20766100,0.11187328,-0.16271548,-0.20298792,-0.12948987,0.02302244,-0.05587776,-0.12197141,0.25968623,0.08594853,0.06562392,0.00441743,0.16211382,-0.01687694,0.04793174,-0.25374055,0.11935481,-0.15472274,-0.08202887,-0.10412734,-0.12351222,-0.04835279,-0.02064921,0.02623304,-0.16253383,-0.01048292,0.12224746,-0.15937227,-0.09016754,-0.06673139,-0.01566135,-0.04783220,-0.11812503,0.14399378,0.01173764,0.04995664,-0.01775362,-0.16834646,-0.02031573,-0.10554971,-0.13977432,0.12015000,-0.02846058,0.05950420,0.02531632,-0.08716650,-0.03827679,-0.16595848,0.13237563,0.03373057,-0.24675708,0.19678053,-0.10282015,-0.12334868,-0.21906485,0.24950092
-0.07724502,-0.09865172,0.16044226,0.04351323,0.09314925,-0.07030752,-0.18970336,0.15650490,-0.18386646,0.14442757,-0.16668119,0.04749508,-0.09435940,-0.01288348,-0.03839972,0.47001249,0.01372251,0.29095456,0.10644809,-0.09902290,0.08033724,-0.27036420,0.23982550,0.09899688,-0.06886933,-0.09966800,0.12926757,-0.23494074,0.08699097,-0.00732594,-0.12089787,-0.24118474,-0.26607084,0.04105820,0.57166666,-0.08556412,-0.10047447,-0.12170263,0.03513360,-0.04732724,-0.05864472,-0.14668830,0.02041092,-0.21908705,0.05897920,0.08560513,0.07579620,-0.20631641,-0.35955185,-0.04864027,0.32227987,-0.00172848,-0.16126719,0.40905049,0.11758785,0.11261014,-0.11163525,0.11156637,-0.01464587,0.14368890,0.34694746,-0.09166023,0.23648922,0.27137730,-0.20162210,0.07876899,0.11258638,0.14885172,0.10827225,0.47997698,0.15212779,-0.00890484,-0.22629777,-0.05770983,0.02566683,0.01343194,0.63503283,-0.09325492,-0.08738593,0.07854388,0.19313627,0.09334535,0.10413659,-0.03325033,0.04452306,-0.01017797,-0.20188150,0.09451228,0.15634969,-0.12689017,0.15489042,0.12802012,0.10708059,0.04267094
0.05233927,-0.17362419,-0.18091002,-0.00258303,-0.12087411,0.13303325,0.01954714,-0.11950538,-0.24184476,0.10912906,-0.15429716,0.09980313,0.25795424,-0.18860486,-0.08377824,0.10197319,-0.03108070,0.00743096,-0.11550616,-0.17902917,0.01962311,-0.01443986,-0.21305858,0.00836506,0.03623213,0.09667156,0.00595073,0.13606155,-0.13092487,0.04032817,0.06879693,0.12871161,-0.02648527,-0.10724679,0.05584795,-0.21818417,0.20180979,-0.04103335,-0.22252063,0.12569995,-0.08711708,-0.14466317,-0.09342497,0.00274819,-0.11567402,-0.12834355,-0.00258736,0.10740753,-0.30456805,0.16222315,0.01418057,-0.00332003,0.09074273,-0.16005185,0.16891491,-0.13709752,0.01866904,-0.18258566,-0.23101579,-0.07612836,0.02291585,0.14501472,-0.41758740,-0.04566368,0.05204253,-0.05870484,-0.09414489,0.22899909,0.03551412,0.05597730,-0.04062240,0.04452720,0.05832896,0.07811623,0.02729831,-0.17187963,-0.24167287,0.04186406,-0.10353945,0.02953135,0.03780083,0.12847601,0.14127313,-0.06324650,0.08665739,-0.19963026,0.04173789,-0.08851305,-0.01413264,-0.00743529,-0.08307406,-0.07748983,-0.17051320,0.07453332
-0.00389394,0.08708428,0.03310119,0.10030866,-0.03748567,-0.01145792,0.27673367,-0.11833348,0.03482405,-0.02406743,-0.10689813,0.06952199,-0.01105911,-0.07130826,-0.12400515,-0.05365538,-0.01245406,-0.09692825,-0.13561721,0.00746587,0.10430441,0.03965222,-0.14566964,0.05204333,0.12429797,0.06313550,0.06385741,0.03579977,-0.15227096,-0.02544200,0.09899732,0.00853825,-0.00088623,-0.04244511,0.07450599,-0.02229978,0.01996216,-0.17231803,-0.00408624,0.10706396,-0.00848393,0.00932047,-0.05772163,0.06506012,0.07477431,-0.13811715,0.15089707,0.10329609,-0.07670766,0.00753229,-0.23094787,0.10106236,0.08696072,-0.02961283,0.16946304,-0.07807645,-0.00467736,-0.01577672,0.03067767,0.03434451,-0.24994583,-0.01317483,-0.01549963,0.07387913,0.06837256,-0.13005608,-0.01824144,-0.10315858,-0.02700143,-0.13258949,-0.11070848,0.14588615,0.03979398,-0.03906444,0.08014380,0.03580832,0.04070920,-0.13722512,-0.13224234,-0.07553576,-0.16322935,0.02831548,0.03261551,-0.03394575,0.05710720,-0.16604038,0.05179216,0.05938594,-0.01826796,0.19537684,-0.07428673,-0.01125778,-0.15402329,-0.11199328
-0.01145304,0.03944711,0.02558134,-0.02335707,-0.19510189,0.12637767,0.14759085,-0.14399928,-0.03239938,0.11186080,-0.01361422,-0.05990199,0.07346261,-0.18410128,-0.07420110,0.13196449,-0.13325080,-0.10650273,-0.24056776,-0.15686195,0.10318317,0.07231054,-0.06155389,-0.03553970,0.17078112,0.05203900,-0.03795834,0.21051107,-0.23846754,-0.01634652,0.05101799,0.08393069,0.17982413,-0.02700481,0.16402876,-0.14860626,-0.02820440,-0.09016421,-0.08621565,0.10379615,-0.03186364,-0.18524407,-0.00995303,0.13851793,-0.03597404,-0.29215878,0.11344162,0.17432132,-0.06704683,0.10530635,0.16820051,-0.00460959,0.11736473,-0.28447580,0.16722281,-0.18206766,-0.14301959,-0.09475935,-0.12715694,-0.06579100,-0.05805801,-0.06057628,-0.07001228,-0.08151644,0.06772649,-0.25807446,0.00774702,0.00751764,-0.04023686,-0.13929683,-0.31011507,0.18312636,-0.04777711,0.07147907,-0.02303503,-0.16673616,-0.25637740,-0.03392019,-0.01637026,0.03120598,-0.07536317,0.06056724,0.19672355,-0.13255519,0.05020551,-0.02962897,0.03089479,0.01863648,-0.16973165,0.21734861,-0.28461346,-0.06110310,-0.23995318,-0.11022533
0.02564976,0.08218248,0.04137135,-0.07036798,-0.22117247,-0.09919198,0.20329173,-0.19770640,0.02909092,0.07399508,-0.09370734,0.21632226,-0.14089620,-0.12838702,-0.01528081,0.02782444,0.01848649,-0.00626856,-0.06437963,0.00195277,0.16342451,-0.06973346,-0.00298589,-0.16292106,-0.06376110,-0.01694275,-0.07649034,0.12447795,0.03112635,-0.05309489,-0.00661656,0.05448667,-0.11878870,-0.21038038,-0.06873354,-0.13774826,0.11322317,-0.02279330,-0.08470088,0.06961297,-0.00675714,-0.07890812,-0.11306892,-0.03929050,0.07195497,-0.07254124,0.06623735,-0.03596355,0.05550323,0.08106649,-0.15012562,0.09389967,-0.04844162,-0.12043354,0.06302282,-0.16291432,0.05216945,0.05253975,0.00493386,0.11076354,-0.07407761,-0.12131047,0.13830703,0.08732950,-0.06389704,-0.06628683,-0.10008615,-0.05349328,0.00550044,-0.10881186,-0.00703176,0.01521571,0.02983215,-0.00446195,-0.12169446,-0.01670625,0.20237195,0.02225862,0.02565039,-0.04924643,-0.01555140,0.09665830,0.05328627,-0.13714539,0.00495349,-0.12527631,0.04940506,0.11530413,-0.13308689,0.04571783,-0.12536322,0.06837804,-0.08316015,0.15448260
0.11475955,-0.21401829,-0.12029668,0.12821232,-0.18109721,0.12579034,0.13104771,0.01594378,-0.29064566,0.09578809,0.04424004,0.04757338,0.04219137,-0.23908521,-0.17761654,0.00161112,0.02074339,-0.23349510,-0.16234007,-0.32824436,0.12155542,0.07346608,-0.06958102,-0.03498275,0.07174534,-0.00200255,0.13564889,0.08937250,-0.21700074,-0.01519182,-0.01474222,0.14177173,-0.00315080,-0.13699970,-0.12585063,-0.25176516,0.10012453,-0.17124012,-0.26078251,0.20815468,-0.09540626,-0.13884562,-0.09177621,0.07294397,-0.07117724,-0.11726068,0.30126688,0.12739806,0.06894037,0.02740573,-0.05322557,0.19596156,0.13156143,0.05846081,0.14973265,-0.27452481,-0.03639619,0.00492457,-0.20094135,-0.02333573,0.14937934,-0.01830995,-0.10257513,0.01252444,0.14575163,-0.33865541,-0.00126479,0.02016631,-0.18487619,0.27194723,-0.06982584,0.18725614,0.01608710,0.06703144,-0.02104333,-0.22820123,0.21855260,-0.12465134,-0.07821102,0.11125907,-0.22625750,0.00979118,0.22760598,-0.15657738,-0.04402531,-0.19208865,0.14460549,-0.01855289,-0.23260325,0.09214704,-0.10224436,-0.02481787,-0.21630011,-0.24216115
-0.04063350,-0.18919274,-0.09924025,-0.06507498,-0.41326806,0.21744114,0.02972807,-0.24454433,-0.06654514,0.11553378,-0.12344118,-0.09929471,-0.03840121,-0.11351073,-0.22137119,-0.04806766,-0.00885618,-0.15215163,-0.38549760,-0.33419368,0.49853256,0.05043750,-0.18467394,-0.11135197,0.00253403,0.09260683,0.04412484,0.27410644,-0.38572258,-0.01978548,0.00888579,0.22350541,0.23581089,-0.37853172,-0.15956660,-0.05069120,0.15651603,-0.41966817,-0.45160422,0.31589308,-0.10435208,-0.23687056,-0.21979274,0.12232205,-0.05096062,-0.41846994,0.54925931,0.01728833,0.23641542,0.06322886,0.14518170,0.09838900,0.03377073,-0.25872526,0.30350417,-0.40151384,-0.13159497,-0.04830415,-0.25681356,0.08809368,0.08030073,-0.08290308,-0.06021079,-0.09368645,0.13607754,-0.37982124,-0.10242388,-0.04777016,-0.13419259,-0.01648375,-0.19444506,0.29206321,-0.04212055,0.12953775,0.09485499,-0.16392605,-0.12168233,0.07737216,-0.19596307,0.00514907,-0.18600139,0.14252366,0.33066338,-0.23651829,0.08564228,-0.25723910,-0.00243538,-0.08210080,-0.62454093,0.59584975,-0.21817549,-0.02495342,-0.42952219,-0.05280461
0.08107160,-0.00023201,-0.11669962,0.05895380,-0.05945273,-0.01303514,0.05249513,-0.04178094,0.01927636,0.02767929,0.00182726,0.02282166,0.01315171,-0.01841504,0.00088659,0.09379733,-0.02613828,0.00091244,-0.12213874,0.02491934,0.06992920,-0.04727267,-0.06894290,-0.19410308,0.19516130,-0.11417931,0.11157981,0.13821095,-0.13107298,-0.06671066,0.10284534,-0.00829853,-0.00709753,-0.02932694,-0.04794022,-0.06750586,-0.06766707,-0.11350882,-0.01120513,0.11528210,-0.02580994,-0.03220642,0.04566908,-0.04850717,0.00008784,-0.11263183,0.02678167,0.10911763,-0.02419180,-0.00106586,-0.04493330,-0.00191019,-0.04279681,-0.00023959,0.03754662,-0.04828676,-0.11519890,-0.07135183,0.00970068,-0.00192234,-0.07403932,-0.14281021,-0.00570425,0.12635177,0.09202858,-0.10817551,0.07121487,0.00116476,0.01158164,0.03027320,-0.01211398,-0.02061892,0.04353796,0.08641520,0.02670172,0.00971469,0.07071374,-0.15124363,-0.12628657,0.08531555,-0.21920021,-0.02619376,0.04127237,-0.01151398,0.00365292,-0.11367059,0.00385349,0.07748664,-0.10193960,0.07213122,-0.02659692,0.03728920,-0.09310204,-0.07872287
0.13624138,-0.05797392,-0.02659411,0.07684442,0.01287186,-0.00062825,-0.02894145,0.01255872,-0.02910655,0.13709195,0.00269857,0.06261833,0.06669335,-0.07599775,-0.03166347,-0.06288575,-0.01755334,0.02248377,-0.07368225,-0.11270723,0.04239172,-0.03165904,-0.02737376,-0.12763949,0.09495856,-0.04766586,-0.01891784,0.03906866,-0.09473274,-0.05935942,-0.00899341,0.05907509,0.00549051,-0.02777836,-0.05179755,0.03880432,0.06872682,-0.04737240,-0.01604985,-0.02529756,-0.10351867,-0.11532753,-0.07813861,0.09486844,0.03714561,-0.01861166,0.00263868,0.13799755,0.11173011,-0.04796256,-0.00874701,0.06355157,0.10568593,0.01431649,0.13320036,-0.08406596,0.00331328,-0.12682101,0.02358712,0.10237444,-0.00173787,-0.06741200,-0.00210777,0.09284236,-0.01559433,-0.14177281,0.06282561,-0.05052057,-0.07321177,-0.06003155,-0.11190471,0.04796676,0.04205205,-0.01280824,-0.05187031,-0.13383184,-0.07743417,0.05235053,-0.04132408,-0.10071314,0.00799387,0.03688142,0.02447707,-0.02088229,-0.02650385,-0.13898161,-0.03037508,0.15014705,-0.05916677,-0.02565404,-0.18939683,0.00032913,0.04057608,0.17406201
0.04643434,-0.08921096,0.12530273,-0.01091492,-0.12107403,0.08119050,-0.08472324,-0.37545541,-0.12702659,0.10240973,-0.04876297,0.14812778,-0.18973790,-0.05345133,-0.33405271,-0.21382937,0.05945260,0.08221785,-0.35457322,-0.10769775,0.30316842,-0.08891880,-0.21976331,-0.00582612,0.06583279,0.02371372,-0.04226093,0.21313752,-0.04757154,-0.14396417,-0.09522568,0.09687180,-0.36458513,-0.21039373,-0.06199488,-0.13818705,0.15011051,-0.18910010,-0.21376522,0.21970601,-0.21605416,-0.22002795,-0.21827306,0.11875890,-0.10136382,-0.16090991,0.20481284,-0.01069544,0.15430549,-0.08922931,-0.19122584,-0.14747897,0.05773120,0.04264093,0.08190622,-0.26754397,-0.05647563,-0.08009201,-0.20946990,0.33983997,0.12058285,-0.21498783,0.25531802,0.04630895,0.00168863,-0.18814068,-0.00073640,-0.03875923,-0.14762701,0.15969416,0.02017878,0.22680704,-0.01785684,0.26889729,-0.02609240,-0.05835321,0.55787683,0.10722151,-0.15165542,-0.11355416,-0.07055695,0.14149873,0.11172099,-0.27416208,-0.13692179,-0.35803017,0.11691684,0.09376013,-0.16118132,0.36272994,0.02041878,0.14223662,-0.30567765,0.47112820
-0.09919377,-0.14083225,0.01535239,-0.04125050,-0.25201684,0.05700240,0.06848544,-0.23122817,-0.13889906,0.02084995,-0.06848148,-0.13349445,-0.01027853,-0.20880206,-0.05147627,-0.03820604,-0.02769543,0.03885241,-0.23645437,-0.16074525,0.19942445,0.03615795,-0.17544222,0.05646527,-0.07742328,0.10221188,0.02864836,0.07021242,-0.18546852,-0.09876680,-0.03233163,0.16254924,-0.01885290,-0.17231724,-0.03082393,-0.08756458,0.13076802,-0.17787312,-0.12130461,0.30510271,-0.09154428,-0.22068685,-0.06737487,0.13030922,-0.03788499,-0.17028350,0.31371835,0.14080517,0.11696268,-0.01899402,0.06664892,0.11304138,0.12823531,-0.06739525,0.07994854,-0.11326683,-0.05510030,0.01056564,-0.19757073,-0.06457400,-0.00268217,-0.04722330,-0.04744091,-0.06846882,0.12085811,-0.27277145,-0.15605177,-0.03221522,-0.10608470,0.03835138,-0.17537071,0.10689548,0.09854563,0.13150059,-0.06616257,-0.04159927,0.07021298,-0.06378131,-0.03567877,0.01447157,-0.13787526,0.16468635,0.17540863,-0.22264148,-0.07116738,-0.09056012,0.16380653,0.07236386,-0.18603988,0.26884592,-0.16546220,-0.02757249,-0.12787463,-0.05290105
0.19785430,0.03328384,-0.06527659,0.22280137,-0.21577029,0.09982445,0.40216416,-0.19861051,-0.10481999,0.23088542,0.07288612,-0.12916210,-0.00484964,-0.29159871,-0.27537870,0.01262862,-0.16575810,0.14529712,-0.03562650,-0.30319619,0.23621458,0.09931695,-0.12788308,-0.08458197,-0.24276938,0.03914780,0.06781108,0.09075503,-0.02684236,-0.10730603,0.12028409,0.05685429,-0.01948071,-0.19583023,-0.11072072,-0.00197541,0.05559772,-0.24401614,-0.21105133,0.15750399,-0.19606201,-0.09534851,-0.22327928,-0.04647294,-0.02215704,-0.22567707,0.36311185,-0.06218196,0.30604410,0.03351830,0.03741050,0.08823062,0.06084651,-0.04960455,0.27495593,-0.23440953,-0.15170950,-0.06054385,-0.13092552,-0.18136394,0.15186833,-0.05615639,-0.05436350,0.25404233,0.01009553,-0.09076105,-0.10878806,0.17574728,-0.06036478,0.30050719,0.06600188,0.26315933,-0.05534935,0.13206047,0.06039175,-0.13146415,0.07430159,-0.08870829,-0.08705715,-0.01681736,-0.21913032,0.06299785,0.13006863,-0.20361798,0.03165248,-0.10181089,0.13911130,-0.02617691,-0.22999889,0.25288889,-0.18514267,-0.22356813,-0.28879520,-0.28295159
-0.00011019,-0.04747614,-0.00079467,-0.03187109,-0.06267480,0.08619242,-0.02160342,0.07335941,0.02007831,0.05406165,-0.02717484,0.04241567,0.05955551,0.03923026,-0.08413256,-0.07183453,-0.01390302,0.08997984,0.00902163,-0.05246504,0.02951003,0.04740202,0.01672868,-0.17780408,0.00933982,0.06030928,-0.02116546,0.09257774,-0.01013487,0.01067827,-0.05209224,-0.01547631,-0.14121585,-0.12836352,0.10606678,-0.12821980,-0.02789159,-0.09152606,-0.12713674,0.14624798,-0.04349985,0.01345325,0.00160492,0.00560614,0.10358700,-0.11034893,0.08330144,0.06906500,0.16194977,-0.06303978,-0.00352403,-0.04854367,0.12203519,0.10113563,0.08861266,0.04898197,-0.05908216,-0.04109331,-0.12215098,0.13306129,0.12043148,0.02880972,-0.19516131,0.00420317,-0.00288495,-0.13624160,0.06741843,0.11432959,0.03958414,0.20545572,0.00971995,0.16479899,-0.01841325,0.00441784,-0.07378004,-0.01056542,-0.01367899,0.05624010,-0.05803893,0.01027269,0.08815741,0.17159128,0.06724279,-0.14063713,0.13388129,-0.14651880,-0.10749716,0.08681513,-0.13262552,0.08411169,-0.01523413,0.08243371,0.04492335,-0.00151769
0.07829870,-0.05150757,0.09843802,0.01030963,0.00000146,-0.09309252,0.07836825,-0.03017102,-0.06934818,0.04214362,0.03604836,0.08999152,-0.02395144,-0.02040352,-0.02338754,-0.02916934,-0.07493253,-0.10478230,-0.01507297,-0.07257325,-0.02948445,-0.00759261,-0.00846536,-0.09976996,0.07983380,-0.05990451,-0.21165296,0.08244317,-0.08118716,0.03562265,0.01468906,-0.01250245,0.01295379,0.05096982,0.06419441,0.00926109,-0.02716264,-0.08921859,-0.02031140,0.04051143,0.11620604,-0.04410548,0.01631477,0.03488925,0.04818294,-0.04304180,0.08319366,0.01572536,-0.18081792,-0.01813170,-0.15510769,-0.11154597,0.06483809,0.05513028,0.07335002,-0.09592903,0.02136837,0.00149580,-0.10269808,-0.09893160,-0.29925284,-0.11560024,0.11832710,0.19427837,0.00418426,-0.10371429,-0.08301664,-0.13510060,0.01074578,-0.29074582,-0.10179510,0.06172292,-0.01850475,-0.05098260,-0.14479902,-0.04252028,-0.12696873,-0.06692020,0.04802286,-0.17665525,-0.08015832,0.04163313,-0.01341326,0.01586770,0.02997769,-0.06723244,-0.00861257,0.21540239,-0.10077482,0.06476428,-0.01373639,0.07938299,0.00539325,-0.03391710
0.11304849,-0.13190907,-0.04280031,-0.03567537,0.06619016,0.04028274,-0.03998515,0.02422527,-0.13396436,-0.01130682,-0.14107503,-0.08101185,0.13154641,-0.10850787,0.04019890,0.16721399,0.03128439,0.05925536,-0.04385224,-0.10764278,-0.00619263,0.10983962,-0.08202273,0.05158201,-0.06753173,0.10615209,0.08506785,-0.01133225,-0.12258916,-0.02915961,0.05647976,-0.04179073,0.07864536,-0.02565613,0.06520300,0.06169774,0.07409451,-0.10654803,-0.05100590,0.03948295,-0.09370444,0.05722609,-0.10467757,0.11629216,0.07053588,-0.00917987,0.01402084,-0.04904389,0.08937219,-0.00724322,-0.00318076,-0.05903331,0.09678370,0.00742265,0.12053644,-0.14599602,0.02738360,0.03205496,-0.06631386,-0.08627041,-0.00705023,0.13894933,-0.01531355,0.07916230,-0.04753752,-0.09939805,0.05982301,0.10024350,0.07065538,0.09264226,-0.01932647,0.09784472,-0.01345638,-0.06337649,0.04033026,-0.09349956,0.00041804,0.00523391,0.03536870,-0.00480069,-0.00952350,-0.01680704,-0.06164233,0.08967236,0.11763952,0.01121942,0.09066773,-0.05141661,-0.11648532,0.00655205,-0.04758819,-0.08299094,-0.09047228,0.00146661
0.06741457,-0.07886255,-0.07607419,-0.05462655,-0.06198751,0.10266159,-0.06179481,-0.27130249,-0.00509790,0.07918365,-0.06762106,0.05704995,0.04471923,-0.02520880,-0.08518886,0.09023958,0.00391306,0.00417093,-0.13386060,-0.16728222,0.28154850,0.05850476,-0.09243225,-0.05142918,0.08249862,0.02701766,-0.09602848,0.07477885,0.01219360,-0.11166329,0.00183110,-0.02416756,0.03431212,-0.18150564,-0.04086607,-0.06071454,0.08558559,-0.07931913,-0.14794567,0.06831272,-0.11572973,-0.06629584,-0.08095024,0.09552354,0.02172886,-0.16439188,0.15152475,0.02226431,0.04446655,0.05944026,0.07077999,0.02962636,0.09811583,-0.01290629,0.14691703,-0.20737650,-0.13245963,0.02455655,-0.03346762,0.03702880,0.05696573,-0.14884564,0.09242454,-0.09622033,0.02382479,-0.14864914,-0.13902588,0.07184099,-0.13521285,-0.04060703,-0.17423645,0.11107935,0.11174331,0.01962894,0.04697141,0.00722675,0.00411935,0.00196866,-0.05598558,-0.06045762,-0.00824730,0.03709043,0.14794244,-0.07455392,0.10193107,-0.15270925,0.06110622,-0.01169804,-0.22188643,0.21660584,-0.19098788,-0.10785573,-0.06166139,-0.01874832
-0.07730699,-0.10947423,-0.01198589,-0.02047757,-0.13337870,0.04388001,0.11275830,-0.08480860,-0.08048418,0.00815862,-0.07585740,0.06947618,0.08100859,-0.08491270,-0.08359817,-0.03846020,0.01917182,0.09061122,-0.16472213,-0.06504820,0.04539654,-0.01335306,-0.10775684,-0.12995307,-0.21257363,0.05956596,-0.11292383,0.05657845,-0.03485461,-0.10487206,0.01974190,-0.03411575,-0.06397446,-0.15445486,-0.01933447,-0.08048601,-0.05740234,-0.06757366,-0.09830777,0.20519033,-0.05284785,-0.15350373,0.00155762,0.01942575,0.04257112,0.00897322,-0.01578286,0.06819540,0.03942820,-0.10521479,0.10267034,0.04509328,0.03139786,-0.12343035,0.06454998,-0.08766776,-0.20112336,-0.13541850,-0.07276499,0.08520387,-0.11545341,0.02701375,-0.08936421,0.07066511,0.05906220,-0.01624563,0.08163092,-0.12354112,-0.15541252,-0.13550040,-0.17589010,0.10574387,-0.06535864,-0.00959570,-0.04904941,0.08119366,0.19002074,-0.10145968,-0.09432668,0.09000518,-0.11855069,-0.05474357,0.05084624,0.03109047,-0.03336988,-0.07650258,-0.03512657,0.03245723,-0.00793172,0.23502600,-0.15985756,0.00708323,-0.08901662,0.05133433
0.12610388,0.07217216,-0.16934116,0.07076004,-0.06612834,0.09766921,0.35719654,-0.09263024,-0.05986884,-0.02526114,-0.09370886,-0.05835612,-0.02914251,-0.06380690,-0.15638041,0.12607428,-0.05917820,-0.09001791,0.01836116,-0.20869122,0.22539157,0.08190309,-0.14980716,0.11728837,-0.15899135,0.01954366,0.06722860,0.11439097,-0.02754850,-0.15047435,0.00180641,-0.04581048,-0.03411788,-0.16088454,0.15658215,-0.12085724,0.07196097,-0.24251382,-0.06983583,0.09218866,-0.12768309,-0.09513528,-0.01881188,-0.08097325,-0.04096449,-0.15192090,0.35182932,-0.06392976,-0.13284273,0.02871602,-0.28870621,-0.04020094,-0.00415876,0.04724175,0.15187295,-0.17448707,0.02892518,-0.03358333,-0.06643781,0.10254879,0.01311972,-0.20119393,-0.06271101,0.12170885,-0.02313391,-0.11251846,-0.08080554,-0.03106776,-0.14835544,0.06502432,0.05581983,0.00294072,0.00448194,0.23606421,0.12527271,-0.04229136,-0.19228242,0.02974791,0.00638847,-0.07282665,-0.06802509,0.06402914,0.03753494,-0.07490340,0.05016116,-0.13482922,-0.01632278,-0.01517212,-0.22737226,0.35266122,-0.06057029,-0.14198792,-0.15358527,-0.20651147
0.36050981,0.04602502,-0.27920759,0.27589285,-0.12160767,0.22567572,0.48855039,-0.10794717,-0.05429344,0.13291113,-0.11321326,-0.30540186,0.02906403,-0.16719955,-0.07680727,0.19395159,-0.16826385,-0.02490761,0.12196880,-0.06545644,0.04662827,-0.07684115,0.07657199,0.06522035,0.27804875,-0.01476376,0.00290815,0.12183350,-0.15033501,-0.10703234,0.08600779,0.12039278,0.14568865,-0.12734881,-0.00109448,-0.12602265,0.26040551,-0.09019537,-0.12590715,0.06926427,-0.06347316,0.06921934,-0.31838158,0.15574023,-0.02848919,-0.03820011,0.05296383,0.11321803,0.56956017,-0.02200207,0.43532372,-0.12084226,0.03040004,-0.18482143,0.02329871,-0.20663828,-0.16852538,-0.02614067,-0.03801739,-0.29055318,-0.04267142,-0.14468488,0.05290378,0.15759426,0.05418960,-0.06942391,-0.28694624,0.04397550,0.02411397,0.06468494,0.00393157,0.08310609,-0.10121278,0.26705638,0.09086952,-0.19284394,0.16856393,0.26780349,-0.07636600,-0.11909908,-0.43898517,-0.04726381,0.04450679,-0.00862698,0.05441288,-0.07654548,0.15463339,0.00247175,-0.18811435,0.08234282,-0.11585311,-0.43685061,-0.10928037,0.16627088
0.11684861,-0.02907494,-0.06980109,0.15215838,-0.31426156,0.16810925,0.14921348,-0.29322580,-0.10820164,0.16644478,-0.15851595,0.02596812,0.07423718,-0.04451797,-0.19793047,0.10634840,0.04355794,-0.09246185,-0.20495528,-0.27465436,0.32936400,-0.02152958,-0.08998688,-0.16996419,0.03808966,0.03148536,0.05978253,0.23908366,-0.12978686,-0.08254825,0.08939312,0.19663697,-0.06910279,-0.21178499,-0.02154360,-0.05814499,-0.01132308,-0.31662199,-0.13957691,0.17649563,0.00235543,-0.24808683,-0.09743857,0.07886090,-0.03650926,-0.23925482,0.33830568,0.06755616,0.07212914,0.09070017,-0.01269251,0.00642839,0.00766469,-0.00820272,0.27958804,-0.20193756,-0.10152609,-0.03940916,-0.28013059,-0.15291283,-0.03936530,0.03323696,-0.12808937,0.07046509,0.05859272,-0.17405784,-0.10579531,0.09477080,-0.25403875,0.06531503,-0.16088863,0.09687640,0.11992168,0.14730553,0.04295840,-0.03994816,0.12409192,-0.04948203,-0.09698274,0.12118495,-0.15752079,0.02118486,0.13837662,-0.15255508,0.13844529,-0.11728931,0.08385031,0.07016856,-0.33123416,0.36345518,-0.09298059,-0.03117842,-0.17287683,-0.03381893
0.18249618,0.10627664,-0.10096484,-0.05599573,-0.30590519,0.07115001,-0.17987520,-0.38672167,-0.08330120,0.02921505,-0.13813302,0.07701158,-0.13336630,-0.10652921,-0.19895186,0.06656674,-0.02692389,-0.06013291,-0.38587624,-0.10577916,0.30163389,-0.08323214,-0.22365104,-0.03119569,0.32168475,-0.06178255,-0.18255237,0.25003389,-0.16202930,-0.09088133,0.02703340,0.09623802,-0.07390239,-0.23800290,0.16227975,-0.14693999,0.03560456,-0.18597408,-0.27021027,0.14969178,-0.08851037,-0.08716732,-0.05503930,0.06299300,0.01486068,-0.19119038,0.29177046,0.06389572,0.01961272,-0.09354050,0.13729124,0.03872840,0.09421668,-0.03696154,0.11823422,-0.21947668,-0.16587023,-0.04509512,-0.19751649,-0.04891559,-0.03636288,-0.17108598,0.26847517,0.07099076,0.18274947,-0.25604743,0.03702810,-0.07891347,-0.14485985,-0.21992420,-0.28902081,0.18224765,0.17348066,0.15671915,0.05987876,-0.17894387,0.14296347,-0.05524952,-0.13064627,-0.00336757,-0.33983302,0.13924798,0.14033340,-0.19270489,0.07782545,-0.24064313,0.19530322,0.08535804,-0.28736627,0.30131447,-0.23827778,-0.03300696,-0.34414822,0.10185387
0.01930618,-0.22516878,-0.03740770,-0.14025451,-0.23330612,0.15697315,-0.14892720,-0.11490172,-0.26289675,0.13371991,-0.19372125,0.04077348,0.10055493,-0.15280721,-0.05213387,0.05701368,0.02725914,-0.03962075,-0.24027476,-0.33048725,0.25624633,-0.00065322,-0.07585143,-0.07340528,-0.07268451,-0.01846035,0.01359401,0.17995220,-0.07334096,0.01856211,0.09621755,0.12942873,-0.08813408,-0.19076036,0.05681500,-0.20177755,0.12853079,-0.17354141,-0.15331005,0.29091707,-0.15977690,-0.10821769,-0.16285671,-0.00706013,-0.01621825,-0.15852621,0.09806976,0.05488172,-0.02100439,0.11648852,0.17709212,0.00601472,0.16406840,0.00450051,0.27207538,-0.20541951,-0.07103831,-0.13680211,-0.15142725,-0.02044357,0.14069679,-0.05262884,-0.12235401,0.10446037,0.02777523,-0.13480926,-0.16181907,0.01020107,-0.12247085,0.07466784,-0.26233494,0.08347298,-0.01798804,0.05819427,0.06897768,-0.15472579,0.02389930,-0.22116458,-0.11495266,0.20195931,-0.00993933,0.18387796,0.11101454,-0.16571005,0.10733691,-0.21698791,0.09541574,0.07205486,-0.19711754,0.23920901,-0.21890591,-0.05785046,-0.11648593,-0.06043282
0.05737750,-0.14375351,-0.13966219,-0.09117293,-0.20275524,0.00962502,-0.12220257,-0.20396908,-0.02467228,0.12233924,-0.08412959,0.06522295,-0.06963442,-0.03603860,-0.08217662,0.01062632,-0.13687462,-0.12074654,-0.17882608,-0.27370179,0.13007678,0.07603645,-0.09735978,-0.09717879,-0.08393966,0.05072832,-0.06113897,0.21583056,-0.15421794,-0.02729450,0.07514276,0.09564769,-0.03365903,-0.17605947,0.03005163,-0.11834262,0.19714727,-0.17399025,-0.18902682,0.15328418,-0.03277625,-0.04730396,-0.12051626,0.06435993,-0.05211007,-0.07972302,0.10914354,0.11466258,0.18316832,-0.00956682,0.02421538,-0.01465176,0.08295678,0.11260262,0.23573229,-0.25343007,-0.22767191,-0.01694004,-0.17782882,-0.00459612,-0.01785593,-0.08080947,-0.13297403,0.17397472,0.15073755,-0.19299296,-0.21193892,0.14238866,-0.06241561,0.08601388,-0.18086284,0.08482104,-0.11915247,0.17612949,0.01472760,-0.15798223,0.16917138,-0.01422862,-0.07143131,0.16002136,-0.17808297,0.08409443,0.22519660,-0.22256051,0.12785921,-0.13380978,0.02623245,0.11762759,-0.15105526,0.19273010,-0.05813368,-0.06489084,-0.10672332,-0.12244520
-0.04143378,-0.11064939,0.00386854,-0.14250217,-0.31263995,0.12339217,-0.09937872,-0.08996394,-0.15459995,0.11924242,-0.08074449,-0.19940206,0.11751826,-0.16097069,-0.05413674,-0.03012924,0.02894091,-0.06375992,-0.11011277,-0.16471691,0.21602248,0.08232263,-0.17552133,0.05184514,-0.02064908,-0.03297871,-0.07953410,0.23472866,-0.32854021,-0.07751412,-0.04184359,0.07991892,0.15591858,-0.20218387,-0.03262344,-0.01929105,0.10871667,-0.09621888,-0.04517300,0.21087620,-0.06993192,-0.14143054,-0.10147799,0.08834627,-0.11175448,-0.40364021,0.20567431,0.12609133,0.05079350,-0.05063284,0.18456747,0.02372489,0.00771554,-0.23937139,0.07291418,-0.21726343,-0.14361525,0.02562373,-0.11774113,0.04043616,-0.01008913,0.07845820,-0.08757333,0.09294876,-0.00357549,-0.13238151,-0.09964964,0.13626291,-0.03597376,-0.18248583,-0.20361517,0.27680495,0.06158701,0.02960475,-0.03654456,-0.15710145,-0.29615980,0.03122192,-0.08511408,0.13635400,-0.04720765,0.07174997,0.23153077,-0.24535756,0.05387624,-0.09562938,0.09758871,-0.13951278,-0.26749128,0.23951520,-0.27333713,-0.02092698,-0.14332677,0.04172273
0.09034754,-0.07378675,-0.03934423,0.11172423,-0.16093740,0.21056210,0.16558427,-0.38685435,-0.03785048,0.13790254,-0.21239761,0.00379324,-0.05419460,-0.05182855,-0.19704707,0.02428515,-0.07904682,-0.00124589,-0.12002025,-0.25205752,0.34892595,-0.02299480,-0.05791178,-0.03137612,0.02430514,-0.03985430,-0.11518802,0.17122798,-0.21608354,-0.21532188,-0.05936938,0.09411727,-0.05085983,-0.19702025,0.03712656,-0.11072300,0.12348676,-0.24362515,-0.10130617,0.14345779,-0.11448187,-0.08960879,-0.21322808,-0.05038728,0.05612504,-0.29117188,0.18706474,0.05371800,0.11986671,0.04921613,0.36254537,0.13837065,0.01727520,-0.08793225,0.19751644,-0.07368284,-0.12165157,-0.12257024,-0.08567726,0.01033147,-0.03532051,0.02127004,-0.02709487,0.14486229,0.05099720,-0.29572648,-0.11121969,-0.03714455,-0.14138271,-0.08108746,-0.22074954,0.18053988,0.08598138,0.08068048,-0.08034595,0.04100398,-0.06663506,-0.15392329,-0.02356441,-0.07407624,-0.13680181,0.00246979,0.15918416,-0.25516418,0.06322057,-0.08978786,-0.00158190,-0.03589531,-0.32091656,0.48959747,-0.13398536,-0.11741701,-0.15783343,-0.10169200
0.16686496,0.00561395,-0.12908119,0.11563944,-0.16479880,0.07262399,0.07494162,-0.11763544,-0.10920437,0.09722508,-0.16620560,-0.07200900,-0.06129171,-0.18735059,-0.18783665,0.09947350,0.04366697,-0.08920664,-0.03852776,-0.20953570,0.06142271,-0.00610393,-0.15253451,-0.00342646,0.31344759,0.09492002,0.10797723,0.16999488,-0.07209622,-0.21227968,0.06452000,0.22097209,0.00127944,-0.16431481,-0.00836637,-0.13823068,0.03852002,-0.17129186,-0.06092613,0.11933939,-0.07486989,-0.13109139,-0.07261383,0.16011423,-0.13062292,-0.11244545,0.02014482,-0.00745744,0.19400521,-0.11053921,0.14557174,0.09699593,0.06770837,-0.19592392,0.07218811,-0.09030686,-0.01716509,-0.08839668,-0.07998079,-0.08222828,0.15094180,-0.14946231,-0.01510308,-0.00432948,0.05289038,-0.07506675,-0.13707422,0.12492085,0.00348072,-0.03390447,-0.21809463,0.08056971,0.09770151,0.10828805,0.13656503,-0.17014666,-0.02053254,-0.06447587,-0.18855187,-0.08706893,-0.26542521,0.06732770,0.15716526,-0.11694880,0.09088276,-0.10431167,0.10521909,0.01167333,-0.16146977,0.15437640,-0.06476627,-0.10192148,-0.14497606,-0.11506808
-0.20024043,0.06157063,0.17815286,-0.31650984,0.04460150,-0.07050575,0.05089536,0.08940483,0.07464550,-0.12242526,0.08916814,0.04161681,-0.19853583,0.01528351,-0.10477270,-0.26997864,0.12552780,0.10710208,-0.26747760,-0.09444705,-0.03172845,0.01034261,-0.06109310,-0.04441822,-0.08336549,-0.08317532,-0.13569605,-0.03168740,-0.00706240,0.22292240,-0.17066191,-0.14161326,0.06788126,-0.06407543,-0.00749364,0.14020777,-0.04555161,-0.02280530,0.08598881,0.03843071,0.09224188,-0.07463297,0.25137150,-0.15416932,0.19361524,-0.11034165,0.10011509,-0.10303472,0.04480978,-0.27272889,0.14136098,-0.14027223,-0.10011923,-0.32771084,-0.03635854,-0.14524011,0.06242431,0.17515823,0.00327184,0.14356849,0.11962434,0.26097572,0.02749978,-0.33891296,-0.18442479,-0.07693862,-0.00917100,-0.03913908,0.14039548,-0.16427785,0.08284354,0.08411202,-0.08886534,-0.02455310,-0.13629729,-0.00099727,0.15576327,0.10493825,0.14124033,-0.13234046,0.19602421,0.06969209,-0.07089687,-0.11367588,-0.22657490,-0.08407657,0.10139482,0.01750195,-0.00235719,0.06664267,0.11056416,0.15606101,-0.13200283,0.70372903
0.08487406,0.04456639,0.09818880,-0.10539530,-0.03934208,0.09058969,-0.06159729,-0.00038422,-0.08854750,0.02686326,0.01297414,0.12448090,-0.04422939,0.00924298,-0.07248711,-0.02630310,0.07201403,-0.10296258,-0.07524023,-0.11700284,0.10065179,0.08478435,-0.07779716,0.01856809,0.03541310,-0.01110573,0.03608527,0.03419054,-0.12573816,-0.02410945,-0.07173140,0.03095893,-0.01614038,-0.12061077,-0.00091987,-0.01150619,0.11234581,0.04686259,-0.00456175,0.16779676,0.07856709,-0.00656862,-0.05591638,-0.00300402,0.05880824,0.00502495,0.07324104,0.08177301,-0.02169486,0.05416679,-0.07627472,-0.07808992,0.10623360,-0.21836370,-0.00622840,-0.05755277,-0.00290617,-0.03630050,-0.06885781,-0.10824840,0.09763117,-0.18078002,-0.03785362,-0.08808324,0.10280066,-0.08662270,0.02334398,0.05616549,-0.00735695,-0.09029403,-0.03414327,0.10361707,0.02932844,-0.07425938,0.02991658,-0.06206420,-0.14123067,0.00515435,-0.02238863,0.04964288,-0.05080340,0.14482383,0.08339095,-0.00896555,0.01580445,0.05290374,-0.04662150,0.09367482,-0.01740124,0.14162864,-0.10157849,0.11332101,-0.06675180,0.10888106
-0.06479425,0.05543607,-0.05236948,-0.13455227,-0.41545278,0.30296806,0.23958091,-0.58520967,0.04560457,0.19617429,0.00252255,-0.00292778,-0.07687163,-0.35802934,-0.47402903,0.10041180,-0.10138830,-0.01023731,-0.23819262,-0.31713265,0.38190299,0.00620434,-0.08943690,0.05394321,0.09158782,0.04424768,0.03873682,0.30136964,-0.30749968,-0.27868417,0.02305870,0.33691448,0.26545632,-0.51319492,-0.03426075,-0.14192785,0.25086975,-0.23274441,-0.37890065,0.47554195,-0.13870417,-0.12024435,-0.40678591,0.00950833,0.01062386,-0.36183736,0.42744848,0.18166825,0.11498202,-0.02521945,0.01823293,0.06603371,0.10734950,-0.34621122,0.37041682,-0.42069206,-0.21647702,-0.02930400,-0.27216005,0.05485556,-0.05700648,-0.18992515,0.23543842,-0.13124616,0.13928545,-0.43033892,-0.15102175,0.12450938,0.01507681,-0.11203530,-0.23116718,0.29135802,0.02312405,0.38148004,0.17143558,-0.17271565,-0.50436133,-0.01700151,-0.09727360,-0.02494437,-0.09715016,0.14293434,0.42323530,-0.37416998,-0.01303932,-0.42306060,-0.00887808,0.04837804,-0.63144153,0.56405002,-0.23963748,-0.02362746,-0.44380066,-0.18950164
0.15145513,0.03571980,0.00826825,-0.00788670,-0.09168939,-0.03859986,0.03670583,-0.03861383,-0.00283257,-0.03366145,-0.12560230,0.09163132,-0.03341199,-0.00998322,-0.02235667,0.07519307,-0.11184172,-0.01447987,0.01613542,-0.13724667,0.13658360,0.01621544,0.02882848,-0.14306839,0.03687118,0.07003298,0.11829817,-0.04709571,-0.03487021,-0.11365945,0.11810625,0.13350767,-0.14721872,-0.14849792,-0.03430060,-0.00154807,-0.03938614,0.01244623,0.03305500,0.05563015,-0.01020026,-0.01179719,-0.00508971,0.13003275,0.03273211,-0.07423560,-0.02570901,-0.05798274,-0.00340215,-0.06096406,-0.09287991,0.08199698,0.11118391,0.11006244,-0.00251697,-0.00860740,-0.08710913,-0.02983432,0.01509939,-0.01254480,-0.23354290,0.03274836,-0.09349670,0.12438449,-0.04445889,-0.03944399,-0.00798751,-0.01537048,-0.01763449,-0.09104017,-0.07158135,0.04235879,0.02688591,-0.01766510,0.11401086,0.05897384,-0.03494665,-0.15873794,-0.02086919,0.05162508,-0.08724093,0.10913637,0.13004500,0.01760611,0.03838177,-0.13963532,-0.08052299,0.04439446,-0.05418271,0.03227688,-0.17746030,-0.01099576,-0.14992371,-0.16881767
-0.03768625,-0.09844245,-0.06200559,-0.12389964,-0.12513663,0.19995382,0.11209612,-0.35028619,-0.09573282,0.24246040,-0.19041473,0.07873931,-0.04967172,-0.14956908,-0.23734990,-0.06140739,0.04332249,-0.17858540,-0.19597042,-0.19742647,0.30196181,0.00567595,-0.11923554,-0.10255135,0.07846975,0.02990052,-0.08102658,0.12727802,-0.24923176,-0.20200670,0.14826228,0.15766628,0.05057202,-0.22391741,-0.12409700,-0.01889637,0.15658735,-0.22689480,-0.18687394,0.26738018,-0.19915518,-0.16748501,-0.11097265,-0.02082163,0.06357384,-0.26701370,0.15373628,0.08133318,0.02727492,0.11475618,0.22543350,0.15491940,0.03403912,-0.05211703,0.29212540,-0.13743924,-0.18273148,-0.04038052,-0.26276848,0.17501621,-0.07916245,-0.16130807,-0.01757896,0.06715634,0.03667708,-0.25914815,-0.05745631,-0.04331822,-0.19006084,-0.03688065,-0.16947143,0.14454684,-0.00958018,0.25066748,-0.02508623,-0.01308313,-0.12235242,0.02066565,-0.21162228,0.09338978,-0.16126372,-0.00259402,0.27688336,-0.13559350,0.10572783,-0.16087407,0.07681018,0.12336168,-0.22724725,0.34726834,-0.10051224,0.05702839,-0.23567538,-0.09580927
0.12964730,0.08455190,0.07475357,-0.05197171,0.08382131,-0.08335257,-0.15544400,0.04050611,-0.09414570,0.10395052,-0.10316028,0.05145612,-0.01428214,0.02262354,0.08632296,0.05768116,0.01372244,-0.03449313,-0.09963571,-0.01196888,0.01899940,-0.10746081,-0.03284781,0.03664371,-0.05971906,0.01555222,-0.07841862,-0.06206849,-0.08370004,-0.03111311,0.04074810,0.05677716,0.07092187,0.05927936,0.08458585,0.00924879,-0.08205203,0.02109172,-0.12127467,0.11255565,-0.06729060,-0.00639872,0.02079686,-0.10301251,0.09287580,-0.03249692,-0.07314806,0.11567452,0.00812184,0.00998377,0.04259899,-0.00245908,0.14431222,-0.07674085,-0.01019895,-0.01019706,0.00043227,-0.05675499,-0.05976050,-0.02209804,-0.00164679,0.12914988,-0.01786484,0.02802528,0.06246386,-0.11672141,0.01286349,-0.06787735,0.01378933,-0.06271536,-0.04682262,0.12517145,0.02952319,-0.05938982,-0.12793410,-0.04245340,-0.10379884,-0.03655874,0.01012981,0.05569258,0.04939138,0.12981455,-0.02351350,-0.01678844,0.03953175,-0.00335530,0.03840261,0.01382920,-0.02918705,0.08832122,-0.11533734,-0.04090458,-0.00115919,0.06697293
-0.03329662,-0.05845476,0.02218741,0.05108236,-0.21004964,-0.01212400,0.01476026,-0.17604703,-0.16386095,0.01014213,-0.08254915,-0.09913801,-0.10341760,-0.09492236,-0.05041883,0.05358272,-0.04132465,-0.01715225,-0.25096548,-0.10627583,0.26587185,-0.08475665,-0.20941076,-0.08420894,0.08753131,0.04616728,0.03172169,0.22980805,-0.19338085,-0.00817774,0.14115551,0.15376294,-0.08654662,-0.17195819,-0.08354089,-0.05514204,0.08504894,-0.11012693,-0.22802855,0.22058704,-0.10602184,-0.26144534,0.03252983,0.10222203,0.03604512,-0.15823123,0.14364667,0.03541049,-0.10283627,0.12765054,0.04913913,0.06473128,-0.01651796,-0.05133647,0.15738840,-0.03953904,-0.08770444,-0.15453203,-0.14446947,0.16384107,-0.26227489,-0.14631853,-0.15694194,0.08269694,0.17426884,-0.24681742,-0.02254624,-0.02567575,-0.02104972,-0.17993648,-0.27645248,0.17968629,0.10528980,0.09462294,0.03364614,-0.05441450,-0.14246149,-0.11514572,-0.16765910,-0.05433945,-0.17745355,-0.02469640,0.13707137,-0.11647259,0.11343355,-0.10026889,-0.00138858,0.06540354,-0.12637115,0.23401952,-0.16654290,-0.05712448,-0.22332849,-0.32735097
0.00482056,-0.12326439,-0.09808661,-0.03085417,-0.01575569,0.10306288,-0.09134633,-0.09926798,-0.05363924,0.12784414,0.01921853,-0.03901060,-0.07123341,-0.07928608,-0.02757809,0.01709099,-0.10009742,0.05827701,-0.11357055,-0.11716712,-0.02674901,0.04163396,-0.07011063,0.04265239,0.09950303,0.07585829,0.00430863,-0.00458601,-0.13609977,-0.02438954,-0.06663391,-0.04140020,0.04803079,0.01446612,0.11875958,-0.03727685,0.14036223,0.03492421,-0.04584977,0.05806733,0.02737554,0.01426619,0.00361501,0.03042418,-0.03813680,0.04461481,0.09962755,0.06285416,-0.00379930,0.09936064,0.10656532,0.03140983,0.07998833,-0.08463416,-0.05329079,-0.14627518,0.02829119,0.01209682,-0.03370140,0.00538068,-0.02704833,0.00117175,0.05162926,-0.00555523,-0.07026134,-0.01339526,-0.13922094,0.02898593,0.04397460,0.07241049,-0.08245544,0.09817652,0.03993894,0.05371671,0.08903970,-0.10614023,0.01394369,-0.09061141,-0.05919294,0.00298219,-0.08823238,0.07130136,-0.00962887,-0.00846081,0.04840812,0.02220827,0.10488050,0.10250463,-0.05377590,0.05510468,-0.04568902,0.03611051,-0.01328619,-0.07771237
0.01960914,-0.04194040,-0.12562592,-0.05273348,-0.17691517,0.11101225,0.02509117,-0.29814288,0.02570445,0.07818362,-0.18692508,-0.01403382,0.09473035,-0.20106901,-0.18309779,-0.07534665,-0.03223411,-0.13820054,-0.25858152,-0.24593206,0.24113560,0.01955604,-0.08154012,-0.09840061,0.05994051,0.09199016,0.02603468,0.21721582,-0.11144164,-0.10363777,0.14550468,0.01371588,0.17368785,-0.13098752,0.07607195,-0.13430224,0.11667108,-0.17590564,-0.23824953,0.29348317,-0.04034785,-0.07252315,-0.01827273,0.11423908,0.03132558,-0.23724096,0.20066990,0.03121804,0.18272136,0.05398327,0.11468367,0.06423618,-0.01561171,-0.14640580,0.20984368,-0.17268327,-0.15374216,-0.13326783,-0.24480140,0.12544709,-0.07324820,-0.13870147,-0.02879485,0.15050246,0.13406801,-0.22204460,-0.07239004,-0.03604235,-0.09863094,-0.10981157,-0.13995783,0.18197320,0.07015488,0.14881451,0.04986279,-0.05108588,-0.13949975,-0.05161149,-0.02844291,0.07841446,-0.01777125,0.20615286,0.18490016,-0.20696418,0.14228871,-0.12221456,0.04541558,-0.00775271,-0.35636839,0.35759282,-0.17794251,-0.06899479,-0.24819586,0.05032876
0.10209992,-0.09286167,-0.08919499,-0.06890792,-0.07824107,-0.02397909,0.07950088,-0.15449536,-0.04419113,0.05282129,-0.01281793,-0.10322928,-0.03496598,0.00873134,-0.02743591,0.14245349,-0.01253188,-0.00045572,-0.13286231,-0.17142989,0.07863472,0.06443553,-0.03835873,-0.13485184,-0.15288539,0.03469688,-0.11636829,0.07788665,0.01671679,-0.08099699,0.06525806,-0.03453467,-0.14972067,-0.03150873,0.10969120,0.04052937,0.10790492,-0.01355648,-0.15807030,0.07836079,0.01983953,-0.12722731,0.02183681,-0.05449571,-0.10274664,0.03915946,-0.03007679,-0.01794270,-0.02114335,0.05403961,-0.01461562,-0.04011299,0.06637441,-0.05059955,0.07620598,-0.07272303,-0.01356494,0.02486007,-0.02042501,-0.02673415,-0.05733560,-0.05299945,0.01472597,0.16194914,0.00013527,0.01919912,-0.01087075,0.06852683,-0.04144771,0.09568471,-0.15311757,0.00085775,0.00800285,0.03910226,0.02823040,-0.02571323,-0.04205687,0.04677436,-0.08911843,0.08152627,-0.13632333,0.01953689,-0.03589272,-0.13805138,0.07620098,-0.00520183,0.09465355,-0.02661927,-0.13569668,0.09427984,-0.08847419,-0.04157751,-0.11281246,-0.06758305
-0.01379862,-0.12661809,0.02845480,0.04061001,-0.30494621,0.02698956,0.01556317,-0.07902227,-0.03400017,0.19484618,-0.10105352,0.12307502,-0.03992225,-0.18262187,-0.16285740,0.09147729,-0.02960369,-0.03678253,-0.10326487,-0.15030389,0.18619432,0.07154398,-0.07487885,-0.10111353,0.21205929,0.06967151,-0.02600098,0.21172671,-0.05656436,-0.09182886,0.17362417,0.26421925,-0.05669278,-0.12787388,0.10236226,-0.21104144,0.12242024,-0.05680135,-0.05265835,0.21743958,-0.07023414,-0.12917644,-0.01832598,0.11579209,0.01864826,-0.13221280,0.16457817,0.11117498,-0.16809753,0.00010323,-0.02101929,0.12198940,0.03301415,-0.22860821,0.17399682,-0.19580907,-0.10411967,-0.12838240,-0.24948464,0.04832591,-0.09790733,-0.17604251,0.03801301,-0.04640242,0.09820680,-0.24246778,0.03376375,0.09430118,-0.11840764,0.08962279,-0.28908351,0.18129721,-0.00355685,0.01672433,0.05266684,-0.10519281,-0.15430005,-0.03326560,-0.03277374,-0.03536006,-0.26710474,0.11313744,0.23376879,-0.12918468,0.02970261,-0.02685382,0.02584249,-0.07327531,-0.24513954,0.24642298,-0.29661635,-0.00608516,-0.18040571,0.02105059
-0.04281628,-0.04420818,-0.11166111,-0.13581848,-0.12823397,0.02160195,-0.01945688,-0.27324551,0.00912769,0.17486019,-0.07699817,0.08173236,0.10078815,-0.11657690,-0.09693661,0.04026066,-0.04706489,-0.03196203,-0.12438934,-0.07662709,0.21670599,-0.03214068,-0.03408473,-0.08239020,0.01354105,0.10136040,-0.03313833,0.11160149,-0.14781983,-0.09358135,0.08234476,0.11967357,0.08551618,-0.19803919,0.04429132,-0.02484046,0.10163227,-0.10922492,-0.08726179,0.15902644,-0.17532426,-0.06888816,-0.17797509,0.01464775,-0.01576649,-0.14894153,0.22578457,0.10439102,0.09943041,-0.06957923,0.22636667,-0.04637594,0.07658242,-0.22031881,0.16467927,-0.22635742,-0.13908456,-0.02517232,-0.17487521,0.06294943,0.11715877,-0.05577307,-0.11355276,-0.16371222,0.06472424,-0.15064715,-0.07366124,-0.01040770,-0.09733021,-0.01312495,-0.24712950,0.08224096,0.01270327,0.03442522,0.05450448,-0.15135846,-0.03760135,0.04577605,-0.01726434,0.12835370,-0.11384643,0.03123346,0.16852422,-0.10066159,0.00619224,-0.24643889,-0.02558513,-0.07909582,-0.30002889,0.32078996,-0.20116135,-0.04492021,-0.25130832,0.10292431
0.09308938,-0.02587622,-0.04583415,0.06694689,-0.17340863,0.01455599,-0.05403512,-0.21386559,-0.07231782,0.05230493,-0.11776208,-0.04633292,0.00050725,-0.14432859,-0.09698378,-0.05375766,0.03447075,-0.12371172,-0.04866102,-0.08279289,0.13327427,-0.05794774,0.01706781,-0.02949907,0.08723126,0.08319195,-0.01233734,0.19362080,-0.14519353,-0.06086462,0.09582805,0.10625940,0.02739947,-0.13730310,-0.06592989,0.00831861,0.05430832,-0.10554453,-0.07924571,0.25980794,0.00760243,-0.15033849,-0.06580115,-0.00727906,0.05293391,-0.19620574,0.20437305,0.02542461,0.14782219,0.13936840,0.05266500,-0.01161697,0.06121133,-0.08880556,0.13802397,-0.23260494,-0.11692151,-0.02418395,-0.14772043,0.00966919,-0.01549213,0.05621127,-0.14240931,-0.00094935,0.06793854,-0.16433403,-0.08887475,0.13254094,-0.19027649,0.00006401,-0.19560514,0.18503417,0.02360424,0.02470781,-0.05360756,0.03927165,0.04531937,-0.06880216,-0.03509204,0.11462092,-0.20523824,0.09671696,0.15941525,-0.16043755,0.10464690,-0.11733188,0.04125461,-0.05509701,-0.19681133,0.34936827,-0.22163172,0.05432331,-0.10356417,-0.06123866
0.18981783,-0.13490158,-0.18269479,0.05883426,-0.02401063,0.09972522,-0.05271807,0.02379185,-0.11469247,0.01044990,-0.15778643,0.05590585,0.09552954,-0.05550082,-0.14648926,0.05169652,-0.03381150,-0.02347528,0.02775478,-0.01553205,0.09512934,-0.04316663,0.00072728,0.02430484,0.10045914,0.00239912,-0.03981892,0.09930792,0.02715202,-0.12164650,0.11003146,0.11100401,0.02819791,-0.01383913,0.04702356,-0.13397244,0.06731199,0.02600713,-0.10567117,-0.04208202,-0.09841586,-0.00345827,-0.14925531,0.00510448,-0.08626170,-0.03440319,0.00427454,0.01427304,0.06894842,0.00233938,-0.13062678,-0.00882041,0.01108296,-0.06775003,0.03844057,-0.07787023,-0.06657207,0.00433164,-0.12783261,-0.10900390,-0.01428661,-0.11581381,-0.00012381,0.13529027,-0.04009494,-0.08907676,-0.10975912,0.06155656,0.05311254,0.13778251,-0.00464210,0.09527292,-0.01718066,-0.01949543,0.01427120,-0.09139317,0.10861126,-0.02166093,-0.14912051,0.08040465,-0.22334325,0.08552644,0.13208765,-0.00061179,0.02809655,-0.16579138,0.05693641,0.15168123,0.03776418,-0.01636782,-0.00583445,-0.00309753,-0.07962208,-0.10373449
0.16668865,-0.02225138,-0.00480895,0.01175924,0.03695657,0.00666454,0.04254665,-0.12174758,0.02646264,-0.04940929,-0.08422036,0.06858621,0.03962059,-0.09508243,-0.06455439,-0.10934536,0.02054609,-0.00166248,0.07758853,-0.06968115,0.04373724,-0.05901511,0.05633099,0.06362567,0.05570695,-0.04856611,0.12481309,0.00162786,-0.01168872,-0.02840474,0.00638733,0.06114096,0.07122185,0.06158950,-0.02734842,-0.01534040,0.06542279,0.08301377,-0.06028265,0.09993983,-0.05014459,-0.02287840,-0.09861637,0.04939834,0.02072784,-0.08198101,0.05964453,0.09222047,-0.05992615,-0.01892474,0.04522256,-0.03600887,0.01494559,-0.01959287,0.02795060,0.01931743,-0.03277040,-0.00755721,0.05461172,-0.17253485,-0.01853060,-0.01328644,-0.16253917,-0.04680526,-0.07337574,-0.07590622,-0.03500906,-0.00070599,-0.04386677,0.00423852,-0.02907087,0.02579138,0.07688022,0.04729181,0.06374451,0.07636040,-0.14283958,0.01716557,0.00683183,0.01660203,-0.16155374,0.14716168,0.01400599,0.09399543,0.10381582,-0.05358606,0.00399562,0.00726602,-0.08930137,0.06492787,-0.05107297,-0.01739347,-0.05179932,-0.02868191
0.08899923,-0.17258799,-0.04665534,-0.00433624,-0.22749972,0.11400612,-0.11862039,-0.30837396,-0.02133634,0.13767549,-0.19312422,0.09000293,0.06147592,-0.08177148,-0.21145582,0.00752024,-0.17308041,-0.09620824,-0.33545277,-0.38299409,0.39291814,-0.07015669,-0.21186107,-0.13033633,-0.12463998,-0.00505423,-0.09639274,0.16085742,-0.13654564,-0.18605641,0.04119670,0.06353926,-0.15705255,-0.30386606,-0.11135832,-0.15892796,0.07596542,-0.18495044,-0.28506204,0.22595517,-0.22821449,-0.17444348,-0.19484864,0.11208571,-0.15744907,-0.20764464,0.35255995,0.20413953,0.24758516,0.06802610,0.14475894,-0.01690663,0.03590610,0.02269925,0.36355937,-0.27786005,-0.14210376,-0.08754825,-0.34202096,0.16364349,0.00439473,-0.05174313,-0.12977274,0.12705944,0.22286370,-0.32157335,-0.19916624,0.03031677,-0.06913674,0.08388961,-0.20687245,0.14076735,-0.04893759,0.30900744,-0.01912798,-0.20392121,0.13072836,-0.06405401,-0.24109264,0.13424917,-0.13083810,0.17222993,0.12956920,-0.27625713,0.13441221,-0.13654512,0.05950698,-0.03996790,-0.41246617,0.43784490,-0.11928751,0.02052546,-0.33346829,-0.18843202
0.13693579,-0.03002255,0.04263727,0.31244823,-0.11449096,0.08469051,-0.36400869,-0.57890207,-0.13714284,0.19603515,-0.24685088,0.13040489,0.11453267,-0.08138594,-0.24444287,0.21857527,-0.05446074,-0.10404538,-0.06845778,-0.20010656,0.27492470,0.05700948,0.00937507,0.04251109,0.09455838,-0.18968491,0.06858391,0.24212341,-0.05729056,-0.26550832,-0.00788401,-0.10625283,-0.03775654,-0.09928130,-0.00521663,0.10232431,-0.09331004,-0.16763769,-0.00321148,0.09986690,-0.11536566,-0.22600095,-0.18594778,-0.06102589,-0.05532813,-0.05828981,0.16471931,0.00571101,-0.14342056,0.17082523,-0.06424166,0.17320067,-0.01850450,0.27413896,0.20730163,-0.14932634,-0.60208166,-0.19095224,-0.09785147,0.45482129,-0.21452536,-0.24877159,-0.10530389,0.51624173,0.00670206,-0.15463784,-0.13553844,0.02259014,-0.23364325,-0.06235009,-0.03713354,0.08640967,0.00146768,0.07079264,0.10298330,0.08128767,-0.24026144,-0.13560447,-0.00188281,0.05170151,-0.01417563,0.12806658,0.12520500,-0.15258396,0.15718670,-0.15462868,-0.05209252,0.09138836,-0.28748927,0.26796365,0.05159264,-0.14500448,-0.27929199,-0.52489316
0.00142536,-0.07921182,-0.08276356,-0.02281613,-0.29219064,0.12667775,0.02534668,-0.31186706,-0.15154842,0.05488953,-0.09256042,0.01494639,-0.03962276,-0.07615323,-0.26026788,-0.05328977,-0.05113965,-0.01274236,-0.29305974,-0.27315179,0.39034772,0.04041566,-0.03306225,0.05594255,-0.10323113,0.12072589,-0.17492667,0.25856286,-0.22704123,-0.05269952,-0.02305407,-0.02180548,0.04920156,-0.29941478,-0.06594235,-0.00683582,0.17390932,-0.31446058,-0.16032766,0.24207790,-0.09404138,-0.08169545,-0.22945760,-0.02725351,-0.03634620,-0.26305819,0.19465257,0.12851347,0.01090088,-0.09473772,0.11135010,0.11098523,0.06826519,-0.13197204,0.21528009,-0.21937492,-0.11552749,-0.05489566,-0.25799587,0.02992929,-0.06628224,0.02355763,-0.13828325,-0.02062673,0.24028961,-0.25027224,-0.06461268,-0.05930580,-0.21346711,0.00357682,-0.16916537,0.21704167,-0.06071082,0.15226190,0.04922678,-0.15539758,0.07272496,-0.10722641,-0.05368032,-0.07882804,-0.10793767,0.09445250,0.29577929,-0.25583139,-0.01837523,-0.19215591,0.10547251,0.00992640,-0.35913658,0.48291737,-0.08979230,-0.09167020,-0.41893321,0.05760673
-0.02008583,-0.09477214,0.07210313,-0.06811959,-0.01747313,0.07357410,0.02282186,-0.14456609,-0.08067097,-0.00795773,-0.14527154,0.01764295,-0.14223167,-0.16185066,-0.12725829,-0.55902988,-0.07243321,0.05532475,-0.18755925,-0.07169794,0.15880895,0.00701292,-0.18368317,0.16196544,-0.10741730,0.03322085,0.05049258,0.00282513,-0.03783499,-0.16516170,0.01364732,0.06068035,-0.03346470,-0.02799475,-0.16325304,-0.09782667,0.01461998,-0.12930124,-0.08205400,0.03976489,0.07848603,0.00140579,-0.11498511,-0.10938399,-0.12136815,-0.02298536,0.11512624,-0.10884517,0.36867380,-0.10727499,-0.28921309,0.00639357,-0.16327292,0.03347541,0.11950774,-0.05627015,0.00035465,0.06475057,-0.10990060,0.41403112,0.10293984,-0.21140628,0.16144279,0.13399573,-0.08245856,-0.08038034,-0.01548576,-0.08491202,-0.15769970,-0.01634932,-0.02169656,0.11988658,0.12058659,0.01386182,0.01894317,-0.10292752,0.11612158,0.13339649,-0.13005458,0.05000808,-0.21918800,0.10142893,0.20770723,0.00104502,-0.22079054,-0.07020381,-0.05514018,-0.13272695,-0.16590165,0.00778265,-0.03282428,-0.16541538,-0.10616333,0.23449513
0.14296098,0.00751808,-0.12520240,0.03262318,-0.14290376,0.06769818,-0.10796466,-0.17907667,-0.15658931,0.15875350,-0.18364801,-0.08613053,0.10277901,-0.22133484,-0.08589832,0.00562372,-0.05556912,-0.03586575,-0.08012136,-0.12612166,0.28891128,0.09152427,-0.14875613,0.01783311,-0.08931839,0.01976218,-0.01715430,0.06480755,-0.20482008,-0.12864558,0.13078642,0.08489312,0.03344155,-0.15265125,0.02367953,-0.19056699,0.06039062,-0.19079348,-0.11076064,0.23830682,-0.00641006,-0.17557262,-0.18297125,0.00251841,0.00302899,-0.19949658,0.27356368,-0.01520915,0.20754878,0.08774571,-0.21137853,0.01835439,0.03491387,-0.03935735,0.17481366,-0.05850646,-0.12741603,-0.05012545,-0.17145328,0.12958035,0.14515336,-0.01424282,0.00348082,0.10642025,-0.04451053,-0.17104059,0.03617281,0.11801408,-0.14260422,-0.00102552,-0.09693958,0.17281194,-0.06571977,0.15108493,-0.06393209,-0.06856579,0.08186244,0.02952736,-0.20368916,0.12418397,-0.19651583,0.10158640,0.07915403,-0.20428878,0.00660909,-0.03355806,0.00314468,0.13462684,-0.29100883,0.21051039,-0.22920725,0.04349200,-0.25789642,-0.01123330
-0.07837477,-0.12425236,-0.12168939,-0.07321630,-0.13169102,0.16671447,0.01126315,-0.25672287,-0.07661261,0.14274786,-0.10888466,-0.10385419,-0.09854712,-0.20854992,-0.19017471,-0.04218561,-0.03482498,-0.05436180,-0.12037472,-0.27753919,0.18544292,0.00179243,-0.05011553,0.01353976,-0.00681743,0.00671883,-0.04296328,0.30981082,-0.22310442,-0.08052243,0.06159509,0.02369463,-0.01256706,-0.23146552,-0.06820471,-0.15787578,0.20981969,-0.22664328,-0.09648917,0.11483058,-0.19854301,-0.04279945,-0.20989066,-0.04579794,-0.07007428,-0.31255165,0.15634041,0.11703806,0.14967243,-0.07996423,0.09864856,0.11727308,-0.01233548,-0.06623881,0.27842554,-0.13258600,-0.13503842,-0.08966380,-0.11355007,-0.05501248,0.06303052,-0.00483062,0.00386205,0.04119982,0.22080061,-0.22091900,-0.01607387,0.12048491,-0.10940888,0.07280075,-0.18452603,0.20256212,0.07395761,0.25538751,0.05287971,-0.09420534,0.01686374,0.03545448,-0.21898721,-0.05587004,-0.08329272,-0.00616215,0.27069277,-0.09152927,0.04733035,-0.25438881,0.00937763,0.10273045,-0.32995623,0.34404951,-0.04253483,-0.12942110,-0.22706829,0.17825498
0.15884419,0.04872758,0.25032306,0.00525426,0.12354082,-0.04823485,0.22486985,0.13291363,0.04113682,-0.09867158,0.04606635,0.24321388,-0.21094306,0.02568697,0.03488285,-0.10987189,0.07985156,0.12815662,0.06144549,-0.03824687,-0.18298028,0.04369982,-0.02538397,0.00346994,-0.07048813,-0.06574361,0.01872656,-0.13674775,0.37270898,0.03847566,-0.05499884,-0.04658167,-0.31075022,0.04420995,0.11047022,0.26224297,-0.03848962,0.18050233,0.14178199,-0.19783427,0.10663265,0.11087345,0.02976837,-0.04532163,-0.06620880,0.34321406,-0.15029080,-0.23821321,0.01528917,0.02421397,-0.26039883,-0.06788507,-0.07817585,0.18039405,-0.15302154,0.05372747,0.05118521,0.08717562,0.19954267,-0.23309797,0.10885464,0.15270942,0.20491181,0.16581100,-0.32734361,0.25579593,0.07307904,-0.04444954,-0.05838104,0.07768668,0.33231002,-0.29828542,-0.05841919,-0.16722199,-0.00942313,0.05811614,0.14108178,-0.05279472,0.04575371,-0.27358305,0.07263315,0.09590699,-0.28782019,0.03284138,-0.09284618,0.12756065,0.25864589,0.08229222,0.20980917,-0.14229247,0.25876567,0.18568996,0.09724169,0.17943971
-0.00307951,-0.11169401,0.04333780,0.10114664,-0.06313691,0.01785939,-0.10578293,0.00783191,-0.08123183,0.04090441,0.04875908,0.15162812,0.10086421,-0.07067654,0.04804152,-0.00576901,0.02005909,-0.00899867,-0.14078547,-0.09379475,0.02204927,0.05808124,-0.11462042,-0.08417132,0.07461262,-0.04516288,-0.02461185,-0.00234963,0.00976123,-0.01522940,-0.03201267,0.13109638,0.00072774,-0.12110323,0.01907025,0.04647276,0.00394461,-0.04342195,-0.07034886,0.05242360,0.02560911,0.01711080,-0.00594610,-0.01326251,0.04165152,-0.02941767,0.08117744,0.13074300,0.01290700,0.07723691,-0.03756525,-0.07911811,-0.00177125,-0.10085338,0.12342046,-0.08571452,-0.10450725,0.03769810,0.02210667,-0.02405259,-0.02987147,-0.03574089,-0.14307404,0.03639629,0.02453519,-0.08741076,-0.03022847,0.08591899,-0.04534627,-0.06507326,-0.07553627,0.09523413,-0.06939722,-0.06145076,0.01409750,0.03263691,-0.13781232,0.06659686,-0.12600358,-0.02363304,-0.08045814,-0.02149485,0.04918367,-0.07786068,0.11595403,0.03709307,-0.00124240,0.02454950,0.02784553,0.11251241,-0.17619282,-0.02716249,-0.11815446,-0.08998980
0.01989411,-0.14863494,-0.06165049,0.02237232,-0.00623061,0.05021984,0.11178040,-0.15936413,-0.01639237,0.14102228,-0.14038067,0.14237413,-0.06892700,-0.09444553,0.01406210,-0.06885818,-0.00224437,-0.19316480,-0.00580596,-0.03855954,0.15936574,0.00018463,-0.02327144,-0.05220691,0.06676675,0.11439012,-0.00660793,-0.01848459,-0.02064493,-0.11310627,0.08591171,0.02067029,-0.15081640,-0.10755371,-0.06424536,-0.15834086,0.00251826,-0.04914426,-0.03050649,0.15650052,0.03255489,-0.01432565,-0.15950516,0.05674184,-0.12125595,-0.00018193,0.03527119,0.01115888,0.07405637,0.09762091,-0.06104095,0.11015544,0.08310246,-0.07866231,0.16871591,-0.09016691,-0.05983486,-0.13558482,-0.18962300,0.12365045,-0.04342306,-0.11969179,-0.11267503,0.05385393,0.01766870,-0.18126252,-0.03553675,0.05866164,0.02317559,-0.03337196,-0.13729423,0.08374254,0.10786166,0.14655256,0.09224040,-0.04660694,0.09151597,-0.12385700,-0.00443183,0.08977786,0.01105892,0.18679076,0.08146498,-0.16069110,-0.03249677,-0.16559599,0.05959139,-0.01081644,-0.11404105,0.19833516,-0.13546845,-0.06663909,-0.18501750,-0.03324565
-0.12707298,-0.04768710,0.09763138,-0.18280332,-0.30741155,-0.03192134,-0.00891431,-0.12387591,0.01229755,0.03035396,0.08471325,0.09732870,-0.12011233,-0.18242215,-0.05574604,0.03027643,-0.10435306,-0.11068185,-0.30712625,-0.02656608,0.10128761,0.02986118,-0.06948191,0.09280774,0.26225433,0.13623008,-0.23620133,0.28561777,-0.20891447,-0.08254226,-0.05498255,0.09126332,0.06280144,-0.18227901,0.23430991,-0.08550907,0.09144375,-0.24045330,-0.12728426,0.10221071,-0.11277223,-0.18905081,-0.16192609,0.03743377,0.02946591,-0.24527127,0.17664129,0.04234907,-0.06150103,-0.05844377,0.10680866,-0.08836239,0.05716902,-0.12188618,0.20965044,-0.29590973,0.01614767,-0.00058431,-0.13166934,-0.03110049,-0.20452376,-0.02393739,0.15885633,-0.09223481,0.21499680,-0.19995028,0.00845303,-0.03988174,-0.12860671,-0.29083848,-0.34462616,0.25428981,0.17994346,0.20274191,-0.12059239,-0.19597314,-0.19941719,-0.12229104,-0.01694346,-0.08520721,-0.10876878,0.07119635,0.24761593,-0.04431339,0.00595714,-0.12135266,0.07624815,-0.02532967,-0.10072069,0.06761654,-0.31566161,0.11252820,-0.19539763,0.07075656
0.02949440,-0.05070179,-0.03812614,-0.15102464,-0.16339813,0.10128060,-0.08576912,-0.35010862,-0.19079164,0.20144697,-0.09519041,-0.11338285,0.10360157,-0.14328890,-0.07958514,-0.00811394,-0.01436798,0.02784897,-0.22525223,-0.15288959,0.15883544,-0.04572855,-0.15621929,-0.05762702,0.02340780,0.10309090,-0.00001223,0.07811037,-0.17080742,0.00749865,0.06560571,0.19113661,-0.05853923,-0.18729405,-0.05189592,-0.01307027,0.12217806,-0.22200549,-0.05533394,0.21487421,-0.07342130,-0.13567211,-0.04920595,-0.06536327,-0.09443194,-0.27136233,0.22592659,-0.03258743,0.02862750,-0.07892006,0.24456048,0.12338441,0.11912984,-0.19179454,0.08038542,-0.17083113,-0.13919534,-0.13312680,-0.16888487,0.07324009,0.05904751,-0.06626759,0.01927010,-0.09974750,-0.01233840,-0.05952794,0.01558297,-0.02968441,-0.01899404,0.11202312,-0.27791640,0.13293236,0.08883740,0.14272040,0.06267244,-0.08583917,0.16440471,-0.07209772,-0.12885936,-0.04562141,-0.17723265,0.09824604,0.16280335,-0.14924356,0.08391141,-0.18200222,-0.01289466,0.02040594,-0.27143234,0.30486882,-0.12301333,-0.06796904,-0.17193726,0.03124085
0.14077544,-0.09254532,-0.00165709,0.11417636,-0.06901838,-0.09634935,0.05002103,0.00734590,0.00807931,0.08099913,0.01667012,0.11339017,-0.01461359,-0.03557651,-0.08534517,0.10164312,-0.05573244,0.06561949,-0.03690763,0.05580360,0.04057786,-0.03236523,-0.06919660,-0.13876924,0.01403549,0.02479176,-0.08085375,-0.00221614,-0.02607566,-0.01903737,0.00079345,-0.01977243,-0.24088958,-0.10601734,0.15125212,-0.09363700,0.04230426,0.04071695,0.02109765,0.01206877,0.09930186,-0.02858642,0.04008942,0.02892299,-0.06893273,-0.05289987,-0.05405984,-0.07753615,0.00449540,-0.06281914,-0.10416736,-0.12649879,0.05719445,0.16273379,0.09791048,0.02002869,0.07527862,-0.11628386,0.00276693,-0.05138244,-0.10250229,-0.06913531,0.09868239,0.11827653,-0.02856408,-0.00174110,0.08098474,-0.08774593,-0.07327183,-0.04679677,0.12473091,0.07165244,-0.09730259,-0.08341011,-0.04817213,0.02646597,-0.01929410,-0.02889920,0.01029043,-0.03778619,0.01042908,0.05944996,0.04431101,-0.05787162,-0.08073892,-0.05253964,0.03011108,-0.01632107,-0.12649849,0.00213998,0.03491486,0.07646447,-0.07221040,0.01602426
-0.12546623,-0.26374307,-0.15921168,-0.03256913,-0.44613102,0.19640738,0.40782121,-0.26798487,-0.06700167,0.22154859,0.02106702,0.12035941,-0.24265525,-0.42927498,-0.46068609,-0.29882219,0.04237372,-0.06971038,-0.59511799,-0.35208189,0.52758801,0.03723877,-0.49837869,-0.09904281,0.01098081,0.23157896,0.09999990,0.12166639,-0.38132000,0.01602089,0.03391835,0.42205909,-0.05720316,-0.76245803,-0.28217226,-0.38886619,0.27827609,-0.54349041,-0.43180248,0.52204996,-0.27170032,-0.37892610,-0.26014704,0.14253481,-0.14139038,-0.47334796,0.67214286,0.16681737,0.50446332,-0.09779115,-0.31245223,-0.08272322,0.10083356,-0.33272803,0.61694586,-0.55897927,-0.07058945,-0.06129596,-0.37961471,0.43717656,0.12057208,-0.07801768,-0.05089165,0.03129258,0.07987867,-0.81414676,-0.13658561,0.07001580,-0.26743430,-0.22736999,-0.07290608,0.23190629,0.07175782,0.52018309,-0.04269086,-0.24826917,0.14650987,0.21302131,-0.38168123,0.00333159,-0.13659622,0.17384678,0.26016384,-0.53203076,-0.13020593,-0.39391831,0.11822123,0.02088530,-0.67165548,0.47970995,-0.17641735,0.03468793,-0.53795791,0.55415052
0.39858174,-0.20585398,-0.04082804,0.21394069,-0.40212312,0.10893688,0.54190421,-0.34472853,-0.23001689,0.37825283,-0.29968178,0.23270163,0.23665205,-0.36740813,-0.47067618,-0.05559792,-0.13087247,-0.25643411,-0.43219176,-0.34968081,0.38426363,0.00540014,-0.37758920,-0.14100882,0.30672005,-0.10590772,0.20744120,0.13694316,-0.35858327,-0.04396479,0.04879750,0.36532199,-0.20968141,-0.39100650,0.11008735,-0.23311499,0.07538024,-0.42569199,-0.49441645,0.54925579,-0.17284867,-0.25390840,-0.19192146,0.09968990,-0.12378520,-0.27696937,0.38309532,0.07472456,0.07134560,0.08576135,-0.51084661,0.04608921,0.16938677,0.23709553,0.37057289,-0.42979020,-0.35870582,-0.35814354,-0.40104738,-0.09860282,-0.33830342,-0.06760253,-0.17217086,0.36635825,0.16160741,-0.42500511,-0.04679018,-0.01221026,-0.32941905,0.07951023,-0.27399987,0.30117184,0.04321031,0.47054029,0.07169394,-0.06398015,0.44815260,-0.06834865,-0.23235393,0.13533977,-0.29040813,0.10983828,0.19407994,-0.38891578,0.18391027,-0.31169811,-0.05929765,0.19256546,-0.59309685,0.49305204,-0.14983402,0.08035647,-0.45008877,-0.34116608
0.09093364,-0.00360913,-0.10640783,-0.06721674,-0.21670623,0.18806529,0.14334126,-0.14765343,0.02807877,0.21463177,0.02975158,0.03975902,-0.14244264,-0.08794758,-0.28597033,-0.03103812,-0.00203533,0.05980575,-0.18236761,-0.20249699,0.22990422,0.04215612,-0.15161820,0.03156598,-0.02398577,0.02432033,-0.00950263,0.22257625,-0.15313587,-0.15702811,0.01527226,0.24139741,0.02782121,-0.34851354,-0.02138838,-0.14361784,0.22040989,-0.28398412,-0.24800481,0.23963700,-0.13096268,-0.23282650,-0.06844332,0.03160799,-0.01715121,-0.29292497,0.25388435,0.20084547,0.19603592,-0.04889605,-0.15240899,0.13191664,0.12943590,-0.22475654,0.29659274,-0.27168623,-0.05747217,-0.03115780,-0.26690912,0.05961081,0.07368675,-0.12145539,-0.03096361,0.23982632,0.17289566,-0.18629183,-0.07123785,0.08636910,-0.18563074,-0.18761647,-0.26700062,0.28837252,0.00790560,0.20796423,0.07653370,-0.13496043,0.11182266,-0.16291940,-0.14822073,-0.07319742,-0.03526479,0.08135067,0.14838055,-0.29126939,-0.02749759,-0.14245196,0.26827818,0.04644660,-0.22632809,0.37150761,-0.13018607,-0.12933153,-0.20574823,-0.20192394
0.01277454,-0.14522892,0.15868138,-0.21069445,-0.19142154,0.13050708,0.25604296,-0.37415397,-0.12034864,0.25369301,-0.00818592,0.03559162,-0.12772116,-0.21092793,-0.17302354,-0.26381195,-0.05145080,-0.12393181,-0.32787007,-0.07832941,0.26657942,-0.00201125,-0.17358948,-0.00868213,0.10695807,0.15623897,0.00140428,0.23465671,-0.04744928,-0.10686249,0.09772971,0.21324024,0.01742499,-0.33584195,-0.30263829,-0.14647675,0.20242493,-0.32831708,-0.22978605,0.12439985,-0.11601859,-0.00092286,-0.25794083,0.00082661,-0.11405388,-0.07781224,0.15306351,-0.00203377,0.89277256,0.06055343,-0.01616323,-0.09539603,0.00650696,-0.24682717,0.13592298,-0.40700689,-0.01322738,0.02980285,-0.01836417,0.10129551,0.06170621,-0.14989646,0.03113135,-0.12975655,0.08699384,-0.19090430,-0.06810461,0.14297709,-0.23239551,-0.03664906,-0.18240511,0.16327304,0.04136341,0.23481999,0.08155613,-0.14699367,0.22812679,0.11011866,-0.24954981,-0.02020077,-0.22467965,0.13918665,0.11451959,-0.14871237,-0.09742322,-0.32696769,-0.01974766,0.00552581,-0.26449835,0.26933107,-0.17583030,0.05606056,-0.24699125,0.48270020
-0.14388810,0.00112005,-0.03378621,-0.34575468,-0.13339192,-0.01455421,0.09260809,-0.12496492,0.07863904,-0.09811500,0.20636101,-0.10191780,-0.26001167,0.00769123,0.04884758,0.02233654,-0.12388555,0.03992027,-0.00691132,-0.12984401,-0.07256806,-0.03308169,0.21165828,0.00392845,-0.02085291,0.09721213,0.01349673,-0.06006826,0.10207722,-0.03638019,0.04816295,0.00725254,0.18392393,0.04759218,0.09646948,0.29657412,0.10645976,0.22841386,-0.03251193,-0.04967124,0.08410516,0.05595847,0.18681614,-0.20614743,0.00312572,-0.09100060,-0.03053720,-0.12747101,-0.00187844,-0.13076156,0.30478278,-0.24177301,-0.06325504,-0.29191208,-0.03545057,-0.19433735,0.15577537,0.21059677,-0.01423070,0.00839768,0.02519390,-0.21288002,0.11836978,-0.09584420,-0.14741312,0.08407594,-0.10887105,-0.10551042,0.23417278,-0.17254867,-0.12257483,-0.02483917,0.05046920,-0.05947658,-0.05045994,0.07911923,-0.03666672,0.12780280,0.06537628,-0.08984838,0.03082797,0.05604787,-0.08915102,0.03695901,-0.02384787,0.26124117,0.26096818,-0.10756641,0.12074722,-0.02559042,-0.04735028,-0.05701132,-0.07034081,0.18743874
-0.03752338,-0.15126431,-0.15766692,-0.04558037,-0.11715309,0.09188435,-0.16173117,-0.20435540,-0.12735663,0.11322955,-0.14691001,0.07324849,-0.01575274,-0.16486549,-0.21484758,0.19251160,-0.05833894,0.01604872,-0.05240809,-0.21266100,0.14043002,0.04525988,-0.02286046,-0.03385687,0.04640140,0.00201037,-0.01096133,0.22573577,-0.22109796,-0.07815950,-0.00752962,0.19164658,0.12149646,-0.17930551,0.02647849,-0.15367849,0.05060621,-0.07797611,-0.18361160,0.16203526,-0.18866803,-0.06827092,-0.22912647,0.10575279,-0.07457214,-0.16966915,0.30269039,0.00214712,0.02784348,-0.03686018,0.08345693,0.12664069,0.02294444,-0.04423623,0.24137710,-0.26529983,-0.00593754,-0.09040189,-0.08169620,-0.06771995,0.13904600,0.01056844,-0.09787241,0.20505130,0.04363614,-0.18485267,-0.13985318,0.07923011,-0.16482265,-0.02685648,-0.08911011,0.19509688,-0.07249996,0.12557438,0.03164317,-0.06276787,0.05585387,-0.14230452,-0.07632428,0.00938706,-0.03908847,-0.02093738,0.19520533,-0.06519115,0.01463263,-0.05628730,0.03667257,0.07328255,-0.20329076,0.17798907,-0.21970236,0.01026503,-0.24978100,-0.06151076
0.03154611,-0.09602688,-0.11651959,-0.06442985,0.02784263,-0.02454230,-0.00352003,-0.12569246,0.05029526,0.01414125,-0.11234990,0.05168144,-0.00328816,-0.07432085,0.04470096,0.04205306,-0.03315194,-0.15045819,0.01892045,-0.16092217,0.03601074,-0.08707666,-0.09494334,0.04638815,0.06554054,-0.03394885,0.01809076,-0.02757339,0.03210356,-0.06456801,-0.00347687,0.02773804,0.00268154,-0.10880659,-0.08991529,-0.12553555,0.12537695,-0.10562058,0.04417099,-0.04611185,0.02999333,-0.05431838,-0.04581217,0.11711246,0.02154119,0.06034767,0.00019257,-0.00932818,-0.08107744,-0.05663667,-0.02267524,0.09228659,0.09665073,-0.03454871,0.05560655,0.03605822,-0.10521667,-0.01017254,0.04868996,0.02459048,-0.07315583,-0.04573975,-0.04804133,0.13874803,-0.05480380,0.01928492,-0.00658926,-0.05569293,-0.09068707,0.07966190,-0.04119213,0.00999541,-0.00120309,-0.04413778,0.00146930,-0.10899922,0.08800561,-0.06141681,-0.06676487,-0.00059462,-0.08241141,-0.02964231,-0.03002819,0.01669117,-0.00546004,-0.02880474,-0.07301515,0.07768553,-0.03318668,0.06814909,-0.01565721,0.03033458,-0.00730490,0.04657466
0.00338544,-0.18070285,-0.09693668,-0.07049767,-0.17100327,0.01008229,0.18606134,-0.09703310,-0.07856429,0.18729055,-0.04211194,-0.08671647,-0.01933204,-0.15852489,-0.22784185,0.04508622,-0.02639712,-0.08443657,-0.28126419,-0.24101903,0.32195154,-0.06214266,-0.05141408,-0.00299385,-0.00482527,-0.03754821,-0.08071668,0.18483940,-0.19729839,-0.02823543,-0.00937961,0.11726035,-0.07651178,-0.09351340,0.08309893,-0.18348427,0.06972182,-0.20437399,-0.06822471,0.31444770,-0.17290263,-0.14257829,-0.13173039,0.13900891,0.03557312,-0.33293623,0.30011758,0.12573582,0.01665543,0.01137972,0.10961726,0.01146116,0.03911477,-0.17878531,0.18366882,-0.13353096,-0.09054866,-0.11146152,-0.17198247,-0.01771637,0.01368595,-0.03690524,0.03095578,-0.12383312,0.10267823,-0.19995262,-0.07678441,0.07953970,-0.20361628,-0.00366144,-0.30869037,0.25150454,-0.03590801,0.15305848,-0.03667265,-0.06330598,-0.13997021,-0.05431304,-0.08449068,0.01235954,-0.03894504,0.07408733,0.20278895,-0.21830738,0.01020981,-0.18111803,-0.01425463,-0.05143720,-0.22477996,0.35883310,-0.14851484,-0.07111458,-0.22807272,-0.12160936
0.16250631,-0.00661338,0.01645727,-0.02306131,-0.13826559,-0.02257512,0.28998926,-0.17429647,-0.10684677,0.13558930,-0.13056564,0.09334447,-0.01561476,-0.09553889,-0.16943993,-0.11252314,0.01383155,0.01879793,-0.22374795,-0.16883327,0.24425095,0.01883547,-0.07275803,0.00425062,0.05475616,-0.04759398,-0.05704618,0.08334058,-0.12734734,-0.00451404,0.13386549,0.23398690,-0.11128106,-0.15770349,0.04785081,-0.03343813,0.13691504,-0.29494837,-0.06825742,0.27764520,0.00090433,-0.18691404,0.00611693,-0.03945969,0.01670401,-0.36045727,0.27723241,0.15454954,0.09489531,0.12270351,0.05684651,0.14739905,-0.00818811,-0.03504963,0.31046456,-0.26969755,-0.08976116,-0.15585594,-0.30934614,-0.05763767,0.01730325,-0.16591580,0.09103339,0.06652467,-0.00162415,-0.26974428,-0.01041083,-0.02144370,-0.04543613,0.03419485,-0.24887022,0.05909240,-0.09991840,0.22236060,-0.05841191,-0.01221684,0.04755573,-0.03661668,-0.14365110,-0.00766181,-0.23367174,0.11487503,0.08433926,-0.18133830,0.13679656,-0.12900159,0.04219751,0.15280272,-0.36293295,0.28965172,-0.22463454,-0.04656412,-0.26559737,0.00144451
0.05144563,0.00131828,0.09397820,-0.14506239,-0.09900970,-0.04653073,-0.15071438,-0.05938246,-0.05368050,-0.01323300,-0.01276450,0.01157071,-0.00450815,0.02927931,0.00506944,-0.02757807,0.01975215,-0.01965194,-0.04819711,-0.04373639,0.05424423,-0.13152505,-0.03935016,-0.14643285,0.05659889,0.00161732,-0.00520004,-0.02247022,-0.02799304,-0.04130560,-0.10168575,0.13454674,-0.11150333,0.02962060,0.04655913,0.02788214,-0.06442296,0.01577050,-0.00780123,0.06705324,-0.01955655,0.02038085,0.01632048,0.04205138,0.03216502,-0.06280539,0.10788668,0.00297575,0.05745414,-0.03969954,0.00553090,0.08227712,0.10418227,-0.10822102,0.03924065,0.00945572,-0.16650523,-0.01848017,-0.05587671,0.15791926,0.05048459,0.03753210,0.16772924,0.13311046,0.02906231,-0.14070301,-0.03159987,0.07659366,-0.00601509,-0.01394245,-0.10979919,-0.01627150,-0.11060571,0.13276666,-0.01950893,-0.12247563,-0.00401507,0.00162431,-0.14124280,0.06310062,-0.09039747,0.11424882,-0.00505059,-0.08672333,0.04306003,0.00097658,0.07508957,0.14190531,-0.14058185,-0.00319726,-0.10342406,0.09796887,0.01466451,0.12812413
0.22288790,-0.03461242,0.12508622,0.11259543,-0.11783306,-0.15827104,0.16356665,-0.05544161,-0.08634906,0.11392917,-0.08638387,0.38172451,0.04173467,0.05713541,-0.04398445,0.11433453,-0.12447118,0.11530879,-0.18480702,0.01856358,0.17600478,-0.10724667,-0.14959574,-0.16536570,0.05841112,-0.21235253,-0.06771354,0.07832174,0.06795084,-0.01690822,-0.11914542,0.13782950,-0.27908906,-0.20156071,0.20717598,0.08145970,-0.16173491,-0.04957733,-0.05121444,0.05213257,0.03028047,-0.12874030,0.03056787,0.04232500,0.03137650,-0.01448891,-0.01451331,-0.17748699,-0.27610117,0.01293716,-0.28769872,0.02842378,0.05610659,0.36895326,0.05760662,-0.03471432,-0.02622295,-0.14418469,0.03196779,-0.11291175,-0.42826542,-0.08370426,0.09141478,0.52228981,0.02562705,-0.10897598,0.01416642,-0.16246890,-0.08282727,0.00152226,-0.02613436,0.06991420,-0.06682277,0.11545321,0.20541193,0.10166241,0.26229748,-0.04346534,-0.06138064,-0.05516834,-0.10403033,-0.07640328,0.17636816,-0.16625522,-0.02031369,-0.02201928,-0.09525473,0.29581374,-0.12082980,0.13576797,-0.04067211,0.28058860,-0.21418625,-0.21360108
0.07750902,-0.04172608,-0.07278723,0.01888752,-0.13102286,0.03385721,-0.18076986,-0.02901553,-0.18255839,0.18950282,-0.08660104,0.06101519,0.03043042,-0.14781535,-0.02090100,0.17691591,-0.15482631,-0.12864679,0.02980939,-0.16861007,0.03298102,-0.00211525,-0.21239331,-0.02798833,0.13460141,0.02607546,0.07375800,0.08181925,-0.07754200,-0.03818135,0.05919342,0.00026280,-0.05246801,-0.16927341,-0.00608680,-0.12802510,0.21096985,-0.10896873,-0.11316188,0.15137234,-0.07561211,-0.04083668,-0.13736853,0.09232993,-0.07590924,0.01887198,0.08006003,0.05247993,0.19323465,0.06413906,-0.08590744,0.02959591,-0.01186900,0.06748585,0.04372270,-0.18076739,0.04125113,-0.00112031,-0.06271330,0.01289140,0.28234828,0.00539712,-0.04745019,0.19237204,0.16488579,-0.01182308,-0.01281903,0.08578137,-0.06992096,0.12748680,-0.17033169,0.00824733,0.01523323,0.04794356,0.00742779,-0.21215042,-0.00265412,-0.14368692,-0.04091456,0.02341103,-0.08182325,0.11342725,0.05452313,-0.07279591,0.11809804,-0.04111584,-0.01081200,-0.04722869,-0.14021401,-0.03782099,-0.08126542,0.02482460,-0.03236052,-0.08646014
0.02269006,0.01123874,-0.00275632,-0.03474507,0.00006566,0.11961433,0.05907445,-0.04923920,-0.15088691,0.16683672,-0.13585310,0.02165226,-0.00223099,-0.14710209,-0.16821752,0.15962224,-0.05405631,-0.00006247,-0.15077014,-0.13651575,0.06751509,0.07797562,-0.00873925,-0.10349432,0.01457294,0.13905524,-0.08232729,0.14444400,-0.13875319,-0.14882642,0.02394277,0.11535712,-0.10857317,-0.16251950,0.06119013,-0.15124987,0.13385729,-0.07597398,-0.04631118,0.08331534,-0.06159770,-0.01039439,-0.10360300,-0.00003848,-0.00742310,-0.15424027,0.07015219,-0.03298701,0.10029347,0.00580335,-0.12360653,0.10198092,0.00114049,0.07787880,0.13664809,-0.18250145,-0.17276034,-0.07391471,-0.14436625,-0.07100453,0.14006235,-0.09116311,0.01937603,0.11386664,0.07942705,-0.00134264,-0.15074973,0.06973741,-0.10946804,0.18131970,-0.10309083,0.07366306,0.09090020,0.14130858,0.04525525,-0.15464091,0.08008927,-0.09824435,-0.19507357,0.06571487,-0.17903300,0.02435418,0.16269313,-0.11746652,-0.01939264,-0.07125027,0.04573144,0.16945285,-0.08318485,0.14120255,-0.04126590,-0.08661018,-0.20629939,-0.05182962
0.18408871,0.00883877,-0.05907860,0.00101271,-0.14732932,0.14111841,0.05709480,-0.15638603,0.01063555,0.24153270,-0.03351863,-0.10732110,-0.13722895,-0.26725739,-0.22713019,0.05068225,-0.03107429,0.02948121,-0.09402768,-0.25345218,0.30090600,-0.01479735,-0.18357745,-0.04386575,0.08926999,0.19548602,0.09881453,0.10769841,-0.15806702,0.02643871,0.01043848,0.06064574,0.14910045,-0.34632799,-0.04579925,-0.09033082,0.09093917,-0.12149359,-0.15846327,0.14633192,-0.08442676,-0.21539448,-0.07319175,0.06992136,-0.06661530,-0.24319665,0.38681069,0.05132059,0.21083219,0.07002936,0.14661397,0.10397032,0.02051488,-0.05162153,0.33389267,-0.30223587,0.00936099,-0.00957685,-0.25864401,-0.02049684,0.06635184,-0.10384721,-0.05694260,0.13108148,0.17900921,-0.27503943,-0.11365089,0.09031116,-0.04689332,0.00173090,-0.23619699,0.24149016,0.09668179,0.23128428,0.04604145,-0.11432577,-0.07070369,-0.10459012,-0.24143386,0.03253775,-0.08784845,-0.01526763,0.27066889,-0.19542697,-0.09117015,-0.12677531,0.05063166,-0.03564368,-0.33250043,0.41340303,-0.02805513,-0.10257043,-0.35687342,-0.10253838
0.14237833,0.04127735,-0.02800240,-0.00189378,-0.06353144,-0.00466801,0.04008383,-0.01151073,0.02228273,-0.01430478,-0.04769755,-0.06196116,-0.11193391,0.02859726,-0.14514124,0.08362249,0.08423873,-0.07587980,-0.17285481,-0.03249811,0.03255317,0.06681167,-0.16636373,-0.10479902,0.10818297,0.01756955,-0.05409857,0.02170875,-0.19370849,-0.05396042,0.14365155,0.14207867,-0.07707892,-0.00142359,0.00272914,-0.10860510,0.10315748,-0.00512069,-0.10559575,0.14207463,0.02841504,-0.03302258,-0.00768732,0.02785753,-0.00570509,-0.20259692,0.17647019,0.04435395,-0.01387755,0.09081491,0.01055637,0.11628218,-0.06462549,-0.09116115,0.16374177,-0.07523318,-0.03250354,-0.15857443,-0.03236708,0.10061984,-0.02748232,-0.08454973,0.05034284,0.02900567,0.07484821,-0.14469825,0.01183221,-0.05551425,-0.09015474,-0.12077762,-0.21383621,0.06434832,0.13193011,0.17948803,0.09537690,0.00573813,-0.19012658,-0.08312198,-0.08508388,-0.01626129,-0.07615585,0.02816414,0.12836845,-0.16482948,0.12342291,0.00103621,0.13275841,0.05684049,-0.18197387,0.00581099,-0.18287349,0.05782847,-0.00095605,0.02263820
0.04507910,-0.08737792,0.00078053,0.01921747,-0.14515895,0.11264704,0.13404988,-0.28271133,-0.07109211,0.25238454,-0.02641136,-0.04399764,0.02708055,-0.06506369,-0.13958658,0.04312028,-0.09778200,-0.07660381,-0.20476671,-0.13386157,0.31536072,0.01079258,-0.12514141,-0.04132085,0.02415733,-0.02577330,0.10144132,0.15316552,-0.24282217,-0.04619642,0.02239583,0.13047649,-0.19658118,-0.31663510,0.06875400,-0.00156436,0.04868083,-0.26201689,-0.14070497,0.19345507,-0.18962851,-0.08562235,-0.12709010,0.12779847,-0.11906569,-0.29357913,0.25856704,0.14628835,0.17727827,-0.04012387,0.11197325,-0.01447886,-0.00623822,-0.06422699,0.25435606,-0.21813740,-0.11574149,-0.07911935,-0.13806055,0.02681076,0.14188017,0.03396944,-0.06575666,-0.03084358,0.09782364,-0.25844997,-0.00250417,0.07025620,-0.10853281,0.01240892,-0.28598514,0.07290703,-0.01940040,0.27890790,-0.02025389,-0.22772524,0.24080974,-0.05439887,-0.23618877,0.03562476,-0.01547733,0.11111131,0.26469225,-0.20830308,-0.00706320,-0.07798584,0.27866265,0.03947590,-0.22695304,0.30846342,-0.03865783,0.02139919,-0.24386877,0.15274467
0.19835290,-0.17204821,-0.09141669,0.05280754,-0.26273501,0.00819428,0.13334125,-0.20521510,-0.13830066,0.11513828,-0.16170469,0.00368793,0.04763230,-0.16247571,-0.22211510,0.02055515,0.00365735,-0.11032910,-0.27285060,-0.18066776,0.19062190,0.10928378,-0.08014194,-0.07434415,0.22730422,0.03320500,0.12170997,0.10958252,-0.21102625,-0.12988320,0.11513726,0.17381024,-0.15650061,-0.17851235,-0.08184615,-0.06081153,0.16369478,-0.10249023,-0.12401825,0.15871100,-0.15395604,-0.23220292,-0.03234588,0.14694050,-0.03484676,-0.15663841,0.07254559,0.15246657,0.05414126,-0.02989540,-0.02741896,0.05990268,-0.00421431,0.00843398,0.16921721,-0.14679033,-0.10890237,-0.08875109,-0.07178265,0.05674138,-0.15771627,-0.11204766,-0.08534528,0.09200271,0.04543489,-0.10880207,-0.12794501,0.01920340,-0.15668154,-0.01989060,-0.18603072,0.15225451,-0.02343907,0.10604823,0.17130844,-0.17268872,0.09040515,-0.09646741,-0.03992396,-0.02889451,-0.16089837,0.10950273,0.08712531,-0.10351907,-0.00317324,-0.18187773,0.10931007,0.06625656,-0.24079648,0.20349520,-0.11475784,0.01697577,-0.10107524,-0.08838042
0.00437565,-0.03864853,0.09321352,-0.02301112,0.00471505,0.15539514,-0.13042384,-0.34406039,0.05647933,0.04856018,-0.19873260,0.16852261,-0.00162080,-0.01927038,-0.13115887,-0.01653584,-0.04995098,-0.15595488,-0.36457881,0.14902000,0.16224752,-0.00213574,-0.04703400,0.25764444,0.38385162,-0.00146312,0.11364393,0.31328714,-0.15894562,-0.18208478,-0.06510864,0.18329990,-0.15306072,-0.24076971,0.38075995,-0.04228175,0.06382278,-0.18271320,0.02671355,0.36474565,-0.14709674,-0.16939446,-0.16484304,-0.07763600,-0.09050813,-0.22740307,0.19599618,0.30791333,-0.34425864,0.04088161,-0.07207113,0.12010577,0.00083859,0.07010337,0.18203750,-0.03708212,-0.52951241,-0.17830718,-0.12890019,0.22151013,-0.40117845,0.02154455,-0.60951900,0.13818434,0.14483699,-0.21008216,-0.04738111,0.04639795,-0.29328209,-0.45564374,-0.31811962,0.16802761,0.01087129,0.07001612,-0.08429594,0.09696030,-0.48249969,-0.00604824,-0.10344262,0.00731049,0.01590096,0.08611587,0.33110958,-0.04323032,0.20738085,-0.28423777,-0.14552219,-0.12163140,-0.30055860,0.43310621,-0.07325201,0.12269838,-0.34612265,-0.70424050
-0.00675266,-0.09582800,0.01618749,0.03427434,-0.23678106,0.12333182,-0.15824814,-0.17991732,-0.12752938,0.18869935,-0.05040217,-0.09918333,-0.02566440,-0.12137476,-0.03681678,-0.06193305,-0.10797685,0.04007812,-0.08868776,-0.09586295,0.11083747,-0.02252333,-0.21769962,-0.17040822,-0.46124199,-0.03312223,-0.06530450,0.06899659,-0.06101047,0.01821350,0.01928062,-0.04849735,-0.01437164,-0.15259780,0.00537692,-0.04593076,0.15113637,-0.22018835,-0.16042012,0.08725736,-0.12361981,-0.17489785,-0.20027679,-0.01412872,-0.08776793,-0.23713979,0.09192557,0.08188784,0.38917968,0.06015660,0.03326285,0.03330908,0.09316754,0.06879619,0.12029883,-0.05930841,-0.05206065,-0.08354176,-0.11827677,0.21936549,0.09069768,0.16476785,-0.13343738,0.30129278,0.10600433,-0.12326217,-0.10675814,-0.01180640,-0.14645372,0.15907663,-0.11386473,0.15613396,-0.07357594,0.18339954,-0.07376179,-0.13287379,0.09551506,-0.10768869,-0.06796373,-0.00508728,-0.06149402,-0.02736502,0.11065970,-0.05562204,0.07727484,-0.05204589,-0.12501656,0.02649957,-0.16045071,0.20872413,-0.16599882,-0.10674104,-0.11571544,-0.16958089
0.00032955,-0.14055996,-0.16442832,0.10575044,-0.08368371,-0.05268082,0.07466666,-0.11807607,-0.04155125,0.06370294,-0.16740245,0.11154585,0.05756664,-0.18573093,-0.12174311,-0.01803013,0.05908592,0.05215910,-0.04839128,-0.07549699,0.00655435,0.03512285,-0.03740144,-0.22612138,0.08834458,0.00274171,0.06729441,0.15365753,-0.14975747,0.03054400,-0.04032464,0.14766176,0.01732250,-0.18146580,0.06636069,0.00256441,0.08080281,-0.12727813,-0.07426903,0.03767101,-0.05579440,-0.00300710,-0.04165108,0.01233333,0.01519939,-0.08248065,0.12556879,0.12052795,-0.08059710,0.02570167,-0.11252167,0.12941089,-0.02753014,-0.03711420,0.03730877,-0.08844312,-0.13051300,-0.14942406,-0.01222004,0.00278163,-0.08736134,-0.05943293,-0.00336758,0.05159861,-0.04219048,-0.04738566,0.07491656,0.07125870,-0.18929699,-0.05427876,-0.02661469,0.19103085,-0.11065222,0.01740646,0.14002897,-0.14515357,0.07463135,-0.05269635,0.00292853,0.09509641,-0.06573961,-0.00465133,-0.01307841,-0.15531734,-0.02303044,-0.01247167,0.01954516,0.06698924,-0.10447058,0.12318112,-0.16656360,-0.01226381,-0.06631351,-0.09035566
0.14479685,-0.09533315,-0.01703093,0.12373947,-0.22131850,0.04907600,-0.05200662,-0.05453148,-0.00804621,0.23020121,0.03353585,-0.02927381,-0.10248070,-0.22320801,-0.15100166,0.09422513,-0.06163441,-0.18483965,-0.08899432,-0.18673250,0.26259020,0.11918831,-0.12473944,-0.03965383,0.07314545,0.16094166,0.11797523,0.20222475,-0.08916896,-0.04925907,-0.03063029,0.15077302,0.14043851,-0.11043911,-0.02185363,-0.08646533,0.06533407,-0.14253448,-0.10068419,0.07053984,-0.13620616,-0.19688457,-0.08025239,0.07350792,-0.09084503,-0.24699624,0.20070598,0.07818983,0.23145382,-0.06567724,0.10966128,-0.01914197,-0.01460633,-0.04703361,0.13482377,-0.17911355,-0.12606846,0.02136387,-0.15842143,-0.15442143,-0.00171813,-0.02662291,-0.11386777,-0.06557573,0.11106242,-0.11456670,-0.04864217,0.10678589,-0.02406816,0.04406738,-0.20745651,0.21876064,-0.02674173,0.20174009,-0.03693540,0.00164252,-0.07238525,-0.11436766,-0.11466134,0.05632324,-0.14522813,-0.02462873,0.06682087,-0.23089050,0.01791486,-0.20755073,0.05100984,-0.02931652,-0.19457960,0.36882260,-0.09224983,-0.03226828,-0.14663878,-0.05388054
0.10960546,-0.02062643,-0.16149111,0.10509331,-0.17978165,0.24793100,0.10526332,-0.07472280,-0.21504933,0.29640245,-0.16643801,-0.12079971,-0.00455570,-0.25286171,-0.13492563,0.29022497,-0.09240372,-0.29009858,-0.03733702,-0.27845177,0.28811035,0.09707914,-0.08904820,0.08548199,0.16044830,0.10918824,0.17644387,0.09049934,-0.18056811,-0.10026332,-0.02976063,0.31197965,0.02205784,-0.33646855,0.01969053,-0.25277251,0.04188185,-0.21570472,-0.27497745,0.25457630,-0.08251705,-0.18149103,-0.18846895,0.13478443,-0.00928163,-0.25614047,0.37716711,0.20000827,0.00924951,-0.09760327,0.04355952,-0.00167488,0.11487532,-0.10805934,0.19001216,-0.17026265,-0.19887136,-0.17923257,-0.29424903,-0.22559936,-0.04038870,-0.04733881,-0.05037106,0.11703544,0.04638502,-0.38637140,-0.07960707,0.08518608,0.01699559,-0.09601123,-0.24294619,0.16840996,0.14406736,0.25319800,0.10133881,-0.05510479,-0.13126226,-0.02763318,-0.08523910,0.00039877,-0.22726333,0.10515402,0.26571947,-0.26747638,0.02447619,-0.29859284,0.15922099,-0.10117048,-0.29352012,0.31103671,-0.08886170,-0.14883910,-0.23629515,-0.28708857
0.05114663,-0.04084674,-0.00780743,-0.02184898,-0.16057591,0.20158619,-0.01376884,-0.13884650,-0.05503730,0.05435489,-0.10763602,-0.05416903,0.05031739,-0.00914650,-0.03149316,0.15444547,-0.05641031,-0.00989574,-0.18861315,-0.10769494,0.22436816,0.03530928,-0.14863442,-0.07446488,0.16559367,-0.08822668,0.02985403,0.26069561,-0.13251688,-0.19330673,0.07639448,0.09017311,0.06739178,-0.22744527,-0.08257148,0.02351447,-0.05054334,-0.26373816,-0.02108794,0.15646870,-0.12901710,-0.23145178,-0.07331658,-0.09299437,0.02253568,-0.42256969,0.35276669,0.08286621,0.10068466,0.06264406,0.16859759,-0.00953577,-0.01927637,0.09570796,0.22525787,-0.12146001,-0.24709231,0.02271419,-0.13548544,0.01228888,-0.11673050,0.04280174,-0.12960176,-0.09481914,0.14239450,-0.20713484,0.04411538,0.09405293,-0.15026125,-0.00019907,-0.22443794,0.19411066,0.02481537,0.12921843,0.06805833,-0.07300870,0.02099040,-0.18493636,-0.07577070,0.02083466,-0.11873914,0.00728181,0.24482542,-0.09557048,0.12511942,-0.07595780,0.03291661,0.06955730,-0.24001949,0.42079085,-0.00912314,0.02535436,-0.29575732,-0.39306328
0.09274472,-0.10478164,-0.10918376,0.02608047,0.03242565,-0.00775233,0.07569328,0.01510139,0.00587599,0.13626429,0.00537118,0.11618481,0.07356137,-0.06274001,-0.14100280,0.11770412,0.01219671,-0.11859288,-0.03030533,-0.03364830,0.07919030,0.01119100,-0.05331753,-0.12447024,0.00740256,0.04351736,0.18080539,0.04760838,-0.04425811,-0.03723003,0.12224703,0.00468527,-0.04260870,-0.14611042,0.17644754,-0.05011966,0.06394596,-0.02376136,-0.11937992,0.12141962,0.00968079,-0.16139944,-0.06748916,0.01813717,-0.08345942,0.01717257,-0.02021969,0.02672349,-0.07566941,0.06128640,-0.20014518,-0.01910680,0.06153188,0.05307294,-0.01120463,-0.07278819,-0.04597646,-0.10715304,-0.13602132,0.05676643,0.05682762,-0.08785331,0.03575786,0.10616463,-0.00907907,-0.01383975,-0.04481983,-0.03833878,-0.06798840,0.12050996,0.07359810,0.02535908,0.02775581,-0.00874941,-0.00864565,-0.13497224,0.16313575,0.03891381,-0.05532067,0.06966256,-0.05521475,0.12529245,0.01812814,-0.15260042,-0.06237593,-0.08649094,0.13802311,0.02134214,-0.17164716,-0.03285361,-0.15993240,-0.05065535,0.01212326,0.05822814
0.14897050,0.03538261,-0.15418875,0.06489704,0.00602387,-0.08813951,0.07199033,-0.12796941,0.04636199,-0.07578832,-0.06671362,0.07620300,0.01362490,0.06280312,-0.11838487,0.03959784,0.00012016,0.03602571,-0.11310066,0.06705017,-0.02326675,0.03100474,-0.04583538,-0.02607644,0.01795971,0.01819280,0.11406341,0.09670617,-0.05947528,0.03954675,0.04374243,-0.05467913,-0.00059176,-0.11925922,-0.05938286,0.01068950,-0.04513674,-0.09354793,-0.04772222,0.14291880,-0.03861862,-0.14199772,0.01325721,-0.02702571,-0.03996968,-0.05556738,-0.02705988,-0.00249810,0.04364321,0.07176997,-0.10965379,-0.02920448,-0.03896116,0.07279283,-0.01808547,-0.12902281,-0.04282635,-0.06303257,0.04425631,-0.12576434,-0.10289562,-0.01088622,-0.14395595,0.14718947,0.04972181,-0.03558081,-0.02224311,0.10943756,-0.10310661,-0.09625088,0.01872217,-0.05139250,-0.06436294,0.08807259,0.13529795,0.06702610,-0.15304992,0.07519364,-0.00101171,0.07740706,-0.02842027,-0.02216295,-0.02187820,-0.04642542,-0.03600197,-0.05349845,0.07467641,0.11958364,0.01265374,-0.01023098,-0.10547390,-0.03672794,-0.08155832,-0.06264205
-0.16155230,-0.09238188,0.03356209,-0.02677137,-0.16153696,0.23508458,-0.06975912,-0.21561438,-0.09445078,0.02672477,0.06727104,-0.02302948,-0.02522499,-0.13681984,-0.12393504,-0.10051513,-0.01667848,-0.04736032,-0.20008078,-0.22276501,0.30906272,-0.04286209,-0.13116513,-0.00807005,0.05306748,0.03037414,-0.04329445,0.34938446,-0.20212466,-0.01547313,-0.06063576,0.08559327,0.01130556,-0.13847791,0.05834723,0.01184073,0.08324722,-0.15005846,-0.08514941,0.30499548,-0.22522645,-0.09052317,-0.05558485,0.09401690,0.00967605,-0.15791668,0.29498002,0.09708127,0.10047869,0.00042552,0.09243372,0.12786326,0.05106316,-0.16440879,0.17945038,-0.22022110,-0.04072977,-0.08666309,-0.16705175,-0.01747716,0.02667359,-0.11700948,-0.10101203,0.08514448,0.08361488,-0.18508789,-0.11624675,0.00921710,-0.17059736,-0.10780452,-0.27492726,0.15221782,0.09846116,0.08346872,0.05992937,0.02635458,-0.00917216,-0.15023808,-0.16170381,-0.05210318,-0.00709773,-0.00627691,0.07395361,-0.14798689,-0.03344591,-0.09149873,0.02511085,-0.00601940,-0.30878678,0.37227413,0.01218228,-0.11123785,-0.30929387,-0.03090632
0.15824077,-0.00852098,0.02192760,0.01848006,-0.18037097,0.07931327,0.02138143,-0.06452380,0.04640386,0.19493333,-0.09995651,0.04198495,0.09379713,-0.04139360,-0.05160253,0.03110605,0.08780237,-0.05829808,-0.11310823,-0.08890019,0.05937715,-0.01784866,-0.17413776,-0.09809632,-0.06603388,0.06047624,-0.00820419,0.09062799,-0.09477999,0.08052308,0.09522331,0.09928889,-0.17649163,-0.16687414,0.01723091,-0.13168833,0.11900750,-0.03925324,-0.11556069,0.09338275,-0.01103381,-0.05143086,0.01573281,0.00500628,0.01017278,-0.22225800,0.02859550,-0.01563185,-0.06968942,0.09438012,-0.17787851,0.09930976,0.02611841,-0.01115776,0.15922050,-0.03907420,-0.02658670,-0.09471404,-0.02850882,0.10376868,-0.20965204,0.00029572,-0.06674883,0.15037304,0.03345761,-0.03493848,0.04439935,-0.03046554,-0.18682127,-0.05424695,-0.11501474,0.09638578,-0.02127038,0.10903075,0.08519060,0.02116870,-0.02380018,-0.14554986,-0.15368225,-0.00029191,0.02708308,0.12146827,0.16736142,-0.04694987,0.11287128,-0.05067776,0.08798029,0.13532415,-0.20827603,0.14051531,-0.25675011,-0.01729405,-0.10893179,-0.02520176
0.11575522,-0.03952154,-0.15185113,0.14322303,-0.27020305,0.22823355,0.20727524,-0.20502818,-0.13277496,0.09205590,0.00225987,-0.03060720,-0.01794398,-0.23752695,-0.23057556,0.09401152,-0.15351801,-0.15090950,-0.20057060,-0.14846539,0.28717977,0.07610589,-0.21905290,0.01681696,0.01897211,0.18078500,0.00002257,0.09989230,-0.23925421,-0.16650596,0.11481053,0.27022398,0.06008292,-0.17405511,-0.01526192,-0.08416899,0.19340321,-0.25911617,-0.22539800,0.25017616,-0.04488647,-0.16937232,-0.21087205,0.15401989,-0.09003357,-0.33480868,0.40324318,0.09871967,0.10591587,0.12340073,-0.03652555,0.03666060,0.09045249,-0.26319444,0.25280553,-0.14746809,-0.08103532,-0.22260262,-0.32029101,-0.27566206,-0.00564938,-0.20910524,0.04852781,0.00136834,0.12220816,-0.31300962,-0.07471509,0.01056290,-0.11639363,-0.07226516,-0.33318231,0.17999204,0.04597888,0.12344145,0.04059630,-0.21740986,-0.40256733,-0.14936896,-0.15537059,-0.09820495,-0.21354921,0.10941726,0.17727663,-0.29183504,0.02262271,-0.08828316,-0.00015375,0.01069002,-0.43746364,0.39921761,-0.31849998,-0.15892035,-0.20508775,-0.32077643
-0.10413941,-0.01715462,-0.09248770,0.02211120,-0.23110625,0.24459492,0.08203878,-0.20459184,-0.15141161,0.21699537,-0.11030074,-0.01917184,0.10524910,-0.24038376,-0.19479553,0.01925226,-0.02408530,0.07498470,-0.13469395,-0.19031925,0.29158923,0.04315073,-0.18711053,-0.10192266,-0.11427648,0.11077645,-0.06265803,0.17578182,-0.25040331,-0.03442117,-0.07633127,0.13489617,0.14432989,-0.29703647,0.10027714,-0.05223461,0.19472478,-0.18769741,-0.12707983,0.31445879,-0.11227845,-0.21897382,-0.15239586,0.07126583,0.00709196,-0.18837027,0.23804365,0.08365599,0.13097681,-0.02924271,0.05633694,0.11454414,0.05407071,-0.12719198,0.18531148,-0.13819000,-0.05941072,-0.15440206,-0.25663573,-0.01131268,0.02601438,0.02022703,-0.05678568,0.17905734,0.20103997,-0.23546560,-0.00514029,0.07220466,-0.12778872,-0.04159703,-0.17215982,0.25776753,-0.06291370,0.25995928,0.04763617,-0.01419843,0.00703079,-0.08303151,-0.11605179,0.00245434,-0.00132129,-0.05162389,0.17486724,-0.26728690,-0.04099064,-0.11334138,-0.01505101,0.05500788,-0.34328637,0.41436246,-0.06490380,0.05773089,-0.16305804,-0.25524208
-0.02491334,0.00845720,-0.07918823,0.09633818,-0.12573771,-0.01912026,-0.03882222,0.02528652,-0.09956378,0.03642298,0.04796475,-0.00517447,0.07087206,0.02637741,-0.01062634,-0.01302713,-0.03824598,-0.04143425,0.06053558,0.01461524,0.00086163,-0.05842111,-0.11878801,0.08347034,0.02411140,0.05111408,-0.03964487,0.12553193,-0.00587836,-0.03967971,-0.07768850,-0.04106261,0.08718754,-0.05268188,0.08905599,0.04802358,-0.00494011,0.02415939,-0.03168540,0.08255222,-0.02007680,-0.12394787,0.04411604,-0.04697521,-0.10961889,0.00078962,-0.00535165,0.10799380,0.06222874,0.05143365,0.13469346,-0.04082825,-0.06239107,0.00673592,-0.05638877,-0.15245175,-0.03514655,-0.04048699,-0.11691579,0.04728662,-0.00084558,-0.03552207,-0.13810986,0.13601398,-0.03901745,-0.08702165,-0.03941176,0.10996399,0.05526641,-0.00985195,-0.12514724,0.09445262,-0.04338464,0.08133984,-0.03510002,0.02317898,-0.20031676,-0.01168060,-0.05980024,0.02793523,-0.01513829,0.05689023,-0.00691342,-0.01665667,0.02836100,0.03491183,0.07015767,-0.02287857,-0.02913996,-0.00977543,-0.05270342,-0.04615826,-0.07300881,-0.03888671
0.09511523,-0.12209009,-0.12411395,0.06095105,-0.07901518,-0.05470625,-0.00189566,0.07456051,-0.05359998,0.08591533,-0.08719008,0.02385479,0.14130947,-0.09459146,-0.01562450,0.13829480,-0.08761307,0.06413063,0.09011246,-0.13505410,-0.01301991,0.13459933,0.00682027,-0.17356738,-0.11768444,0.12247261,-0.06258993,0.00509871,-0.09325239,-0.08318776,0.00028450,-0.03856771,-0.08014404,0.03164246,-0.08027284,-0.11248259,0.15548912,-0.06719584,-0.11366966,0.11953919,-0.11847046,0.03966333,-0.03991109,0.00828246,-0.07076292,0.10285779,-0.01224336,-0.02143013,0.02562660,-0.04743388,-0.00750808,-0.07755135,-0.06712156,0.05258580,0.09035735,-0.02446806,0.00563862,-0.03894655,-0.09387794,-0.16888018,-0.00303793,-0.00109437,-0.04193653,0.06034949,-0.04762081,0.08314677,-0.03096726,-0.02661680,-0.06217429,0.00544401,0.03632910,0.00528263,0.11391746,-0.04081477,0.02593656,0.03093306,0.00941025,-0.06380670,-0.11028030,0.10742633,-0.14764002,0.09951217,0.02599130,-0.00267965,-0.03219451,0.02661523,0.10688074,0.05636511,0.07537115,-0.02927888,-0.04235708,-0.05185401,0.08093146,-0.02950677
-0.08094633,-0.11236155,-0.01845445,0.02462829,-0.16518468,0.13561441,0.06593307,-0.17922032,-0.14090449,0.24857354,-0.04823331,-0.05399330,0.01179262,-0.25864476,-0.21669756,0.15910481,-0.15846598,-0.08586521,-0.26700300,-0.04786656,0.12972131,0.17872189,-0.11428574,0.08756150,0.22679424,0.10412820,-0.08427661,0.20469834,-0.18830654,-0.08024658,0.02351077,0.08856492,0.14711618,-0.04690403,0.01844652,-0.17932805,0.08580916,-0.16666825,-0.07908148,0.30383635,-0.20370969,-0.20986238,-0.12078194,0.08057164,-0.06251274,-0.30257958,0.15608020,0.04749182,0.03302058,0.11107522,0.17919049,0.11061819,0.14173245,-0.02469313,0.11613083,-0.22271049,-0.15247869,-0.14576444,-0.22669965,-0.01739203,-0.00649870,-0.17834787,-0.08863340,-0.15555698,0.10432954,-0.23458816,-0.04881578,0.00243356,0.03822612,-0.08341017,-0.36500528,0.24575225,0.12321372,0.10636804,0.14214849,-0.17804930,0.07913473,-0.12834357,-0.06008430,0.07968301,-0.05136542,0.07739046,0.19942246,-0.13309954,0.02325164,-0.13361116,0.13349584,0.00440904,-0.25632757,0.20161717,-0.06440668,-0.11669964,-0.14496323,-0.13688099
0.18880485,-0.10869667,0.09412497,0.02500390,-0.13148388,0.13772678,0.22678730,-0.26477563,-0.15833841,0.24970405,-0.11428583,0.09545787,-0.10910193,-0.32803479,-0.26481667,-0.03835458,-0.01051017,-0.14270131,-0.28715998,-0.16902609,0.34595451,-0.03393154,-0.24402297,-0.10568006,0.26216340,0.04209809,0.10818134,0.11839519,-0.15777194,-0.12016116,-0.03603947,0.27060950,-0.11023905,-0.33175758,-0.08130108,-0.20911548,0.19450666,-0.15210456,-0.25469851,0.26559344,-0.16976567,-0.11021195,-0.28770620,-0.01297481,-0.14587645,-0.13416505,0.27773544,0.12936118,0.04689016,-0.02028432,-0.17111371,0.15823340,0.00378535,-0.04650951,0.15087058,-0.29132682,0.06522129,-0.16797309,-0.28270572,-0.01274430,-0.13057244,-0.09941506,0.08220867,0.20701386,0.13279429,-0.17828327,-0.07615373,0.00716619,-0.21388721,-0.12621881,-0.03239128,0.20860288,0.05404070,0.21466276,0.01525775,-0.18975681,0.08682387,-0.01753723,-0.22799121,-0.04263655,-0.13087262,0.17776346,0.24144521,-0.32555550,-0.00946657,-0.28884006,0.02144482,0.02590497,-0.35422179,0.20731165,-0.16469677,0.03987125,-0.15056957,0.06266435
0.08771849,-0.15246007,0.00888125,-0.07764561,-0.02728525,0.01475168,-0.16364186,-0.08723974,-0.12533382,0.05970930,-0.06981849,0.01157452,0.00856210,-0.02779029,-0.04455934,-0.01739621,0.00807002,-0.14621009,-0.04203065,-0.14019035,0.05243605,0.01279440,-0.09490775,-0.09392419,0.02548044,-0.01756080,-0.01832577,0.01368392,-0.05753032,-0.14371869,0.06027649,0.12658474,0.04882357,-0.13201854,0.15163149,-0.12570904,0.18347038,-0.13124162,-0.10639568,0.08859017,-0.04372657,-0.03786891,-0.04433201,0.02943054,-0.06484961,-0.19048268,0.07370354,0.03094952,0.08814442,0.05338202,0.15858713,-0.00550038,0.09091774,-0.12798831,0.02394991,-0.01841401,-0.07385194,-0.18864585,-0.02182967,0.16262306,0.17350736,-0.11797750,-0.00583504,0.12254728,0.02557301,-0.09083360,-0.04351000,0.00753893,-0.03832182,0.14731367,-0.15855148,0.01793929,-0.07997709,0.07510062,-0.03301980,-0.03896977,0.04121153,-0.10366987,-0.04081668,0.14698294,-0.14651445,0.24557890,0.03312271,-0.10322823,0.11005250,-0.11969211,0.09194108,-0.01304515,-0.02255355,0.08237636,-0.21516649,-0.11127651,-0.12067270,0.00317702
0.45531881,-0.04162545,-0.00842593,0.26236999,0.27252716,-0.13648689,-0.00340065,0.47869140,-0.07406294,-0.08608579,0.15888180,0.19778685,-0.10886756,0.11034235,0.16684981,0.13551711,0.09571378,-0.01481457,0.29722193,0.08460692,-0.33309796,-0.02253252,0.01635361,-0.16907127,-0.33629769,-0.01205662,0.09014265,-0.41643253,0.22201535,0.17678224,0.01076709,-0.00408094,-0.18946108,0.09619088,0.32766768,0.18188977,-0.13952856,0.27538580,0.18566494,-0.25294602,0.20944050,0.12677844,0.09014231,-0.03682989,-0.09301991,0.33601305,-0.18202528,-0.33632222,-0.03987781,0.02085365,-0.41200513,-0.17019226,-0.15948209,0.27458560,-0.22605543,0.15775336,0.17301999,0.18327568,0.13233574,-0.25709027,0.22708662,0.06882301,0.19622995,0.33703709,-0.16634326,0.25538272,-0.01788824,0.10551874,0.09197303,0.26545021,0.39398548,-0.31170073,0.11032492,-0.22937022,0.07408905,-0.01380303,0.07461524,0.10957341,0.13629091,-0.35932466,0.13977467,0.07406278,-0.32104722,0.14126015,-0.24013907,0.23266537,0.01850802,-0.09304286,0.26179892,-0.27470490,0.15225331,0.01169142,0.35890949,0.07623909
-0.28687820,0.02540098,-0.04728090,-0.25017685,-0.01162170,-0.02603005,-0.03874364,-0.20464642,0.11455919,-0.16849510,0.18345341,-0.07817472,-0.03557381,0.02295084,-0.14325991,0.12502992,-0.10533132,0.32021087,-0.00448480,-0.11321548,0.16273940,-0.17435101,0.23570061,0.05015925,-0.16454254,-0.15699758,-0.17245214,0.05970675,0.07916041,0.02069006,-0.08191483,0.09018771,0.27296016,-0.05384459,0.14341247,0.04237502,-0.11715058,0.02573989,-0.00929826,0.00176783,-0.00044460,0.07895774,0.01973405,-0.22823559,0.03678891,0.08259505,-0.01457687,0.06569852,-0.11596797,-0.02984463,0.34839216,-0.16416909,-0.02762213,-0.28765917,0.06224966,-0.10183702,-0.10431140,0.03438895,0.02551801,-0.29511264,-0.00984466,0.15186830,0.03842876,-0.29145241,0.06775143,0.02256571,-0.00925126,-0.12868905,0.22541776,0.00829452,-0.00945453,0.16575783,-0.14586124,0.09272067,-0.19242346,0.05486715,0.10329740,-0.01205531,0.01286498,0.00348490,-0.01833792,0.00633449,0.07697780,-0.05864060,0.04642842,-0.05866078,-0.27750304,-0.06719910,-0.13077547,0.17171344,-0.09717866,-0.06311990,-0.04859577,-0.15360877
-0.11819676,0.01580671,-0.05852892,-0.18577302,-0.19104126,-0.06046542,-0.00654667,-0.25502917,0.00199574,-0.07036302,0.01970243,-0.09642597,-0.03949455,0.01558078,-0.15385346,0.14873461,-0.01128059,-0.01529850,-0.02005304,-0.05287960,0.04136501,-0.05071713,0.01669980,-0.02303285,0.03216033,0.04781180,-0.02499369,0.13444214,0.02926913,-0.08722588,-0.00611469,0.05182968,0.03650846,-0.04426869,0.04569675,0.08653329,0.01513215,-0.13331816,-0.10672176,0.03605518,-0.09855009,-0.03227856,-0.09424165,0.01346990,0.02390715,-0.03210044,0.06409720,-0.03677363,-0.00210773,-0.02062520,-0.01491312,-0.06350161,0.03450857,-0.25201970,0.07784055,-0.07762441,-0.09948508,-0.04757289,-0.00022632,-0.01576455,-0.17510347,-0.04359734,-0.11358003,-0.00519569,-0.06454773,0.02921337,-0.11713342,0.01783515,-0.07682717,-0.09245440,-0.22371696,0.13498896,0.06036850,0.13718116,0.02621385,-0.10209385,0.00533724,-0.11572879,0.08427734,0.11043575,-0.13638529,0.04441834,0.13468987,-0.11808687,0.17382026,-0.05516259,0.08386165,-0.03086580,-0.19304210,0.06472716,-0.10764898,0.07171697,-0.11362876,-0.14670165
-0.09852397,0.00714115,-0.02966007,-0.15545334,-0.16698304,-0.03188097,0.14710239,-0.22612387,-0.05323814,0.07878603,0.04135713,0.03306658,-0.00989661,-0.24924162,-0.15249188,-0.07579301,-0.02684433,-0.01190436,-0.05456405,-0.17028816,0.10070459,0.02781152,-0.03830791,-0.06738213,0.17918277,0.00407725,0.14500687,0.11660047,-0.08876683,-0.02647384,-0.02329301,0.19913255,0.04080462,-0.16704629,-0.17163223,-0.06068418,0.05277233,-0.01318770,-0.15385748,0.20539515,-0.15091953,0.01925439,-0.17267448,-0.02250472,-0.12802471,-0.11354032,0.16592534,0.02222142,0.19449089,0.03838079,-0.09447356,-0.02743298,-0.03099326,-0.18536782,0.11135291,-0.22873735,0.06016735,0.02883817,-0.00369482,0.11548415,0.10126343,-0.18251814,0.08828342,-0.08681640,0.05591074,-0.14316937,0.02055582,0.02145088,-0.06768369,0.04429644,-0.06956556,0.12011182,-0.01463028,0.17104328,-0.10261712,-0.16249777,0.17461829,0.14171414,-0.15875933,-0.00600910,-0.17832455,-0.02960592,-0.00145882,-0.18930627,0.07986286,-0.09479491,0.08470577,-0.11623052,-0.17598043,0.20904206,-0.14550193,0.02368179,-0.08122094,0.29365718
-0.19651313,0.04989824,0.13004781,-0.13087556,-0.17880274,-0.06240509,0.12057740,-0.04264151,0.10369173,0.00330779,0.09881774,0.04375309,0.04639235,-0.07380903,-0.02622100,-0.12698138,0.14559782,0.07615077,-0.16407289,0.14627466,0.02189962,0.13071010,-0.02346798,-0.02814754,0.30130970,0.05272465,-0.08768515,-0.03265895,0.02385441,0.03094069,0.00097508,0.15027043,0.19498889,-0.00031068,0.04521348,0.02136157,0.02772317,-0.02335849,-0.03697768,0.14643800,0.02667699,0.00536857,0.09751871,-0.17475021,-0.07458452,0.03085856,0.13244100,0.06510206,0.13876484,-0.11888692,0.04106867,-0.13470381,0.12138237,-0.28070238,0.00123937,-0.11338778,0.14207190,0.03419724,-0.05540806,-0.26098564,-0.29630563,0.10078018,0.11161844,-0.38603538,0.03955672,-0.00497868,0.01609606,0.01810993,0.21561213,-0.26031306,-0.08817849,0.05509558,0.15187702,-0.01085184,-0.21462385,-0.11840636,0.19525935,0.00841030,-0.03927629,-0.07229563,-0.13580182,-0.01348087,0.15366070,-0.04717591,-0.11442215,-0.03225307,0.10265631,-0.06914578,-0.02097146,-0.00530082,0.01124608,0.43893972,-0.00682051,0.27895042
0.14349012,-0.13948023,-0.07904170,0.08736694,0.02035684,0.13531360,-0.09188642,0.00632552,-0.15970168,0.00298267,-0.20077161,-0.05689013,0.01430542,-0.09622364,-0.04555522,0.11673513,-0.03096353,-0.07329134,-0.11362185,-0.13488092,0.02038674,0.02090553,-0.14494334,0.08505822,0.11972972,-0.02367312,-0.00771102,0.01438237,-0.06316389,-0.08535262,0.02766841,-0.01614535,-0.07443193,-0.08445388,-0.00801006,0.00625070,0.03503798,0.02583813,-0.12731130,0.07973711,-0.13703573,-0.13415854,-0.05754914,0.01867880,-0.10479923,-0.01980628,-0.00252047,0.10526314,-0.07148735,0.13892137,-0.03731757,0.04828375,0.04801589,0.02464495,0.16561660,-0.10474934,-0.02954226,-0.05653457,-0.12378971,-0.13173755,0.11974394,0.00669918,-0.11240410,-0.03443783,0.05569867,-0.04410044,-0.09334434,0.11826774,-0.16077350,0.01113140,-0.00636728,0.17584053,0.01340214,0.02493595,0.06543455,-0.13250463,0.09947328,-0.09430315,-0.14916898,0.00809579,-0.08303899,0.03720765,0.00212440,-0.03360830,0.11592206,-0.11274125,0.04890874,0.01806532,-0.09477898,0.07996969,-0.17163754,-0.05996652,-0.17115279,-0.16967018
-0.04719274,-0.11054464,-0.06890410,-0.14663206,-0.05339974,0.18402632,-0.08866347,-0.14142326,-0.11374427,0.16291925,0.04496986,-0.05332156,0.06186574,-0.09144464,-0.01128867,-0.05837162,-0.00825063,-0.11503401,-0.13935904,-0.19257548,0.11386047,0.05844834,-0.06549239,0.00027400,0.02819220,0.05244913,-0.01437361,0.10406856,-0.22412308,-0.00016463,0.10234880,0.12047637,0.17801674,-0.00927535,-0.17401166,0.02181713,0.12909177,-0.06827182,-0.04186577,0.06598986,-0.16477901,-0.02267790,-0.08046915,0.02130429,0.03466759,-0.18525238,0.08846238,0.18664278,0.14070848,-0.02933478,0.16666669,-0.11725947,0.13103662,-0.12129775,0.06501561,-0.11000373,-0.15370581,-0.10496521,-0.16277093,-0.07204385,-0.00103250,0.00221786,-0.08728746,-0.13547282,0.19393863,-0.24445896,-0.09758383,0.10241582,0.04446100,0.00931125,-0.21746925,0.12035994,0.04086872,0.09527306,-0.12229146,0.03163827,-0.13194290,-0.09067429,-0.03330778,0.03602415,-0.16941920,0.00878423,0.10165364,-0.04399252,0.05068327,-0.14180486,-0.00936376,0.03286037,-0.15379883,0.23199910,-0.14326043,-0.11182090,-0.19105610,0.18324067
-0.02312175,-0.03459875,0.35907054,0.07085282,0.25322816,-0.24413539,-0.27806851,0.33052114,-0.12177922,-0.15584123,-0.07730091,0.30770883,0.02164700,0.16180487,0.14768407,0.53865016,0.00036049,0.50139213,0.32016918,-0.02698217,-0.15573193,-0.32862908,0.26644588,0.02988661,-0.44789445,-0.33935967,0.04686582,-0.40612012,0.18185446,0.10245619,-0.27763781,-0.42860600,-0.24365216,0.22448343,0.50313151,0.23011635,-0.39438489,0.11136948,0.25066888,-0.26282379,0.13470373,0.15172012,0.20214239,-0.28667849,0.22154033,0.15613759,-0.21584831,-0.25831971,-0.34485209,-0.06347965,0.16082814,-0.18358617,-0.19289245,0.48303258,-0.18926577,0.33682892,-0.09121750,0.24093035,0.04731287,0.06115692,0.37236139,-0.18965945,0.18083195,0.21561217,-0.26707065,0.20434314,0.20923530,0.17404333,0.08615880,0.41141120,0.22853984,-0.22860929,-0.37642270,-0.19941609,-0.22385435,0.20011316,0.59624243,-0.02040731,0.03106763,0.13617192,0.39760345,0.00032488,-0.03789044,0.24345431,0.00975714,0.13599369,-0.25710827,0.18917596,0.19046848,-0.17920667,0.21119608,0.27335930,0.15209265,-0.10267813
-0.10720273,-0.25853923,-0.02199705,-0.10576835,-0.08628570,0.18745229,-0.12222596,-0.02008203,-0.21450217,0.21493720,-0.00367168,0.11304082,0.19313404,-0.13707255,-0.03695385,0.10823674,0.02109099,-0.07095659,-0.12999460,-0.19250536,0.10933425,-0.00026143,-0.06376158,0.08508715,0.02079520,0.07781017,-0.01116436,0.16354910,-0.10840439,-0.05274693,0.11295877,0.08956435,0.05119513,-0.16287902,0.01002894,-0.08370181,0.23023967,-0.06461341,-0.09114600,0.11140581,-0.17137906,-0.20824152,-0.13068594,-0.02894644,-0.02376799,-0.11116742,0.05009570,0.06799831,-0.06587272,0.08259995,0.11647934,-0.06726274,0.07015592,-0.08899123,0.11857344,-0.05264781,-0.05537843,-0.00599214,-0.15449068,0.21689321,-0.00266127,-0.00376303,-0.30061716,-0.06237927,0.17796959,-0.19520912,-0.04347709,0.00074189,0.03202450,-0.00071697,-0.06805983,0.06564929,0.14891833,0.00870234,-0.04071768,-0.06852851,-0.18314865,0.00073602,-0.20471165,0.06104142,0.09151443,0.13899440,-0.01369378,-0.06803504,-0.06385976,-0.07781633,0.09035292,0.01946322,0.00811013,0.09461211,0.01209765,0.01167944,-0.07180478,0.31815246
-0.08639982,0.00738760,-0.00641650,-0.12814848,-0.14918381,0.04673298,0.23071586,-0.14230058,0.06935400,0.10048915,-0.10291708,0.00514164,-0.00846637,-0.09165361,0.03620864,0.06588890,-0.03880417,-0.10683750,-0.08831688,-0.07120829,0.13773249,-0.00262500,-0.00594392,0.02994229,0.05810637,-0.04037267,-0.06817658,0.04225900,-0.03162169,-0.00742768,0.01123521,-0.03233676,0.02299180,0.03934034,0.09474603,0.00328623,0.01460999,-0.06818713,-0.08382710,0.15262008,0.08996203,-0.10105523,-0.06251673,0.11500991,-0.10027152,-0.15789276,0.06632710,-0.05894756,0.04069600,0.13008553,-0.00244553,0.00637401,0.03829037,-0.21151875,0.10898677,-0.05877348,-0.09281959,0.02142367,-0.12626725,-0.15293890,-0.28782049,0.01641125,-0.15899371,-0.00800259,-0.00173306,-0.14318776,0.08225063,-0.04565784,0.03760412,-0.10554267,-0.12878086,0.15630166,0.01907672,0.04405291,-0.10764769,-0.00373511,0.16934283,0.05075807,-0.12104382,0.01947331,-0.16185789,0.00098451,0.06903302,-0.07272133,0.01337933,-0.03044229,-0.11346827,-0.01271851,-0.01937312,0.02790533,-0.22507547,0.01779377,-0.09210807,-0.18947065
0.05744639,-0.00705284,-0.06020715,-0.00197167,-0.07209142,0.12609111,-0.02351012,-0.10200445,0.01269747,0.08895250,-0.09311941,-0.13125525,0.06708632,-0.06298475,-0.06511356,0.13292271,-0.10825440,-0.13788453,-0.15423729,-0.04618877,0.09488109,-0.09403671,-0.11034443,0.00169861,0.20538977,0.03674884,-0.02484344,0.17071737,-0.07528095,-0.00515253,-0.01874634,0.00938072,0.13480078,-0.07764143,0.02580653,-0.12462484,-0.00551018,-0.10743549,-0.11846980,0.13538167,-0.09502100,-0.07850740,-0.01696865,0.02636647,0.00836566,-0.20588857,0.03396088,0.16357908,-0.01085177,0.13386282,0.06957347,0.00126702,0.12022898,-0.02351529,0.10331076,-0.10529571,-0.12596123,-0.11012392,-0.10195184,-0.03660560,0.01528261,-0.09878957,-0.14007552,-0.02797483,0.14488313,-0.04459140,0.06773306,0.02132783,-0.08085953,-0.08574052,-0.16903761,0.04651767,0.01611434,0.07242922,0.12454239,0.04348307,-0.24100852,-0.14716068,-0.06802206,0.05040484,-0.14624520,-0.03879049,0.15101594,-0.10273632,0.06062256,-0.00102218,-0.04139728,0.10178014,-0.04886857,0.10562007,-0.19833533,-0.09906341,-0.20936184,-0.24462533
-0.19654739,0.08362152,0.04213613,-0.22781342,-0.13478073,0.04653735,0.07922447,-0.24164261,-0.09785424,0.06285111,0.08253190,0.20304644,0.07346308,0.00299574,0.00007240,-0.08126318,0.09255666,0.06893334,-0.15264840,0.02878572,0.03099574,0.11939289,0.04741804,-0.03393544,0.08536247,0.10594731,0.01566303,0.19352627,-0.01329137,-0.02515744,0.13276057,0.15179145,0.07983071,-0.09264859,-0.00210668,0.03939890,-0.01070913,-0.10050233,0.01323096,0.04032553,0.03542619,-0.08826379,-0.01040381,-0.06822935,0.06587980,-0.01692381,0.00653734,0.09572244,0.01193120,0.03053143,-0.07601337,-0.06476224,0.04055938,-0.08188191,-0.02902726,-0.04783331,-0.04852200,-0.11098189,-0.03152138,-0.01796435,-0.08074402,0.01350270,0.02022354,0.04093575,0.02587038,-0.02804977,-0.07428425,-0.06452574,-0.01452704,-0.18541420,-0.12767141,-0.05189882,0.06290615,0.12416030,-0.01954014,0.07331353,0.03178960,-0.11713719,-0.06187427,0.08033450,-0.01453805,0.07264587,0.06260353,-0.07626670,0.06266221,-0.03221273,-0.03677144,0.09288356,-0.08073811,-0.00085673,-0.22605714,0.14215140,-0.13407327,0.01047438
-0.10623091,-0.16537489,-0.05453657,-0.02673197,-0.17522071,0.04094674,0.01780883,-0.14916646,-0.01064702,0.11457855,0.06321831,-0.06415643,0.01966514,-0.07258548,-0.10441480,0.02593446,-0.00769763,-0.07905234,-0.06931700,-0.23172107,0.09114539,0.06129641,-0.20831463,-0.17033154,0.09491456,0.11560167,-0.09002594,0.10407621,-0.15707760,-0.13666810,-0.05633304,0.03823384,0.09838245,-0.06765262,-0.05791208,-0.10272533,0.10982540,-0.12713841,-0.04069728,0.05185530,-0.06711862,-0.04777957,-0.20810591,-0.00655724,0.00116910,-0.19488491,0.11882245,0.11944245,0.07710852,-0.05104154,-0.11173771,0.05456265,0.00364348,-0.12515101,0.25216031,-0.06251667,-0.07198025,-0.03115946,-0.24051811,-0.06013694,-0.03513117,-0.09260687,0.01616823,-0.11950973,0.04671388,-0.23067406,-0.06058233,0.01910077,-0.02951320,0.07380686,-0.01955935,0.16823104,0.10878375,0.18301970,0.11140147,-0.20621112,0.01122751,-0.11851124,-0.17264031,0.08743367,-0.15607698,0.09886906,0.15745765,-0.26154009,0.03510879,-0.05650193,-0.02653945,-0.07511442,-0.26968947,0.16411048,0.00614584,0.10433692,-0.20602612,-0.02848276
0.06037847,-0.04633157,-0.09563109,0.13745861,-0.13238700,0.12071671,-0.09470287,0.04796696,-0.07709491,0.07205815,-0.12909618,-0.01509500,0.03949508,-0.05875432,-0.25838155,0.06153810,-0.10526558,-0.09355813,-0.03959112,-0.18427606,0.20340863,0.09544450,-0.15110856,-0.01694887,-0.02849398,0.14108679,0.20536020,0.04551437,-0.13381535,0.06604298,-0.01495408,0.03020653,-0.02800955,-0.23473260,0.05880626,-0.07743626,0.10369792,-0.15666281,-0.09675121,0.14845072,-0.18276246,-0.13848646,-0.20525174,-0.00309220,0.03031930,-0.04255259,0.27333516,-0.00363892,0.12146722,0.01839333,-0.24215354,-0.04057006,0.02012731,0.03769493,0.22057770,-0.08094334,0.00413784,-0.07931669,-0.25260976,0.02787383,0.03518066,0.08839450,-0.05390610,0.01711088,0.03359465,-0.25189793,-0.02314144,-0.00672327,-0.17190738,-0.04971313,0.06774458,0.11489283,0.00956153,0.11451262,0.09103319,-0.07480794,-0.06211994,-0.03462305,-0.09358313,0.00548108,-0.22544083,0.06273263,0.14019056,-0.16451308,-0.00095987,-0.06137694,-0.01379132,0.08071355,-0.30999881,0.25083482,-0.10271207,-0.11522198,-0.20537940,-0.16877088
-0.04772657,-0.00525607,-0.03762744,0.06423105,-0.12906259,-0.09080020,-0.00629984,-0.05944112,0.01588358,0.03427318,-0.02685403,0.05209284,0.03934897,-0.00049106,-0.06578244,0.14207925,-0.01491063,0.03436984,0.00743840,-0.01614642,0.11344273,0.05152272,-0.12868212,0.01985271,0.20505871,0.07418235,-0.00843966,-0.00339434,-0.12907290,0.00119244,-0.02281273,0.09887675,-0.09109204,-0.04442392,0.12971835,0.03325477,-0.04105664,-0.02367661,-0.11342067,0.18335980,-0.05793293,-0.13607223,-0.05167480,-0.01992957,0.05210347,-0.12100865,0.09055649,0.09574094,-0.12252658,0.00346732,-0.11527935,0.03414108,-0.04501043,-0.01074668,0.09379263,-0.12147136,-0.09837716,0.01247651,-0.05764264,-0.14432609,-0.08416631,-0.08171429,-0.03152368,0.02741726,-0.02223220,-0.10147996,-0.06873715,-0.02090402,-0.00649003,-0.09318968,-0.10118700,0.00586285,0.03638824,0.06775375,0.04192882,-0.04813556,-0.00514696,-0.10017564,-0.12536232,0.13763735,-0.05057897,0.04726978,0.07058211,-0.09892768,0.09473419,-0.03152724,0.04607816,0.07966338,-0.05496505,0.05865254,-0.21694882,0.08077475,0.01925356,-0.17179365
-0.01030171,0.04042871,0.05299990,0.01889974,-0.14181550,-0.08651313,-0.08846934,-0.05696778,0.01323160,0.07384868,-0.04950619,0.03883684,0.06266741,0.02232483,-0.00982633,-0.05403054,0.03980064,-0.08287431,-0.07138500,-0.04108104,-0.01612854,0.07171293,0.02150323,-0.14305639,0.00720456,0.15234190,-0.02025002,0.05036339,-0.10678936,-0.03500156,-0.00018270,0.03765187,0.07623746,-0.09606535,-0.12763326,-0.10886370,-0.04417223,-0.09504312,0.01791269,0.11666277,0.00051190,0.00935772,0.05653916,0.08372487,0.04840977,-0.06819637,0.11411025,0.09250151,0.07164337,-0.10577498,0.09577730,0.09090833,0.05777335,-0.14931251,0.10179232,-0.16375972,0.01122284,0.02067823,0.02006922,-0.01617301,0.07117362,0.08679092,-0.15968618,0.02156310,0.08481356,-0.07056123,0.01995719,-0.00140658,-0.04417026,0.14854315,-0.10723894,0.08001070,0.06645796,0.14566353,-0.08397828,-0.01873281,0.05265475,0.04778876,-0.16057709,0.01190187,-0.10097629,0.08065491,0.09607825,-0.09668753,0.00592284,-0.15439187,-0.00613569,0.02749305,-0.04116396,0.09928055,-0.01730231,-0.05342718,-0.07872012,0.17797709
-0.18239133,-0.19803382,0.17543665,-0.32154155,-0.10488410,0.10694907,-0.31507063,-0.22080922,0.02844555,0.08695313,-0.01982445,0.12073433,0.06155660,-0.04817198,-0.14322416,-0.42363465,0.01223583,0.04326969,-0.34564418,-0.01891453,0.19608594,-0.04476795,-0.30383912,-0.13275413,0.09157983,-0.00224851,-0.06936174,0.16097564,-0.20654353,-0.02160125,-0.02165783,0.12574464,-0.14732316,-0.25452662,-0.22003007,-0.05345788,0.02932072,-0.30251950,-0.06918828,0.17248182,-0.18244448,-0.12114242,-0.16413896,0.17198332,-0.17236637,-0.17648725,0.09733016,0.05067468,0.02950981,-0.08414356,-0.15113108,-0.02130688,0.10510457,-0.17476244,0.18842366,-0.12044533,-0.10761371,-0.06344263,-0.11491325,0.53743327,-0.05571523,-0.06759729,-0.05749623,0.03828908,0.12060218,-0.08038161,-0.06093186,-0.01348954,-0.13242297,-0.09703917,-0.02930135,0.09829426,0.05899667,0.14002408,0.02915747,0.02527926,0.26209208,0.16608605,-0.02140916,-0.04869457,0.02801269,0.25231490,0.01526480,-0.14340913,0.00687508,-0.32410654,0.08481408,-0.00382667,-0.12335301,0.33117896,-0.08487998,0.01843700,-0.14831249,0.47970101
0.07454204,-0.15651231,0.04273186,-0.01184954,-0.22224136,0.09366505,0.00966632,-0.07623042,-0.01558882,0.16561083,-0.07292560,-0.12759194,0.08871055,-0.01844507,-0.10956442,-0.08423012,0.04548201,-0.05338462,-0.12121900,-0.07341181,0.11564073,0.03076898,0.01839832,0.03229809,0.08147696,0.11389116,0.10062207,-0.01946859,-0.04824369,-0.02815066,-0.04255842,0.07780442,0.01324650,-0.10179801,-0.07033700,-0.03993383,0.01412839,-0.06114534,-0.01744502,0.11548950,-0.10952230,-0.19420403,0.06104179,0.01360274,-0.02356574,-0.22013877,0.22229840,0.04893484,0.10578772,-0.04134958,0.14387673,0.00191194,0.10766372,0.05189722,0.05331509,-0.07028478,-0.04136686,-0.03422847,-0.18883996,-0.04934194,0.06023109,-0.09063607,0.00817309,0.03033328,0.18402822,-0.22061394,-0.11961922,0.09008966,-0.12930019,0.07273096,-0.23196888,-0.00853055,0.10204848,0.05473455,-0.05759395,-0.07288223,0.07831874,-0.11181436,0.01777885,0.16534796,0.01903145,0.13081120,0.04028405,-0.03004232,0.03310037,-0.00191889,-0.00443545,0.04605472,-0.21181531,0.11108619,-0.04373651,-0.10374732,-0.17119467,-0.03456320
0.26556021,0.10456127,-0.09930030,0.13475069,-0.27722964,0.15616000,0.45840150,-0.04160966,-0.08345992,0.15941697,-0.07527200,-0.19261573,-0.15756771,-0.16503334,-0.08816726,0.16141520,-0.30669513,0.06222895,-0.07054631,-0.26431552,0.28012630,0.03365022,-0.05357897,-0.11611267,-0.30337098,0.22212411,-0.01675914,0.08704042,0.03814875,-0.09936910,0.13099016,0.14927851,0.21136096,-0.17212942,-0.03947831,-0.01371504,0.07297567,-0.07553224,-0.16587713,-0.02490214,0.02429639,-0.06700479,-0.13562448,0.10845148,0.00865682,-0.15843159,0.25756523,-0.08356202,0.25695306,0.01983764,-0.02463999,0.09859039,-0.07812183,-0.17202337,0.20513040,-0.07839353,0.08473546,0.09750954,-0.16994375,-0.18242148,0.13951124,0.01327119,0.02910336,0.40906727,0.11984227,-0.06847250,-0.28582707,0.01139613,0.05509110,0.08389436,-0.04413493,0.11871389,-0.12334716,0.15142614,0.05756718,-0.00293234,0.04719479,-0.09161510,-0.03794802,-0.10169185,-0.26841581,0.04404735,0.20613635,-0.14353636,-0.12346774,0.01519503,0.11972588,0.11444591,-0.22192486,0.04975408,-0.17820910,-0.40369093,-0.23310573,-0.40045729
0.06932960,-0.16405074,0.01850177,0.12505174,0.04161519,0.09570485,-0.10659189,-0.02510257,-0.05366502,0.16678330,-0.07073553,-0.05262819,0.06543235,0.00958343,-0.10107689,-0.07783836,0.03000864,-0.09916982,-0.05078241,-0.09861629,-0.04009007,-0.02832079,-0.11165593,0.03027198,-0.08682343,0.16460381,-0.03533457,0.03382470,0.01947667,0.05945605,0.09882075,0.03224994,-0.05833855,-0.00523085,0.17133181,-0.03751501,0.08665050,-0.15363970,-0.17779550,0.09158769,-0.02849941,0.01100675,-0.09722695,-0.01289432,0.01804200,-0.04440488,-0.03506207,-0.03181298,0.07534472,-0.00213109,0.02881436,-0.00781726,0.10584055,-0.05521552,0.03846608,-0.07506578,-0.02066744,-0.03203502,-0.12583075,0.24845727,0.10586668,-0.01667112,-0.08582623,0.15662411,0.06767170,-0.16464999,0.01625791,0.13120945,-0.03170434,0.06910048,-0.13633890,0.09517475,-0.08116816,0.07612325,0.12403306,-0.07784806,0.09430077,0.08459012,-0.15644781,0.10849427,-0.08560899,0.20973544,0.10202081,0.00012419,0.04542653,-0.09382330,-0.07956298,0.06535785,-0.03929674,0.05847662,-0.11696243,-0.00482763,0.02592931,-0.01138774
-0.06582492,0.05690043,0.07011316,-0.12165252,-0.15534100,0.01730592,0.11345230,-0.03806017,0.16762747,-0.10701673,-0.00509651,0.04835463,0.08427782,0.07947855,-0.04694748,-0.10016742,-0.04691515,-0.01762003,-0.13060518,-0.06490536,0.02751745,0.01258110,-0.08736588,-0.05582494,0.13956447,0.00400996,-0.18333544,0.05613036,-0.05791505,0.02893611,-0.02413376,0.13080852,0.21361086,-0.02677133,0.03340799,-0.03607395,-0.15875535,0.03122296,-0.11479731,0.16330606,-0.00647720,-0.12778749,0.08701812,-0.09610565,-0.06597456,-0.10289842,-0.01968898,-0.00262862,-0.06155800,0.06306447,-0.03608353,0.03618683,0.08389158,-0.24769081,-0.00972737,0.00864108,0.02827155,-0.08938704,-0.03280449,-0.02475602,-0.34559226,0.03674302,0.09994589,-0.15664679,0.05095907,0.02987311,0.06632111,-0.03282323,0.06079347,-0.25798967,-0.10693331,0.01775744,0.03166253,-0.02671096,-0.08181323,-0.04455709,-0.13271296,-0.12176637,0.05923231,-0.05667698,0.00862084,0.03335138,-0.01604437,-0.04129675,0.00689403,-0.12715100,-0.08190315,-0.05789272,-0.12941505,0.06320286,-0.16034299,0.03120996,-0.12311476,-0.12123801
0.06278315,-0.11665180,-0.14062926,0.06613708,-0.04050117,0.05100994,0.02493710,-0.07732048,0.01789947,0.10024697,-0.06285076,-0.10951676,0.13643378,-0.12218939,0.00257879,0.13244362,-0.03956482,0.07344490,0.04634327,-0.07175765,-0.02017920,0.06312207,0.00025892,-0.01683318,0.03375376,0.15882444,0.09866881,-0.00048254,-0.11893944,-0.01900703,-0.07456784,-0.04650041,-0.12359078,-0.08336769,0.16229174,-0.01703386,-0.01855417,0.03391295,-0.00129950,-0.00437488,-0.00182353,0.04335167,-0.08780899,0.08871499,-0.04266421,-0.07723093,0.05721997,0.12210988,0.01767000,0.10039026,0.01173517,0.01998306,0.11155489,-0.08030653,0.13189724,0.00284592,-0.09195763,-0.03790486,-0.09753903,0.05810464,0.02226179,-0.03491024,-0.16593787,0.15420748,0.02091300,-0.04608173,0.05304205,0.18747330,-0.09385216,0.09203135,-0.06468396,0.05341370,0.09267769,-0.06198896,0.08281194,-0.10930301,-0.09190479,-0.03270107,-0.03125361,0.00919224,-0.05877494,0.13934551,0.03761182,0.05224057,0.05105144,0.03403865,-0.01777799,-0.00249952,0.05234537,0.03574738,0.01000105,-0.08339412,-0.14038339,0.08077039
-0.03868043,-0.10454937,0.00882839,-0.02309896,-0.11031162,0.10485503,-0.01871026,-0.22016433,-0.11350977,-0.00799270,0.02598936,-0.05105196,-0.05358461,0.05710305,-0.15389307,-0.01503286,-0.03495740,0.00365540,-0.14863046,-0.12720813,0.01626334,-0.01446186,-0.10789046,0.10175149,0.12326915,0.05891768,-0.08023515,0.05875209,-0.10283163,-0.08052919,0.04639193,0.09837045,0.01722927,-0.13606092,0.09041972,0.04286593,0.06564338,-0.08832239,-0.10279857,0.14617667,-0.11191866,0.06506276,-0.08423591,0.10470586,-0.09457503,-0.08598859,0.05429695,0.07498283,0.03948966,0.03477333,0.07459880,0.06605524,0.10021547,-0.03926297,0.13910697,-0.00706992,-0.01768056,-0.05279528,-0.08909962,-0.07746787,0.05778605,-0.09494079,0.10299855,0.05548396,-0.06025783,-0.01761755,0.02646918,0.07692864,-0.04382037,-0.03438656,-0.08074982,-0.00250529,0.02418493,0.08483344,-0.04708870,-0.04323867,-0.08862461,0.07757595,-0.11647710,0.00504401,0.02524332,0.04215569,0.08510280,-0.15984562,0.13469531,-0.03818452,0.12196942,0.01654803,-0.14665076,0.12423407,0.00326132,0.03637501,-0.10177411,0.05497932
0.03047733,0.03719065,-0.00369696,-0.11704188,0.02505268,0.02732095,-0.01598538,-0.20975058,-0.10042749,0.08893745,-0.06853717,0.00818625,0.07661677,-0.07725877,-0.01972998,0.01963737,0.07369757,-0.03208500,-0.02609766,-0.03645826,0.14632688,-0.00259311,-0.00636337,-0.17528267,-0.09099925,-0.06831223,-0.09941282,0.14443755,-0.11296590,0.07015239,0.11453201,0.11216229,-0.04255439,0.00867220,0.10429512,-0.11644081,-0.06620206,-0.16024926,-0.16354813,0.17933813,-0.03377918,-0.09704699,-0.09871212,0.10116848,-0.05966353,-0.05494507,0.02591264,0.03605103,0.19726825,0.06210977,0.15732892,0.02784669,-0.02164934,-0.02685677,0.13893569,-0.17662208,-0.16172391,0.06520195,-0.10841720,0.09050469,-0.13956192,-0.05982284,-0.01867601,0.02838386,-0.08501472,-0.06218344,-0.12023814,-0.10313295,0.00902695,0.01412484,-0.16691794,0.04458916,-0.16338636,-0.01289381,-0.01381160,-0.02166841,0.02504669,0.02165235,-0.03503262,0.10021101,0.00552923,0.14046627,0.13785183,-0.12332869,0.00130988,-0.03914868,-0.12405542,0.03242346,-0.03406325,0.17318293,-0.20773730,-0.03163479,-0.18297575,-0.07047159
0.07049146,-0.03415196,-0.05388931,-0.03391082,0.03831192,-0.00557679,0.33119702,-0.16117948,-0.06760747,0.03263374,-0.01825537,0.19747932,-0.00982876,-0.07480024,-0.19516426,-0.02939238,0.00483030,-0.03234082,-0.01053938,-0.04114978,0.05693350,0.04459350,-0.08030821,-0.01224473,-0.04783669,-0.05169022,0.00174694,-0.04988607,0.01604067,-0.10023703,-0.00868653,-0.11434090,0.01040882,-0.17738089,0.30684394,-0.11176784,0.12383728,-0.02885150,-0.04200829,0.03745460,0.01154139,-0.03975426,-0.04309079,0.06598306,-0.01992352,-0.03575673,0.20191003,-0.05119284,-0.24665931,0.01754013,-0.28116828,-0.06934484,0.03512835,-0.02095137,0.10911253,-0.07688928,-0.08124788,-0.05250139,-0.06624928,0.11276206,-0.01879512,-0.16577771,-0.10759848,0.31145588,-0.08321202,-0.01410820,-0.05704522,0.02700778,-0.17413367,-0.08876547,-0.03667884,-0.04648411,0.09065225,-0.00662657,0.15056053,-0.06692855,-0.26915556,0.05287616,-0.02583968,-0.00361452,0.09377309,0.02670754,0.03318793,-0.04069120,-0.10634644,-0.06379086,-0.01481684,-0.03542667,-0.19207460,0.08381879,0.14193070,0.05530389,-0.03308660,-0.13457213
0.33159396,0.06819402,-0.06637067,0.37130693,-0.05311016,-0.00991448,0.80902064,0.05187131,0.02293500,0.16837610,0.08971708,-0.32616156,-0.06207649,-0.13897926,0.15008362,0.04153997,-0.12130633,0.07652333,0.16809718,0.08812943,-0.11886790,-0.10898466,0.12949030,0.05440856,0.19732098,-0.05545856,0.18994260,-0.14853375,0.05706220,-0.09274659,0.13438009,0.18269324,0.14050697,0.08671991,-0.03135083,-0.08278621,0.04317512,0.12450955,-0.09308523,-0.19826275,0.05237471,0.18129481,-0.21250105,0.02171931,0.07901032,0.22876683,-0.08626221,-0.01021519,0.54827899,-0.00962232,0.34852806,-0.01772349,-0.03164861,-0.11315840,-0.06920191,0.11713209,-0.05635964,0.13245814,0.17623943,-0.15017609,0.11071499,-0.31325164,0.27604225,0.06645402,-0.13707429,0.20487300,-0.28887677,-0.06715661,0.11946399,0.14048603,0.21724592,-0.02591045,-0.08560671,0.11313225,0.14058070,-0.14512666,0.21269304,0.36732015,0.19214094,-0.08306853,-0.32594901,0.06612011,-0.21169810,0.04254469,-0.07926869,0.21750501,0.04239508,0.08142839,0.03240440,-0.22890882,-0.08301006,-0.48188931,0.02190545,0.10442476
0.08833244,0.04361407,-0.14436515,0.08877400,-0.18153365,0.14722243,-0.05036919,-0.23417717,0.04438333,0.16674727,0.00890538,-0.09720253,0.08086911,0.00700778,-0.02545903,0.05658539,-0.08352160,-0.13840353,-0.17129220,-0.08645496,0.11296184,0.03278911,-0.10079442,-0.01397167,-0.00963190,0.12073984,0.03385560,0.18069494,-0.14313158,-0.01927252,0.06730627,0.00006783,0.09558454,-0.04779074,0.01478861,-0.01968722,0.00768325,-0.19277796,-0.14794599,0.04457970,-0.12859677,-0.07564435,-0.01233398,-0.02603712,-0.05608380,-0.11293665,0.13316044,-0.04050703,0.11653241,0.04077963,0.07537646,-0.03349267,0.04861342,-0.12722205,0.01638542,-0.01210504,-0.07059865,-0.08420738,-0.00343970,0.01640867,-0.06037058,0.01431443,-0.13332459,0.10648546,0.08821592,-0.14243662,-0.02483276,0.08423143,-0.12000824,-0.03951090,-0.15353137,0.02666441,0.02589854,0.07240491,-0.00160158,-0.08479553,0.06043288,-0.14225104,-0.04698674,-0.02366967,-0.03428433,0.14115073,0.03095293,-0.17171112,0.14861776,-0.03937150,-0.03825822,0.09343352,-0.13688035,0.28776938,-0.06192357,0.03548267,-0.16849650,-0.05537794
-0.06215958,0.12622687,-0.01050955,-0.11935730,-0.03426282,-0.04027179,0.02776066,-0.27221510,-0.00012918,0.02148929,0.12204458,-0.23952839,-0.05677566,0.02161373,-0.13722210,-0.13685681,0.03104025,-0.05252528,-0.01437710,0.13620733,0.16706936,-0.08217866,-0.06855619,0.12670891,0.17827366,0.05491314,-0.07751079,0.09415626,0.00936268,-0.11481417,0.01924413,-0.02166817,0.20598361,0.07224307,-0.07820861,0.06433740,0.09856563,-0.15434010,-0.18877372,-0.02742925,-0.04369897,-0.01345538,0.06485958,0.00823266,0.07364094,-0.04008609,-0.04027753,0.05740018,0.14050098,0.09411891,0.21841304,-0.04790343,0.04023635,-0.37509754,-0.10621044,-0.10425919,0.09343569,0.02070148,0.04109637,-0.20111911,-0.21478395,0.02970848,0.09618808,-0.43993786,0.05472518,0.09946238,-0.01761979,0.05266054,0.00674073,-0.34992045,-0.08655082,0.02580659,0.06221721,0.09981271,-0.05893014,-0.03244371,0.07656012,0.11622691,0.01045539,-0.13971317,-0.29488274,-0.04829945,0.15077680,0.04199279,0.08449737,0.09617354,0.04016318,-0.02249283,-0.01582559,0.19304515,-0.13438226,-0.18140344,-0.00495945,0.00774984
0.01219388,-0.17501920,-0.00710453,-0.08840169,-0.19913334,0.14325914,0.02986411,-0.10421008,-0.18133619,0.22953457,-0.15230201,0.09687922,-0.03268889,-0.05970265,-0.02484261,0.05985969,-0.08148640,-0.04375760,-0.05838015,-0.13870250,0.12069271,0.10125513,-0.11446316,-0.12721245,-0.15259059,0.06574111,-0.09111556,0.20787396,-0.02254643,-0.07778464,-0.03211819,0.12321618,0.01190366,-0.21004137,-0.11772486,0.01215089,0.17745200,-0.04563393,-0.14866300,0.24853712,-0.14346276,-0.04284751,-0.07551461,0.04202447,-0.16631992,-0.06210824,0.05523144,0.17306301,0.02265737,0.08445965,0.07585272,0.04073940,0.10741333,-0.04703311,0.16741449,-0.02039728,-0.02344284,-0.03593099,-0.05350775,0.06538489,0.16119185,0.03604034,-0.04030260,0.01691581,0.04705558,-0.11854455,-0.06948618,0.00538050,-0.06414556,0.08758066,-0.22678326,0.08219964,-0.07713795,0.13316976,-0.00653943,-0.05251212,0.13191514,-0.04458702,-0.13849445,-0.00850725,-0.11261293,0.06853431,0.18363389,-0.03731488,0.11887468,-0.18472899,0.02963226,0.12358814,-0.11939707,0.11370650,-0.17024796,0.04125056,-0.05002757,0.10648004
0.07986775,-0.08064104,-0.02789997,-0.02451035,-0.09692494,0.14223067,-0.20533751,-0.07895352,-0.03439413,0.17693633,-0.04876237,-0.06572352,0.00098853,-0.13302468,-0.16386026,0.03255044,0.02914052,0.04762944,-0.17627256,-0.04428905,0.09104601,0.11168536,-0.17009236,0.02291940,-0.15766664,-0.04633669,-0.08281948,0.18164393,-0.08834741,-0.13781862,-0.05777175,0.09035553,-0.12592210,-0.07496941,0.01931022,0.02984215,0.12125529,-0.15256469,-0.17181237,0.16375346,-0.10096090,-0.20611244,-0.16063108,-0.03548234,-0.01895676,-0.04107923,0.05324356,0.14730929,0.07789759,0.10112540,0.01907783,0.15831225,0.07245777,0.01347782,0.13970846,-0.06566327,-0.08366669,-0.05717392,-0.16497403,0.09079633,-0.10522307,0.07851333,-0.00019922,0.17045303,0.08126012,-0.06684314,0.00241966,0.03610210,-0.01587386,-0.04180198,-0.07746629,0.16108799,0.03912777,0.19588140,-0.02896098,0.00955110,0.06939863,-0.03548274,-0.10729612,0.04023086,-0.09941594,0.14612743,0.02829785,-0.14310591,0.17574640,-0.01963028,0.06287284,0.08694809,-0.10607201,0.20292449,-0.13072042,-0.05476712,-0.02582904,-0.07971212
-0.11703841,-0.03448250,0.05344752,-0.07979988,-0.12654838,0.02018282,-0.11436231,-0.02412521,-0.08882251,0.11357684,-0.09699406,-0.14535271,-0.00688824,-0.05491506,-0.12173271,-0.00768090,-0.00611733,-0.07972749,-0.06254447,-0.07866815,0.09180252,-0.01659772,-0.15230116,0.00486564,0.07120880,0.00481703,-0.09015197,0.05925912,-0.19640110,0.00734551,0.10942502,0.04820278,0.08773283,0.03088556,0.01473326,0.00815544,0.14844137,-0.18795127,-0.10749558,0.14841828,-0.02545941,-0.24661843,-0.13303079,0.04445369,-0.13657159,-0.26385054,0.23511273,0.06974292,0.01743327,0.01291776,0.21073321,-0.07055546,-0.00429610,-0.17534113,0.02269432,-0.15478250,0.02250285,-0.08811144,-0.06490365,0.04125033,0.02610168,-0.02808047,-0.15519641,0.09164042,0.04817984,-0.23737858,-0.09040736,-0.03201514,-0.11529124,0.05218856,-0.15153895,0.16031460,-0.09434167,0.06495867,-0.12287001,-0.01417790,-0.04868768,0.00679345,-0.09759641,0.10009136,-0.01391195,-0.05635101,0.05345758,-0.21953884,-0.02735392,-0.02630131,0.09362648,-0.16557574,-0.09066976,0.21353631,-0.14823274,-0.05920453,-0.11022388,-0.02948427
0.05729650,-0.10501923,-0.03403162,-0.04753146,-0.06157872,0.02073145,0.01446021,-0.24817057,-0.03179216,0.07272985,-0.15542664,0.00920513,-0.03750229,0.01555987,-0.06802776,0.08022595,0.04974345,0.03295568,-0.21045986,-0.06944104,0.19006641,0.07080981,-0.01041951,-0.09040838,-0.03560906,0.10601898,-0.09537980,0.24407144,-0.15475221,0.00177855,0.10947549,0.09405318,-0.03046972,-0.13272619,-0.02478522,-0.09438295,-0.05399103,-0.19607714,-0.10552868,0.04042800,-0.11761256,-0.11790536,-0.00149706,0.00188644,0.03764267,-0.19533390,0.05171051,-0.04050030,0.10606378,-0.04717636,0.18435402,-0.04535391,-0.07696138,0.03881838,0.21474336,-0.07240988,-0.11784973,0.06384844,-0.04662538,0.02497455,0.10506654,0.10600303,-0.02715580,0.10791668,0.20728740,-0.13843104,-0.09893780,-0.04259717,-0.06054000,-0.05603198,-0.24363562,0.09495652,0.01355190,0.12887633,-0.02913694,0.02355353,-0.04145804,0.00322361,-0.14123112,-0.11416720,-0.13383940,-0.08952221,0.06133040,-0.17689070,-0.02399946,-0.18247171,-0.09830169,-0.03906983,-0.25484532,0.29205337,-0.01933885,-0.07524262,-0.23446359,-0.06485548
0.20411398,0.02363288,-0.13676180,0.07273580,-0.03341166,0.06178133,-0.02303433,-0.13301882,-0.16566645,0.03324354,0.00207785,-0.12562007,-0.03768975,-0.12408613,-0.19434527,0.07252795,-0.13110483,-0.28356734,0.00275494,-0.09906032,0.08106446,-0.00253131,-0.09586440,0.12525547,0.16221234,0.10013273,0.06132609,-0.00978327,-0.13504818,-0.18575567,0.12732129,0.24025883,-0.01341087,-0.15839538,0.09278347,-0.08784347,0.16171709,-0.01102652,-0.12989198,0.01013807,-0.06203765,-0.18162689,-0.17834148,0.12722485,0.03511438,-0.03068032,0.05355456,0.07063591,-0.02450296,0.07971878,0.06687063,0.02095898,-0.08110468,-0.10948030,0.17789471,-0.11186907,-0.00047279,-0.06198653,-0.08729094,-0.04388792,0.03579368,-0.12576234,-0.09831921,-0.07606371,-0.03660748,-0.02654768,-0.04994458,0.04163276,-0.15881506,-0.00987725,-0.06628332,0.20750542,0.16770916,0.05242731,0.04310188,-0.18097953,-0.15675169,-0.06920303,-0.02220695,-0.08428649,-0.18619660,0.04951784,0.22888994,0.00684644,-0.04190807,-0.08022755,0.12487004,-0.08293751,-0.18139119,0.05932134,-0.04007079,-0.22888741,-0.12673533,-0.02559341
-0.30435276,0.15878987,0.00053704,-0.37237340,-0.14875624,0.14731370,0.05942972,-0.11065687,0.12657401,-0.14995101,0.13336967,-0.15820394,0.14293888,0.09017261,-0.01134010,-0.11590378,0.01011862,0.08707189,-0.30524892,0.00308904,0.02946563,-0.02473013,0.24000016,0.06108264,0.02747065,0.15606916,-0.27646077,0.11533011,-0.19526735,-0.07434672,0.01528694,-0.00409414,0.26645178,0.14760789,-0.03931338,0.09884059,-0.02773459,-0.06677847,-0.19088592,0.19190502,0.04342056,-0.01692552,0.26765853,-0.15517396,0.14426161,-0.07047527,0.11443040,0.00964272,0.14459455,-0.11238444,0.24993257,-0.23358294,-0.09689240,-0.29769191,0.06739517,-0.09081381,0.00663627,0.22640131,0.01886177,-0.09224454,-0.00204639,0.19642814,-0.02031952,-0.40530449,0.17186970,-0.10097536,0.00424034,-0.24095826,0.24110882,-0.18263365,-0.18186465,0.13845687,0.12259464,0.12030173,-0.32516563,0.05870691,0.11965110,0.01604944,0.25018924,0.08819057,0.04564712,0.11885191,0.06197984,-0.00617069,0.11184281,-0.06644707,-0.02493826,-0.05147315,-0.02747747,0.18425295,-0.14003235,0.02833339,-0.14153594,0.33323130
0.00698397,-0.04876920,0.09750210,0.04347531,-0.07321887,0.09058221,-0.01826232,-0.10102272,-0.08312781,0.05162198,-0.08029345,0.04447503,0.03224682,0.02368945,-0.10449565,0.06811271,-0.04292787,-0.00729154,-0.07692846,-0.07694816,0.08790682,-0.10001156,0.05722988,-0.05464643,0.04281450,0.00933648,0.00051753,0.09007201,0.03046002,0.06571043,-0.05518888,0.11870220,-0.01394967,0.03003030,-0.11030329,0.01895833,-0.06535479,0.05175688,-0.12299889,0.05442186,0.06448689,-0.10337157,-0.11916684,-0.08425924,-0.01949075,-0.08359309,0.06037267,-0.01538346,0.01918409,-0.10977972,0.07206572,-0.04144953,0.09634799,-0.07155814,0.12280973,-0.02456120,-0.09096640,-0.11187869,-0.04621435,-0.00866827,-0.02467852,-0.05468220,-0.03805054,-0.00947011,0.04126356,-0.14898655,0.00165320,0.06173524,0.04755936,-0.03601466,-0.18078914,0.14495523,0.05490330,0.08950604,-0.10761528,0.03028919,-0.09226138,0.04775269,-0.09079277,-0.08567221,0.06339768,0.17814824,-0.02730262,-0.12499806,-0.03112512,-0.12368727,-0.05077073,0.02280972,-0.07917246,0.09786920,-0.05166655,0.00931607,-0.05887331,-0.04723309
-0.03034363,-0.08179179,0.05372281,-0.08971998,0.25890374,0.00143436,-0.65206146,-0.21420301,-0.00475273,-0.01938558,-0.11476343,0.14006040,-0.06917816,0.21272580,-0.11975303,0.11400551,-0.10742547,-0.12282202,0.14396155,-0.01436498,-0.19510224,-0.04655013,0.03021599,0.12031795,0.02187466,0.10265628,-0.02305352,0.02765674,0.15775380,-0.19696383,-0.08247213,-0.04746934,-0.17218225,-0.01100460,0.16283606,0.16428903,-0.01551803,0.12014964,-0.10185020,-0.21710610,-0.08682970,0.08846115,-0.02660423,-0.08659066,0.03733135,0.25980052,-0.17510228,-0.01692295,-0.19690575,-0.01259819,-0.05778988,-0.17029431,0.01390900,0.00746619,0.00662577,0.06193570,-0.08730645,0.00345356,0.12165424,-0.02418539,0.02576740,-0.05087686,0.04851192,0.09059691,-0.01959163,0.06563438,-0.11656132,0.06909782,0.05125542,0.08428483,0.21969168,-0.06121033,0.13771260,-0.12593459,0.02627852,0.13960735,-0.18848835,0.16541164,0.05303226,-0.04727796,-0.00814815,0.16989632,0.08490879,0.10017055,-0.06418772,-0.19973792,0.02660834,-0.06160600,0.02619780,-0.01427307,-0.00371596,0.02677274,-0.06561994,0.17398009
0.09816931,0.02378682,0.02844899,0.10741629,0.02830260,-0.06216844,0.02483825,-0.20799194,0.00462144,-0.00333289,-0.16180003,0.06523625,0.06001374,0.00961006,0.01776099,-0.05023579,-0.07031581,-0.14299434,-0.12918593,-0.09869583,0.05656562,-0.06050636,0.04903632,-0.01015545,0.20158832,-0.02899931,0.04396238,-0.02437229,-0.05691276,-0.10194176,0.00229936,0.01313730,0.06509016,-0.07785217,-0.05403185,-0.13726047,0.02402960,-0.04860608,-0.16308254,0.16231601,-0.00094417,-0.00872140,-0.07095625,-0.06174665,0.08081235,-0.01514965,0.08337551,0.05841343,-0.14837553,0.04312453,-0.12582913,0.02050104,0.07789196,-0.07789296,0.10731807,-0.12620173,-0.13349043,-0.15496357,-0.13864248,-0.19846819,-0.21434160,-0.04435062,-0.08374151,0.05329413,-0.09212421,0.04055741,0.09032822,-0.06213552,0.03485565,-0.02444171,-0.08023494,0.15866308,0.02716322,0.09935691,0.10176270,0.02083334,0.01808764,-0.06100106,-0.04924342,0.07005284,-0.08527478,-0.05022525,0.02444400,0.03967577,0.08750789,0.01304594,-0.01611514,0.14149198,0.00304084,0.13487381,-0.14708225,0.05926158,-0.00062091,-0.21742876
0.06685942,-0.12680577,-0.01097763,0.08885971,-0.18439080,0.17333844,-0.07534373,-0.20543456,-0.10660853,0.16271107,-0.15929583,-0.03340488,-0.04487008,-0.15042479,-0.18803184,0.05828571,0.06729653,-0.13077801,-0.11796595,-0.04603177,0.10663591,0.07017838,-0.06047415,0.06137447,0.11584511,-0.02538619,0.07694662,0.08334541,-0.11137585,-0.12713782,-0.03129681,-0.03107874,0.09475621,-0.14597660,-0.00787734,-0.04620309,0.06333968,-0.10290406,-0.16697653,0.15224209,-0.15792575,-0.02364642,0.01495879,0.07890931,0.01287517,-0.22141320,0.07382910,0.13299662,-0.01362247,0.01661983,0.02443196,-0.05154686,-0.04477099,0.00759225,0.07439081,-0.15742949,-0.17986947,-0.08205411,-0.04487761,0.07146470,-0.13965236,-0.05356501,-0.00081215,-0.06206746,0.04769735,-0.06854158,-0.02648604,0.04208185,-0.03489722,-0.06885309,-0.19585679,0.11841624,-0.01260336,0.13244072,-0.03000537,-0.05918439,-0.08736236,0.04410954,-0.06517564,-0.05228495,-0.10416241,0.09455925,0.16516380,-0.16488093,0.10314651,-0.10518973,0.01127795,-0.02257923,-0.14805341,0.20516711,-0.12996736,0.04086371,-0.14888513,-0.02220008
0.11732845,0.06343298,-0.00893683,-0.04241633,-0.01222329,0.05568253,-0.03177423,-0.08895067,0.04375076,0.05078069,-0.14511606,-0.01976975,0.08551907,-0.10161334,0.02284119,0.10743728,-0.02686452,0.05343043,-0.03046228,-0.07251703,0.10061277,0.04853331,-0.03635596,0.00221704,-0.09852553,0.07307240,0.03725681,0.07168468,-0.10256608,0.08692942,-0.01834187,0.00623401,-0.02735477,0.07021444,0.28085390,-0.00514468,-0.03765909,-0.03134240,-0.04430634,-0.03509673,-0.03276097,-0.04860867,-0.03297718,-0.00742913,0.04827502,-0.06878792,0.08729032,0.08138499,-0.04032911,0.07328881,-0.00561023,0.01403216,0.07202499,0.10748284,0.04481222,0.00195975,-0.13423432,-0.08679324,-0.03953509,-0.17673256,0.07115368,-0.00015681,0.01722216,0.09911872,-0.09184996,0.02394788,0.06156965,0.15718204,-0.12190288,0.07826387,-0.05977623,-0.04810353,0.02990546,0.06178431,0.05788052,-0.07050358,-0.13877667,0.10392340,-0.10400790,0.05555051,-0.08472941,0.07181418,0.13490269,0.03035473,0.16383368,0.02796127,-0.07129899,-0.04166239,-0.02156277,-0.05117543,0.01101495,-0.07527167,-0.11809816,-0.12830113
0.12539022,-0.01218554,-0.09783381,0.04842663,-0.08077811,0.03230656,0.10335145,-0.18905249,-0.09668571,-0.00022763,-0.15397623,-0.11686070,-0.02821785,0.00623643,0.00982089,0.07664145,-0.13148458,-0.00082570,-0.17515369,0.02135503,0.08962692,0.08233687,-0.09718248,-0.08492143,0.17773636,0.11475334,-0.00142595,0.11604108,-0.12119374,-0.08426249,0.00486391,0.00789279,-0.00043342,-0.16670251,-0.09737287,-0.14784937,0.00434192,-0.09929466,-0.05137402,0.11970550,-0.07211861,-0.03202603,-0.15576673,-0.03432793,-0.09822787,-0.17219229,0.03299920,-0.01721139,0.04648815,0.00640908,-0.00177922,0.12533900,0.08808017,-0.01971130,0.00278096,-0.19122997,-0.07560820,-0.01139616,-0.03148464,0.00455086,-0.23531833,-0.14383633,-0.13963354,0.00808441,0.18100214,-0.00701268,-0.02710395,0.06685642,-0.15896472,-0.16056126,-0.19361311,0.15163791,0.06373499,0.02414612,-0.04047738,-0.07474707,-0.02827792,-0.10377465,-0.12736844,-0.02832914,-0.02184540,-0.04966761,0.09495988,0.02535182,-0.02051504,-0.16820335,0.01940589,0.07908819,-0.21789657,0.17521603,-0.08354267,-0.05597256,-0.17147766,-0.30833358
-0.04153194,-0.03301704,-0.10090248,0.09318962,-0.02295211,-0.01040753,-0.04261892,-0.02666407,-0.02865752,0.02287208,-0.11937255,-0.09245623,-0.05458819,-0.06262129,-0.16493456,0.10917433,-0.15206152,-0.00756430,0.03210658,-0.17243826,-0.01553484,0.04256836,-0.06618624,-0.00633608,-0.06234841,0.01200257,-0.01660155,0.09070510,-0.04441484,-0.07399946,-0.08760553,-0.01255890,-0.07774042,0.01509549,0.08559778,-0.09587630,-0.00640739,-0.13150251,-0.17429879,0.13829091,-0.10923401,-0.11253379,-0.13480411,0.00319814,0.07978549,-0.11772759,-0.02379996,-0.00210169,0.03816634,0.10345809,-0.02653965,0.07459040,0.09932995,-0.09143016,0.09454507,0.00261381,-0.04408924,-0.02646946,-0.14886940,0.07316528,-0.12441095,0.00634611,-0.12416580,-0.02712696,0.06950747,0.00192546,-0.13969277,0.08571001,0.05118120,0.10411549,-0.07415475,0.02390823,0.09742610,0.02733925,0.01193720,-0.10374903,-0.02224525,0.04635780,-0.11888795,0.01704487,-0.07292396,0.08461654,0.07832468,-0.14535178,0.10280838,0.02752033,0.10576305,0.02060761,0.00754270,-0.00563062,-0.14821753,-0.06589713,-0.02865084,-0.06637066
-0.01948881,-0.07322194,0.01101337,0.05279911,-0.05852341,0.05196220,0.12765138,-0.10287185,0.02097171,0.02729968,0.00778321,0.03415425,0.11845522,-0.01983946,-0.06993432,0.00520139,0.06580880,-0.04232110,-0.19007348,-0.05080397,0.07027011,-0.03156107,-0.10494564,-0.06041741,0.02578689,0.01635215,0.10466261,0.16215314,-0.07796445,-0.14109884,-0.00719684,0.08291672,0.13843042,0.00523142,0.05292252,0.04643849,-0.03300198,-0.05197564,-0.19180128,0.22303757,0.00902785,-0.08839729,-0.06224452,0.11217853,0.04072576,-0.05768233,0.04336772,0.00623988,0.11249505,0.13007586,0.12757149,-0.09397344,0.07644778,-0.09635520,0.09992035,-0.03119319,-0.10266706,0.02296237,-0.12548858,0.06063939,0.02483384,0.03653675,-0.17507763,0.03651462,0.12369022,-0.15753464,0.04796946,-0.02084241,-0.02876491,-0.09821299,-0.16596158,0.13299297,0.02981885,-0.02504003,0.02800952,-0.10057569,-0.00572423,-0.07350059,-0.14330453,0.06009581,-0.01055523,0.12830134,-0.00859275,-0.14668316,0.11771596,0.00254300,-0.02225043,-0.01690486,-0.07622408,0.24643114,-0.12556727,-0.01953510,-0.19439222,-0.03502679
-0.04128335,-0.00359656,-0.10496807,-0.04800501,0.00468226,0.03544924,-0.02046550,-0.01643105,0.03463929,0.04842431,-0.14551969,-0.00927811,-0.03662827,-0.11190643,-0.16088644,0.05219992,-0.01998090,0.08077651,-0.15970340,-0.00985801,-0.00083273,0.10284932,-0.09955117,-0.00938866,-0.14617243,-0.03977827,-0.09046783,0.13971658,0.01299087,-0.05915607,0.08602930,0.15450983,-0.09041768,-0.11428209,0.07388197,-0.01242837,-0.03156454,-0.02436392,-0.09640235,-0.00441278,-0.05441812,-0.11601276,-0.12110185,-0.03493884,-0.09895635,-0.05948474,-0.02736015,0.11808355,0.07077104,-0.03241553,-0.03838635,-0.08842015,0.10229021,-0.06189780,0.11068606,-0.09938769,0.01249225,-0.12899216,-0.07173997,-0.18853545,0.05479974,0.06521128,-0.05752694,0.09962533,0.06419813,-0.12800740,-0.01264710,-0.05375575,-0.13723232,0.07768867,-0.03506628,0.16915005,-0.01210993,0.09372653,-0.04752371,-0.08332455,-0.03625342,-0.08806536,-0.06125484,-0.03058463,-0.17186949,0.02188016,-0.02024896,0.00344028,0.16459151,-0.11152721,0.04283372,0.05009719,0.01443023,0.07556155,-0.04790493,0.07659789,-0.07674152,-0.08473235
0.08694700,-0.14884399,0.08329901,0.01794631,-0.07320800,-0.05037539,-0.01196640,-0.03602323,-0.01388429,0.01475869,-0.06710037,-0.05694379,-0.11520649,-0.07919759,-0.14866593,0.00637651,0.02896351,-0.19436634,-0.10875085,-0.08344289,0.13117468,-0.06739239,-0.11419757,0.04919051,0.32882506,0.07397697,0.01321313,0.12679072,-0.10017210,-0.06673101,0.10259075,0.17254664,0.05494981,-0.16982932,-0.02466736,-0.00632802,-0.00549260,-0.07139135,-0.12361184,0.08722299,-0.06966610,-0.11716621,-0.09888354,0.01305230,-0.10129847,-0.05589212,0.07362967,0.09124661,-0.00706581,-0.10911904,0.06862176,-0.02916096,0.11263035,-0.08129765,0.10613664,-0.16942927,-0.08231906,-0.03626755,-0.02661139,0.11344475,0.06297509,-0.17231636,-0.02605489,-0.05320535,0.10711852,-0.12954824,-0.12322588,0.13290426,-0.07370664,0.00120798,-0.07984034,0.05930100,0.01398834,0.04281042,0.03947780,-0.05163292,-0.26400319,0.07581245,-0.12651153,0.06151526,-0.11708124,0.05606646,0.07284112,-0.15056616,-0.04562798,-0.11028685,0.07383355,-0.03275327,-0.15750027,0.10330594,-0.15188602,-0.17022288,-0.01888212,0.02698024
0.04824263,-0.05270845,0.03802185,-0.05287616,-0.04387428,0.09523556,-0.01098567,-0.12996566,-0.10796964,0.00280919,-0.02900667,-0.04329779,0.06945384,-0.14433852,-0.03373103,0.06268913,-0.03384849,0.02994744,-0.00626724,-0.04386952,0.08518863,-0.04525462,0.05408607,-0.07082936,0.13839690,-0.04511106,0.00335460,-0.00868463,0.01305697,-0.07944410,-0.06333577,0.12270386,0.03597193,0.03327971,-0.09509504,-0.02252526,0.04126737,-0.05318158,0.02749046,0.12836547,-0.06148923,-0.12534422,-0.08954968,0.01303542,-0.06402493,-0.11693338,-0.00730860,-0.01891615,0.05243959,-0.05477795,0.01630495,-0.02957206,0.06125316,-0.19814526,-0.02534024,-0.17201428,-0.07683519,-0.02680987,-0.12335330,-0.10740639,0.08943941,-0.00300388,0.00176868,-0.06418674,0.06799334,-0.14703487,-0.00026801,0.11617577,0.03201953,0.11456640,-0.07497019,0.04112126,0.11524326,-0.03093647,-0.00485227,-0.09381400,0.05739585,-0.01729288,0.05295679,-0.04036561,-0.05714598,0.05065993,0.05485203,-0.04939474,0.11000123,0.00177302,-0.07592796,-0.03355260,-0.09674069,0.05541090,-0.03090499,-0.00481447,-0.07176568,0.12774339
0.11566729,-0.06220237,-0.05286412,0.13250899,-0.01984879,0.13647243,-0.04365171,-0.20537561,-0.02758445,0.06420646,-0.15905783,0.06820673,-0.05314581,-0.09271236,-0.09398688,-0.02123106,-0.04574722,-0.11476178,-0.03247860,0.01044658,0.18719028,0.10390737,-0.02955751,-0.13250490,0.00113003,0.12865195,-0.05216796,0.03845262,-0.11800455,-0.11029550,0.07136950,-0.01373976,-0.07311246,-0.03762342,0.03165735,-0.10157108,0.07415500,-0.00668507,-0.01973205,0.17943990,-0.07717864,-0.00492340,-0.03268361,0.08378113,0.06011785,-0.20044452,0.09256345,0.11049080,-0.01482087,0.06210396,-0.00213826,-0.03052070,0.13215677,-0.05805847,0.04924282,-0.11355890,-0.02727538,-0.10192915,-0.15742640,0.04152347,-0.09152512,-0.08139023,-0.02887363,0.03097691,-0.02661350,-0.11532423,-0.04772813,0.09124678,-0.07995363,0.05661048,-0.03234592,0.00111895,-0.03372604,0.05434826,0.12182525,-0.00442921,0.02696832,0.04841724,0.01147872,-0.02008181,-0.05325383,0.16088118,0.09128864,0.02131104,0.09715112,-0.00284376,-0.00185010,-0.05463907,-0.05486753,0.12687910,-0.03944824,0.05488955,-0.04328781,-0.11620472
0.11941055,-0.07080936,-0.00724451,0.02378006,0.04758375,0.08262153,0.06629869,0.01985032,-0.02996049,0.06923583,-0.03934863,-0.11037708,-0.08534682,0.01647473,-0.05293652,0.17006925,-0.06418626,-0.04361209,-0.15005729,0.00969906,-0.05252147,0.00448101,-0.13410936,0.03790767,-0.02872241,-0.01638919,0.02573692,0.11753308,0.04310564,-0.09449731,0.06829528,0.11233607,-0.08463105,-0.03960298,0.17240018,0.00041574,0.13358134,-0.08917172,-0.03256274,0.01682248,-0.01645530,-0.01125341,-0.16956659,0.03700368,-0.05675851,0.04810831,0.11567079,0.04697480,0.03993937,-0.06018651,0.06855286,-0.04111798,0.13519977,0.11206967,0.01328995,-0.01917672,-0.07794684,-0.15120481,-0.06438470,-0.03598385,-0.03420942,0.10366498,0.04676736,0.17873241,-0.08290207,-0.14320676,-0.02805774,0.03669760,-0.04847410,0.00044493,0.00378202,0.12341312,-0.07628530,-0.01222107,0.08786622,-0.15476085,0.07974485,-0.15845759,-0.00337854,0.04781832,-0.17583621,-0.02598458,0.07092679,-0.11944528,0.16022915,-0.14633389,-0.00851547,0.03678723,-0.14379647,0.03742315,-0.08956812,-0.01044428,0.02706528,-0.03343521
0.04352384,0.05596586,0.02170877,0.05931141,-0.05295959,0.02693996,-0.09012412,-0.06293236,-0.01858888,0.10771438,-0.00441251,0.06094076,0.09571336,0.08403280,0.02932127,0.03496889,-0.05899771,-0.01131671,-0.07390138,-0.05011952,-0.10252726,-0.10936759,-0.01168992,-0.04172863,-0.07395786,0.04277555,-0.04345761,0.08173615,-0.10006209,-0.00770898,-0.11642507,0.09103925,-0.07344306,0.03236312,-0.01140983,0.04527205,0.08194520,-0.07154723,-0.06102507,-0.05470987,-0.00234228,0.02388981,-0.08912572,0.01694229,-0.05811905,-0.08493532,-0.11085940,0.06806456,-0.16367477,0.00583927,-0.01304867,0.00832885,-0.00965444,-0.07336465,0.05919632,0.06715983,-0.13775486,-0.09179909,-0.01141442,-0.13438497,0.00814537,0.04777112,-0.05568135,0.06264685,0.02562726,-0.03143067,0.05517451,0.15733458,-0.05182437,0.06225228,0.01658514,-0.00715690,0.06697036,-0.08808094,-0.03239988,-0.09622306,-0.13687178,-0.11130482,0.01343589,-0.04833005,-0.04657190,0.00721483,-0.02426325,0.02734677,-0.03933332,-0.03267685,-0.11079399,0.04439874,-0.04509222,0.09837596,0.03746229,0.08467790,0.08558780,-0.02446152
-0.04742931,0.02505272,-0.18441410,-0.10018956,-0.04618810,0.06699191,-0.01401582,-0.14644347,-0.02004424,0.17675483,-0.04849121,0.09255192,-0.04636837,-0.09407242,-0.11941832,0.06370701,-0.15193669,-0.19313030,-0.03363118,-0.11483842,0.20733570,-0.01847850,-0.07684518,0.07268674,-0.03003918,0.11501432,0.00527139,0.12845013,-0.01557249,-0.03392407,0.00487776,0.07249082,0.00967645,-0.05591115,-0.07747993,-0.12861703,-0.04133146,-0.21959871,-0.17251077,0.20915480,-0.00505218,0.01082531,0.01896778,-0.05821265,0.02970474,-0.01982233,0.12624633,0.03766596,0.13301793,0.09388636,0.15261032,0.10681846,0.07718471,0.01127906,0.14992216,-0.08978071,-0.16961652,-0.14486769,0.00062888,0.01388902,-0.05571198,-0.08692989,0.01860033,0.12204681,0.06558910,-0.00252017,-0.12438857,0.13887791,0.06122082,0.08710641,-0.05535499,0.08959405,0.10891236,0.19770473,0.13940230,-0.11244293,0.16209805,-0.02626169,-0.06254324,-0.00766151,-0.04155088,0.01672273,0.06796373,-0.17059676,0.07804276,-0.16256428,0.00365794,0.00543522,-0.20961162,0.28071409,-0.00080316,-0.05675193,-0.11151225,-0.14631455
-0.15623270,0.03680288,-0.06298894,0.13482104,0.02676772,0.06301191,-0.26975182,-0.53701019,0.00964198,-0.00752931,-0.09961260,0.14266603,0.19864251,0.06094522,0.03414374,0.20376629,-0.06487598,-0.00662941,0.05146031,-0.01657829,0.10744914,0.03527434,0.02502963,-0.03118587,-0.05341186,-0.09447008,-0.00666738,0.07928567,0.05171770,-0.16433358,0.06360327,-0.09904084,-0.01854087,0.03831010,0.04115385,0.20299880,-0.08223758,-0.09159316,-0.03638119,-0.07692451,-0.02644996,-0.01545170,-0.14125185,-0.04962706,-0.00544748,0.04575552,-0.04322322,-0.11805601,-0.23227443,0.28096980,0.14413355,-0.01192547,-0.06843104,0.29626611,-0.10302695,0.02214523,-0.40167919,0.10851944,-0.08321282,0.16001859,-0.06051277,-0.18644267,-0.21689746,0.43001574,0.04711363,0.06775693,-0.05862681,0.00642256,-0.10229225,-0.14633763,0.03203561,0.04994093,-0.09711012,-0.01866621,0.10851418,0.06889064,-0.42204186,0.00382616,-0.01577416,0.07714656,-0.04610715,-0.03088946,0.00077954,0.09154060,0.06345579,-0.02412914,-0.00163585,0.08457117,-0.10646180,0.05125529,0.10649970,-0.00004394,0.08378462,-0.73622662
-0.14130792,0.02358838,-0.07774863,-0.16059943,-0.01414057,-0.02286418,-0.09545070,-0.12970239,0.03122965,0.03857079,0.01958318,-0.08075855,0.02262945,-0.04359408,-0.05627091,-0.04269184,0.03966646,0.03869378,0.00104441,-0.07810939,0.07277261,-0.00511706,-0.00021081,-0.11096653,-0.02394414,0.08811218,-0.12229147,0.19079150,-0.08058068,0.00735176,0.01639187,0.09582438,-0.06285634,-0.01856882,-0.02939486,-0.15627609,0.04656385,-0.14757840,-0.03076450,0.13433708,-0.01716141,-0.06936640,-0.03610684,0.07128616,-0.14928293,-0.08590578,0.19117135,0.07375363,0.03273343,-0.06786297,0.11390521,0.07306214,-0.02656983,-0.14073586,0.11971185,-0.22820117,-0.01081260,-0.10312421,-0.06775717,-0.06815614,-0.06462692,0.06748016,-0.04930284,0.10311928,0.13538907,-0.18021315,-0.12551126,0.04738120,-0.00777176,-0.01869805,0.03070781,-0.00158504,-0.05882400,0.07350811,-0.06693544,-0.00492034,-0.06313849,-0.00215701,-0.01655016,0.00779651,-0.07593501,-0.06574237,0.03489360,-0.02112909,0.10250593,-0.19430931,0.09988547,-0.06236378,-0.19397074,0.14790599,0.06946646,0.00357177,-0.24112888,0.18379141
0.23050997,-0.05783453,0.08322331,0.28979015,-0.01108478,-0.08312725,0.03224245,0.21848248,-0.19947799,-0.06324711,-0.16822590,-0.14098753,0.05892158,-0.17406437,-0.03786735,-0.51902407,-0.01657768,0.06760152,0.11335855,0.02881347,-0.14191103,-0.01102199,-0.19769239,0.10970710,-0.27171806,-0.04990827,0.07483944,-0.20962083,0.05846756,0.09884975,-0.04321742,-0.06293210,-0.10753659,-0.14776976,-0.40982664,-0.05925216,-0.07508827,-0.14868976,0.14876035,-0.00260371,0.25656870,-0.05792993,-0.05347476,-0.03090726,-0.01128353,0.07375175,-0.03126376,-0.20248781,0.50675511,-0.20332915,-0.26089156,0.26862651,-0.15323225,0.11660667,0.01340804,0.19175409,-0.03188599,-0.10234672,-0.05842212,0.04088610,0.11041003,-0.02312624,0.01836578,0.14408652,-0.13339257,0.03568379,0.06100472,0.02330041,-0.11547044,0.07629336,0.19164909,-0.19031805,-0.14908937,-0.10643215,0.21692854,-0.02824193,0.00660270,0.31126335,-0.15448892,0.06862675,0.05693516,0.01265217,-0.05911294,-0.10393704,-0.25014511,0.06358560,-0.10744344,-0.00137343,0.05555931,-0.16555893,0.17816015,-0.24883403,0.11867330,-0.08034860
-0.04760288,0.05849055,-0.12776312,0.00280931,-0.09206881,0.06510740,-0.18515754,-0.12104648,-0.01380731,0.12399237,-0.15974842,-0.11091673,-0.01170365,-0.08148865,-0.05285528,-0.00954285,-0.01806044,-0.03724966,-0.16664240,-0.12591940,0.17076603,0.03303770,-0.12414540,0.00931741,-0.00959009,0.13773957,-0.00262863,-0.03328669,-0.00251035,-0.04182984,0.10797613,0.04992561,0.06106156,-0.12998921,-0.02009540,-0.00952778,0.00111729,-0.05915966,-0.03333697,0.19511613,-0.02238042,-0.00892806,-0.00238478,-0.03831929,0.04847526,-0.07701854,0.12520894,0.02619929,0.10700677,0.08547921,-0.08548403,-0.04736130,-0.02252049,0.00490522,0.03931149,-0.12264377,-0.18542896,0.01396705,-0.09238753,0.01371539,0.06438301,0.08529190,-0.13681380,0.04848224,0.01471370,-0.08241390,-0.06648072,0.07529163,-0.04382490,0.05532448,-0.22077715,0.07666373,-0.10454288,0.12536371,0.03462799,-0.13215053,0.12060986,0.01502614,0.01880077,0.01282603,-0.09260802,0.01900792,0.08483138,-0.06095951,0.12501571,-0.03524839,-0.01118159,-0.03311358,-0.05776910,0.12025656,-0.15235941,0.09774535,0.00876665,-0.01353732
-0.06006644,0.07027946,0.00342148,0.01652601,-0.17597947,0.14115211,0.05709187,-0.15803231,-0.08621268,-0.00677070,0.06923494,-0.06029604,-0.00476525,-0.14792566,-0.17055428,0.07464468,0.04447429,0.02790745,-0.17276582,-0.00075632,0.19779217,-0.05812806,-0.13471682,0.09730402,0.04851547,0.06526743,-0.04380813,0.21660960,0.00092531,-0.10538997,0.05644936,-0.01043033,0.01915589,-0.04395167,0.06877185,-0.04031415,0.07404076,-0.11588388,-0.01479901,0.08830706,-0.14153536,-0.12903932,-0.14014040,0.11224914,0.05033578,-0.05576682,0.06044320,-0.02799234,0.04511074,-0.04705492,0.04073787,0.08462643,0.10841169,0.04306459,0.11170677,-0.18687440,-0.15677249,-0.04754325,-0.09728373,0.07843533,0.06460501,0.02022161,0.03159504,-0.06766687,0.08556718,-0.12965807,-0.05595916,-0.03954593,-0.14547832,-0.00209897,-0.09730846,-0.02993990,0.00330152,0.07840870,0.02141668,-0.01773076,0.02235794,0.01003389,-0.02050321,-0.01295195,-0.03541737,-0.08889329,-0.00094263,0.01429311,-0.07686549,-0.00183611,-0.08041248,0.02757415,-0.10308416,0.09400378,-0.04919473,-0.08427685,-0.12904619,-0.05049669
-0.20410840,0.02599214,0.17257129,-0.38800830,-0.03357813,-0.10100094,0.15820773,-0.10765760,0.06833784,-0.12835538,0.07078360,0.16391551,0.24266982,-0.00191200,-0.09835758,-0.01377589,-0.00167324,0.23242091,-0.10278743,0.06093114,0.24477419,-0.05046732,0.11645751,-0.22398110,-0.13974965,-0.23362578,-0.29328710,0.07033673,-0.01224129,0.04313901,-0.08042008,0.10905322,-0.02660257,0.06927860,0.09793708,0.04706998,-0.18016736,-0.22897387,-0.03595405,0.10820652,-0.02281492,-0.15664603,-0.00257492,-0.28865966,0.17306514,-0.09322399,0.04103921,0.01373675,-0.03386079,0.06281064,0.21424770,-0.08058248,0.09435142,-0.15145467,0.02995929,0.07362036,-0.22368613,-0.02274809,-0.14668986,-0.32369009,-0.33993009,0.08977277,-0.02901008,-0.07509419,0.16154581,-0.05497446,0.06243284,-0.19024011,0.08842910,-0.18239783,-0.21645859,0.00411437,0.06011848,0.12050106,-0.18690807,0.09152736,0.11663345,-0.08641133,-0.03553568,0.09554271,-0.04264653,0.04821333,0.05496048,-0.08518648,0.18392228,-0.08257527,-0.19327523,-0.01737447,-0.17773733,0.20958270,-0.00731875,0.19069901,-0.10689504,-0.00515168
0.08061507,-0.05422525,0.00999446,-0.04713124,-0.09790163,0.03717071,0.04624508,-0.05437387,-0.02982943,-0.00627569,-0.12588553,-0.09472776,0.11178374,-0.04773259,-0.09443589,0.11812080,0.06428210,0.08904734,-0.15094920,0.03155604,0.01124920,-0.00255888,-0.09159754,-0.02299367,0.07936874,-0.02545208,-0.09408054,-0.01428003,-0.01323977,-0.00004677,-0.08413978,-0.00899070,0.03104735,-0.08536810,0.07311798,-0.04454679,0.04815146,-0.14298660,-0.09206288,0.14539808,0.05228403,-0.00635017,-0.01392429,0.03926215,-0.14578819,0.02052136,0.09707547,0.04452420,-0.05447168,-0.07480017,-0.16435596,0.01312433,-0.01284172,-0.11896265,-0.03542811,-0.01646373,-0.09232978,-0.03131086,-0.02375326,0.00195442,0.11441708,-0.12029762,-0.10831263,-0.00149925,0.06138266,-0.02945467,0.07245633,0.12471333,0.04643532,0.05542294,0.01009580,0.00735983,0.00314189,0.12941167,-0.04251818,-0.00807782,-0.02267289,-0.06546013,-0.00922722,0.13805148,-0.09241281,0.12642592,-0.02368273,-0.03760730,0.12845650,0.02129987,-0.01119200,0.06661189,-0.14009529,0.03588720,-0.16186562,0.09270941,-0.04378450,-0.05614883
0.09994535,-0.11080580,-0.13127194,-0.04028288,-0.04770998,0.13064866,-0.03095784,-0.19771212,-0.14756908,0.02086589,-0.03989699,0.13206705,0.04177101,-0.14029291,-0.06754748,0.08767488,-0.03124337,0.02151706,0.00877724,-0.17243525,0.13055027,-0.06322795,-0.03642040,0.06917264,0.11740877,0.10418363,-0.04977923,0.06377210,-0.04706418,0.03202284,-0.03560366,-0.00887866,-0.04435983,-0.08930934,-0.20289111,-0.00429258,0.12498608,-0.05906207,-0.02300681,0.11779093,-0.11039699,-0.11561033,-0.06953236,0.06016345,-0.08542439,-0.09549113,-0.01348948,-0.00005098,-0.03079521,0.02974068,0.08702708,0.00338823,-0.01944365,-0.00555287,-0.02396035,-0.02833337,-0.12355872,-0.17042945,-0.03754052,0.00632015,-0.09290927,-0.06586588,-0.05385337,0.08190171,0.05946481,-0.14656663,-0.02026921,-0.03852042,-0.10591221,-0.00272925,-0.09136616,0.07257653,0.01948638,0.04182901,-0.01340986,-0.08481909,-0.05974352,-0.11236734,-0.00485178,0.03233677,-0.03234349,0.05070893,0.06563418,-0.02781835,0.14664273,-0.10036085,-0.05362473,-0.00679828,-0.05495867,0.13682330,-0.17675942,0.00804644,-0.17768551,-0.05935298
-0.03346281,0.08567861,0.12969969,-0.19016373,-0.24844581,0.10216776,-0.08470257,-0.11762185,-0.11018278,0.12198294,0.05490988,-0.06841709,-0.04189481,-0.05964308,-0.16256228,-0.05847319,0.08395015,-0.02343182,-0.14529578,-0.17292884,-0.00907855,0.10249772,-0.07212792,0.07568222,0.40707701,0.03058939,-0.11424494,0.08545065,-0.14966393,-0.07665231,-0.02309049,0.17470822,-0.05207120,-0.13841935,-0.01615772,-0.00292419,0.16384505,-0.08106345,-0.11828989,0.01846691,-0.15623057,-0.05220179,-0.04347901,0.08198842,-0.13210468,-0.00492691,0.12078155,0.04733928,0.05504554,0.02986177,-0.08776308,-0.10477352,0.04999938,-0.22490597,0.00296308,-0.21656837,0.03524303,0.09894529,-0.00378921,0.04443440,-0.08422258,-0.02345580,0.23446251,0.03336081,0.06946777,-0.17910515,-0.13304180,-0.02561943,-0.10352194,0.00068187,-0.22829098,0.02979727,0.12053336,0.04140444,-0.16511919,-0.14676011,0.05169022,-0.04418771,-0.07214843,-0.13988219,-0.08617188,0.09081958,0.03307015,0.00237888,-0.04272888,-0.05188598,0.16008048,-0.09441497,0.00351250,0.00005399,-0.08088203,0.06576850,-0.10019978,0.22537532
-0.11385205,-0.04899691,0.03255954,-0.00148606,-0.19849157,0.00410795,-0.00094155,-0.23043513,0.00338073,0.07630858,0.04468449,0.03123668,-0.07497559,-0.06016508,-0.05707735,0.15726329,0.02854084,0.09321277,-0.12247808,-0.14401309,0.07278379,-0.02828617,-0.10771246,0.03191779,0.08494303,0.14152651,-0.03438632,0.12150425,0.00785270,-0.05752994,-0.06624893,0.13218489,-0.00961097,-0.12425977,0.03007300,-0.03814067,0.02518888,-0.10865388,-0.19412901,0.19562632,-0.15688480,0.00872245,-0.05392685,-0.05848235,-0.03768501,-0.10069287,0.18928662,0.13384221,-0.04848371,-0.01521307,0.11709530,0.02165270,-0.00227249,-0.01113258,0.12789683,-0.10308337,-0.06030266,-0.13550991,-0.09956477,-0.01006539,0.16650617,-0.06225851,-0.02851298,-0.09360511,0.04661980,-0.15361570,-0.04194933,0.08460493,-0.02194973,0.03109045,-0.19360782,0.19495960,0.07463855,-0.00863104,0.03311654,-0.07557297,0.21022056,-0.00271822,-0.17225026,0.09742714,-0.12126888,0.12106930,0.05050205,-0.00367343,-0.00431416,-0.18510714,-0.02736873,0.07474877,-0.04218370,0.10390589,-0.12064302,-0.06797944,-0.19040410,-0.06535961
-0.04596682,-0.08494481,-0.05133806,-0.05911722,0.00423425,-0.04144565,-0.05970992,-0.05140952,0.00562329,-0.01938272,-0.02923376,0.04513597,0.01577796,-0.02698378,-0.07015775,0.01125928,0.00051866,0.10537542,-0.13846214,-0.08593073,-0.06124195,-0.08242296,-0.07677965,0.02247403,-0.12558985,0.05674224,-0.15537539,0.00993796,-0.02191263,0.01436471,0.04242720,0.08289583,-0.06223779,-0.09649682,0.03515186,-0.11875552,0.05621293,-0.04524268,-0.01212581,-0.04435347,-0.02205912,-0.06730401,0.04988103,-0.05167853,-0.12585174,0.02294302,0.05184444,0.07361814,-0.01960089,0.08452950,0.01881861,-0.06691029,0.10052136,-0.10971171,0.06787663,-0.09118865,0.07066710,0.01191589,0.00177008,-0.06344637,-0.18629251,0.05900043,-0.12525269,0.05520082,0.02576807,0.00279043,-0.01119666,-0.03627963,-0.00846369,-0.10773389,-0.08908681,-0.05353898,0.08701392,0.03070153,0.00460260,0.01242865,0.10264237,-0.01225558,-0.04449230,0.01667104,-0.01446901,0.02915649,0.06429297,-0.00563736,-0.00742795,-0.06069302,-0.02855789,-0.06834288,-0.11993296,-0.02659793,-0.20558041,-0.00372256,-0.07062130,-0.13109426
0.09945855,-0.04463328,-0.08617458,0.17823900,-0.31960717,-0.02890869,0.40886593,0.05952398,-0.17692703,0.17463277,0.05166479,0.10180114,-0.10032881,-0.51584589,-0.31734088,-0.16743872,-0.10115454,-0.00524964,-0.20702827,-0.34086746,0.27693632,0.13498348,-0.54180396,-0.02999765,-0.09541061,0.20688902,0.04513237,0.04795363,-0.13245247,0.03944156,0.05058568,0.38713402,-0.18633775,-0.62636739,-0.24709456,-0.44160059,0.27475432,-0.27734259,-0.26031575,0.32210076,-0.13973756,-0.14236042,-0.36579740,0.03672173,-0.24027555,-0.29039669,0.52944362,-0.02708715,0.43463016,-0.01618291,-0.51495564,0.03942446,0.04604071,-0.14142130,0.54231042,-0.47372028,-0.14997645,0.00757480,-0.36111614,0.34125742,0.06438386,-0.02015691,-0.01283114,0.24087185,0.01488014,-0.60159367,-0.06236220,0.08011618,-0.27838290,-0.03735423,0.15775655,0.16135304,0.14289360,0.46797484,0.09889338,-0.32480371,0.00362359,0.09383467,-0.44251752,-0.09447069,-0.09143111,0.14954504,0.10429116,-0.46907875,-0.15561922,-0.22366330,0.20949320,0.09718578,-0.48858765,0.31426877,0.04086363,-0.11055157,-0.15721865,0.39220682
-0.03396968,-0.00132858,0.10694003,-0.32244405,-0.04420622,-0.03094175,0.06421661,-0.43668661,0.16289164,-0.07482289,0.03741500,0.10378879,0.03225571,-0.03205239,0.11891519,-0.17548081,0.07191224,-0.12237740,-0.15438862,0.12839685,0.02996266,0.01564393,-0.03479190,0.00811123,0.16370137,-0.08787033,-0.19792159,0.26580203,-0.08155811,-0.11963592,-0.01401212,0.03810491,0.34015256,-0.04180087,0.18211356,0.05581811,-0.25395027,-0.17824514,-0.01511715,0.09168543,0.15692849,-0.05001932,0.07290711,0.02399541,0.13310978,-0.04600601,0.09084898,0.02089055,-0.14309286,0.01839156,-0.20556504,0.07450622,-0.01907698,-0.34801480,-0.01483706,0.05250995,-0.13254042,0.03522126,0.10779458,-0.13314490,-0.47903129,-0.11853842,-0.17110106,0.03976171,0.08947247,0.05539930,0.07065216,-0.26843604,-0.11073161,-0.42643419,-0.20734833,0.01886969,-0.13216636,0.03599858,-0.05840652,0.12957919,0.03593548,-0.10141049,0.00549333,0.05860876,-0.01685810,-0.10587569,-0.06520835,0.11873446,0.00776781,-0.03681907,0.01559907,0.07742956,-0.15426670,0.14528222,-0.01295876,0.11125049,-0.11127627,-0.25196952
0.00337148,-0.11509955,0.00757419,-0.14262103,-0.12954673,0.09034137,0.23337705,-0.05333165,0.02828090,0.21087945,0.00959175,-0.01791200,-0.13806191,-0.10420720,-0.16739364,-0.00122339,0.02675636,-0.03099627,-0.14974083,-0.21007983,0.20274124,0.11058788,-0.23007438,-0.06739293,-0.03389616,0.12483913,0.06383134,-0.00419625,-0.20022753,0.12633932,0.07317569,0.09894136,-0.09170854,-0.28604081,-0.05108238,-0.08331522,0.23142414,-0.05268830,-0.22450246,0.12178509,-0.13993521,-0.12009836,-0.10118996,0.01024901,-0.11053988,-0.10382436,0.27546141,0.06621904,0.12754671,0.01606631,-0.33166188,0.01227354,-0.05092601,-0.17560235,0.22801884,-0.29401228,0.05716585,0.06584417,-0.09560819,0.16313466,-0.04047853,0.06736974,0.13550042,0.13438092,-0.07227264,-0.08879671,-0.14800732,-0.00078425,-0.13379446,-0.01529809,0.08146274,-0.00175266,0.02167259,0.25876433,-0.08412851,-0.19061434,-0.06146412,0.00531411,-0.12981334,0.01913194,0.08090203,-0.04418040,0.07575919,-0.17702107,-0.01917881,-0.07687787,0.06417923,0.04030044,-0.31412885,0.20099457,0.02842916,0.06846251,-0.22059387,-0.02884212
-0.14938262,0.00366135,0.15171137,-0.17600892,0.02864726,0.07711508,0.11961040,-0.07422461,0.04552563,-0.00647955,0.18666375,-0.01521956,-0.02531916,-0.03918490,-0.09862489,-0.14147389,-0.07959010,0.01459681,-0.15063050,0.13460237,-0.07165802,0.12077146,-0.08358458,0.03459859,0.42091799,0.15016897,-0.05079120,0.12344929,-0.10650823,-0.11602701,0.04870846,0.03752197,0.07592277,0.00237521,-0.31117252,-0.11090247,0.18486598,-0.04908894,-0.13593489,-0.06496062,-0.09377843,0.17486621,-0.20588584,0.15300588,-0.07704339,0.08405466,-0.07174828,0.10592291,0.41692087,-0.02075627,-0.15830639,-0.07280943,-0.04925705,-0.36782885,0.05514396,-0.11248463,0.04351029,-0.09582908,0.01191810,0.07709245,-0.01852544,-0.12691130,0.08104974,-0.18548310,0.15609710,-0.02215804,-0.01897496,0.09146390,-0.17411828,-0.00860123,0.05347278,-0.01034858,-0.02043996,0.13771215,0.09411961,-0.15607207,0.00538383,0.12155293,0.07131581,-0.02574801,-0.06989680,0.10278753,-0.11656207,-0.05981709,-0.04311241,-0.12277190,-0.06834448,0.00749900,-0.10279544,-0.12456527,-0.08469948,0.03413748,-0.01907033,0.68483859
0.09073888,-0.06539504,0.03620136,-0.17436437,-0.00842099,0.01770177,0.26077139,0.03338099,0.01639026,-0.15570095,0.26846567,-0.17555410,-0.04037648,-0.00378438,-0.01146174,-0.01083993,-0.12396545,0.17105819,-0.04675991,-0.23373717,0.04140156,-0.07695001,0.00238936,0.22333305,-0.15983753,0.17823121,0.11484034,-0.11184424,0.04112073,0.02666819,0.11343174,-0.02083958,0.11841995,0.11680382,0.11987781,0.15777576,0.14435917,0.08271406,-0.11371251,-0.09548797,-0.07469015,-0.08293140,0.10548828,-0.20270857,0.03151619,-0.06256454,-0.04805632,-0.00300656,0.06211194,-0.06197564,0.32355091,-0.09430747,-0.05705881,-0.18793164,0.08200551,-0.09466514,-0.06087816,-0.00969754,-0.11015401,0.06744435,0.08173210,0.07190716,0.16561002,-0.02869032,0.03733847,-0.01321610,-0.28794798,-0.00661959,0.21201302,0.03307380,-0.05325211,-0.02867830,-0.06416986,0.12980804,0.06635537,0.01696011,-0.22528908,0.16716212,0.03483907,-0.02425075,-0.03003766,0.05838230,-0.00524942,-0.02344047,0.14160962,0.05124240,-0.02244019,0.01295369,-0.01081636,-0.03610623,0.02851286,-0.10331003,-0.03510045,0.00931939
-0.13632336,0.03057321,-0.00212858,-0.11153258,-0.09070059,-0.01045212,-0.15777197,-0.12720874,-0.10743412,0.03877866,0.04254170,0.07337510,-0.02447012,-0.05697022,-0.01106458,0.18432000,-0.05488160,-0.13575965,0.00105962,-0.16599597,0.03471470,-0.05444251,-0.08850881,-0.06725299,-0.04101966,0.07732961,-0.10577806,0.10247795,-0.09385640,-0.13367303,-0.06928797,0.03407640,-0.05671790,-0.19423288,0.03899179,0.03084275,0.06011304,-0.09351688,-0.05618742,0.18356092,-0.17429681,-0.13543200,-0.01455257,0.11166887,-0.09204415,-0.11024771,0.09539980,0.06215902,-0.00133359,0.00669063,0.15602371,-0.02984361,0.04344856,0.01075876,0.13799785,-0.09541979,-0.17247282,-0.08225508,-0.15166514,-0.05484365,-0.02960896,-0.03707451,-0.05899499,-0.00652978,0.08126763,-0.09661020,-0.04103211,0.11533643,-0.10848676,-0.05379252,-0.08760923,0.19158940,-0.00241812,0.00942976,0.03143836,-0.10390392,0.10387747,-0.04337524,-0.05855932,0.07338078,-0.14490049,0.10103457,0.14034480,-0.02828430,0.04744862,-0.01414497,-0.02356488,0.04463428,-0.19531815,0.18210602,-0.15502127,-0.11371924,-0.17093396,0.03370629
-0.01370875,0.06378990,-0.04405886,0.07871801,-0.01547022,-0.07355903,-0.09689491,-0.08746652,-0.06625487,0.10559525,-0.09910453,-0.01411791,-0.02873522,-0.08701842,-0.10778533,0.05631903,0.04204779,-0.09825209,0.04115387,-0.01686529,-0.00129304,-0.08359779,-0.04111179,-0.01277211,-0.09870894,0.09297469,0.02958391,-0.05117444,0.01152943,0.01100387,0.05137426,-0.05392276,-0.10544983,-0.12909971,0.00787914,0.00271514,-0.02632668,-0.11877352,-0.13394663,0.10551247,-0.05782652,-0.06558881,-0.03658120,-0.03656054,0.03051088,0.04019443,-0.03177560,0.08460632,-0.05915055,-0.02419407,-0.09313141,-0.06566098,-0.05075094,-0.07474734,0.04342681,0.02596453,-0.04978200,-0.01318672,-0.08015756,0.14984229,0.05132487,0.04140634,-0.05203649,0.13404760,0.08741247,-0.01176371,-0.09634269,0.09854017,-0.11519223,0.03118064,-0.15427899,0.03691807,-0.03219170,-0.05454258,0.08751392,0.01683570,0.11478689,-0.07696035,-0.02364996,-0.01818549,0.03024386,0.00884354,-0.03909800,-0.03343644,0.13289441,-0.02453990,0.04806268,0.07290258,-0.06347034,-0.03517311,-0.11290576,-0.01154861,0.03528508,-0.06213461
0.02779962,-0.13607353,0.01214705,0.00542660,-0.00453698,0.14168184,0.02856419,-0.02589345,-0.10045493,0.04830982,-0.02697620,-0.00035461,-0.00958010,-0.04880275,0.01697870,-0.05907751,-0.05083865,-0.15852311,-0.11211361,-0.14449087,0.21277051,0.09703258,-0.06758259,-0.12383930,0.14576046,0.03270246,0.05641296,0.11020062,-0.11975883,-0.12895840,0.01131149,-0.00483307,-0.04333758,-0.15495194,0.06894248,-0.08830939,0.08722145,-0.15508896,-0.00734221,0.17052402,0.05192093,-0.06673793,0.01953512,-0.06485219,0.07292946,-0.16332301,0.10663134,0.09749492,0.03640573,-0.06940737,0.06983090,0.12425616,0.12859859,-0.06593554,-0.01838626,-0.06406575,-0.09024567,-0.09127404,-0.04453096,0.07063802,-0.10774508,-0.15855455,-0.09848150,0.02595654,0.05260999,-0.09653329,-0.14032166,-0.07722197,-0.01053079,-0.02017016,-0.10343303,0.15192145,0.00043439,0.15973675,0.01369777,0.06374115,-0.10729183,0.04601958,-0.02959694,-0.04619645,-0.02856566,-0.00045858,0.13444851,-0.10028112,0.03806091,0.02900622,0.03976757,0.04305883,-0.21048768,0.19297518,-0.11507267,-0.00097333,-0.00271154,-0.13573915
0.02707812,0.09854157,0.09189274,-0.20524926,-0.08077257,0.01383522,0.05962149,-0.21779960,0.09610263,-0.01952477,-0.10668113,0.08325813,0.10262657,-0.09791068,0.05564598,-0.01129478,0.04534900,0.03985873,-0.17717931,-0.09684566,0.02606071,-0.09856050,0.03214599,0.04980351,0.17811769,-0.02261149,-0.11875990,0.12390485,-0.05753336,-0.09648998,-0.05390362,0.02449214,0.15953352,-0.13576977,0.10123271,-0.09284633,-0.05173151,-0.17034459,-0.01933271,0.22278985,-0.01327068,-0.09527217,-0.05443894,-0.00114660,0.04321154,-0.03671953,0.03354799,0.10819706,-0.03715393,0.01359454,0.07173157,0.09020560,-0.02926251,-0.09028636,-0.01668140,0.01330250,-0.10664722,-0.05593454,-0.14039683,-0.03523999,-0.18200876,-0.08206715,-0.09654392,0.00123205,0.06222425,-0.00780986,-0.08554828,0.01972836,0.06543501,-0.14565387,-0.19057815,0.05383155,-0.07134818,0.09917398,0.05042379,-0.06042574,-0.05776590,-0.06579724,0.01024177,0.09485158,-0.00403456,0.11277296,0.03072672,0.04583029,-0.00674713,-0.09897919,-0.04124578,0.06804425,-0.12900859,0.18329439,-0.09732667,0.12745252,-0.01716834,-0.14611989
-0.12505636,-0.00568104,-0.01475848,0.01379578,-0.03272178,-0.02387708,-0.08259919,-0.13344626,-0.11143521,0.08977228,-0.01415070,0.13397489,-0.04963453,-0.07976184,-0.13268705,-0.16593474,0.10616078,-0.02106283,-0.18175982,-0.15441473,0.02951073,-0.11567254,-0.03545186,0.01502228,0.02143467,-0.00237203,0.03467007,0.17517871,-0.10267384,0.08180568,-0.00885258,-0.02514740,0.00779524,-0.11470538,0.03168534,-0.12501557,0.04902774,-0.08281314,-0.12492793,0.15320872,-0.05508035,0.01580390,-0.03906859,-0.07922230,0.00538928,-0.15411974,0.00668957,0.02934118,0.02179825,0.02504103,-0.04514438,-0.01990172,0.11967158,0.01865523,0.00014248,-0.18040250,-0.17601028,-0.11699251,-0.13562793,0.05944369,0.05242497,0.12289817,0.14934266,0.10556179,-0.00274967,-0.17520745,0.05389044,0.07747386,-0.06837815,-0.07762222,-0.19254757,0.10766191,-0.10375482,0.14272432,-0.07151401,-0.06912351,-0.06392651,0.07594334,-0.06674133,0.02100551,-0.03319665,0.17057088,0.05722920,-0.13622665,-0.00421364,-0.20925771,-0.04561913,-0.02465935,-0.02171056,0.11982945,-0.16844188,-0.02143993,-0.17071992,0.18749739
-0.29142347,0.04270589,0.02978320,-0.39586845,0.02295849,-0.01189978,0.30746034,-0.46114203,0.02611426,0.00317393,0.00992930,0.00253941,0.10537091,0.07107671,-0.02348251,-0.09748178,-0.07910160,0.07450756,-0.18914850,-0.00327286,0.16105634,-0.17246968,-0.04271610,-0.13798828,-0.05127193,-0.16297098,-0.29576695,0.16396520,0.02304669,-0.14986448,0.00126440,0.01286905,0.18217945,-0.00359565,0.31704199,0.15618594,-0.21212691,-0.14775419,-0.09042275,0.07546627,0.04705302,-0.05033483,0.01053121,-0.01173446,0.19467889,0.00167741,-0.05734932,-0.07753226,-0.03170096,0.18188432,0.14637034,-0.03967998,0.02199354,-0.40331832,-0.10871094,-0.05393769,-0.22489333,-0.05231833,-0.01661842,-0.12777804,-0.60799766,0.04582439,-0.07292916,-0.19315708,0.01724838,0.01683711,0.07852685,-0.32311115,0.06655628,-0.39507827,-0.16925454,0.10965011,-0.21172605,-0.02023342,-0.14218669,0.15313278,0.09978222,0.00627243,0.08590194,0.11515407,0.08209585,-0.10553166,-0.06182421,-0.02690650,0.02894727,0.00890320,-0.21646333,0.05160324,-0.14468476,0.20992547,-0.00426679,0.27357215,-0.00270295,-0.38555464
0.05798392,-0.09869213,-0.05472180,-0.10062067,-0.03567897,0.04529809,-0.16720971,0.00746982,-0.02617851,0.21876366,0.00485200,0.00899928,0.02589423,-0.18864691,-0.05262717,0.05936294,-0.14114468,-0.19977705,-0.16104014,-0.25091499,0.07652121,0.09077341,-0.15795332,0.06019712,0.01978902,0.13736489,-0.04584961,0.07523967,-0.04270747,-0.09675520,0.07688721,0.14053853,-0.09544629,-0.17485607,0.21182203,-0.14909026,0.08408789,-0.13783902,-0.08974566,0.07006012,-0.12860759,-0.16623932,-0.13545977,-0.00686424,-0.13442031,-0.05042474,0.04692597,0.03078222,0.13231653,-0.03689506,-0.06328429,0.00012953,0.10081083,0.00135069,0.07685261,-0.21453948,-0.11620077,-0.11485733,-0.13102777,-0.01562832,0.09577695,0.02073934,-0.14346495,0.02014240,0.01680927,-0.02140716,-0.03788329,0.12257303,0.00807056,0.02146332,-0.07845052,0.17586261,-0.02916153,0.13432012,-0.00946698,-0.17111114,-0.02079769,-0.09460023,-0.17976207,-0.00226639,-0.01527130,0.07608698,0.16506553,-0.00642887,0.11876979,-0.10942614,-0.00565764,0.01672734,-0.13645880,0.08090990,-0.12575622,-0.01995660,-0.07504108,-0.05382750
0.11305950,-0.01582233,-0.16089559,0.06456774,-0.17837448,0.07450143,-0.00842138,-0.07022661,-0.04500081,0.12668537,-0.01755602,0.11173533,0.02256528,-0.11674995,-0.05198306,0.07699576,0.03452175,-0.02076880,-0.07153914,-0.03584567,0.19449125,-0.00658911,-0.13358913,-0.06274337,-0.00649587,0.14212514,-0.08228435,0.07917891,-0.05858533,-0.15844478,0.13573611,0.09783451,-0.02924149,-0.17499433,0.06132572,-0.05856843,0.12972598,-0.05722905,-0.11636411,0.02180908,-0.06580378,-0.11368623,-0.02633204,-0.02809592,-0.01247508,-0.01389670,0.05300511,0.05132204,-0.05731634,0.01692820,0.08504438,0.05330637,0.16438594,-0.01200768,0.11311802,-0.09629638,-0.06565718,-0.20480752,-0.08356547,-0.06134317,-0.05628296,-0.11084676,-0.17481682,-0.00601616,0.12119125,-0.14998123,-0.00426213,0.05206281,-0.13872938,-0.04319044,-0.21203533,0.02251232,-0.02313023,0.14802894,0.03519242,-0.06084311,-0.02852819,-0.02164809,-0.09174722,0.08215717,-0.03506457,0.03428090,-0.00883906,0.01467540,0.10675714,-0.00736970,-0.07807857,0.06109031,-0.03049747,0.04989219,-0.06347591,-0.09939480,-0.07901759,0.05383031
0.25044399,-0.05150440,-0.10018782,0.03688995,-0.15274094,0.15755858,0.20546356,-0.16144142,-0.00467989,0.10386566,-0.06887406,-0.00189129,-0.14779013,-0.10684403,-0.10018612,0.06838945,-0.02930319,-0.03616876,-0.05503690,-0.08402181,0.14524907,0.03894023,0.02254631,0.00835053,0.04934436,0.13423534,0.10932026,0.05607301,-0.02524751,-0.08210588,0.01631515,0.02508212,0.06879888,-0.20417047,0.00103019,-0.07643896,0.19249475,-0.14927268,-0.23713216,-0.00529643,-0.09079698,-0.06291312,-0.09433603,-0.01096377,0.01354461,-0.15056710,0.22669704,0.06086383,0.11427422,-0.05983882,0.07180691,0.13052252,0.08984683,0.01314110,0.10814635,-0.05722438,0.10104980,0.07052407,-0.10009430,-0.07824526,0.00311282,-0.04065352,0.16185503,0.04290637,0.15430422,-0.09703702,-0.18674636,0.03319351,-0.14882652,0.11243460,0.05252253,0.15185936,-0.02013561,0.11925895,-0.00989583,-0.17287233,-0.10130247,-0.02907896,-0.13819526,-0.01181571,-0.11422636,0.05665399,0.02423162,-0.09282604,-0.07727309,-0.03014725,0.01387782,-0.08883304,-0.11052494,0.07400297,0.04766281,-0.19591212,-0.11166862,-0.05359739
0.10854454,-0.10097467,-0.04140294,-0.11005478,-0.12500161,0.03421687,-0.09229940,-0.10150064,-0.12469709,0.11411732,-0.05805073,-0.05253917,0.04789592,0.02416379,-0.07932618,-0.04890613,0.06499416,-0.06446213,-0.12167763,-0.16605365,0.03022039,0.08223796,-0.07195712,-0.07969730,0.05077066,0.12362204,-0.05213832,0.09521306,-0.18140495,0.02603087,0.13774763,0.04217309,0.00842689,-0.16237172,-0.02681377,-0.15204591,0.11584906,-0.16267112,-0.10390090,0.07771399,-0.14471287,-0.01786200,-0.12863687,0.06890350,0.07249917,-0.07706509,0.04557971,0.11326668,-0.10879645,0.02653399,0.07213137,0.00684053,0.11479908,0.01140474,0.17043094,-0.04798095,-0.03677929,-0.06869216,-0.13983876,-0.04867399,-0.15372993,-0.08643295,0.03361208,-0.00506801,-0.04098928,-0.15132046,-0.05754283,0.04252547,-0.12542272,-0.12764506,-0.08285518,0.04758080,0.07573161,0.08872551,-0.02829191,-0.06320907,-0.07320268,-0.07507733,0.00677041,-0.08552210,-0.07104863,0.04638612,0.08914054,-0.00933959,0.04936789,-0.10242912,0.05648462,0.02712296,-0.06590986,0.18823016,-0.24845278,-0.00178555,-0.00415380,-0.02073122
-0.01588799,-0.11947781,-0.07628057,-0.06444104,-0.02456627,0.02858420,0.12136142,-0.05031345,0.00842734,0.21341729,-0.01402551,-0.00040812,-0.06898698,0.02054990,-0.14087398,-0.04723349,0.04023927,-0.03308835,-0.22556622,-0.13721733,0.10192490,0.01468439,-0.03655851,0.05013007,-0.08980385,0.02055675,0.00930776,0.21428660,-0.05167821,-0.07810418,0.08386117,-0.02840831,-0.02943384,-0.16012430,-0.04585155,-0.10825522,0.05849758,-0.14886932,-0.02538522,0.20233098,-0.13727985,-0.15765363,0.03408824,0.07440141,-0.06928901,-0.20948426,0.13060404,0.04688376,-0.02184981,0.03351194,0.11395103,0.09439947,-0.00969658,-0.13817337,0.13331623,-0.17080499,-0.15648904,-0.04157217,-0.13259177,-0.00224600,0.09440417,-0.01673934,0.01424081,-0.10795219,0.13922973,-0.17200799,-0.08187460,0.01723534,-0.10254675,-0.02954428,-0.06691773,0.15344560,0.01768103,0.11605855,-0.03430657,-0.15237185,0.05211392,0.00908692,-0.02094050,0.02924334,0.03421885,0.04206573,0.18214706,-0.06181259,0.03393568,-0.12996760,-0.02494117,0.04258005,-0.15179394,0.34835067,0.05394229,0.02376830,-0.19216208,-0.09278722
0.08970745,-0.05100970,0.04332324,0.00636447,-0.20498593,0.14755169,0.13448076,-0.14172050,-0.00079510,0.12703730,-0.10489552,-0.02651896,0.01838244,-0.06462626,-0.12605231,0.12723845,-0.12685579,-0.20140147,-0.09023964,-0.14430584,0.06490899,0.09999319,0.02236269,0.01036167,0.29624739,-0.00468022,0.09209218,0.12167690,0.00330323,0.00482775,0.05963375,-0.00903417,0.11106009,-0.11690255,0.01314076,-0.12504545,0.10661381,-0.01673126,-0.07954117,0.12949903,-0.02039397,-0.07669219,0.00107277,0.07207114,0.06214885,-0.09433991,0.01749393,0.08228035,0.01824362,0.05144751,-0.07758555,-0.01707883,0.11448311,-0.20268722,0.12374434,-0.05452960,-0.06945479,-0.18381216,-0.04911854,0.05468161,-0.02564872,-0.15813552,-0.07704351,-0.02159507,0.12228923,-0.15795758,0.01633852,-0.01705118,-0.03518604,-0.16233547,-0.24808295,0.03204204,0.08945523,0.03867278,0.11816795,-0.14186071,-0.03724712,-0.06024507,0.01522135,0.08748726,-0.04730513,0.04958270,0.10929589,-0.15568109,0.07817718,-0.08466949,0.00695063,-0.06114081,-0.16218156,0.24522875,-0.08542795,-0.01855751,-0.14374575,-0.05605321
-0.26384601,0.42726418,0.21219349,-0.38452518,0.03737129,0.08560500,-0.25795746,-0.27365899,0.42315325,-0.27352676,0.10737130,0.08761381,0.03401706,0.27298570,0.11311383,0.09058590,0.12117619,-0.06057654,0.07433379,0.28210217,-0.05330033,-0.12952775,0.29378542,0.56253928,0.30483890,-0.12462416,-0.12552685,0.20054278,0.01530796,-0.15233466,-0.11078589,0.00927865,0.11384608,0.00634137,0.62844974,0.18821803,-0.17140870,0.09684928,0.14139262,-0.02058511,0.11956708,0.02323451,0.06474633,-0.21589050,0.09897778,0.01876428,-0.18715386,0.18965495,-0.63126647,0.18828754,0.06197878,-0.13845812,-0.11099229,0.01220859,-0.07207544,0.10908166,-0.47331226,-0.00366632,0.11192407,0.05483988,-0.80263001,-0.05214870,-0.65938294,0.26987591,0.04559827,-0.00211528,0.14898175,-0.14270423,-0.04386082,-0.78472638,-0.13923118,-0.03650730,-0.00782370,-0.14419881,-0.17573056,0.23771659,-0.70014828,-0.11751197,0.20149437,0.06881694,0.10328310,-0.24097143,0.09973441,0.29878235,0.07182828,-0.09191675,-0.15388021,-0.25098303,-0.09136645,0.29569194,0.15025263,0.10653096,-0.06199491,-1.20631361
0.02447019,-0.06121185,-0.17328639,-0.07413033,-0.21536933,-0.02857901,-0.13274592,-0.12299269,-0.10034752,0.20673192,-0.19088787,-0.02913959,0.03585010,-0.19157802,-0.15069093,-0.01674165,0.02404007,0.12240761,-0.10376450,-0.09747675,0.01371429,-0.04993879,-0.11359172,-0.08155482,-0.25252703,-0.04971369,-0.04131261,0.00405339,0.00168186,0.00971903,0.00760961,0.07400843,0.11366627,-0.03718075,-0.06433648,-0.11326145,0.10831369,-0.03418797,-0.15279284,0.06764101,-0.13470638,-0.03651556,-0.05676856,0.06330413,0.02427609,-0.18361185,0.15822861,0.09282962,0.40722075,0.08751338,-0.02805128,0.06979045,0.05290879,-0.02115580,0.05655218,-0.21434295,-0.13468368,-0.13094692,-0.10762280,0.14101368,0.06438158,0.13775702,-0.06759492,0.14793891,0.04706256,-0.09310795,-0.12102713,0.04939599,-0.14964978,0.12376158,-0.17033221,0.05910521,-0.10067232,0.06739485,0.02920404,-0.13386033,0.02405576,0.10264475,-0.07912209,0.05818986,0.04083586,0.06644479,-0.01450008,-0.18828960,0.12520504,-0.11725436,0.06234603,0.04287405,-0.18620624,0.21013725,-0.17432933,-0.02340784,-0.18849625,0.02476531
0.08638448,-0.03915641,-0.02050630,0.01960750,-0.03229534,-0.05417681,0.02530383,-0.11882699,-0.00647683,0.00418466,-0.10977405,0.09880660,0.05484074,0.00544974,-0.13107580,0.08635700,-0.05373899,-0.07218685,-0.12869614,-0.02781390,0.08080269,0.08838888,-0.01751928,-0.00670481,0.13677768,0.08194227,0.08527293,0.15927324,0.01202565,-0.12130645,-0.02736416,0.15454942,0.06498868,-0.00436058,-0.08347992,-0.05975001,-0.06122034,-0.13535927,-0.02240343,0.10197384,0.05783094,-0.11178331,-0.16229253,0.05718538,0.00671240,-0.21664824,0.15826650,0.02109571,0.01427776,-0.02700680,-0.03309121,-0.05467990,0.10835569,-0.03913737,0.15410119,-0.03755664,-0.12423971,-0.00835151,-0.00691320,-0.02501375,0.04403535,0.07173594,-0.17528845,-0.02530073,0.00301323,-0.11182965,0.02650525,0.03956545,-0.07519833,-0.04572724,-0.10417104,0.00710429,0.00391268,0.17826226,0.09550046,-0.09219795,0.05116580,0.00563332,-0.15296243,-0.03577794,-0.15721515,0.00834852,0.16110560,-0.13713937,0.03066824,-0.13479921,-0.12007140,0.15009744,-0.17703380,0.06042048,-0.20537421,-0.09303280,-0.19896643,-0.11239880
0.25382257,-0.06449395,0.00046208,0.12259368,-0.17035460,-0.00819480,0.07922732,0.00219308,-0.13745654,0.07810067,-0.10371215,-0.10982028,-0.02149762,-0.22268339,-0.14056022,0.07079763,0.02485203,-0.07569814,-0.11606982,-0.18374759,0.19548166,0.15196130,0.03935148,-0.12127127,0.09578758,0.15763076,0.07557625,0.01287823,-0.10780212,-0.05681930,0.13614245,0.20200504,0.09500341,-0.17877702,-0.00242197,-0.11865856,0.09156795,-0.01683487,-0.05904301,0.01023221,-0.08655818,-0.07743139,-0.20010287,0.09850147,-0.09684163,-0.13410905,0.08051534,-0.02299572,0.16237235,-0.02846354,0.03426135,-0.06177913,-0.00982907,0.12649204,0.07656628,-0.16402788,0.05136385,-0.09122854,-0.12605986,-0.10709080,0.06474610,-0.06964205,-0.08364742,0.08834237,0.10637552,-0.19036627,-0.12582454,-0.04252758,-0.13456644,0.03980946,0.00217340,0.12783901,0.06310683,0.00348331,-0.01453039,-0.06700218,-0.02796263,0.00266942,-0.11099973,-0.09792252,-0.21959373,0.11900114,0.14351173,-0.19706273,-0.04120226,-0.06374194,0.20522057,0.01709703,-0.23493142,0.13897246,-0.01897499,-0.24302615,-0.05496160,-0.08855608
0.15273239,-0.02155090,-0.14881881,0.17164384,-0.25741419,0.08713324,0.14397100,0.15993802,-0.15131071,0.14347799,-0.00705975,-0.10246187,-0.03425978,-0.37959817,-0.19417275,0.02996514,-0.03878873,-0.30465496,0.00412407,-0.16273019,0.20100331,0.06208483,-0.23204085,0.04239106,0.28023407,0.18407518,0.28913581,0.14538588,-0.24815474,-0.10017774,0.15581968,0.37430871,-0.06035515,-0.33601505,-0.07967378,-0.33697289,0.22374628,-0.15173577,-0.19507837,0.20185331,-0.05809317,-0.22030041,-0.14922974,0.18492596,-0.11000334,-0.20436987,0.29086965,0.15878983,0.04957959,-0.07850534,-0.06705803,-0.02068599,-0.00485228,-0.05256073,0.15368573,-0.30218813,-0.07062177,-0.18573597,-0.29713327,-0.13862500,-0.03254541,-0.16230991,-0.04876431,0.06696497,0.15789382,-0.28900161,-0.08966573,0.19634345,-0.02479699,-0.04952348,-0.07859183,0.15382312,0.21265292,0.07127758,-0.08015414,-0.20057824,-0.18525244,0.06492244,-0.17613484,-0.09645408,-0.31760138,0.11851962,0.26382613,-0.24831432,-0.07615013,-0.14859283,0.11332820,-0.16297926,-0.11887752,0.04251460,-0.03569430,-0.21558751,-0.12751903,-0.17791934
-0.00950616,0.09934692,0.05028280,0.01161225,-0.05367163,-0.05054825,-0.26845089,-0.13732181,0.09058261,-0.05256781,0.00869652,-0.00289222,-0.09262394,0.13255751,0.09516276,0.17822716,-0.04453294,0.04276516,-0.04024762,0.06498974,0.00118526,-0.14653209,0.10291389,0.14672877,0.04746203,-0.02989174,-0.11905392,0.09890921,0.03896726,-0.10980774,0.05127449,-0.00879325,0.06972372,0.10342954,-0.05622305,-0.04784893,-0.18897079,-0.13808537,-0.03137960,-0.00644962,0.08107160,0.06445531,0.00819292,0.00336704,-0.07754341,-0.04937879,-0.08555964,0.07661404,-0.08938726,0.10743359,0.07539658,0.11671539,0.03367878,0.19683588,-0.01580797,0.12267279,-0.06587617,-0.02531489,0.01679764,0.02801208,0.02702391,0.02730604,-0.01212582,0.06735302,0.03583065,0.04852829,0.09753220,-0.02791121,-0.07306657,0.02197720,-0.03228461,-0.01084655,0.02188634,0.09857786,-0.02286404,-0.02100669,0.08449542,-0.13299106,-0.05694304,-0.02524921,0.07805973,-0.04713498,-0.05181767,0.13142256,-0.02771236,0.03950342,-0.11553521,-0.00484549,0.04933198,0.09881353,0.14568657,-0.09733273,0.05997293,-0.38833430
0.11774066,-0.00126380,-0.11811499,-0.04788981,-0.06068479,0.03979101,0.09786985,-0.15989852,-0.12051771,0.00181353,-0.07964896,-0.04716124,0.09715668,-0.11003517,-0.09449740,-0.00608507,-0.09411365,0.00842841,-0.01263861,-0.04849423,0.02166086,0.05228877,-0.10382359,0.00930312,0.06541738,0.02179471,0.09527235,0.10500035,-0.08540072,-0.03943134,0.02124229,0.02775839,-0.01830006,-0.11715716,0.09348519,-0.02410007,0.15010653,-0.06126243,-0.16654760,0.10318761,-0.03978082,-0.16788502,-0.02299375,0.02554145,-0.03564933,-0.15474547,-0.03863246,0.03853167,0.03830389,0.13239546,-0.07640346,0.12844312,-0.02862130,0.01305730,0.14670160,0.00867769,-0.17030486,-0.18621174,-0.10856061,-0.11307622,0.10029562,0.00545945,0.02026692,0.10213546,-0.00973159,-0.03572439,-0.06613619,-0.03775833,-0.16295399,-0.01192632,-0.02846820,0.01403064,-0.00032337,0.11219613,0.07691393,-0.02057688,0.13552041,0.01285977,0.01270625,0.05212557,-0.18213935,0.03198961,-0.02969097,-0.15167320,-0.00666540,-0.12534957,0.10317692,-0.02350826,-0.01371735,0.11471362,-0.16546342,0.09000713,-0.13160218,0.04523449
0.08233145,-0.00352020,-0.03379343,-0.05130668,-0.13477647,-0.05122694,-0.07945817,-0.04794063,0.01992129,-0.03212829,0.02471859,-0.03488946,0.01341169,0.02900463,0.00608945,0.03713025,-0.04432939,-0.04791488,0.04491704,0.03522819,-0.04122034,-0.01467513,-0.08691885,0.04831140,-0.00138874,-0.04864158,0.08281016,0.09740598,-0.00681132,-0.05555465,0.06980907,0.00953217,-0.06853397,-0.00362143,0.11123917,0.01014152,-0.06349389,-0.12646723,0.01497332,0.13881901,-0.04888723,0.00195751,-0.00572985,-0.05755791,-0.10138384,-0.08602633,0.11902121,0.11953960,-0.13402255,0.02380610,-0.03026508,0.11103324,-0.04311871,-0.12462911,0.07114422,-0.07445545,-0.13888794,-0.13466172,-0.03973848,-0.17678863,-0.04623950,0.01792104,-0.00089559,-0.10977011,0.06845596,-0.14083585,-0.02427242,0.06359307,-0.06353095,-0.02234172,-0.12431686,0.09352605,0.00732951,0.11143187,-0.00205871,0.00298994,-0.04247507,-0.06465602,-0.05901223,0.08409581,-0.09577215,0.08849695,-0.01077820,-0.05771923,0.09701270,-0.06874193,-0.10628282,-0.01626255,-0.00776820,0.13327949,-0.14700812,-0.05120824,-0.12483080,-0.09294193
-0.09695521,-0.09196790,0.02976464,-0.03890607,-0.04577828,0.01102085,-0.06339841,-0.13948829,0.00005156,0.07770072,-0.08374661,0.03697845,-0.03414231,0.00438224,-0.02697312,-0.02848127,-0.08785387,-0.03176998,-0.09253240,-0.13101514,0.14320111,-0.01165331,-0.18391337,-0.07593860,0.10333668,-0.06174143,0.07929141,0.16336142,-0.09111168,0.03821669,0.01335059,-0.06065276,0.07699499,-0.20198849,0.07383287,0.04877785,-0.01152954,-0.17268834,-0.04607177,0.02591259,-0.12098473,-0.15719481,-0.09884034,0.03747995,0.03269193,-0.19685496,0.22090867,-0.05859474,0.17010123,0.06650591,0.09471445,0.08669890,0.05565092,0.06035974,0.09689930,-0.08698393,0.00908368,-0.09084677,-0.13961212,-0.01250897,0.03887204,0.01714334,0.04727396,0.07620488,0.20768951,-0.10578778,-0.15386784,-0.03460047,-0.09711993,0.02138326,-0.19394666,0.00161553,0.07639559,0.15309407,0.02456061,0.00618528,-0.06983032,0.02392467,-0.00777172,0.00328238,-0.11598165,-0.05132172,0.14944981,-0.09302559,0.04144110,-0.17186366,0.00938393,0.01165967,-0.26771432,0.05916493,-0.11955166,0.04536945,-0.20263711,0.08360515
0.13052140,-0.10371128,0.01789935,0.00606620,-0.15393391,0.03866696,-0.12677819,-0.20393781,-0.08133335,0.11335176,-0.13034271,-0.00351811,-0.00820344,-0.10777474,-0.02750575,0.11170347,0.07612941,-0.03151044,-0.02411929,0.01558837,0.06964082,-0.03863924,-0.10611634,-0.12690058,-0.04044644,-0.00000907,-0.10402819,0.02770464,-0.05063256,-0.03103034,0.06522813,0.13660048,-0.00227821,-0.07776254,0.13339053,-0.13813040,0.04539753,-0.11350711,-0.06246631,0.03014749,-0.04737815,-0.01131875,-0.08382822,0.11052397,0.05895775,-0.01745690,0.03623970,0.08626024,0.01536185,0.02087720,-0.01025042,-0.04892801,0.03731408,0.02876057,0.14441232,-0.09595858,-0.12599428,0.00602292,0.01792960,-0.02064124,-0.13997144,-0.04682434,-0.13431610,-0.03145389,0.01042740,-0.05096347,-0.00937443,-0.07245427,-0.20613943,-0.05530735,-0.12116571,0.01021671,-0.02675962,0.11135992,-0.07975680,0.03088486,-0.19876413,-0.04308198,-0.11904686,0.07276449,-0.05308218,0.01904657,-0.04003575,-0.00775662,-0.01237426,-0.01746444,0.06696851,0.06199319,-0.08899992,0.02757054,-0.13310577,0.01815032,-0.00447605,-0.08385511
0.17226210,-0.02663693,0.02843003,0.14421365,-0.23055373,0.12887664,0.13200766,-0.07871782,0.00284532,0.17130733,-0.12993658,-0.08684090,-0.14816296,-0.17033188,-0.06807345,-0.03425843,-0.04499158,-0.23796259,-0.09112429,-0.22207347,0.12373565,-0.04382935,-0.18603110,0.07079416,0.06251018,0.07369629,0.15676352,0.16109224,-0.18080716,-0.16397904,0.07267278,0.21205740,0.10187718,-0.09705472,-0.09711717,-0.04437076,0.14521500,-0.09757575,-0.17539805,0.10318832,-0.17476794,-0.01964306,-0.16628538,-0.01744755,-0.01665316,-0.11635125,0.15483499,0.13883005,0.00180372,0.01733566,-0.23187539,0.11467184,-0.00951611,-0.17631802,0.08402284,-0.15840039,0.02223085,-0.12162664,-0.06582622,-0.16777086,0.09168310,-0.14889237,0.01346334,0.13761984,0.15807272,-0.25134811,-0.16212374,-0.00425657,-0.05164583,-0.00154583,-0.06552955,-0.00481026,0.03620810,0.11694045,0.16570735,-0.02642315,-0.18650627,0.03811266,-0.11257255,-0.11028949,-0.16285548,0.04097044,0.06080565,-0.11310493,0.01045845,-0.04313274,0.09237781,-0.02479829,-0.19157365,0.12968695,-0.19513080,-0.13024707,-0.22547752,-0.26031956
0.04924954,-0.11423986,0.00379997,0.00195765,-0.11024217,0.03817823,0.18290976,-0.06570294,-0.09930349,0.09452786,-0.03102086,-0.00666129,0.02375638,-0.14639033,-0.09370157,-0.01169875,-0.05489147,-0.05662802,-0.12279070,-0.05787333,0.05108750,0.09894034,-0.08047526,-0.08317273,-0.08170401,0.01364428,0.05371717,0.09562912,-0.18450496,0.00165053,0.03651682,-0.00651648,0.06646986,-0.15535662,-0.05395548,-0.08041591,0.06352758,-0.06982333,-0.10846975,0.16624261,-0.13501163,-0.05577876,-0.09659453,-0.05306542,-0.11410455,-0.13801497,0.07993901,0.07781129,0.05545317,-0.06734772,0.02404245,0.08511595,0.02305650,-0.07273161,0.20429842,-0.04977085,-0.10757295,-0.09351519,-0.20118928,0.01172678,0.09764024,0.08354516,0.05964524,0.00789699,0.06825954,-0.22727890,-0.09241194,-0.02466965,-0.02266330,0.02935934,-0.06106190,-0.01721838,0.04405133,0.19556549,0.08094881,-0.15284669,-0.01295643,-0.04361640,-0.15260097,0.04086976,-0.02185743,-0.00724848,0.18238164,-0.17078759,0.03536367,-0.06040838,-0.03463501,0.00624167,-0.11492246,0.05006774,0.08525740,-0.04961748,-0.20053369,0.03039244
-0.03594970,-0.10388432,-0.13901944,-0.04249680,-0.02356633,0.02452001,-0.04641204,0.01792830,0.03308270,0.10943274,0.02000498,-0.10292953,0.05776996,-0.10208053,-0.12509932,-0.01731331,0.05715491,-0.01659156,-0.09691844,-0.11383098,0.12291119,0.03585368,-0.08993580,0.03683877,-0.08476664,0.00812604,-0.02725853,-0.04425889,-0.08434623,0.03115790,-0.05514051,0.10499346,-0.09584036,-0.03773225,-0.05048420,0.01982770,-0.04361415,-0.09832834,0.00914841,-0.03341561,-0.02270809,-0.03101143,-0.12044713,-0.04775885,0.01543390,-0.08899615,0.00787339,0.03126411,0.08645219,-0.09457095,-0.07064501,-0.05080222,-0.04221252,0.04353158,-0.02968091,-0.05192061,-0.11126670,0.03426742,-0.11549584,0.13692017,0.21674034,-0.05878109,-0.17768370,-0.00569677,0.01479188,-0.04141739,-0.03943194,0.18643188,-0.08964061,0.08129328,0.03571584,0.13928765,0.09813560,0.03494332,-0.00284898,-0.09994399,-0.10188983,-0.03196319,-0.05402292,-0.01162696,-0.07924428,0.16134277,0.00893821,-0.00287318,-0.00468075,0.01669007,0.00592595,-0.02160994,0.01289129,-0.05161352,-0.11916184,0.00094668,-0.13745382,-0.01305947
0.06268169,-0.05066792,-0.14825243,0.06213483,-0.08017331,-0.02127709,-0.12426882,-0.02500863,-0.15846859,0.03880630,-0.06074213,-0.03356364,0.00956209,-0.13195676,0.03615069,0.17225182,-0.03240698,-0.10077157,-0.02272414,-0.00117176,0.04591702,0.06688794,-0.10136224,-0.01351211,0.06714817,0.02171006,0.03688389,0.05599060,-0.02855679,-0.04336856,0.03925863,0.09987116,-0.06035104,-0.13515735,-0.03570623,-0.01088912,0.14096609,0.05407488,-0.08801067,0.01745631,-0.10840126,-0.10955112,0.01863090,0.01677747,-0.07343226,-0.03730693,-0.08153837,0.02648324,-0.03677747,0.03426582,-0.00234557,-0.07693571,0.08809180,0.04426406,0.06520978,-0.10513572,0.04340295,0.00935035,-0.07155664,-0.10630399,0.07718944,-0.03771794,0.01857496,0.11761324,-0.06832412,-0.01300478,-0.08747296,0.07365581,0.08123021,0.01161631,0.00129126,0.08004993,0.04335337,0.04309890,-0.03295300,-0.13593328,0.05082107,-0.02165812,-0.10285977,-0.05801236,-0.08522856,0.17713232,0.00831661,-0.02790002,0.06840115,0.00078550,-0.02676416,0.03590363,0.05233278,-0.08932386,-0.09391081,0.11019174,0.03070354,0.12650996
0.04894628,-0.02760940,-0.02029186,-0.00693917,-0.16268401,0.04761212,0.02348598,-0.13364983,-0.21134055,0.23961096,-0.02961446,-0.01954932,0.05198898,-0.16061547,-0.23513190,0.12223110,0.04735235,-0.14153148,-0.08178660,-0.08645634,0.24177426,0.09480272,-0.10036358,0.07387625,0.25087008,0.16074957,-0.03405184,0.19103803,-0.07777235,-0.17335956,-0.04901267,0.07702163,0.01385269,-0.15069216,0.04860492,-0.10731144,0.22399591,-0.20561565,-0.05082886,0.17996582,-0.07962745,-0.17731744,-0.16931835,-0.01321877,-0.04317143,-0.21643463,0.02652120,0.13511364,0.09292292,-0.03795389,0.12847424,-0.00910130,0.10899168,0.01985008,0.14127646,-0.25667757,-0.03649318,-0.14039131,-0.07046395,0.08973140,0.12584904,-0.08532643,-0.12771462,-0.08399629,0.12353555,-0.17636228,-0.17471957,-0.01955458,-0.13927379,-0.05964798,-0.22796237,0.23295832,0.10083061,0.23088463,0.07223352,-0.20085584,0.09802639,-0.12109903,-0.04954288,0.09538216,-0.19200069,0.03191210,0.05610117,-0.01634023,-0.01444997,-0.17299336,0.02088669,-0.08140726,-0.11582443,0.08806626,-0.19310361,-0.07045641,-0.14846016,-0.04085439
-0.05297579,-0.11025473,0.01066858,-0.11644315,-0.06752753,0.04077478,0.10358121,-0.05367413,-0.09699140,0.01396850,-0.01214248,0.16285384,0.03196410,-0.20382766,-0.16981797,-0.11704527,-0.02484647,-0.17435275,-0.10756207,-0.19776449,0.07039876,-0.05289694,-0.23181187,0.02461714,0.23924680,0.12488358,0.04077806,0.09145514,-0.01121889,0.02739813,-0.04488616,0.25043398,-0.04842293,-0.10281260,0.06318315,-0.06848469,0.08666070,-0.15758364,-0.25485012,0.15552728,-0.06380121,-0.11003206,-0.05993826,0.05833794,-0.01763154,-0.11788495,0.21445647,0.10550535,0.00690824,-0.02191730,-0.29658073,0.01954161,-0.00834008,-0.11153226,0.12128912,-0.13077246,-0.04020457,-0.07593055,-0.03104203,-0.01957933,-0.09000055,-0.00849790,-0.04787321,-0.08889063,0.00190959,-0.09218441,0.06031847,-0.01886124,-0.10365774,-0.15371960,-0.08668239,0.11578450,0.17497151,0.06329914,-0.07628302,0.00862331,0.03000260,0.08229765,-0.00762058,0.03399582,-0.03049858,0.10521919,0.18403667,-0.21653722,0.04758247,-0.12971410,0.09960081,-0.00922947,-0.08280518,0.18002684,-0.25116751,0.19172116,-0.14743987,0.12598413
0.00767434,-0.15337998,-0.16554241,-0.02449868,-0.09363060,0.12225767,-0.13335319,0.00207898,-0.04218240,0.13664071,-0.12368600,-0.01768707,-0.05346934,-0.11353780,-0.02630660,-0.00605469,-0.04563430,-0.12418758,-0.14928463,-0.16473903,0.14240478,0.11610215,-0.02351452,0.03643115,0.09534073,0.03210541,-0.03208326,0.18817949,-0.11851753,-0.10776526,0.08353017,0.09466173,0.03011002,-0.16162758,0.03096427,-0.17755233,0.00226854,0.03085892,-0.03578523,0.07610240,-0.02584226,-0.01518981,-0.00308293,0.05535015,-0.06653453,-0.12805465,0.14341739,0.06964032,-0.01889405,0.05175175,0.13646303,0.03438078,-0.06593004,-0.10872633,-0.00715529,-0.07996535,-0.14287814,-0.11102562,-0.15298530,0.06529842,0.20057027,-0.12267644,-0.13737646,0.10170256,0.13088667,-0.01296924,0.01922285,-0.02488901,-0.09550564,0.18543030,-0.18174438,0.01102415,0.03768119,0.18358083,0.10471288,0.01731937,0.06434768,-0.12892789,-0.03789908,0.00718086,0.02478358,0.11242124,0.05951407,-0.08267547,0.07432214,-0.08231515,0.02040472,-0.07297537,0.00045714,0.07609536,-0.19470187,0.04775634,-0.01280330,0.08684690
0.05876994,-0.07726149,-0.20000944,0.06865840,0.01631656,0.10756916,-0.19144659,0.04965520,-0.00392325,0.07968580,-0.24589542,0.00637581,0.46065268,-0.05145845,-0.03595638,0.45926613,-0.08604016,0.10774308,0.21222338,-0.05771812,0.16725886,-0.09239134,0.04598954,-0.27361509,-0.52811801,-0.06603389,0.11848400,-0.05783520,0.03774828,-0.16840041,-0.13805224,-0.06210959,0.00256185,-0.15724380,0.58872080,-0.12290181,-0.15267496,-0.05595139,-0.01462692,0.16341010,-0.11313901,-0.21262914,-0.09493242,-0.00293642,0.03358879,-0.19335215,0.05856026,0.08865338,-0.39750537,0.37206599,-0.08408445,-0.01955748,0.13576053,0.21135491,0.05883376,0.13938253,-0.34044117,-0.08694364,-0.26753139,-0.31163138,-0.25731403,0.30522555,-0.23898436,0.41389337,0.00912928,-0.19639978,-0.19232011,0.04656782,-0.16031215,-0.05473674,0.00473251,0.13360889,-0.22525854,0.20043062,0.02143903,0.05825402,-0.27554640,-0.08901837,-0.03028924,0.29748991,0.05956519,-0.04080769,-0.04271039,-0.06932223,0.21508519,-0.22928590,-0.47942138,0.34804574,-0.10858488,0.15481833,0.14580144,-0.17618258,-0.10945486,-0.49855417
-0.06564970,-0.20274723,-0.04714456,-0.11909863,-0.00904414,-0.01360842,-0.15426874,0.01656931,-0.10222585,-0.09240922,-0.01118190,-0.13112737,0.03942861,0.05647336,-0.01372791,0.04641700,0.05009389,0.08249206,-0.01319872,-0.09822948,0.02744335,-0.00923206,0.06337276,0.11564924,-0.07330707,-0.00788896,0.01250824,0.01124152,0.01307598,-0.00485169,-0.08792786,-0.05528591,0.04473806,-0.07465838,0.21208858,0.05219638,0.10128184,0.07430724,-0.13338697,-0.06022876,-0.08005778,-0.08746098,0.02228823,-0.05586739,-0.01162471,-0.04269533,0.01969802,0.15672669,-0.03809069,0.09120987,0.16665871,-0.19727990,-0.15709919,-0.07602935,0.00111401,-0.05914548,0.02601702,0.22569141,-0.03474730,-0.07444722,0.12081227,0.06862123,-0.00502448,-0.09747683,0.05349155,0.05571382,-0.15255314,0.01938511,0.01762539,0.13697097,0.02257418,-0.04749137,0.21655336,0.10800777,-0.14400148,-0.05115564,0.20521578,-0.10752895,0.00572981,-0.05695796,0.20700578,0.09531014,0.11494927,-0.05823678,0.11226603,-0.08624709,-0.04687020,-0.03118903,0.05449747,-0.00299986,-0.03510084,-0.14180461,0.02039812,0.23259301
0.17137426,-0.06707361,0.01422791,0.19935638,0.02173858,-0.10870180,-0.16048262,0.11868868,-0.10760538,0.13158044,-0.01773574,0.11670682,-0.06277589,-0.04716313,-0.05781873,-0.02958677,0.01431802,-0.02516435,-0.08791859,-0.00085848,0.06536010,-0.09993474,0.01119238,-0.01144021,0.15150782,0.01059361,-0.02831642,-0.14083934,-0.07654936,0.03438162,0.12106735,-0.03625717,-0.12699987,0.06094426,-0.10931122,-0.12944847,-0.01515968,-0.00608706,0.04672895,-0.03243279,0.11596594,-0.00127533,0.08999131,0.10712519,0.07760812,-0.02242727,-0.00462321,-0.01599054,-0.03008170,0.04397916,-0.19722469,0.17628910,0.05482174,0.16817299,-0.05959997,-0.05976574,-0.05579983,-0.13627739,-0.13717882,0.14490820,-0.14780475,-0.15127818,0.06143350,0.16460270,0.06930251,-0.04189857,-0.02109765,0.06353100,-0.05435812,-0.03502310,-0.04770384,0.00116480,-0.10008388,-0.08249552,0.10360790,0.06229047,0.09874423,-0.13949455,-0.01100735,0.20986514,-0.02348962,0.05800203,0.01160811,-0.00443128,-0.01329893,0.05548151,0.01510503,0.10722840,0.07090167,0.02973790,-0.06545049,0.17588645,0.15083991,-0.27041823
0.06069838,0.04998787,0.01085742,0.09024696,-0.05179981,-0.07105976,-0.00183924,0.06763327,0.01782663,0.04678404,-0.02256931,0.08037134,-0.13604972,-0.02183895,0.02230139,-0.14581068,0.01056359,-0.18228590,0.02056267,-0.09334636,0.06813217,-0.07804424,-0.01882517,0.04605896,0.16026790,-0.15832862,0.06448337,-0.03936321,0.10317039,-0.02426174,0.08079419,0.11532508,-0.00485808,0.02382982,-0.13733058,-0.08065344,0.06912886,0.01798236,-0.09396910,0.02853723,0.01004298,-0.10417311,0.05940511,0.02835301,-0.07671016,0.12363346,0.02993716,-0.01676471,0.04787211,0.04919584,-0.22247694,-0.01308413,0.06175362,0.00216750,-0.03485202,0.00856312,-0.14836645,-0.10213772,0.02008688,0.09771696,0.04663124,-0.23086727,0.33605409,0.12236623,-0.05004700,-0.02679403,0.02924854,0.07155161,-0.14814369,0.11763629,0.08346903,-0.03719334,-0.14563836,0.09160222,-0.04833618,0.06188825,-0.18990569,0.03451265,-0.10582198,0.06917979,-0.08077493,-0.08653093,-0.12883802,-0.06853947,0.04701055,-0.07482421,0.15142979,-0.02882790,-0.02146871,-0.03377648,-0.07666288,0.10112670,0.00991202,0.00587400
-0.03371689,0.09100053,-0.03725763,-0.18569437,-0.02735940,-0.05568648,-0.05202678,-0.03631258,0.14238019,-0.13829170,0.09415106,0.06631195,0.04845571,0.06680324,0.09922718,-0.13208377,0.02823293,-0.00836186,0.03958798,0.07335277,0.04342863,0.04887319,0.09279447,-0.11662164,-0.04633162,-0.03029754,0.01339010,0.03046369,0.03200296,0.11171763,-0.03019074,-0.01557852,0.07815083,0.03139740,-0.02284807,0.11245964,-0.11548163,0.06884316,0.08817143,-0.11847852,0.07731060,-0.03443422,0.11637457,-0.03280610,-0.03046341,0.09014919,-0.10068252,-0.09532867,0.04263519,-0.04509325,0.19030347,-0.05290739,0.01174707,-0.01401037,-0.03062945,0.07495108,0.13548946,0.00207180,0.13619651,-0.03342210,0.01524557,-0.00975542,0.05278445,-0.10201440,0.02343276,0.03947705,0.11309908,-0.04244589,-0.03846115,-0.02287080,-0.03533053,-0.03932017,-0.05694065,-0.07023337,-0.00084126,0.11044375,0.13717987,0.08076031,-0.00546969,-0.03040679,0.04914091,-0.13738798,-0.10088306,-0.04900312,0.02597643,0.04524223,-0.01371497,0.05601256,-0.07642382,-0.04418233,0.00920100,-0.02994784,0.09326741,0.05599508
0.14731562,-0.01147078,-0.14593092,0.04843080,-0.01408415,-0.02026197,-0.00643307,-0.00527029,-0.10457181,-0.06356198,0.00435614,-0.00038120,0.06566685,-0.07630182,-0.00222204,-0.05815645,0.13041541,0.10243341,0.04744217,-0.10146512,-0.04856605,-0.00269059,-0.13489886,-0.09294341,-0.18077567,-0.00983508,0.05384625,-0.03711372,-0.04112814,0.05178892,-0.09204910,0.01071771,-0.18544064,-0.05448245,0.06878427,0.03271144,-0.04313037,0.09458399,-0.04072632,-0.06497782,-0.01854178,-0.02407277,0.09284954,0.08048447,0.03943789,0.03857602,-0.15280360,0.05353559,-0.14378347,0.04686541,0.01813359,-0.10811532,0.08105717,-0.03966574,-0.09458240,0.05609778,-0.07317591,0.03863338,0.02461015,0.12207741,0.10428131,0.06671931,-0.22678395,0.13461392,-0.02667711,0.11264981,0.00661316,-0.04287183,-0.02341537,0.12454205,0.11991451,-0.10352764,-0.11980537,-0.01032736,0.01966714,0.07592421,-0.15577151,-0.09770361,0.02404921,-0.03542884,-0.01188751,0.09688704,-0.06886365,0.04452241,-0.06498227,-0.03698785,-0.10796319,0.02084319,0.01002760,-0.06541950,-0.04111888,-0.00791710,0.10369132,0.05248655
0.05412409,0.05620006,-0.07588740,-0.05188391,-0.06512063,-0.01487768,-0.00193694,-0.04423544,0.10794242,-0.02472918,0.07569799,-0.10596795,-0.07645242,0.03290627,0.14830731,-0.08659647,-0.07893440,-0.03581671,-0.00304595,-0.01413407,0.01608899,-0.00448914,0.05233458,0.11179499,0.06817418,-0.02190287,0.03189979,-0.13131104,0.05549077,0.02553377,0.09685410,-0.07853693,-0.00498536,0.05049717,-0.05330252,0.02592671,0.00090216,0.06214848,-0.02419312,-0.13018940,0.12855993,-0.01966328,0.06608447,-0.01388499,0.05193200,0.08345369,-0.07260393,-0.11479285,-0.07248282,0.11340022,0.04977510,-0.08498459,0.04328349,-0.04357210,-0.00901556,0.04551445,0.08470642,0.09144774,0.12504293,0.05021133,-0.21219984,0.07842682,-0.23127919,0.06232743,-0.02113308,0.05930067,0.04944858,0.02131785,0.07175851,-0.15758146,-0.07820639,0.03753396,-0.11060216,-0.07133530,0.05328367,0.02879813,-0.01644320,0.05033309,0.05196777,-0.04669844,0.01410713,-0.09766775,-0.07303514,0.10459528,-0.02179896,0.16741744,-0.03511595,0.04792135,0.03397328,-0.07455866,0.03044317,-0.15057239,-0.04578885,-0.04322771
0.14069305,0.17991610,0.19460434,-0.01063827,-0.02683478,-0.03744556,0.02434246,0.02060622,0.18818253,0.00815628,0.14215952,-0.04314462,-0.15762261,0.03963906,-0.01261890,-0.31296352,0.04484488,-0.09786479,0.10303729,0.09371997,-0.13444306,0.00509586,0.11629748,0.19086312,-0.06328486,-0.01985972,0.03272669,-0.12439881,-0.02585224,0.15384838,0.00859805,-0.13678505,-0.00621235,-0.02417199,0.16401678,-0.04318311,0.02084333,0.02388310,-0.00313338,-0.08571948,0.17394753,0.19849831,-0.01867876,-0.02726720,0.07450087,0.06490436,0.02436476,-0.07665922,0.21415108,-0.02843613,0.07895064,-0.15315686,-0.04682725,-0.19316831,-0.05295924,-0.01188876,0.09665739,0.04450770,0.02865279,0.27955422,-0.15719752,-0.10205290,0.35481605,0.09549969,-0.06041444,0.02228320,0.05301218,-0.02014075,0.05752876,-0.02484705,0.13524976,-0.05853420,0.03628545,-0.00628037,-0.01104966,0.09040092,-0.01444457,0.25428000,0.09305561,-0.04158176,0.07583615,-0.06088404,-0.06363150,0.05943681,-0.02063870,0.22721866,0.07859354,-0.11506726,-0.00472094,-0.00381145,0.07883228,-0.01009640,0.15878263,0.21360593
0.10237714,-0.12131680,-0.02713606,0.11713510,0.02155934,-0.07115930,-0.11667759,-0.03296229,0.01115354,0.13907053,-0.15291612,-0.05959471,0.06759390,0.07819446,0.04066760,0.21190883,-0.11988857,0.04569088,0.09635481,-0.09523509,-0.10018896,-0.04579868,0.08545054,-0.00984762,-0.06654616,-0.00041654,-0.00010653,-0.08628151,0.04738482,-0.15968406,0.06551853,0.00746450,-0.13335256,0.04263593,0.14940745,-0.03024960,0.07477024,0.07994778,-0.04931435,-0.05110177,0.01657990,-0.04679389,0.01801068,0.08195702,0.04317280,-0.05460884,-0.07783046,-0.10016725,-0.12636977,0.11848031,0.07055926,0.05202449,0.07126905,0.01160632,0.01278941,0.01588023,-0.09758428,-0.15548147,0.01652639,-0.18232372,0.01560947,0.13206269,-0.24302754,0.17112237,0.10312472,-0.01095813,-0.05330476,0.03346657,-0.00972607,0.04458400,-0.04115953,-0.06977027,-0.12507318,0.04536763,0.10625575,0.07256343,0.07627280,-0.24118149,0.08253109,0.14456953,0.02674209,-0.03933731,0.03479949,-0.02622531,-0.00037493,-0.08323408,0.09102456,0.17084976,0.10636386,-0.12184459,-0.00282735,-0.02978634,0.01339692,-0.21911064
0.24032807,0.00154533,-0.04557393,0.07993677,0.05268783,-0.14236748,0.07764146,-0.01697008,-0.13874741,0.06781716,-0.15516134,0.11503251,0.01074338,-0.12668188,0.07206430,0.11306835,-0.03193475,-0.11139377,0.06150254,0.05636229,-0.07091346,-0.08899672,-0.07501125,-0.19116695,-0.06121139,-0.05130835,-0.02584438,-0.02080646,-0.08427624,0.07802318,-0.02387818,-0.00178138,-0.07289072,-0.06898745,0.01600196,-0.00990050,0.02668162,0.07865836,0.03569853,0.11027078,0.06820644,-0.03152754,-0.06999973,-0.02380139,0.05699967,-0.10285673,-0.05616775,-0.01994486,-0.15554287,-0.09267366,-0.17449780,-0.04601256,-0.04505363,0.12564726,0.10398494,0.06959793,0.05366894,0.00795759,0.02519274,0.02813551,-0.20588286,0.10010252,-0.01551299,0.08020445,0.01238731,-0.04588228,-0.04242579,-0.05401858,-0.04632294,0.11068565,0.03447982,-0.07000155,-0.07317203,0.01132623,0.05168281,0.06083358,-0.08768982,0.08272344,-0.04768018,0.00254903,0.07304240,-0.09768083,-0.03358403,-0.01746522,-0.05027587,-0.07770427,-0.11969716,0.14893731,0.00205322,0.07607135,-0.09123649,0.08800088,-0.06214072,-0.12433636
-0.08450968,0.13684721,0.08217257,0.00744000,-0.04895886,-0.06969383,-0.05447210,0.09451866,0.11510571,-0.03344417,0.14300828,-0.09911640,0.03696942,0.05633005,-0.05427679,0.00908090,0.04861219,-0.07092514,-0.04481531,0.11931617,0.02758045,0.01464918,0.05306840,0.06627334,0.08343288,-0.09798175,-0.15417200,-0.00950873,0.00154294,0.10864380,-0.01456482,0.03770984,0.13631034,0.10150978,-0.07762078,0.06005671,0.03996724,-0.07818802,0.12180232,-0.09320001,0.05806936,0.10952940,0.04221926,-0.01916278,0.07988589,-0.06159007,0.05060437,0.05199601,-0.01415007,0.05268065,-0.01441609,-0.07683600,-0.12961820,0.08972121,0.04394943,-0.04481446,0.11550645,0.02744029,0.01476421,-0.06210708,0.01850473,0.01638462,0.01287996,-0.06798346,0.08705454,0.06756278,0.05336321,0.07621581,0.09599403,-0.00977637,0.06601828,-0.01154011,0.00558984,-0.02473501,-0.00800861,0.11339833,0.13428937,0.14764124,0.02355357,-0.04296754,0.08190303,-0.04365136,-0.05050687,-0.07904191,-0.05628135,0.02868505,0.02579846,-0.14318074,-0.00279236,-0.01149393,0.09861956,0.00182159,-0.01375990,-0.08621085
0.00641194,-0.09515440,0.12441023,0.09943312,0.00301026,-0.07715292,-0.01007673,0.00103305,-0.04996367,0.09085023,-0.06422251,0.17653373,-0.02970905,0.04532194,-0.05868681,-0.03414952,-0.02299322,-0.00578941,-0.01463779,-0.10608874,-0.01816605,0.03831132,0.00867908,-0.13602792,-0.01767200,-0.07616801,-0.05743583,0.06266319,-0.07147330,-0.08405706,-0.04627581,0.06091902,-0.15028434,-0.03120873,0.02422970,-0.02560655,0.03709352,-0.07487215,0.00033671,0.03587360,-0.08584412,-0.04433896,0.03795346,-0.05308179,0.08845422,-0.07463552,0.01555042,0.01137614,-0.14195560,-0.04936932,-0.13394082,-0.06147498,0.05519478,-0.03499170,0.00598507,0.04075636,-0.14884165,-0.03389877,-0.10643959,-0.01469218,-0.17575502,-0.15536377,0.03704528,0.07794552,0.06784669,-0.03176613,0.14399508,0.02058228,0.00791350,0.05955537,0.10001428,-0.06035806,-0.10183769,0.06744804,-0.03418970,-0.07900745,0.09299836,0.01001276,-0.10680798,0.06528959,0.09043985,-0.01657289,0.07437751,-0.01474848,0.13476971,0.00142429,0.00795361,0.16267012,0.03853306,0.02505253,0.04881704,0.12786309,-0.07429542,-0.04083633
-0.04504163,-0.10773952,-0.03215372,0.12919335,-0.00084923,-0.01416619,0.05488170,-0.03592354,-0.10966387,0.12809160,-0.07782591,-0.10797540,-0.06620322,0.02447733,-0.02964729,0.03356864,-0.14204173,0.14337264,-0.02973247,-0.16136017,-0.01185569,0.02106789,-0.13558900,0.00003760,-0.05376808,0.02377031,0.01458540,0.09412894,-0.08680239,-0.04822613,0.06941349,0.15747578,-0.00711634,0.00423005,-0.07711118,-0.11345668,0.10698719,-0.14172699,-0.13003355,0.15020554,-0.05501356,0.00806024,-0.02897222,-0.08306787,0.01305660,-0.03019528,0.08176097,-0.01693763,0.14140883,0.00620191,-0.06500563,-0.01805445,-0.01221508,0.06126381,0.05210386,0.01484889,0.04871053,-0.01061618,0.00801702,-0.13465707,0.11544950,0.06042023,0.21911116,-0.04552225,0.05325600,-0.08530363,-0.04436837,0.04319115,0.05186286,0.07833488,-0.09862746,0.01233718,0.01409646,0.17302486,-0.06944349,-0.14724414,-0.08942889,-0.03594717,-0.04170734,-0.04546702,-0.14458770,-0.00493039,-0.02902030,-0.10284156,-0.01730778,-0.17405093,0.03722497,0.04155428,-0.04441116,-0.06166122,-0.05640936,-0.12263121,-0.01098521,-0.12821050
0.08527856,0.11306176,0.18262018,-0.01719612,0.13598286,-0.13957807,0.06516302,0.16843894,0.14894329,0.11581291,0.01157917,-0.00117186,0.16026591,-0.10326465,0.12274989,-0.09263402,-0.00956161,0.05508047,0.04594074,0.01992312,-0.13259549,0.03194958,-0.01110309,0.02059468,-0.13059424,-0.08722541,0.05139984,-0.00779819,0.09140346,0.10734292,0.09552144,0.02465159,0.05091457,0.02999075,-0.25261930,-0.08174168,0.03662204,0.01792446,0.07075834,-0.02195711,0.05339336,0.10111062,0.08383365,0.06387974,0.02296037,0.00165599,-0.04163073,0.06229090,0.11786686,-0.12678802,-0.19488141,0.08205446,0.13938318,0.13199298,0.03256372,-0.00854363,0.17907879,0.01591373,-0.09897152,-0.30273652,0.07973247,0.12813598,0.13468264,-0.21104901,0.09735342,0.03386750,0.06213203,-0.00104918,-0.08366902,0.14956540,-0.00850000,-0.10712787,0.00117416,0.05930709,-0.07012464,0.05011727,-0.14776145,0.07881738,0.05089344,0.07608186,0.15175019,-0.11091021,-0.11926994,-0.04747682,-0.04581764,-0.01326596,-0.06044421,0.03384449,0.06627411,-0.21665308,0.07718591,0.35909671,0.06098798,0.20899364
0.11373997,-0.05102209,-0.05891152,0.09468351,0.00430816,0.02045267,-0.05225586,0.13636087,0.05294576,-0.05782714,0.03885695,-0.00629207,-0.00531577,-0.01881655,-0.07879270,-0.06661083,0.11633725,-0.05662709,0.08079226,-0.05660026,-0.05529995,-0.07312014,0.04868386,-0.17779177,-0.06133682,-0.04310325,0.15906237,-0.12604006,0.04352769,0.13764021,0.08601410,-0.00970009,-0.21046315,0.02244223,-0.04288344,-0.04693467,-0.04162780,-0.08081732,0.04804138,-0.07944877,0.06919661,0.03198524,0.08374351,0.03427548,-0.01814333,-0.07653017,0.03765652,0.04080079,-0.12625219,-0.10171609,0.02697548,0.07086109,-0.02661186,0.03619626,0.08027975,0.10690257,-0.00629468,-0.06634826,-0.05591577,0.06231613,-0.00054452,0.10066246,-0.03739450,0.18013893,-0.08145806,0.05541188,0.07141532,0.03069329,-0.09050364,0.19959636,0.12185099,0.10226049,-0.00905288,0.10290169,0.10882068,0.07261353,0.02207909,-0.04369652,-0.12151377,0.10624050,-0.07244918,-0.02729405,-0.02310995,-0.00726893,-0.04993987,0.04703100,0.09220175,0.06311848,-0.04068334,-0.07446498,0.05238917,0.03302541,0.06712662,0.05981972
0.14930986,0.03205683,-0.13392666,0.12700808,0.13582832,0.05457596,-0.03565491,0.02297486,0.03920455,0.08390831,-0.06908444,-0.06464881,0.04293955,0.01342318,0.04852723,0.08958747,0.03236321,-0.00205691,0.07940075,0.02234064,-0.04822786,-0.03993269,0.03330691,-0.04670694,0.03769787,0.06154262,0.08337739,-0.01499631,0.00642924,0.08472519,-0.05824511,-0.07042056,-0.10983819,0.03510240,-0.05715718,-0.09059726,-0.04484364,0.09348217,-0.08251733,-0.07614310,0.07919578,0.03305370,0.08517170,0.02445794,0.02103928,-0.02676952,0.03664861,0.05247740,0.07090314,-0.07595062,-0.04953020,0.09252482,-0.06009221,0.08441526,-0.04446455,-0.02059009,-0.09392121,-0.12522103,-0.06341154,-0.07628297,0.09157431,0.13481364,-0.13748817,0.08097509,-0.03892991,-0.06912732,-0.00275374,0.02313330,-0.07220694,0.01858814,0.03343206,-0.02759378,0.01649767,-0.10993312,-0.00355986,0.06553386,-0.10987605,0.06982633,-0.08675556,-0.06605548,-0.06942029,-0.01434893,-0.10259383,0.11700054,-0.00848800,0.07150155,0.00970566,0.05669471,-0.05806598,-0.10628574,0.08103762,-0.07588446,-0.07625180,-0.08606060
-0.00431782,0.06637946,-0.03496240,-0.05722908,0.05143645,0.05190466,-0.03690925,0.16496681,0.00612341,0.07297397,0.11651921,-0.12128071,0.00216793,0.02404641,0.04512944,-0.15667079,-0.09722378,0.16788609,0.06463166,0.08208472,-0.08097538,0.07519621,0.04361977,0.02940048,-0.18227623,-0.00851234,-0.17167442,0.06168899,-0.02174687,0.09444044,-0.11631373,0.05730128,0.14601903,0.10039910,0.21631360,0.03558112,0.02385675,0.03187064,-0.04584891,-0.12593451,0.07784306,0.00005367,0.11836272,-0.16203958,-0.03563904,-0.09171958,0.05207681,0.08869372,-0.17063320,0.00645578,0.15660046,0.14144488,0.03916696,-0.10490321,0.06845409,0.11729756,-0.03757180,0.14732431,-0.02315542,-0.40586144,0.06561515,0.18627049,0.11127413,-0.06701431,0.02220798,0.00616134,0.01207399,-0.02334874,0.10939588,-0.04298859,-0.02391385,-0.00047569,0.01831734,-0.04146912,-0.13170980,-0.00919848,-0.05663846,-0.16347392,-0.00996182,0.04523505,0.07491893,0.00080649,0.07227965,0.08299349,-0.14896293,0.10349091,-0.05736805,-0.16185696,-0.05713187,0.01286131,0.06359325,0.00160713,-0.02554791,-0.12887010
0.09917310,-0.07875323,-0.07337908,-0.07069627,-0.07829312,0.00074881,-0.10545659,-0.08494119,-0.08375642,0.00854693,0.07665556,0.00525357,0.01849562,0.06729242,-0.01665768,0.08192763,-0.17897719,-0.08467589,0.05965174,-0.00368845,-0.01104773,0.02898897,-0.07403160,0.04540940,-0.08560326,0.02732072,0.11649798,0.09337032,0.03244684,-0.01145117,0.14297085,0.00469795,-0.03122095,-0.00179513,-0.10904513,-0.04481974,-0.07027341,-0.00001797,-0.02597358,0.05055442,0.06812632,-0.02917956,-0.05824412,0.12169711,0.03919425,-0.02176520,-0.06680384,0.09868637,0.09938671,0.15303177,0.03753771,-0.00665742,0.09695390,-0.06134402,-0.05747499,-0.07893813,-0.08714071,-0.00971188,-0.10270751,0.00128133,-0.09502875,-0.11132638,-0.03937622,0.10340039,-0.06365137,-0.06919508,-0.08750047,0.10446811,-0.05191581,-0.10240830,-0.01151092,0.03537741,-0.11214161,0.07529289,0.07774848,0.06007660,-0.00922422,-0.03034885,0.10275149,0.08328532,0.01301486,0.07990894,-0.06261811,0.00460172,0.06563517,-0.02568226,-0.00378694,-0.01518356,-0.07780258,0.01932441,-0.07143702,0.10428424,0.05057223,0.00802753
-0.22784799,0.04465842,-0.04689442,-0.21017987,0.05092035,-0.12563655,0.10244031,-0.08500334,0.10394476,0.06110499,-0.05749721,0.01747472,0.11102846,0.06859980,0.05792840,0.08672712,-0.07281506,-0.17164062,0.02936416,0.08458391,0.01187907,0.01874384,-0.08479351,-0.22378144,-0.19623674,-0.17469321,-0.03130522,0.01055549,-0.11354303,0.06734814,0.11597669,-0.06041023,0.10447302,0.11600000,0.01592756,0.15332806,-0.00461128,0.08897737,-0.02549518,0.08184397,0.08006210,0.08366737,0.05855451,0.08083393,-0.08406656,0.05839724,-0.12193624,-0.00462922,0.21349776,0.21686280,-0.24302392,0.04341165,0.13755709,-0.03428791,0.01322273,0.08303491,-0.07471962,-0.09038126,-0.04898769,0.03866116,-0.14499198,-0.01044221,-0.03717105,0.03524486,0.06337858,0.04388030,0.08090732,0.04969615,-0.08730792,-0.00087914,-0.06099390,0.02324288,-0.02543888,0.10171048,0.04796100,-0.06937332,-0.24089824,-0.00149979,0.05256404,0.13181600,0.06599712,-0.13278516,0.01661451,-0.05008397,0.05882369,-0.10275184,-0.16125031,0.16041929,0.12575381,0.00557540,-0.10285679,0.10536502,-0.03636026,-0.04478278
0.01190804,-0.00657628,-0.17324646,0.09580147,0.05328419,-0.02225229,-0.11074874,0.02945993,-0.14638628,-0.05823062,-0.13145351,-0.14021777,-0.03083249,-0.09452031,-0.06892517,0.21381740,-0.09768531,0.00636950,0.05974004,-0.00844581,0.05205254,0.00513031,-0.07219190,0.07129673,-0.01833932,0.13322383,0.13013612,0.07964890,-0.03870641,0.03709545,0.10354491,0.01969899,0.02442940,0.06421851,-0.00857925,-0.06220171,-0.07370049,0.13111755,0.00007536,-0.02081416,0.02720602,0.05886881,-0.08251722,0.07792878,-0.05766361,0.03704719,0.03405251,0.04919298,-0.05941429,-0.00980414,0.02151619,0.09363933,0.10754602,0.03378624,0.06527890,-0.04172064,0.04122650,-0.10511583,-0.03538000,-0.01802609,0.05596383,-0.06986265,-0.06273192,-0.02104847,0.07045004,0.03733569,-0.14489585,0.02041379,0.07913230,0.08970568,-0.01768265,0.07553318,0.14426011,0.02581382,0.07984268,-0.07354967,-0.06888168,-0.03588949,0.01361975,-0.03614644,0.01032762,0.07000991,-0.01487721,-0.02125021,0.13603856,-0.00194460,0.08012015,-0.06851856,-0.02590181,0.01736548,0.04523064,0.00573735,0.11475014,-0.15560554
0.14005467,0.04535934,0.08757801,0.08362268,0.05427555,-0.06322035,-0.00583953,0.09296262,-0.02316894,-0.01568308,-0.05043995,0.04003992,0.03728623,0.10409565,-0.00506355,0.02699805,-0.03406710,-0.18119790,0.11101799,-0.07539078,-0.02231610,-0.05281997,0.03236224,-0.19508201,-0.04608732,-0.17517848,0.07386239,-0.09550482,0.03373130,0.08070882,0.02390149,-0.04335980,-0.10254124,-0.03712691,0.10219069,-0.01879780,-0.12307165,0.10863267,-0.03832475,0.07058176,0.05555820,0.02643018,-0.02623729,0.06554615,0.03154008,0.13171443,-0.03409304,-0.00382979,-0.03811341,0.07215773,-0.10113142,0.00301974,-0.03783897,0.17698012,-0.00589118,0.04177437,0.14475429,0.00123112,0.05874030,0.03625315,-0.31480053,-0.07394870,0.00731583,0.15071359,0.04186578,0.13397889,0.00488509,-0.10459781,0.07160825,0.03204023,0.07750285,-0.15077668,-0.05810247,-0.02933730,0.06336072,0.01794631,-0.16406532,0.11355151,-0.03013502,0.09559991,0.04369546,-0.03461899,-0.07557283,0.11720291,0.07292921,0.06555402,0.09410060,0.16466816,0.04626891,-0.01107494,0.05371162,0.16159201,0.10789771,-0.06147761
-0.18374743,0.06571195,0.00160207,-0.02977167,-0.10704871,-0.05981573,0.03132907,-0.06178936,-0.08431021,0.04324540,0.04747584,-0.02594972,0.00553545,-0.07062881,-0.04851136,-0.06117221,-0.05464745,0.13747059,-0.06958085,-0.10418079,0.12219629,0.04883593,0.06762451,-0.09588385,-0.00547796,-0.00550320,-0.18919216,0.10999370,-0.03127535,0.06046499,-0.02550017,0.10785726,0.12847877,-0.06558386,-0.04199355,0.04642449,-0.05201131,-0.14841205,-0.10756174,0.12867537,-0.06269754,-0.10508467,-0.01234168,0.01754624,-0.09734792,0.02425169,-0.00475849,0.03327522,0.09884461,-0.02265978,0.00249157,-0.00188931,0.04781104,-0.06829244,-0.04318250,-0.08439139,0.02929156,0.00396452,-0.13326359,-0.04038924,-0.03446471,-0.06317285,-0.03850097,0.06410264,0.14201073,-0.04499772,0.03275108,0.08461008,-0.12505548,-0.05781691,-0.04096606,0.03861577,-0.02209506,0.03989550,0.08804008,0.08086074,0.12824459,-0.11908305,0.02372775,0.04877256,-0.04548679,0.04676256,0.05789930,-0.08437347,0.07187980,0.07934444,-0.01927509,-0.04505688,-0.12187249,0.14447965,0.02130136,0.11219763,0.05104026,-0.11458180
0.07071908,0.10775875,-0.09143864,0.09154145,-0.10696656,0.06026212,-0.03463613,-0.06111787,-0.06597821,-0.00790795,-0.04466040,-0.01777229,0.03582843,-0.03126483,0.05187672,0.06945094,0.08216560,-0.11065233,-0.03276124,-0.02231048,-0.05040228,-0.02969425,0.00952210,0.09606370,-0.01583633,0.07465503,0.13167357,0.10289468,0.03450914,-0.09351536,-0.05727835,-0.08901545,0.03531743,0.05464893,-0.11564407,-0.02443923,0.01585453,-0.02467755,0.11158913,-0.09206201,-0.08846292,-0.07117248,0.10637811,0.00295473,-0.02202467,0.05045406,0.00026291,-0.03708632,0.02142587,0.04108364,-0.01325047,-0.12380641,-0.07000297,-0.07679837,-0.04347828,-0.03709778,0.03470091,-0.05822323,0.06757379,-0.07546500,-0.01510282,0.02887884,-0.06318845,0.09215008,-0.10674956,-0.07582950,0.08598235,-0.10289482,0.05834062,-0.02037074,0.01926459,0.03890155,0.04432757,-0.02047642,-0.02986082,-0.03749010,0.04092394,-0.06142550,0.11756891,0.00024454,0.09847630,-0.05657697,0.06408855,-0.02772598,-0.03673009,0.07276332,-0.05389525,-0.04224732,-0.06840979,-0.10321248,-0.06035990,-0.00060121,0.06586131,-0.09583857
0.20139804,-0.00100512,0.06545367,0.10308821,-0.04087377,-0.04126884,-0.15191068,-0.05897677,-0.03489548,-0.00968274,0.03138098,0.04421946,0.10006366,-0.04602142,0.04946693,-0.04480502,0.08196642,-0.17851949,-0.04010961,-0.04008264,-0.10322648,-0.02725839,-0.09004937,0.01281721,0.06238953,-0.07868387,0.01791789,-0.00128055,0.07143926,-0.06017435,0.00004701,0.10638179,-0.08372538,0.06874663,-0.03607067,0.06816208,0.05350679,0.01822948,0.01670641,0.10184001,0.06988157,0.02094092,-0.08032440,0.02829585,-0.01752258,-0.02154527,-0.12165514,-0.03162202,0.12521887,-0.06471200,0.01913468,-0.00668839,0.02894609,0.06076719,0.09135920,-0.05034668,0.04561154,0.00640141,-0.11786790,-0.05262353,-0.21730177,-0.02818821,-0.00793639,0.01110290,-0.03943006,0.08565239,0.06758718,0.07887823,0.04956094,0.01257135,-0.05717327,0.08958463,-0.00929193,-0.00775038,-0.02851892,-0.12030260,0.00038536,0.03802990,0.01547784,0.05711282,-0.11412321,-0.09015281,-0.03161338,0.05345159,-0.02707816,-0.04280807,0.01905221,-0.00637945,0.02554725,0.02168031,0.06008783,-0.02258057,-0.06376535,-0.13774270
0.00385852,0.12314765,-0.24441360,0.07711255,0.09999246,-0.05284459,-0.08779087,-0.09528628,0.03293067,-0.11266308,0.08334006,0.06193392,-0.05841508,0.04377569,0.03037292,0.10514149,0.02510697,-0.05687374,-0.02544720,0.09407889,-0.11509175,-0.07122410,0.05421456,-0.07743908,0.16314428,-0.00831447,0.00065700,-0.10926606,0.10810418,0.01484633,0.08027743,0.04416922,-0.04671775,0.05342797,0.36565924,0.06094196,-0.09309062,0.04529095,-0.06883283,-0.08165240,0.07087698,0.03064436,-0.00098537,-0.06054382,0.02695201,0.05642254,-0.11559500,-0.11763927,-0.41659853,0.12256986,0.08406612,0.11296777,-0.08415603,0.01849883,-0.07404216,0.04323983,-0.03672158,-0.10721432,0.16562746,0.44357643,-0.12950455,-0.36425909,-0.33739442,0.03313798,-0.11579114,-0.04810327,-0.04734007,-0.04674705,0.03863801,-0.14992571,-0.03705525,0.04363432,-0.03696322,-0.10161833,0.13151789,0.01253849,-0.02938431,-0.06633206,0.03064810,0.04030463,-0.19769450,0.03856154,-0.07443359,0.02712289,0.07434627,0.12908761,0.07285509,0.10046666,-0.04155495,-0.08337127,-0.09551547,-0.21324542,0.00098703,0.09026963
0.20014594,0.06441668,-0.15509936,0.14721504,-0.13761826,-0.00458156,-0.18497524,0.01627208,-0.16942042,0.03993993,-0.02423639,0.01651322,-0.39025503,-0.14333065,-0.13966367,-0.12766331,0.16044755,-0.18888442,-0.01765240,-0.01176125,0.11454131,0.01402368,0.08835926,0.30527702,0.43072727,0.26697490,0.21970227,0.03776712,-0.00980617,0.09866261,0.06106793,0.31694928,0.23729356,-0.01213764,0.40387347,-0.30789718,0.43902549,0.03605079,-0.22925857,0.01626796,0.05766246,0.09601013,-0.30879462,0.02609906,0.18100972,0.06951494,0.13395718,0.00902359,-0.29208571,-0.08724528,0.28527483,-0.19047314,-0.16213742,-0.33275965,0.18690199,-0.23085815,0.04507972,0.00432421,-0.02264740,-0.40436080,0.22400248,-0.33662856,0.23707259,-0.33591208,-0.17237049,-0.15101765,-0.06865547,0.16649179,0.18837659,-0.23305325,0.04607239,0.02487848,0.21499994,-0.06716213,0.27539670,-0.35902146,0.02556385,0.04200773,0.03143151,-0.22138758,-0.53853738,0.23588309,0.00470588,-0.11422419,0.07340170,-0.14014125,0.05774803,-0.14924383,-0.15953182,0.06288514,-0.21563523,-0.38644537,0.04439206,0.16102138
-0.03624800,-0.06339616,-0.12723176,-0.00850810,0.08708055,0.11716836,-0.10354304,0.00411481,-0.01165411,-0.01005366,-0.02118722,-0.14285797,-0.04393381,0.11013991,0.01861915,0.06153265,0.08026364,0.01258958,0.09056291,0.10510438,0.09580547,-0.09452213,-0.03412487,0.03898227,-0.09822609,-0.13905138,-0.04359330,0.13754557,0.05021488,-0.03208027,-0.01130643,-0.03592849,0.17425638,-0.01818716,0.12558913,-0.03018134,0.07405172,-0.03157202,-0.06647942,0.01555100,0.02383296,0.00438359,-0.11189984,-0.02915666,0.05999450,-0.01452916,-0.03371729,0.09292760,-0.18524022,-0.09236149,0.16276191,-0.06490201,-0.12008978,-0.12808599,0.00000821,-0.07235004,0.04323456,0.00972483,0.10384320,-0.02941393,0.07381569,0.14993633,-0.08388331,0.04755924,-0.07944767,0.10633855,0.07759471,-0.04241848,-0.05513960,-0.17782499,-0.04108481,-0.09064553,0.09874673,-0.02816722,0.02514572,-0.03545985,-0.03268697,0.00847020,-0.00639078,-0.18404321,-0.02515207,-0.09864723,0.07413176,0.11019617,-0.07692556,-0.05981972,0.03672316,-0.02643450,0.04560935,0.08397358,0.01305086,-0.17082377,0.07720728,0.17505056
-0.15042634,0.01276712,-0.11978709,0.01782005,0.06708827,0.22986023,-0.13478687,-0.06487580,-0.06528253,0.07395048,-0.04606401,-0.22389221,-0.06671234,-0.05115912,-0.00444145,0.10569510,0.03570768,0.21970037,0.08676886,0.04550468,0.07857768,-0.07935653,0.19055453,0.05827746,-0.13801691,0.19678392,-0.03225742,0.06883690,-0.05205893,-0.03342314,-0.22590961,-0.18313736,0.13686128,-0.05610511,0.09705939,0.13411878,0.03379386,0.08832486,-0.02739264,-0.08494098,-0.02480614,0.02435394,0.03721939,-0.01251696,0.15090142,0.09243501,-0.03562455,0.13503495,-0.07301751,0.01582523,0.27660590,-0.03311502,0.12166439,-0.15543038,0.03718241,-0.01220969,-0.00421226,0.15211499,-0.06007096,-0.16909969,0.21539307,0.30959427,0.01860772,-0.09727695,-0.03061838,0.00245770,-0.08537028,-0.01146618,0.06787376,-0.04975058,0.02910968,-0.02668541,-0.00710923,-0.08590312,-0.05195903,0.03229147,-0.07949338,-0.07250495,0.06325655,-0.10909441,0.15328248,-0.02043089,0.02043104,-0.02492750,0.07916232,-0.02745064,-0.09078915,0.08160585,-0.06259573,-0.03712904,-0.02143204,0.03798390,0.08207162,-0.03768553
-0.03082175,0.01938616,0.07797420,0.03516485,0.01290782,0.02998804,0.09683064,-0.00466319,-0.04066346,-0.05115182,0.15752000,-0.09339947,-0.11853496,0.00398429,-0.06214492,0.03858249,-0.05922197,-0.01360746,0.07272297,-0.02937421,0.02787641,-0.01938735,0.09814994,0.10158617,0.09464642,-0.07566500,0.13414194,0.03464944,0.13824172,0.07589889,-0.01775730,-0.00870040,0.03633205,0.11053848,-0.09003925,-0.04360382,-0.02423388,0.11272714,0.17414637,-0.16645518,-0.03339253,0.00069691,-0.00406955,0.02572073,0.00516363,0.06181350,0.01810530,-0.11815803,0.04969093,-0.08578388,0.03240994,0.10550038,-0.10876359,0.13160940,-0.07495280,0.05770184,-0.03045785,0.13357890,-0.00912958,-0.04064162,0.10498697,-0.04765027,-0.14499377,-0.05141578,-0.01671428,0.10916048,-0.03173185,-0.13649116,-0.04133178,-0.04678512,0.01543121,0.01005150,-0.07779273,-0.13764274,-0.08544343,0.13684985,-0.11397714,0.04169397,0.00374291,-0.00617891,0.00727885,-0.11119601,-0.08242806,0.06860821,0.03396626,0.00523234,0.04877771,-0.03038383,-0.02696892,-0.01881020,0.15049607,-0.07335802,0.04763743,0.02171156
0.05647476,-0.00290189,0.01541835,0.13011377,-0.01265032,0.05497533,-0.04471153,0.07441823,-0.04207125,0.07544111,-0.18117554,-0.03656963,-0.08945466,0.03705439,-0.11763345,0.09867894,0.00998854,-0.04123229,0.01459414,-0.18800071,-0.07688930,-0.03018253,-0.17265357,0.01813484,0.00419353,-0.09389147,0.13612805,-0.02568542,-0.04300062,-0.03647750,0.11359221,0.02576858,-0.06090809,-0.03115709,-0.03664914,-0.03999252,0.11078212,-0.03608709,0.02526294,-0.04844852,-0.10530072,0.03235034,0.07415543,-0.00282248,-0.00534758,0.04872219,-0.09133591,-0.08770338,-0.03242295,0.01857180,-0.08795340,0.05690747,0.03168768,0.10334118,0.00335444,0.06126628,-0.02077707,-0.01160716,-0.14134294,0.01450354,-0.00357117,-0.04871149,-0.08052617,0.18413438,-0.03731868,-0.02176954,-0.13888751,0.09830594,-0.05808447,0.12002317,0.08238833,0.06412622,-0.07764847,0.06484465,-0.03240399,-0.07127357,0.07522743,-0.14236897,-0.16272233,-0.00212418,-0.06770324,0.06149562,-0.03616550,-0.08372293,0.10431579,-0.09544946,0.04043047,-0.05214444,0.02361959,-0.06004030,-0.06113146,0.09243675,0.06377573,-0.09149736
-0.01369290,-0.14762345,-0.00249083,-0.01383651,0.05417155,0.05118953,-0.09133675,0.07204997,-0.00453310,0.01411191,-0.10789659,0.09865019,-0.03875290,0.05946248,-0.02634965,0.08085345,0.06744453,-0.06353963,-0.10210723,-0.09381194,0.05013328,-0.07534107,-0.11055246,-0.04801217,-0.10644519,-0.02850225,0.02593682,-0.04004580,-0.04891573,-0.12485500,-0.09626974,-0.03926970,-0.05444589,-0.03779715,0.06289546,-0.03955005,0.04298859,-0.02279619,-0.01069377,0.11204263,-0.05074657,-0.00962880,0.03086026,0.00711802,0.01970959,-0.05200781,0.06919270,-0.00328393,-0.01040746,0.04015006,0.04294318,0.05051056,0.08293023,-0.00889749,0.04238553,0.02569045,-0.03737677,-0.00132943,0.03730223,0.08248241,-0.05150547,-0.01357803,0.14528254,0.08412752,0.07085407,-0.11321835,-0.10953396,0.09647330,0.06850902,0.02343890,-0.10111818,0.00554922,-0.04935145,0.03195059,0.09782165,-0.11515616,0.03055457,0.01706394,-0.08777457,0.15683825,-0.06966060,0.04179819,-0.08291586,-0.04380154,0.10217983,-0.06338973,-0.07683219,0.05262340,-0.08425761,-0.01955860,-0.05004027,0.04322236,0.04883460,-0.08750200
0.01274932,-0.12537912,-0.10447073,0.07712384,0.00202537,0.10572588,-0.08121576,-0.05446703,-0.14507610,-0.00150027,-0.00923044,0.00998215,-0.08008698,-0.02158028,-0.05898877,0.13934793,0.05615497,0.00452376,-0.16477597,-0.10178857,0.01768129,0.00038311,-0.07366523,0.00650236,0.05841725,0.10535385,0.07193666,-0.00761607,-0.03575122,-0.04180264,-0.11144028,-0.11269379,0.08911713,-0.00765888,-0.03508457,-0.09951521,0.03784192,-0.07502944,0.05269279,-0.04591199,-0.05572817,-0.14381076,-0.10926543,-0.10153770,-0.01685013,-0.16669789,0.09469637,0.02750856,-0.20673847,-0.06565817,0.01738350,-0.10100828,-0.03076773,0.11848542,-0.05348042,0.03347418,-0.02711337,0.01004167,-0.04229713,0.01842581,0.04339938,-0.05720077,-0.09695447,-0.01363442,-0.01600930,0.01823347,0.00156174,0.01350765,-0.11026339,-0.02410548,0.07301550,0.00005112,0.01035874,-0.04905093,-0.00182717,-0.03447208,0.06027375,-0.27420941,-0.12548164,-0.11755130,0.14826217,-0.07534511,0.13989072,-0.07251545,0.06504349,-0.12710728,-0.05613298,0.03486663,-0.10855188,-0.02238788,-0.02218067,-0.08973329,-0.02126344,-0.02165790
-0.07435992,0.06236813,-0.04761686,-0.03287060,-0.04798932,-0.07781762,0.05188112,-0.06093497,0.09101116,-0.09746281,0.01496837,-0.04605978,-0.14102626,-0.01265915,-0.05075248,0.00094379,-0.02234046,-0.13538525,-0.00405329,0.10530943,0.01817255,-0.06462906,0.00317080,-0.06286852,0.02895584,-0.08151894,0.03129602,-0.09689736,0.05455040,-0.06564417,0.04099280,-0.00273245,0.16932930,0.03544478,-0.06277888,0.11981654,0.02898850,0.09954214,0.04110632,-0.00300129,0.00736274,-0.04048411,-0.02134948,-0.02758772,0.03412182,-0.08393899,-0.04338788,-0.11728793,0.05897858,0.15071920,-0.00519594,0.03069930,0.12633319,-0.07022763,-0.02750532,0.05522398,0.12026212,0.07597744,0.15733624,-0.13214490,-0.22857898,-0.02630387,0.05515248,-0.11865196,0.01550725,0.06214568,0.00977096,-0.02655736,0.02557153,-0.19336836,-0.03040983,-0.02216571,0.05132307,-0.10198408,-0.03973421,0.11570933,-0.00390569,0.07443376,0.03381591,0.06574398,-0.03966429,-0.19481742,-0.00299515,0.08534145,0.02277159,0.09378970,-0.03847710,-0.02095448,-0.07001528,0.11089998,0.06555051,0.06384122,0.00960014,-0.09280644
0.01885323,-0.00917104,0.07862310,0.02798461,0.01109838,-0.10842372,-0.09505186,0.04950350,0.05122167,0.08838797,0.01744267,0.10845374,-0.12821215,0.05322318,-0.11404399,-0.06524076,0.02472210,0.01674670,-0.03993178,0.16518043,-0.02895918,-0.03465155,-0.10020135,-0.04917770,0.02207413,-0.04678605,-0.09081331,-0.01126942,-0.04256280,0.08208822,0.04922958,-0.03544056,-0.24052639,-0.04341190,0.10397726,-0.07159109,-0.00323700,-0.19428679,-0.04508644,0.00792408,-0.12108562,-0.01395226,0.01119513,0.11500984,-0.08410574,0.04289388,-0.03425242,0.01325052,0.05797227,0.07331869,-0.07150196,0.05955061,0.03626566,0.04011426,-0.06294553,0.01111842,0.06666692,-0.02050427,0.11957636,0.09585548,-0.08942875,-0.21541999,-0.01778883,0.21650113,0.01174225,-0.05565707,-0.08738914,-0.09705990,-0.15757853,-0.15665632,0.02416766,-0.09745435,0.01778848,-0.06538621,0.14654060,0.06567243,0.05803929,-0.04109922,-0.05719985,-0.02375921,0.07204533,0.06168855,0.07179652,0.02876626,0.08687530,0.06971038,-0.05436721,0.07226480,0.08119414,-0.02028733,-0.00122019,0.17717549,0.03896259,0.22408068
0.12344441,0.01227824,-0.01686914,0.09732114,-0.03868413,0.01172110,0.01407305,0.07943697,-0.02856120,-0.04269076,0.02181716,-0.00991617,0.09929667,0.08473623,-0.01921451,-0.04511122,0.00536108,-0.03415035,0.09548188,-0.04733520,-0.05283052,0.09458100,0.02798944,0.02767133,-0.10240520,-0.01200518,0.02762327,-0.02709713,0.11184842,0.05602504,-0.05987059,-0.06274197,-0.09813159,0.01345223,0.04810881,-0.05179254,-0.08666252,0.08769047,-0.09843800,-0.05043768,0.02877026,-0.06544342,0.06459390,-0.07454651,-0.05743271,-0.03584855,-0.15128875,-0.10500404,0.05891906,-0.10468373,0.08843067,-0.05681270,0.08334041,0.09969768,0.05993615,0.12077300,-0.03642623,-0.03399532,-0.03633806,-0.06814782,0.02669330,-0.01891213,-0.00641361,0.04055120,-0.05488613,0.11964713,0.08022562,0.10928445,-0.02847196,0.04897866,-0.01932444,-0.04597994,-0.03906791,-0.02416062,-0.04060344,0.06240764,-0.09669975,0.05208355,-0.01602696,0.06554747,-0.01573774,0.02708070,0.04886163,-0.04269861,-0.08812442,-0.06197224,-0.02927537,0.07088010,0.11941744,-0.11344507,-0.04305696,0.11682699,0.09254253,0.01714005
0.05128346,0.02646167,0.02804603,-0.15539403,-0.24039266,0.06052561,0.01947528,0.08189856,0.04658839,0.15502517,0.13190359,0.03013313,-0.06382769,-0.01484321,-0.12558573,-0.02353353,-0.09338214,0.07730240,-0.04418311,0.01333401,0.11661313,0.14388095,-0.03542996,-0.22354618,-0.07014655,-0.12757459,-0.08541317,0.15885960,-0.13561101,0.04023894,-0.01958564,-0.05303345,-0.03061658,-0.01189853,0.23573181,-0.00451517,0.11188636,-0.09431561,-0.20431058,0.03376431,-0.13145448,-0.09583916,-0.05207738,0.12904944,-0.04089492,-0.16400449,0.17179213,0.03094056,0.00379425,0.03397118,0.00112373,0.36481813,0.11531493,0.02837153,-0.01592853,-0.13903123,0.10207036,-0.01425825,-0.06937926,-0.06228667,-0.16141441,0.25219339,0.33733210,-0.13198070,0.12323462,-0.08929294,-0.03327030,-0.01286896,0.02510758,0.02183968,-0.06699149,0.04570842,-0.01484277,-0.00909738,-0.01710488,-0.21570063,-0.31416142,-0.06001130,0.09018240,0.07796456,-0.08323114,-0.16560824,0.12483332,-0.02164680,0.01250175,0.06909370,0.01522939,0.05103936,-0.12541567,0.06609647,0.00220139,0.07563813,-0.12796368,-0.17321348
0.05907095,-0.04734034,0.04997410,0.05197174,0.06610109,0.01687895,0.01866790,0.02311966,-0.03647825,0.00657835,-0.04470779,0.08495322,-0.04131046,-0.03308451,0.05071370,0.10291743,0.07426312,-0.08734535,-0.03662055,-0.14278246,-0.08443305,0.00977093,-0.05915126,-0.07143698,-0.04568799,0.02535590,0.08478681,0.01172673,-0.00676803,-0.02445212,0.11013842,-0.00339866,-0.15457347,-0.08609197,-0.06948188,-0.11105796,-0.07401315,-0.06530242,-0.05547261,0.00044177,-0.10437887,0.07231221,0.05311399,-0.04658947,0.02338550,0.06461596,-0.08771224,0.09660750,-0.06889488,-0.10017135,-0.13076805,-0.07150289,0.02235891,-0.02855725,0.08698090,0.08475247,-0.05178949,-0.00872702,-0.12514666,0.00211496,0.04281041,0.00703337,-0.05081123,0.10356911,-0.06682356,0.07568800,0.03147982,-0.02660426,-0.05671517,0.14469938,0.07291403,-0.01578460,0.05927701,0.09987584,0.01659925,-0.03404738,-0.05493462,-0.07122753,-0.01763008,-0.01489717,0.03220030,0.06989202,0.08998734,-0.00321493,0.11938288,0.00619384,-0.05216680,0.10694941,-0.07815841,0.09281648,-0.10998723,-0.01808669,-0.00353669,-0.01006149
-0.01140535,0.08599386,-0.06043469,-0.06776482,0.08608075,0.10070520,-0.03963207,-0.00909187,0.09725333,0.02206540,0.04413743,-0.06814051,0.01463235,0.07355087,0.02725660,0.03213134,-0.05215234,-0.06640161,0.05103350,0.11261090,0.06808931,-0.08559521,0.10651165,0.17461127,0.09447299,0.07140955,-0.04470084,0.03803726,-0.00431524,0.02985819,-0.09966043,-0.00081843,-0.00600527,0.00514495,-0.06550457,0.06728526,-0.12237404,-0.02864494,0.07334735,-0.10976923,-0.01273280,0.10738661,0.00093941,0.04377400,-0.09065283,-0.03828917,-0.08885698,-0.02608499,-0.20274478,0.06647315,0.09635144,0.05333519,-0.03354804,0.09860883,-0.10192298,-0.05287141,0.08208704,0.13893504,0.12694553,0.12939757,0.16069293,-0.06494083,0.04351103,-0.13458169,-0.09509120,0.06008304,-0.02731279,0.11851463,0.03069697,-0.01677172,0.00725369,0.05074186,0.12657085,-0.06082721,0.00544221,-0.00609134,-0.05666726,0.05742217,-0.05656304,-0.13411535,-0.01601876,-0.10791709,0.11896117,0.04888663,0.05780682,0.05769138,0.05691839,-0.12111828,-0.04540249,0.10752831,-0.00616028,-0.14080763,0.00841834,-0.08407684
0.13389501,-0.09472148,0.01816468,0.08759736,0.09111448,-0.04327512,-0.11442829,0.14093558,-0.09685067,-0.03018495,0.03472120,0.02250068,-0.01234946,0.07812285,0.06970237,-0.04900976,-0.02443954,-0.01665922,0.05494802,0.06260433,-0.00809526,0.03030007,0.00382829,0.07148480,-0.02203315,0.12716380,0.11785636,-0.07143980,-0.06831031,0.06127040,0.01022688,0.06427370,0.01950561,0.04127593,0.09089221,0.02444589,-0.03569606,0.11106070,0.07336526,-0.04659055,0.03565107,0.06956522,0.07735612,-0.01870043,0.04104628,0.12410639,-0.07195517,0.09107701,-0.00071607,-0.03482616,0.04502890,-0.00634811,-0.04494100,0.05952102,0.01120646,-0.04609862,0.03253226,0.02006876,-0.06714967,-0.08431147,0.01725501,-0.04898228,-0.10687231,-0.04492694,0.06201966,0.02322475,0.02006267,0.05056853,0.10400384,0.09007153,-0.07330867,0.08829031,-0.05896775,-0.05245636,0.04736099,0.08855376,-0.20950751,-0.04779886,-0.05404920,0.09820721,0.01324707,0.13604301,0.02014934,0.02078651,-0.01895483,0.07938699,-0.05853107,-0.05398913,0.04752150,0.04530337,-0.00458065,-0.10075304,-0.04003162,0.20650664
0.16542314,0.02495197,0.03140544,0.15337574,0.01250951,-0.03773900,-0.03923979,0.02984063,-0.03222589,0.07300974,-0.05510864,-0.04699805,-0.06677869,-0.06929863,0.10988602,0.05088253,-0.11266427,0.02976427,0.02049514,0.03565251,-0.04855141,0.10931396,-0.06969302,0.06461050,-0.18330334,-0.11071163,-0.03878362,-0.08945550,0.11517826,0.01335593,-0.01420972,-0.05897313,-0.16979067,-0.01729612,-0.19283850,0.03746692,-0.06417020,0.09790501,-0.12081173,-0.11344101,0.06424826,0.05674316,0.09431423,-0.08453289,-0.04634909,0.15086488,-0.02516992,0.02865506,0.18902370,0.08315831,-0.06247982,-0.04925901,0.07945304,0.14882749,0.00594175,0.12723088,-0.01132664,-0.05205515,-0.01966467,0.05977109,-0.15905067,0.07027916,0.03155331,0.12230802,-0.05524937,0.10351693,0.00074912,0.04922813,-0.07507067,0.01622228,0.07392716,0.00025019,-0.02527175,-0.05474173,0.03897728,-0.02954152,0.03633778,-0.00293598,0.10137964,0.10217288,0.00647710,0.04837744,-0.13133405,0.03491393,0.07782317,-0.08886083,-0.04885949,0.04094204,0.07775136,-0.01751280,0.02744737,0.05694084,0.13574579,-0.11942737
-0.07304826,0.00911916,0.05236940,-0.08217940,-0.09873311,-0.05085964,0.09937967,-0.10681294,-0.05738803,-0.08005302,0.00772579,-0.03881541,-0.03796976,-0.09254389,-0.15146106,-0.05941207,-0.07902890,0.04875403,0.01544509,-0.02018362,0.01729243,-0.06753598,0.07151946,-0.06831375,-0.01219029,0.02127165,-0.13975096,-0.00838967,-0.04795985,-0.11613895,0.07935626,0.10565307,0.01163280,-0.09790708,-0.01827124,-0.07014993,-0.07005073,-0.12312305,0.04095960,-0.05402887,-0.08593245,-0.09016785,0.04231998,0.02523616,-0.09100746,-0.14016356,0.05137647,0.13126306,0.00073394,-0.02802438,-0.06028115,0.05442474,0.03575287,-0.07756945,0.06532934,0.00736875,-0.14216311,0.06487690,0.05877353,-0.05300433,0.11241181,-0.02110431,-0.00451846,-0.12586471,0.09084346,-0.08634423,-0.09157658,0.04570811,-0.14416881,-0.01726069,-0.11128803,0.06879180,-0.03488712,-0.01359338,-0.07399070,-0.03724883,-0.00927045,0.11787170,-0.08897153,-0.04736308,0.05125901,-0.02440012,-0.02874399,-0.12605989,-0.08046757,0.01044995,-0.01491700,-0.09480743,-0.05630847,0.08973546,0.08388638,-0.00016868,-0.11152290,-0.05819941
0.13086852,-0.26504943,0.02809925,-0.00875718,0.04108327,-0.01534582,-0.04139784,0.09448000,-0.06158368,-0.01607320,-0.08904511,-0.04165264,0.01676602,-0.01764346,-0.09194043,0.08256816,-0.04301622,-0.11883399,-0.05720330,-0.05774947,0.04999183,-0.10156093,-0.04890757,-0.03631900,-0.00445814,-0.04080448,0.04844036,-0.03613601,0.06337075,0.05215177,0.08434605,-0.07889420,0.00860159,-0.07367424,0.25072500,-0.07761197,-0.00953849,-0.00945182,-0.18343548,0.12764460,-0.10241771,-0.07989419,0.07295925,0.01476518,-0.03508020,-0.07944265,-0.07609434,-0.06258696,-0.10095947,0.04118679,-0.06869525,0.04719333,0.07952016,-0.02704139,0.01540570,-0.07163788,0.09575440,-0.05977163,0.01011692,0.08672886,-0.06708151,0.01884698,0.17345631,0.07440516,-0.05428002,-0.01809244,-0.03446428,0.00789962,0.01391165,0.00734979,0.07968160,0.10953500,-0.03914589,0.07922990,0.04902470,-0.10995837,0.03259327,-0.15720156,-0.07304182,0.13053270,-0.08160536,0.15775320,0.06150680,0.01033277,0.15829945,0.03824761,-0.10113949,0.06994066,-0.08859823,-0.07935581,-0.08899623,0.12700962,0.08989057,0.20015654
0.20636356,0.02131388,0.06940194,0.18009853,-0.02217735,-0.09618570,-0.04982258,0.14933060,-0.11943976,0.04233988,-0.10726953,-0.05514345,0.06946135,0.09009550,-0.08812481,0.04252441,-0.05643576,-0.07679402,0.06980860,-0.10057254,0.03181970,0.05256690,-0.13628091,-0.01784079,-0.00621687,-0.02992219,0.02013084,0.02992425,-0.06824141,0.06800897,0.05377955,0.01698942,-0.06312595,-0.05873399,-0.04768962,0.00923279,-0.07226650,0.01295243,0.04283717,0.01152594,0.09935726,-0.06486379,0.07584987,-0.05199447,-0.02485949,-0.08148323,-0.10354380,-0.05361999,-0.12468088,-0.01852733,-0.07708330,0.05940921,-0.03607984,0.02533967,-0.07632203,-0.04940505,-0.03120911,0.03835892,0.08194183,0.09205095,0.01422470,-0.00483454,0.00830164,0.03736668,-0.05819361,0.04720654,-0.06084315,0.10123954,0.03021230,0.06106779,0.02611317,0.02009542,-0.09455203,0.08784954,-0.01274939,0.04303448,0.00616739,0.06605705,-0.08905266,-0.02325203,0.04886831,0.06602778,-0.00533473,0.09248016,-0.02044801,-0.09365540,-0.02430136,-0.04924958,0.01597611,-0.06863263,-0.01364071,-0.06015519,-0.04885622,0.01230180
0.05244556,-0.06336332,0.06712419,0.07112141,-0.01591535,-0.09644307,0.07240179,0.10256542,-0.14795516,0.08865192,0.02728344,0.28898013,0.03514915,-0.03354762,0.03273650,-0.02663044,0.04426606,-0.02473913,-0.01904662,-0.09048359,-0.11424700,0.08812388,-0.05230545,-0.11062410,-0.08180819,-0.08331471,0.03367874,0.00218596,-0.07494972,0.12687483,0.01442145,0.01353461,-0.10209747,0.07137537,-0.00299242,0.00434366,0.05143785,0.06960039,0.03124493,0.11812346,-0.03347205,-0.09313849,-0.05848710,0.04988010,0.06661133,0.02614421,0.06036706,-0.01717612,0.05233975,-0.03290449,-0.01588394,0.05105715,0.03434195,-0.05482168,-0.00328320,-0.01511356,0.06828605,-0.09980220,-0.06099827,-0.05005441,-0.04704072,0.08452126,0.11086193,0.13990393,-0.07993048,0.02653967,0.06773763,-0.08725901,-0.07164500,0.17601322,0.05919143,-0.07208946,0.00728071,-0.06608516,-0.00247035,-0.04275114,0.05398402,0.03588887,0.00170047,-0.03550958,0.02259417,0.06187011,-0.09517460,-0.10034716,0.04634545,-0.13245922,-0.02514416,0.06771778,-0.07765130,0.01814528,-0.07716257,0.21268442,-0.01248713,0.16762052
0.00745359,0.08704265,-0.07247528,0.09715546,0.11391211,0.10104825,-0.04320169,0.14727929,0.05934105,0.06708289,-0.10119982,-0.02616116,0.05040965,-0.03544974,-0.04257680,-0.12462723,0.00286716,-0.03164832,-0.04156436,-0.00596692,-0.06618126,0.04211716,0.00687613,0.01237632,0.04630393,0.07789362,-0.06353701,0.10334579,-0.06215057,-0.07762457,-0.04820697,0.00619404,-0.10733309,-0.08259352,-0.10397614,-0.08265883,-0.01783627,-0.05276190,-0.00920420,-0.05318606,-0.02195524,-0.09640973,-0.02049688,-0.00140672,0.02017181,0.01409779,-0.06857912,-0.00628139,-0.12558830,-0.04963828,-0.00206673,0.07093887,-0.14809442,0.18899797,-0.02928153,0.08463975,-0.10440973,0.18603483,0.08973450,-0.00349509,-0.00158502,0.26280242,-0.16597362,0.02660529,0.00274224,-0.00080777,0.07749010,0.11275077,-0.08124105,0.02907319,-0.03941415,0.10351081,0.13911080,0.01047533,-0.07224151,-0.05260480,-0.02248953,-0.09526548,-0.09462836,-0.12653814,-0.02446027,-0.16599368,0.04325508,0.08559262,-0.05544670,-0.04609111,-0.03762687,0.02415985,-0.11000457,-0.06575870,-0.05547151,-0.09169205,-0.03216494,-0.00953628
-0.00126559,-0.12155718,0.06472473,0.06967770,0.00087872,0.09100923,-0.08025051,0.04905057,-0.08944925,0.05228468,-0.00662852,0.05829870,0.01315284,-0.04700507,0.05345203,-0.00903174,-0.06896430,-0.05873230,-0.04813040,-0.08648492,-0.01883824,-0.00880311,0.02452756,-0.03303103,-0.08224417,0.05910725,0.02816650,0.04121976,0.04445175,0.08095300,-0.06670888,0.00990563,-0.06688578,0.01488718,0.22449529,0.01292313,-0.00343979,-0.09596512,0.02898635,0.08983566,-0.11584537,-0.00962306,-0.05410682,-0.02916402,-0.24366097,0.02885256,-0.03172585,-0.07635750,0.08339365,-0.11198102,-0.06520500,-0.02137316,0.07316859,0.08214001,0.04063970,0.03530285,0.07306898,0.01472369,-0.04751510,-0.06622355,0.10001922,-0.05222064,0.02045125,0.09864873,-0.01179009,-0.08436565,-0.06781746,-0.02811490,0.02692647,0.08299205,-0.07791813,-0.03618894,-0.08705344,0.01151418,0.02460789,-0.15075202,-0.05028193,0.16118993,0.05170620,0.06645004,-0.09758826,0.05762471,0.01187984,-0.10525932,-0.01632158,-0.11663111,-0.08912220,0.05373872,0.00904054,0.02118319,-0.00284079,0.12926224,-0.06419832,0.03758726
0.02749542,0.00241027,0.04763690,-0.04383310,-0.03348702,-0.10463486,0.03524447,-0.00429974,-0.08551890,-0.03728775,0.05107898,0.14551054,0.01103727,0.06832831,0.09854576,-0.07230926,0.04514699,0.09099617,0.13158774,-0.07720938,-0.11404954,-0.02485710,0.06588654,0.12837240,0.08182146,0.06605025,0.00495947,0.04013012,-0.02720884,-0.03051320,-0.03880569,-0.08235464,-0.12223493,-0.03432518,0.04849765,0.06654835,-0.05711462,0.11309887,-0.02411067,-0.03081840,0.06176721,0.08636685,-0.04474889,-0.05070378,-0.03452720,0.07130731,-0.17079920,-0.06339042,-0.04251488,0.07504936,-0.03649539,0.00915937,-0.09153301,0.06606171,-0.05005134,-0.01031347,0.03806964,0.01785739,0.04664973,0.05193061,0.00843104,-0.08584730,-0.02950657,0.00993578,-0.07513640,-0.02509608,0.12319795,0.03418041,-0.01337622,0.04749085,0.10850459,-0.06596719,-0.09917935,-0.11011607,0.02584846,-0.03600507,-0.05868471,0.00262606,0.04042374,0.05283739,-0.09493149,-0.04631722,-0.01837630,-0.02693845,-0.07734764,-0.02891363,-0.06052428,-0.12563470,-0.00793322,-0.14324157,-0.00118383,0.01007346,0.08148061,0.09794445
-0.07223101,0.08350347,0.12642750,-0.14736277,-0.13385916,0.10288648,0.09845427,-0.12844360,0.08379929,-0.01751341,0.00401021,0.06283211,0.08149439,-0.01642499,-0.05592573,0.12568444,0.01910308,-0.02254801,-0.03382093,-0.10018657,0.14372037,0.03326867,0.05350579,-0.07869838,-0.00981667,-0.01823422,-0.22044420,0.08049628,-0.01645939,0.06480456,-0.08615300,0.08824804,0.11779183,-0.14759566,0.03390336,-0.11578107,0.05035874,-0.14284031,0.03510789,0.05415105,-0.11943234,0.03988791,-0.01970612,-0.08708197,0.06728986,-0.15651497,0.17463741,0.09978857,0.16215074,-0.03789478,-0.01360474,0.10846847,0.04455365,-0.06824775,0.00953532,-0.10102958,-0.06089135,0.11693212,-0.14084052,-0.11848012,0.01746687,-0.00186299,-0.00580630,-0.03377552,0.10502291,-0.04205421,0.06528126,0.07763477,-0.05529540,-0.00274369,-0.07340100,0.00957242,-0.06327611,0.14026915,-0.05633545,-0.10106469,0.03879352,-0.06718130,0.05610934,0.10941733,0.06528430,-0.11527621,0.03599150,-0.15379606,-0.06017380,-0.02051895,0.05506129,0.07365466,-0.18019818,0.19364397,-0.11280815,0.03005142,-0.16783379,-0.22855499
-0.05964686,0.10386092,0.02064197,-0.07002814,0.12476530,-0.05093081,0.15597278,-0.08853041,0.17319977,-0.12784822,-0.03033049,-0.03313318,-0.01924364,-0.06384805,0.07887700,0.08905823,-0.04518133,0.15409151,0.03237264,0.02370856,-0.00936629,-0.02982502,0.18788974,0.13239133,0.12604041,0.10773365,0.00776027,-0.06837736,-0.04421315,-0.01641488,-0.01203171,0.01738781,0.04432655,-0.03733131,0.13475624,-0.03829231,-0.02976985,0.13035949,0.13050091,0.00481316,0.05391864,0.11853030,0.04017234,0.09453119,-0.04239407,0.04175261,0.03098354,-0.12533541,-0.19979602,-0.00970033,0.09299412,-0.20439920,0.03711617,-0.07929446,0.02729674,0.06958618,-0.00450018,-0.02705308,0.07196506,-0.22336479,0.04486412,-0.00576605,-0.14769760,-0.13571359,-0.08276580,0.00296511,0.04270844,-0.05562822,0.13368188,0.00287293,0.03557532,-0.05282456,0.05425538,-0.12574491,-0.09777165,0.06923541,-0.21049538,-0.04094109,0.07386284,0.01096493,-0.01709529,0.12346001,0.02656187,-0.03376653,-0.14191999,-0.01385490,-0.05010196,-0.02539329,0.10590173,0.02621325,0.15164170,-0.05494130,-0.06389089,-0.09620690
-0.06192271,-0.02824482,0.06933264,-0.23041259,-0.09554346,0.05441774,0.05466276,0.14797895,0.06497151,-0.10632723,0.19680215,-0.02818465,0.22741240,0.05735728,0.10685901,0.00932078,0.01374300,0.09043232,-0.02368055,0.16367799,0.04861586,0.05683185,0.08911318,0.11787042,0.16953216,-0.01201932,0.01358252,0.03666194,-0.08448269,0.05087807,-0.24939950,-0.07656689,0.15996407,0.02148855,-0.01791868,-0.00141982,0.09211177,0.04539521,-0.01909842,0.01049721,0.01682125,0.09396718,0.15909393,-0.08239079,-0.12878744,0.01537588,0.07968596,-0.03433682,0.15441175,-0.05116424,-0.01877962,-0.08282466,0.12274557,-0.20886993,0.03811585,-0.01485609,0.22059050,0.05843166,0.16601858,-0.20089416,0.17306708,0.12567185,-0.09393586,-0.29276228,-0.11434720,-0.02583795,0.09983946,-0.12501553,0.04891417,0.07638311,-0.08423337,-0.09565624,0.05921056,-0.14806764,0.03607708,0.07830086,0.17620978,-0.02440860,0.08416647,-0.00759121,0.05520626,-0.02910463,-0.11508898,0.04547994,0.09037814,0.05068057,-0.11262738,0.12135969,0.07123167,-0.13154104,0.04869252,0.13837896,-0.01036161,0.65909374
0.06980662,-0.02581823,0.05635806,-0.00517304,-0.01983541,-0.01156425,-0.13157466,0.15113278,0.06346726,-0.00167010,0.05442746,0.03437179,-0.03730256,0.07973153,-0.06495982,-0.04006514,0.03863351,0.18939219,-0.00738729,-0.05723508,-0.04355612,0.06966179,-0.05813580,-0.08781920,-0.02721753,-0.03707708,0.00977261,-0.00721791,0.03655158,0.01522492,-0.03731307,-0.05426915,0.09055174,-0.08109084,0.04847139,0.09934051,-0.00570425,-0.06781290,-0.00731125,-0.00149398,0.03061425,0.10671455,-0.08070334,-0.10763603,0.03731283,-0.05938509,0.06403995,-0.02584602,-0.26957509,-0.02428801,-0.10359343,0.00054465,0.04958577,0.04292901,-0.07978804,0.12111100,0.11731886,-0.01078084,0.02552599,-0.13470513,0.03198778,0.24367349,0.05812451,-0.16813122,0.00865941,-0.05845574,0.07870312,0.10359186,0.05288772,0.02293541,0.04428169,-0.08802349,0.08277117,0.05090595,0.01909022,-0.02329058,-0.06355254,-0.05396047,0.06613841,-0.07153303,0.05401506,0.08173335,0.01161055,-0.02022185,-0.17907785,-0.04475869,0.02841987,-0.06607716,-0.06588958,-0.07347354,0.09833214,0.09007392,-0.01392072,-0.13390894
-0.04170629,-0.00890172,0.21586657,-0.13933304,0.12040259,-0.08780428,-0.15720232,0.10526201,0.12947407,-0.06500323,0.07101020,0.13018675,0.15063965,0.13432072,0.18736273,0.21936406,-0.04805344,0.10400620,-0.02549548,0.09053538,-0.03559477,-0.00771231,0.00261350,-0.25534812,-0.09365875,-0.02344821,0.04852590,-0.02845947,-0.06093842,0.02954132,-0.07385290,-0.13998355,0.03304245,0.12360492,0.37462118,0.15829554,-0.06407497,0.14058146,-0.01718459,-0.10970689,0.03074482,0.03318649,0.16894947,-0.06398065,0.07012875,0.08666930,-0.04581218,0.06305113,0.04565242,-0.00577986,0.10295333,-0.10861818,0.13202603,-0.17212480,-0.14661992,-0.06199839,-0.07030448,-0.00038773,0.05518559,-0.24010326,-0.13999143,0.23915797,0.06483661,-0.09727504,-0.05155571,0.05943206,0.04863123,-0.03127710,0.11653503,0.04259033,0.05712662,-0.09380330,-0.09009235,0.02856251,-0.07341605,-0.04132800,-0.04262646,0.15531816,0.13071646,0.07045535,0.12667988,0.10720526,-0.07764916,0.02664301,0.04633427,0.06782709,-0.16180499,0.17312627,-0.00881203,0.02368334,0.03823487,0.45698950,0.12094866,0.27512506
-0.09111967,0.06631178,0.12383701,-0.08002060,-0.06738052,-0.10410304,0.13087887,0.00936504,-0.00049651,0.00680410,0.08923824,0.00404321,0.06572606,0.13603693,-0.02733471,-0.04501430,-0.07207015,-0.07444638,0.08821974,0.06495558,0.03231252,0.05455109,0.00474781,0.06588812,0.02162708,-0.00096922,0.02874508,-0.00791900,-0.07908501,0.12021621,0.08868018,0.04241159,0.15640888,-0.04375545,-0.19249292,0.11831988,-0.01563057,0.00320821,0.10350693,0.02447185,0.12492018,0.11087605,0.08725344,-0.03504912,0.04349371,0.09246282,-0.01109514,0.05789345,-0.01085271,0.01572448,-0.03588708,-0.12881066,0.00426748,0.03519880,-0.11012477,0.11723346,0.05469576,0.05137677,0.02622405,-0.07813571,-0.08304282,0.00052304,0.07869387,-0.20136337,0.08231431,0.01697383,-0.00709808,-0.11443571,0.06524704,-0.13994274,-0.07904436,-0.07038319,-0.06385316,-0.13174155,0.02508919,-0.02325498,0.05363381,0.04125543,0.16931668,-0.07578786,0.10870940,-0.11140604,0.00629473,-0.01641314,-0.08036682,0.08626533,0.08477633,-0.03539312,-0.03067823,-0.08447071,-0.00071236,0.10907858,0.09554947,-0.10334875
0.10447264,-0.03547853,0.05190315,-0.11469831,-0.09131143,0.06300838,0.04077336,0.27648616,-0.10149568,0.03223045,-0.05917480,0.02366035,0.02648953,-0.10220585,0.15953222,0.08666825,0.14464532,0.04655774,0.06206553,-0.01013900,0.02409844,-0.00568723,0.12765059,0.05378805,-0.01342064,-0.05093929,-0.06645293,-0.08860705,0.07803484,0.03521938,-0.06020718,-0.15142499,-0.09827169,0.05748981,-0.10532855,-0.08190452,-0.04203147,0.02191514,0.07800983,-0.10329600,0.10332447,0.03179058,-0.07470080,-0.03897148,0.02340962,-0.05093203,0.06700234,0.04016003,0.13714255,-0.00436700,-0.09742451,-0.09560198,-0.14326215,0.11027768,0.12958975,0.03598069,0.04282112,0.04477333,-0.05069860,-0.17281912,0.01135321,0.16596062,0.18794769,-0.01998056,0.01693385,-0.01773188,0.00882923,-0.06420664,-0.08644671,0.10595718,-0.01209827,-0.07248551,-0.00934666,-0.00155528,-0.17862424,-0.03319986,-0.11806090,0.11771467,0.03290466,-0.16222341,0.04138063,-0.02981698,-0.04978846,-0.08102084,0.03949105,-0.07302152,0.02191952,-0.00181090,-0.08434894,0.03034621,-0.02863484,-0.00475616,0.09138895,-0.02851933
-0.03798500,0.08250256,0.04107142,-0.20927690,-0.09352061,-0.04719535,0.06092574,0.08792597,0.06474181,-0.00203683,0.12460773,-0.02117879,-0.13724424,0.00828078,-0.05087976,-0.06976356,0.00660723,-0.03419819,-0.02405944,0.06710205,0.01599213,0.03114603,0.12169029,-0.00790206,-0.01817881,0.02944534,-0.13170312,-0.03131250,0.00683904,-0.10090586,-0.12742166,0.08325506,0.22842906,0.03618687,-0.00447108,0.10418677,-0.07234618,0.10125818,0.06586879,-0.07179161,0.06038781,0.13186021,0.05117111,-0.15507193,0.02478361,0.12231728,-0.00821853,-0.03992284,-0.03928851,-0.07734807,0.17077579,-0.06640214,-0.12439881,-0.32256231,-0.03090871,0.12636527,0.07709797,0.14177866,0.10466321,-0.06075904,0.02029451,0.07456008,0.00131678,-0.09414291,-0.04992913,0.06932220,0.02299644,0.04183451,0.01813371,-0.26052821,0.00522885,-0.01538957,0.00317175,-0.03364457,-0.12478680,-0.01639253,0.03731171,0.02890909,-0.02217957,-0.01895123,-0.09207765,0.04806070,-0.06667216,0.02797534,-0.07518744,-0.01686631,-0.03578616,-0.00479169,-0.01186979,-0.08735002,0.11538432,0.04416263,0.02914741,-0.09163504
-0.06459378,0.07627615,0.09321704,-0.17040576,-0.10778709,0.12988338,0.03327959,-0.02328148,-0.07261893,-0.06765638,0.01888970,-0.01003982,0.01875762,-0.04237850,-0.10613950,-0.04035588,-0.01258382,-0.02979502,-0.00576352,0.10991700,0.03479381,-0.06712570,-0.02343447,0.01387964,0.08661933,-0.05482507,-0.14040117,-0.01111004,-0.10044625,-0.04109811,0.06013871,-0.01015111,0.16930890,-0.12540680,0.09402265,-0.00277480,-0.06200898,-0.08784308,-0.07894515,0.01996516,0.04037280,-0.05205960,-0.08130419,-0.01872623,-0.09398345,-0.00413211,0.15327884,0.11335158,0.08686392,0.05989361,0.15041053,0.09086991,0.08748282,-0.13538846,0.10808092,-0.04602307,-0.08677938,0.02335335,0.04609046,-0.02896100,-0.05219489,0.10423032,0.03943791,-0.14702138,-0.03062002,-0.07707715,0.00075833,-0.08840338,-0.02068549,0.01558423,0.02710273,-0.05837944,0.11015025,0.09639012,-0.05786317,-0.06243782,0.13717344,-0.08626430,-0.02237113,0.10292960,-0.06240701,0.05775204,0.07897180,-0.10050628,0.03761487,0.08353586,0.00285534,-0.04751495,-0.09561053,0.01239846,0.01721661,0.07829431,-0.07591064,-0.04529407
0.08017767,0.02380194,-0.00052880,0.07934753,-0.02496756,0.05822720,0.03559951,0.05256757,-0.08450191,-0.00595264,0.06010969,-0.04437380,0.00190320,0.04567898,0.12206107,0.10078275,0.09379482,0.07422517,0.01276685,0.05072431,-0.05199142,-0.08156861,-0.10368157,-0.05529566,-0.16755404,-0.03372288,-0.01801049,-0.11179851,0.04162522,0.10265590,0.07816872,0.01675130,-0.16511390,0.07452004,-0.09316105,0.04037921,0.09232443,-0.04922046,-0.04536135,0.05007558,0.08672544,-0.05885442,0.06116379,-0.01556954,-0.00293808,-0.04551592,-0.11206285,-0.00238021,0.00102652,0.02084173,-0.04713069,-0.02321250,0.09179696,-0.08390158,-0.04927911,-0.02216499,-0.00225563,0.01150959,-0.03773399,0.01656949,0.07066988,0.10652805,-0.06222098,0.04907589,-0.02679219,0.06803953,-0.06141742,0.04855259,0.06462252,0.12728550,0.09776711,-0.08865123,-0.08740214,0.02515602,-0.06572870,0.08234942,-0.08816534,-0.00667408,-0.05240734,-0.02817257,0.03315371,-0.04507946,-0.10518174,0.02845312,0.03623995,-0.05930604,0.02698281,0.10503621,-0.03508328,0.00570403,-0.04156787,0.05409409,0.02737416,-0.02110985
0.07613340,0.09193316,0.07070524,-0.08791178,-0.08590145,-0.13765915,-0.11241908,-0.03036631,0.03015117,0.02435796,-0.03846583,0.11779245,-0.05166621,0.06127005,0.02946128,0.10027169,0.03290357,-0.21406791,0.01421628,0.02607290,-0.10545863,-0.05691131,-0.00534714,0.04946356,-0.00474470,-0.02285552,-0.05402794,0.05748353,0.05693026,0.04145924,0.04533228,0.04614615,-0.11502894,0.02088569,0.03299125,-0.07046308,-0.11701325,-0.03890351,0.06202618,-0.07256189,-0.06808592,-0.00001127,0.07117120,0.00620277,-0.03463972,-0.06583354,-0.07526530,-0.03764709,-0.02165140,0.09832466,-0.04139354,-0.01758455,0.04413910,0.03497284,0.06156604,-0.08697139,-0.01304542,0.02513505,0.03114969,0.00761075,-0.08051480,0.02048800,0.03520474,0.04802550,0.10951091,0.00187185,-0.05321901,-0.05097724,0.03953367,-0.07429273,-0.12077322,0.00073042,0.04707121,0.00621498,-0.06079294,-0.01359792,0.14966790,-0.17056623,-0.02698518,-0.01458304,-0.08967138,-0.08035959,-0.03425143,0.01165410,0.12915914,0.05497405,0.00822470,0.07154479,0.03850107,-0.11527281,-0.00482361,0.01968318,-0.03022055,0.03766105
0.04054281,0.06755138,0.05374675,0.02523281,0.04356156,-0.03159224,-0.10185907,0.02138610,0.05132834,-0.00715131,-0.06538415,-0.06117902,-0.09312912,-0.04238683,0.06794092,0.06269246,0.07177746,0.00851633,0.01205078,0.00334489,-0.04771843,-0.02723896,0.05483993,-0.05434087,-0.16446835,0.11530609,-0.09252945,-0.08316852,-0.05390995,-0.12274570,-0.06659007,0.00310168,0.05907602,-0.07847214,0.08350094,-0.11224601,-0.05953271,-0.03885584,0.05894309,0.13094704,0.01882671,-0.05359051,-0.01738566,0.02798063,0.01889834,0.09772838,-0.06164839,0.08444518,0.12436303,0.08704750,0.01317043,-0.03425216,0.01960149,-0.01271345,0.02678953,-0.04678776,-0.12052620,-0.17018901,-0.08357558,0.16999246,0.04254535,-0.15514755,0.01442634,0.14108413,0.08930859,0.01190273,0.07264209,-0.06347266,-0.09492338,-0.09545902,0.07272902,0.06252103,-0.06674542,0.06717841,-0.01513011,0.07945956,0.10842315,0.00320872,0.02954603,0.05515207,-0.01144654,-0.06634862,-0.08723406,0.07264995,-0.03304159,-0.11073627,0.01367296,0.03927837,0.05922014,0.04857145,-0.15561175,0.00877082,-0.02747813,0.07762164
0.14673439,-0.02955382,0.09848661,0.10497689,-0.04860125,-0.12233925,-0.06766702,0.07954432,0.04547328,-0.01746137,-0.11867481,0.14551638,0.07723647,0.03985555,0.11038059,-0.03820407,0.00973145,-0.06842402,0.07654095,-0.08106057,-0.13562441,0.01889903,0.01294831,-0.05566030,-0.02744082,0.03151724,0.12031905,0.02116006,-0.00481669,0.01606007,-0.04828407,0.00888812,-0.16061911,0.06623349,0.03335752,-0.07859906,-0.03707842,0.11666028,0.01329078,-0.01746918,0.10817601,0.05850799,0.07617533,-0.02984735,0.10528151,-0.01076893,-0.07496746,-0.00647313,0.01683084,-0.04964254,-0.13676660,0.04096344,-0.02185287,0.05846443,-0.07665499,-0.06503951,0.11754477,-0.13599809,-0.02672914,0.08807584,-0.10403269,-0.10187642,-0.09371967,0.16533351,-0.01639858,-0.03272506,0.08748884,0.01819482,-0.02715346,0.16250350,0.13638860,-0.07038762,-0.11756295,0.00953582,-0.00417716,0.05787083,-0.14489266,0.07578974,0.06231257,-0.04416410,-0.05791943,-0.05669048,0.02580147,0.04583322,-0.08595487,-0.08014461,-0.03779905,0.01204104,0.04521804,-0.00254077,0.06710447,-0.05341445,-0.04482339,0.08327817
-0.16092263,-0.22926711,-0.35300067,-0.06053900,-0.02212818,0.09144453,0.26576924,-0.21629943,-0.12436539,0.07433300,-0.23229565,-0.27409980,-0.52112275,-0.11541697,-0.40025342,-0.04318353,-0.10649069,0.01633472,-0.30076486,-0.10942626,0.05387148,-0.06633854,-0.29027566,0.29820669,0.01333966,0.16755046,-0.02837875,0.18455110,-0.05778584,0.01893485,0.08702663,0.29376179,0.07539114,-0.31299958,-0.08828645,-0.24087781,0.47814304,-0.18868010,-0.31920907,0.16831985,-0.13568585,-0.24164243,-0.39879519,-0.07768425,-0.08762433,-0.04358803,0.28471440,0.10189017,-0.07145309,-0.19849585,0.10698427,-0.26626241,-0.09062532,-0.22771375,0.29406306,-0.34208560,-0.11999887,-0.06409698,-0.09452917,0.38525456,0.18027380,-0.21856673,-0.02886615,0.03189898,0.11962276,-0.33290899,-0.14234559,0.05043245,-0.15517087,0.15281174,-0.10802884,0.25745296,0.12862839,0.46284023,-0.04252423,-0.31793728,-0.15343554,0.15625794,-0.21732473,-0.09635743,0.01490602,0.16973796,0.05285945,-0.07115298,-0.02810158,-0.28534105,0.02111109,-0.11795513,-0.31252059,0.17834879,-0.13840173,-0.45915291,-0.19576693,0.04517455
-0.31424284,-0.03616655,0.07145134,-0.22379969,0.05005905,0.26444820,-0.20816416,-0.07378218,0.12204079,-0.12310116,0.14362428,-0.11583216,-0.29545298,-0.02660408,0.04086636,-0.04139084,-0.06020863,0.10529459,-0.03501742,0.04455499,-0.09876223,0.05948998,0.02846819,0.24417304,0.03982871,-0.00804147,-0.00010369,0.20994452,-0.01231542,-0.12810716,-0.10412598,-0.11355741,0.27607611,0.03914573,-0.09592234,0.00194243,0.03065463,-0.05070637,-0.01050754,-0.12858410,-0.03042002,0.04095325,-0.08588143,0.04825755,-0.09171978,0.00934415,0.02333795,0.05234482,-0.12037233,0.03670381,0.39544225,-0.02663042,-0.07486111,-0.11237778,0.03180510,0.08011574,-0.10105658,0.08997257,-0.04909242,0.31949449,0.13746080,-0.04203542,0.04136385,-0.05731884,0.08036235,0.00767839,-0.09253258,0.07484484,0.06849681,-0.14824891,0.02253287,0.02937806,0.27814904,-0.11839858,-0.09867287,0.01310585,-0.23962852,0.04726989,0.00920716,-0.18895759,-0.01485679,0.09197872,0.03876792,-0.00812481,0.10661314,0.01831153,0.30396032,-0.19571751,0.10664293,-0.04891023,-0.01047135,-0.22594793,-0.02691683,0.12225452
-0.11141420,0.03045316,0.01874765,-0.14778757,0.02699369,-0.02828718,0.13802727,0.10687334,0.18105210,-0.04692856,0.22516166,0.11836758,0.39794472,-0.02598152,0.20081528,0.11948564,-0.14083366,0.07721374,0.10155310,0.10039461,-0.15624601,-0.01305070,-0.10192629,-0.23329256,-0.11231897,-0.03927032,-0.21738341,0.10498464,-0.06433012,0.17537275,-0.01491589,-0.21316808,-0.09562010,0.02796351,-0.01679669,0.12957177,0.00818896,0.09036977,0.01088242,0.05715656,-0.07203292,0.04876044,0.14958794,0.09938474,0.04696267,0.07252903,0.00708148,0.14294881,0.29172835,0.09108782,-0.16278048,0.02692314,0.25759131,-0.18909779,-0.12547086,0.05557325,0.04453408,-0.11230799,0.08458131,-0.43559086,-0.19836040,0.17296560,-0.00499339,-0.14290793,0.04519885,0.08357102,-0.05124345,-0.05438252,0.13156840,-0.22436839,0.02712065,0.01207466,-0.00042507,-0.02935773,0.02587238,0.07936424,-0.20424786,0.02864992,0.15533626,0.13966000,0.19119678,0.03225806,-0.09736597,-0.07643440,0.14205995,-0.01646074,-0.14143717,0.06360481,0.00077991,-0.01150006,0.03689966,0.64763504,0.04715997,0.11473152
0.05411473,-0.07457379,0.12698083,-0.01616890,-0.12795722,-0.08195165,-0.07112550,0.01390797,-0.11918184,0.02875874,0.07503191,0.15110052,-0.21952198,0.00119293,0.03454228,-0.33608133,-0.09403993,0.04856151,-0.01661943,0.08479987,-0.08474734,-0.09675445,-0.00923391,0.07962964,0.09225547,0.04916620,-0.09265983,-0.05332425,-0.05065516,-0.01521166,0.01676407,0.11164457,0.03943007,-0.03046482,-0.09046541,-0.10284169,-0.12509117,0.02174914,-0.00543526,0.01019404,-0.01673123,-0.08086981,0.05282748,0.03236823,-0.08130896,0.02455867,0.08381689,-0.07014628,0.28645372,-0.09961091,-0.08760184,-0.07324242,0.08063586,-0.03418184,0.06417999,-0.01389230,-0.11448346,0.00631843,-0.09422635,0.50619864,0.07401959,-0.17751534,0.05772542,-0.00638832,-0.02318583,-0.10039506,0.05111250,-0.05708319,0.09630180,0.03092774,0.01835567,0.06404013,-0.00806076,-0.07686207,-0.06718363,0.06312013,0.22114742,-0.04594353,-0.08695365,0.14125472,0.01538828,0.06757367,-0.05630839,-0.02222437,-0.03765422,-0.06147669,-0.01221785,-0.03130258,0.04960527,0.09053890,-0.05906543,0.24923752,-0.04909640,0.27229813
0.09119466,-0.22147876,-0.29046094,0.08621768,-0.06970113,0.13414510,0.14072035,0.01498407,-0.06087203,-0.00698632,-0.08969900,-0.08425075,-0.03412356,-0.20389223,-0.01375934,0.20407523,-0.06692886,0.22039960,0.02156992,-0.05812641,0.13300003,-0.07789785,0.01772289,-0.02767121,-0.32305557,0.09117228,0.06728072,0.11650700,0.00732382,-0.03278562,-0.10051101,0.04196531,0.05382074,-0.16269597,0.22814290,-0.02854270,0.09513936,0.04708110,-0.02021793,0.07735717,-0.03584122,-0.06299158,-0.23767199,0.02352825,-0.10529862,-0.01942278,0.10172086,0.09142497,0.24020559,-0.11196896,0.33613306,-0.05404805,-0.00240174,0.11584561,0.13781826,0.00133088,-0.07469416,-0.04383021,-0.13832408,0.02363759,0.19062144,0.23787254,-0.14395565,0.05791087,0.13722163,-0.05756546,-0.08771399,0.03805989,-0.06499562,0.37212542,0.08258335,0.16326335,0.00247463,0.17680725,0.01320026,-0.05421516,-0.16954327,0.01008925,-0.14587539,-0.13219045,0.07996954,-0.02374714,0.03134375,-0.06154989,0.05473529,-0.03841370,-0.06825446,-0.01290758,-0.05603519,0.05853310,-0.01832194,-0.21616888,-0.01464031,-0.30001232
-0.01981929,0.15194625,0.06411486,0.07835478,-0.02263568,0.05265639,0.14638941,0.03813174,-0.05036869,-0.00535305,0.14724180,0.04357193,-0.08022608,-0.00755068,0.01823281,-0.08064193,-0.05499495,-0.00095720,-0.01000316,0.05095064,-0.11073469,0.07432264,-0.01100712,0.08676211,0.12758850,-0.11255412,-0.09607074,0.04195064,0.00164287,-0.04060911,-0.11797312,-0.11096972,0.06605008,0.08427623,-0.08921601,-0.00871919,-0.13955922,-0.03040362,0.06065781,-0.11531212,0.05931097,0.05625625,-0.00628587,-0.14866768,-0.01958680,0.08725598,0.09046898,-0.01460403,-0.06825997,0.08728161,-0.00253380,0.07687989,-0.04155237,-0.05014752,0.05765551,0.07451489,0.00569961,0.02341408,0.02078458,-0.00919118,0.03039196,0.13184984,0.02509035,-0.17717861,-0.10560865,0.07229913,0.17866521,-0.03467416,-0.01314531,0.01774436,0.00849588,-0.04205133,-0.06635586,-0.02773030,-0.02022491,0.06227558,-0.01638828,-0.01470510,0.00586659,0.01771628,0.00518097,0.00840663,-0.11447794,0.08669547,0.02976934,0.03216669,-0.09443732,-0.11969920,-0.05130119,0.05391435,0.10860483,0.04796679,0.00642368,-0.04660862
0.08422133,0.01919266,0.00564181,0.05135192,0.15881920,-0.02924348,-0.02211463,0.07686758,-0.01924615,-0.12233905,-0.10808261,-0.07623512,0.09378502,-0.02234075,0.04400743,-0.00910950,-0.01204994,0.01123835,0.04300053,-0.09743869,-0.10056014,-0.07920839,-0.04671187,0.00990174,-0.17037334,-0.07113732,0.02433831,0.00972882,0.10761158,0.15373451,-0.03219989,0.02236026,-0.01518748,-0.01911831,0.06684102,-0.05843319,-0.03303223,0.06464180,0.05891057,-0.06253209,-0.04245494,0.02088757,0.06893649,-0.04900622,0.10277196,0.02353593,-0.07325478,-0.07665055,-0.09576581,0.01202961,-0.07813480,-0.07738529,-0.10160737,0.07330939,-0.01248077,0.10642745,0.05354505,-0.09315147,0.02739345,-0.09264387,0.01674575,0.15709823,-0.04785457,0.06994165,-0.12585109,0.02403868,-0.07734517,0.05258784,0.10752004,0.17520417,0.12263705,-0.03847724,0.08210803,0.05972265,0.03202926,0.02577792,0.01736900,0.03693673,-0.05676408,-0.04212511,0.05868550,0.07413530,-0.03234784,0.01378052,-0.06129978,0.08143096,0.03695086,0.00340515,0.16197528,-0.00765407,-0.07202323,0.07619198,0.00345217,0.08879888
0.13346508,-0.10439479,0.00063961,0.03767617,-0.11757739,-0.08137565,0.04612766,-0.04066778,-0.10693132,0.10567953,-0.03690797,0.07948206,0.15285496,-0.15609181,0.04932386,0.02217557,-0.02005926,-0.11951005,0.08212546,-0.00931439,0.02629286,0.00146704,-0.11254982,-0.02304039,0.03710991,-0.06659947,-0.06549515,0.00086407,-0.00709293,0.06698374,0.15135497,0.12443165,-0.07529540,0.07992625,-0.08679820,0.02703496,-0.02408790,-0.10720815,-0.03395074,-0.02687916,-0.04146736,-0.07122239,0.08176696,0.07261083,-0.06452627,-0.01727496,0.01824353,-0.02508944,0.13393424,-0.01645288,-0.13894904,0.16094792,0.07214437,-0.10534514,0.01011822,0.03163636,-0.09408585,0.00324837,-0.04896596,-0.02561272,-0.10132518,-0.12438248,0.09275788,-0.01820149,0.13256678,0.01628794,-0.05685206,-0.05183646,-0.11365760,0.14602847,-0.14057478,-0.02846328,-0.00996947,-0.00007711,0.05207406,-0.08224221,-0.06103925,0.05711010,-0.04335822,0.01439340,-0.12192083,0.05968915,-0.01435067,0.04321695,0.05312365,-0.05776113,-0.05662867,-0.03729394,0.08298988,0.00915268,-0.01483445,0.10365831,-0.01931469,-0.17606100
-0.18815203,0.04172553,-0.04044471,-0.08055846,0.01791883,0.02296762,-0.06061073,-0.00950034,0.00196988,0.02833263,-0.04026634,-0.01004924,-0.09332275,0.09804309,0.11099727,0.02455282,0.00281251,0.08134206,0.06104940,0.14066800,-0.06468331,0.10100626,0.08192189,0.14247973,0.05112223,-0.00865071,0.03071741,0.06058352,0.00315693,0.05354115,-0.03464473,-0.07114691,0.11962521,0.09961615,-0.08664999,-0.02175232,0.00061314,0.01344599,0.14776698,-0.07863887,-0.08296257,0.07435783,-0.02014747,0.06588650,0.08935513,0.09192376,0.01181911,0.06647854,-0.05083273,-0.02457735,0.08244222,-0.02929300,-0.10437549,-0.05821256,0.03433377,-0.05516776,-0.08489459,0.13067846,0.11903646,-0.05729507,0.10155268,-0.00475506,0.06562663,-0.11059643,0.08744948,-0.05872566,0.05731518,-0.18938278,-0.00476644,-0.06027078,-0.07323844,-0.00635332,0.12870727,-0.12438492,-0.07389285,0.10619488,-0.05377280,-0.01240374,-0.02564615,-0.09293105,0.04151624,-0.04795366,-0.00418608,-0.00750375,0.03507387,-0.00363147,-0.04158587,-0.11190197,0.00165364,0.04257604,0.13356519,0.03488962,0.09396537,0.08530428
0.06150429,-0.13132671,-0.11856276,0.07900253,0.00711619,-0.05057641,-0.22511083,0.06935469,-0.15864338,0.13475385,-0.09813337,0.02945025,0.09133857,0.01097236,-0.08358001,0.17748924,0.00094972,-0.12336620,0.03371592,0.01513855,-0.02395904,0.01112159,-0.10990725,-0.10328306,-0.09010800,0.09950989,0.14847937,0.04767952,0.02392143,-0.07457964,0.10728627,-0.04202222,-0.07418682,0.01300416,0.09373002,0.00232049,0.10389511,0.04808352,-0.10298009,0.14487997,0.04470488,-0.07010818,-0.06276838,-0.03205399,0.02593146,-0.09306344,-0.09233466,0.09417975,-0.01477434,0.05856855,-0.01506510,0.01612810,0.10115435,0.02004793,0.07695016,-0.07115158,-0.06734678,-0.06115470,-0.09789333,0.02561237,0.02352835,0.03042725,0.00045910,0.02906813,0.07004457,0.01283449,-0.08599630,0.06941760,-0.09646339,0.20802227,-0.01229145,-0.00648774,0.10808560,0.01367258,0.07773368,-0.04396610,-0.05898239,-0.10844208,-0.10853689,-0.06228829,0.05445372,0.05557335,0.02344798,-0.01252154,-0.02833433,-0.10063788,-0.07614339,-0.05974344,0.07459957,-0.05407040,0.01131163,-0.10059693,-0.06368710,0.10404654
-0.18440436,-0.02973789,0.03726276,-0.22212197,0.05619623,0.07213175,0.03582204,-0.00157666,0.03019191,-0.10378151,0.03985572,-0.19988127,-0.28113636,0.05986276,0.09594055,-0.14285070,-0.06481349,0.05657941,-0.04450642,0.11344139,-0.08545346,-0.08580247,0.05531269,0.07112255,-0.11802307,0.11050458,-0.12777694,0.06358436,0.00587076,-0.03457411,-0.11448991,-0.00028870,0.22580637,0.07633694,0.02693997,0.11198571,0.03234131,0.09988676,0.04062761,-0.00018913,-0.13879640,0.00842654,-0.03128180,0.08043017,0.03958525,-0.03578613,-0.03585865,0.00398738,0.08563523,0.06307966,0.32303220,0.07342448,-0.08463092,-0.06262103,0.04852209,0.06286393,-0.03281995,0.13757892,0.12949780,0.08561160,0.22559358,0.08994371,0.08027915,-0.14136599,0.01430032,0.11896010,-0.04020539,0.01558720,0.11142126,0.05800986,-0.08542625,-0.00661386,0.12567315,-0.02960339,-0.00537318,0.01235076,-0.13462245,0.05315627,0.02233498,-0.00158835,-0.07904183,0.03999198,-0.10282424,0.00669667,0.05157111,0.00719891,0.12837727,-0.21334109,-0.06930818,0.07247352,0.03177157,-0.16267021,0.02862217,0.23169981
0.07279542,-0.09468730,-0.14411655,0.04789829,-0.04288663,0.03595718,-0.01457587,0.03963895,-0.13978091,-0.05155082,-0.10994377,0.11670030,-0.08400118,-0.10187858,0.00525565,-0.06866245,0.09110916,0.06098041,0.01666139,0.02996696,-0.11783894,0.06546895,-0.11499222,0.00462361,-0.14306641,0.05790624,0.13247295,0.05014062,0.02199304,0.04760746,0.01240069,-0.06203187,-0.00766534,0.10004790,-0.00955119,-0.09360027,0.05910277,-0.06926487,0.04491859,-0.03362402,0.02419651,-0.06338383,-0.04573566,0.01810769,-0.07944480,-0.07512091,-0.03974584,-0.08877978,0.09965268,-0.07021856,-0.03827370,-0.08283190,0.06563044,-0.09607049,0.08441361,0.03814024,0.01821261,-0.07071532,-0.03369269,0.06233758,0.18696353,0.06758139,-0.14755473,0.00202609,-0.03479289,-0.00215133,-0.05380037,-0.02564592,-0.04479074,0.15577950,-0.02202361,-0.03177295,-0.01484967,-0.08954495,0.04603213,-0.10804541,0.02805559,-0.09557883,0.02128090,-0.02318284,-0.01570040,0.12178969,0.03353034,0.01328244,-0.03669637,0.05079160,-0.06904711,0.05813739,-0.06915718,0.03747801,-0.03611963,-0.00446700,0.02796658,0.02288033
-0.08154642,-0.02830416,0.10113960,-0.03412441,-0.06663682,0.06848020,0.05878503,-0.10745081,-0.02802003,-0.00675928,0.11621590,0.01502033,-0.12479293,-0.00132097,-0.06442765,-0.03368233,-0.02603163,0.06290343,0.11136579,0.05148630,0.04152610,0.02201703,-0.05552689,-0.06208797,-0.00013773,-0.01136391,-0.09325463,0.08361573,0.05463004,0.07854097,0.05399425,-0.01594016,0.11946291,0.00091770,-0.04171806,0.00356305,-0.07334540,-0.00048795,0.05932717,-0.10145662,0.10854888,0.12666157,0.00828391,-0.11420398,-0.06979567,-0.03220206,-0.01180311,-0.08127387,-0.05474769,-0.01731787,0.10424607,-0.11437103,-0.09061366,-0.10615175,-0.08918893,-0.04642205,0.11010029,0.12966450,-0.05761637,-0.10269736,-0.00900421,-0.10261247,0.01021519,-0.04693850,-0.03469731,0.05527085,0.08145655,-0.07679525,0.10254669,-0.00199887,-0.07240511,0.05642482,0.05442642,0.00087651,0.05900550,0.03071719,-0.08728522,0.06131258,0.02460496,-0.05427369,0.06420982,-0.06367204,-0.09525785,0.03584046,-0.09242091,-0.01319722,-0.05847358,0.00857155,-0.08708403,0.07338955,0.06779419,0.06593111,0.06364882,-0.05441708
-0.04428441,-0.04634239,-0.17026046,0.08092511,0.08038200,0.03898948,-0.21887596,-0.09265848,0.02398283,0.00930924,-0.11689717,-0.04276133,0.00345553,0.03005814,0.05832734,0.16018134,0.01595598,-0.03784000,-0.08850765,0.12919295,0.01041824,-0.04542262,0.02998453,-0.04002706,0.04837079,-0.07849268,0.13036138,0.03878618,-0.00774902,0.02788890,0.00907800,-0.17126857,-0.07485425,0.11237655,0.05335720,-0.06061174,-0.08389013,0.04391648,0.01921403,0.04652744,0.09007332,-0.04634850,-0.05062500,0.02614369,0.19901451,-0.00183247,-0.07925215,0.02782748,-0.20939483,0.12738198,0.04112042,-0.16139036,-0.01073225,0.08749869,-0.05096943,-0.03354822,-0.14177611,0.09468125,0.06029607,0.12532997,0.05412547,-0.10455853,-0.17841221,0.13273431,-0.17064916,0.03590295,0.04239320,0.00809651,0.09024816,-0.19759879,0.01753717,0.07789274,-0.14706887,-0.14051020,0.06328363,0.16717534,-0.00527958,-0.08917701,0.04163777,0.12361695,0.02547664,0.00656817,-0.03341040,0.09583172,0.03201069,-0.02782536,0.04588501,-0.07313359,-0.06054400,0.04400061,0.04818005,-0.10065217,0.03219617,-0.01740474
-0.17742759,-0.01044374,0.07680216,-0.00703894,-0.05197952,0.09456214,0.16489604,-0.07050040,0.01703938,-0.07576581,0.01610831,0.03381294,-0.04326851,0.01084366,0.00798962,-0.02914910,-0.06869489,0.12509379,0.05453349,0.15063351,-0.09072009,-0.02299916,0.04139533,0.03714485,0.00783513,-0.05026777,-0.12947206,0.07093947,0.01282163,-0.02081843,-0.16301890,-0.05695768,0.05970940,0.11596063,-0.03486919,0.01205791,0.01923896,-0.02919283,-0.02765074,-0.08441336,-0.02794189,0.09231427,0.06482020,-0.06904702,0.10990402,-0.09442325,0.02771113,-0.08937792,-0.02954953,0.01249864,-0.00922387,0.02960236,-0.08188945,-0.10043244,0.05218308,0.03753191,-0.08258685,0.14833079,0.09884010,0.01016818,0.12894543,0.12183765,0.06608889,-0.14422403,-0.05715817,-0.04822234,-0.00181327,0.07779226,-0.07687540,-0.11038213,-0.05484575,-0.07805038,0.01780832,-0.06963418,-0.10747123,-0.00617330,0.08108756,0.09775066,-0.04312746,-0.04370966,-0.03906101,-0.11742878,-0.09619664,-0.07170168,-0.06089085,0.04885754,0.06480782,0.04434572,0.00193412,0.09842730,-0.02420602,0.04598362,0.05230490,0.09243240
-0.05649456,0.01556806,-0.03895394,-0.13488753,0.02768662,-0.06482075,-0.09146880,0.02128930,0.06497248,0.01021337,0.10596985,-0.05367562,0.01234247,-0.05311686,-0.07967140,-0.01785785,0.00477317,0.12479091,-0.12743706,-0.08120961,-0.06410182,-0.00513862,-0.10568513,-0.00931151,-0.00681833,0.00938225,0.06382862,-0.04235726,-0.04012064,-0.01595183,-0.05797928,0.02556622,-0.00739744,-0.03943100,-0.14292714,-0.07090630,0.14484695,0.06192289,0.08541013,0.07030287,-0.14206424,-0.07700221,-0.05003323,-0.17334786,0.03825971,-0.04390487,-0.00745345,0.09837490,-0.06643134,-0.08619899,0.09470098,-0.09322916,-0.10013115,-0.06267024,-0.06190650,-0.01336436,-0.02372837,-0.00663888,-0.03875790,-0.08616775,-0.04819594,0.19922790,-0.05835567,-0.20569777,-0.01778314,-0.07485157,0.04188139,0.09394218,0.13028885,0.00930909,-0.05250914,-0.04429520,0.06776467,0.01306557,-0.11900404,0.01223873,0.09346911,-0.07480012,0.03516430,-0.01862508,0.08562559,0.07728615,0.14549625,0.04766462,-0.04273690,-0.09408312,0.04239605,-0.02418936,-0.11902823,0.08499044,0.09841547,-0.00207981,-0.08922704,0.18228480
0.22752301,-0.08377778,-0.07837899,0.10678522,0.04589421,-0.03282540,0.13327183,-0.05022522,0.01649564,0.09515458,-0.13012224,0.04661766,0.13902029,-0.10411284,-0.05279657,0.12868637,0.04967076,-0.13822065,-0.05376485,0.00717972,-0.00709465,-0.00263284,-0.17327619,-0.03144777,-0.07557913,0.09280348,0.09205128,0.03720782,-0.02098019,0.01789311,0.19355622,0.01492814,-0.18184291,-0.04637549,0.00070339,-0.03678192,0.10938981,0.05305747,-0.04842095,0.03757632,0.05000615,-0.03623835,0.00618508,0.01560386,-0.07998653,-0.07162035,-0.05666067,-0.01344473,0.03151713,-0.00794414,-0.05099562,0.06657279,0.09839461,-0.01270733,0.02270342,-0.09847867,0.00823906,-0.04841560,-0.12620494,-0.05858783,-0.04547022,0.01337521,-0.07378866,0.16367136,-0.03469986,0.05638835,-0.03168789,-0.11409078,-0.14843096,0.14252128,-0.05782211,-0.02872416,-0.07762796,0.10634470,0.13210689,-0.11838253,-0.06236243,-0.06134050,0.02277187,0.14903577,-0.09376131,0.04033148,-0.05701331,-0.06216866,0.02515684,-0.00630345,-0.10295898,-0.00386285,0.02162425,0.10080473,-0.05580749,-0.02384678,0.00104278,0.06132658
-0.27678180,-0.00742315,0.06479317,-0.00927559,-0.05387193,-0.10700760,0.03149778,0.02255154,-0.03842451,-0.04549431,0.04369977,0.10112192,-0.08845049,0.08161473,0.02623784,-0.19641955,0.01334416,0.19757006,-0.16803023,-0.02150756,0.07953815,0.07274312,0.09453492,-0.16706365,-0.04151154,0.01903145,0.00113608,0.01082401,0.05000076,0.12005818,-0.07742392,0.00246025,0.07420822,-0.07121382,0.10423472,-0.06298160,-0.05992535,-0.04640624,-0.08140697,0.06880092,0.10419694,0.02708023,0.14147823,-0.08783720,0.06336971,-0.06853326,0.02341228,-0.04628950,0.00986155,-0.33999020,0.09197441,-0.12844427,0.08889929,-0.23154783,0.01847974,0.01176904,0.00732175,0.05081355,0.08998584,0.21023454,0.14415781,-0.09992763,0.43532693,-0.18920203,-0.06662603,-0.03568856,0.03133054,-0.03862745,0.04383561,0.15477704,-0.05251113,0.00042701,-0.12526473,0.04059207,-0.13146892,0.10996881,0.25190860,0.45744455,0.05283588,0.08964203,-0.06833748,0.16089557,-0.10756762,-0.06649393,0.05724739,0.02978273,-0.09313425,0.10033203,-0.11067177,0.05234851,0.01186130,0.17717890,-0.05567555,0.96412563
0.11837760,-0.05480686,-0.14689679,0.14753217,-0.04046012,0.04449734,-0.11430395,0.08410831,0.02991342,0.05424076,-0.14655462,-0.01221409,-0.08926097,0.02408398,-0.00958661,-0.06945957,0.06517030,-0.16446111,-0.01871371,-0.12954727,0.08484251,0.02801114,-0.05621722,-0.03975652,0.22532234,-0.02570111,0.10745027,-0.04755129,-0.04691334,-0.08873943,0.09144729,0.08838456,0.00444868,-0.00632363,0.00696286,-0.07928466,0.04155051,0.06449743,0.01874565,0.06944186,-0.08055381,0.01291936,0.05582594,-0.01546067,-0.07817508,-0.05601373,-0.02580192,0.12694922,0.13152196,0.01558835,0.13118644,0.07675494,0.15762629,-0.09268020,0.02223962,-0.00823988,-0.06771263,-0.12388499,-0.01050905,0.21030132,0.01687429,-0.12200994,0.03466265,0.07179631,0.02044616,-0.08250938,-0.01020350,0.04672809,-0.02377064,0.14054742,-0.05841637,0.03116922,0.07847794,-0.00559138,0.12143739,-0.00769543,-0.01071356,-0.10598435,0.03087423,0.11433491,-0.16328721,-0.01563575,0.08639764,-0.06349187,0.12337673,-0.06658059,-0.01591241,-0.00437482,-0.02275478,0.09987885,0.00065630,-0.04730562,0.01671959,0.08744999
0.09774417,-0.10747204,-0.03345513,0.01312603,0.00047375,-0.02753082,-0.05641034,0.11096710,0.02221977,-0.02617237,-0.05698213,-0.01947370,0.08401012,0.03924803,0.05010514,0.07195539,0.00356113,0.02019499,0.07159332,-0.04935146,-0.06451091,-0.09567564,0.00979657,-0.00988297,0.02691217,0.04118007,0.15492713,-0.00204290,0.03731487,0.04136791,0.04104431,0.10879204,-0.15206520,0.03915435,-0.03430692,-0.03335644,-0.04320595,-0.03904949,-0.00675455,0.08818956,-0.06625101,-0.08722996,-0.01745177,-0.04887300,0.01513345,0.05005011,0.07291555,-0.06432410,-0.05329740,0.10122714,-0.17908055,0.06702159,0.02578052,0.05337227,0.01547333,0.01327025,0.01006873,-0.14320830,-0.11111278,-0.01385518,-0.00013066,0.05803076,0.00190039,0.18796884,0.04807749,-0.03894944,-0.00050403,-0.01284886,0.04848114,0.01796404,0.05016109,0.02988543,0.07155903,-0.03348901,-0.06326061,-0.03312792,0.04367545,-0.07494775,-0.04454048,0.01876410,0.07509861,0.03895832,-0.06635650,0.05190745,0.05553175,-0.09441261,-0.09466694,0.10537577,0.07985344,0.00501118,0.03845311,-0.01399818,0.09137475,0.03343647
-0.02960879,0.03323327,0.21946114,-0.06187920,-0.07625421,-0.06824048,0.13585591,0.15826179,-0.10572207,-0.00277467,0.05350193,0.10594673,-0.10676035,-0.14685012,0.04213074,0.03719281,-0.07370613,0.04495214,0.08452196,-0.11731006,0.00459186,0.01000501,-0.06432184,0.07386707,-0.04199875,0.00632352,-0.07329322,0.05657791,-0.07415486,0.09221290,0.04128404,-0.07958358,-0.05706880,-0.05477623,-0.05601585,-0.01266442,-0.02388581,0.03585374,0.07572047,0.05531028,-0.09905035,0.07893507,0.02292432,0.06647145,0.01435826,0.06995195,0.07230035,0.07507253,0.01527620,-0.00275013,-0.09379126,-0.02925791,0.03757922,0.03540536,0.12394573,-0.12382082,0.06513938,0.05339237,0.04744044,-0.12798382,0.16803613,0.12296260,0.24470223,-0.22136967,0.07759597,-0.11553311,0.00084150,0.00718360,0.04252447,0.13032530,0.01777131,0.09437160,0.09088315,-0.06408414,-0.11864729,0.00881784,-0.09356240,0.12032802,-0.04436004,-0.17117004,-0.00135012,-0.12375333,0.03792014,-0.13041435,0.03463013,0.04608767,0.08262842,-0.07267900,0.02707071,-0.00620102,0.00750841,0.11679520,0.05970621,0.18190512
0.04316348,-0.13954082,0.00343209,-0.01410477,-0.06100379,0.00602826,-0.04324115,0.05638317,0.10513485,-0.02093902,-0.04200159,0.10169118,0.09283039,-0.07284658,-0.02329420,-0.00384456,-0.00603422,0.09337211,0.03670332,-0.04250581,0.03997758,0.06000042,-0.09342808,0.03684874,-0.13755071,-0.08804817,-0.03028536,-0.02703349,-0.10125002,-0.07103164,0.00644787,0.00520006,-0.03738388,-0.05316513,-0.08948812,0.06968417,-0.03247940,-0.00873462,-0.14434710,0.05899214,-0.14771868,0.00070918,-0.01067625,0.10682204,-0.08732998,0.04431905,0.02094960,0.01111732,0.14733672,0.01518347,-0.02527735,0.08860053,0.01628509,-0.11965456,-0.12935486,-0.04200925,-0.04748245,-0.04985191,-0.04083723,0.04049263,-0.07331655,0.12407663,-0.05082336,-0.14138536,0.09475634,-0.00876530,-0.11304221,-0.14333943,-0.09435195,-0.06332335,0.08097145,-0.02592969,-0.05956918,-0.02563861,0.02647483,-0.04177190,-0.04424096,0.12053252,-0.12223627,0.09699245,0.00738869,0.02049939,0.04047493,-0.01239380,0.05570054,-0.08522842,-0.07557653,0.01383074,0.03619370,0.00729840,-0.07093474,0.12953071,-0.00143591,0.18742530
-0.02411780,0.03612735,-0.09736725,-0.00003949,-0.01145412,0.07102969,-0.15553224,-0.09573468,-0.12694691,0.02751786,0.02236326,0.07317571,-0.08225129,-0.08354613,0.07376380,-0.02566662,0.01999059,0.12880474,-0.11351105,-0.09637549,-0.10588200,-0.07953273,0.05879526,0.01351825,-0.16734982,0.10870085,0.17451058,0.14166021,0.02454172,0.09341329,-0.20755409,0.00335695,0.09437873,-0.10197766,0.14372903,0.01582418,0.03068705,0.14137699,-0.04876385,0.06587714,-0.13376978,-0.08645251,0.01566823,-0.10317475,-0.01550657,0.07699808,0.04103209,-0.04503576,-0.28395262,-0.11074642,0.14983508,-0.19066986,-0.13266358,-0.19119844,-0.01153896,-0.16711624,-0.09027541,0.08091488,-0.03403467,-0.21757463,0.23928230,0.07476971,-0.04450359,0.02439084,-0.08993167,-0.00941908,0.00444437,0.12377647,0.08863878,0.09855409,0.12182874,0.05380793,-0.03552261,0.03215494,-0.03165010,0.09923425,-0.08749908,0.09260581,-0.04174476,0.00971928,-0.02974027,-0.06565140,0.10176097,0.04988369,-0.13863447,-0.13754816,-0.03241623,-0.06819700,-0.12208748,0.04174269,0.03973828,-0.16156690,-0.15437537,0.41138253
-0.02930094,0.07616004,0.11130134,-0.03270590,-0.01054697,0.06635039,-0.08112901,-0.09394345,0.07031013,0.02168700,0.11336653,-0.13251494,-0.07749736,0.01492563,-0.01656268,-0.03206488,0.08538407,-0.01367769,-0.01749807,0.00065081,0.10558180,-0.08373839,0.11059204,0.10398807,0.06569958,-0.03662914,-0.15370224,-0.02127646,0.01103402,0.07090645,-0.00086646,-0.07862936,0.04281994,-0.06300343,-0.09003106,0.02849918,-0.00216022,0.01902009,0.07742700,0.01513309,0.06625440,0.12758677,-0.04204582,-0.05794188,0.01194147,-0.05619217,-0.00003355,-0.00881972,-0.08836742,-0.03996030,0.00863474,0.03281549,0.01609361,0.03381085,-0.10879876,0.05176489,-0.07514510,0.05681110,0.10993475,-0.09734555,-0.01697217,0.10475560,-0.06955269,-0.15765110,-0.02391199,0.10958336,-0.05031714,0.03655178,0.02344701,-0.08739034,0.05600161,-0.05195851,0.06343034,-0.03073237,-0.10989588,-0.05571255,-0.17432925,0.06658303,0.03619374,-0.11899386,-0.04418549,-0.14226013,0.07242607,-0.00226216,0.07512231,0.05677951,-0.00518179,-0.11755655,0.00654226,0.08379582,0.13377719,0.04988034,0.10677066,-0.10850866
0.12214451,0.04671068,-0.03590241,0.08931456,0.03938266,-0.05800591,-0.01013723,-0.00890538,-0.05684506,-0.07298833,0.01593045,-0.07728773,-0.05930768,-0.05214358,0.12377794,0.01303113,0.11868431,-0.00984187,0.06000904,-0.09563999,0.01303362,0.03846468,-0.10439936,0.06298538,-0.05593696,0.01387023,0.03764297,0.00113605,0.11071020,-0.00195646,0.08528954,-0.07390893,-0.15528524,-0.05060253,0.03279517,0.02723647,0.10106011,0.05868083,0.10078792,-0.08952549,-0.01246647,0.07590396,0.08921205,-0.06281044,-0.02695863,0.07294343,-0.00954437,-0.02420531,-0.04177839,-0.14039186,0.04111105,0.01714526,-0.10246652,0.10754792,-0.00504685,0.07869522,-0.01249387,0.01591914,-0.04436339,0.01323840,-0.01020538,-0.10380301,-0.06558211,0.10981280,-0.09979548,0.13082038,0.02624515,-0.04364276,-0.05079023,0.14354526,0.04352561,-0.01053941,-0.00712355,-0.08481558,0.06507304,-0.01154611,-0.16718842,0.10467705,0.05763743,0.04428468,0.06583388,0.08527843,-0.02579792,-0.01538762,0.00765717,-0.01059485,-0.01997570,-0.10456614,0.13782212,-0.06589662,0.02043954,-0.02870938,0.09473348,-0.01293407
-0.02773786,-0.08638775,0.16296498,0.14687943,-0.07292338,0.06990433,-0.00773621,0.03115202,0.04259628,0.01971224,0.08342798,-0.06860048,-0.05414753,0.01408078,0.07425053,0.09278791,-0.02265523,0.09763916,-0.03311457,0.01142889,-0.05771017,-0.03479221,-0.09279367,0.09070735,-0.03550104,0.00645098,-0.02455736,0.08162005,0.03003773,0.10506825,-0.02116347,0.00000244,-0.09208376,0.05895365,0.07350250,-0.01855385,0.14120264,0.08107460,-0.09567247,0.10810808,-0.03415265,-0.09700179,-0.04639105,-0.02679294,-0.04935284,-0.02667703,0.02560003,0.08613829,-0.04336326,-0.02517405,-0.01544713,-0.06916356,-0.01507833,0.07159173,0.02880002,0.03306425,-0.07521550,0.14051896,0.01040768,-0.19595408,0.08995970,0.20791976,0.17532417,-0.16877533,-0.03604609,-0.08058072,-0.07620107,0.01286595,0.07396618,0.12323899,-0.06846017,-0.03859528,0.02530642,-0.07140308,-0.10132153,-0.06286478,-0.06676617,0.00331730,0.04529326,-0.09198893,0.08284616,0.05180342,-0.00569721,-0.04252830,-0.07700979,-0.07369534,0.03982577,-0.04109433,-0.10001733,-0.03543491,-0.02338377,-0.03811267,0.06633391,0.06918210
0.15338945,-0.11837118,0.07615483,0.13513556,-0.01087638,-0.01646630,-0.05797980,0.10293854,-0.01837275,0.07576746,-0.03731205,0.12570331,-0.04607603,-0.02054070,0.05252024,0.04013021,0.00872995,0.00081460,-0.03885487,-0.01793193,-0.10169636,-0.00277991,-0.09367027,-0.09603260,-0.17511950,-0.04452598,-0.09529061,-0.06302762,-0.01379143,0.07657500,0.12814450,-0.01972723,-0.04729509,-0.10345100,0.01035187,-0.09160870,0.06953651,-0.10089414,0.04319546,0.01844655,0.01073484,-0.08895798,-0.02433559,-0.06497612,-0.06910870,-0.11495931,-0.03925774,-0.07086547,-0.10115714,0.01771254,-0.03393501,-0.07084278,0.11454936,-0.01529893,0.09743318,-0.10472008,0.10583410,-0.08968758,-0.12944797,0.11434483,-0.07663480,-0.07778728,-0.05714510,0.17518392,0.11179708,0.07257320,0.03260863,0.07971010,0.03661079,0.05265768,0.03590607,0.09246714,0.02456621,-0.02394745,0.02638641,-0.12728527,0.01981047,-0.13860872,0.05203318,0.13182734,0.09287344,0.05767889,-0.07838657,0.03890302,0.09566493,-0.04470360,-0.04622404,-0.01780300,-0.00274521,-0.02635394,0.04868840,0.16948809,0.10278006,0.00893655
-0.05174770,0.02105729,-0.04657308,0.00811740,0.03440184,-0.05057672,-0.21216735,0.07970425,-0.04245256,-0.14593700,-0.09558649,-0.06196478,-0.06310299,0.08489490,-0.11499479,-0.08884637,0.07554983,-0.01728548,-0.12978876,0.02557612,-0.04929715,-0.10157053,0.05964945,0.15500343,-0.03165181,0.18727067,0.14136909,0.03345584,0.10120344,-0.06826244,0.01377545,0.05002637,0.04261271,-0.00754056,0.00175506,-0.09978981,-0.19332884,-0.08636097,-0.02371103,-0.06525017,-0.01158974,-0.08333431,0.08254758,0.04114295,-0.00159188,-0.05862175,-0.03410924,-0.08548664,-0.04918743,0.07938083,0.04263908,0.02595456,-0.04467781,0.10174656,0.02414090,0.03862304,-0.06821939,0.02190918,0.01235535,0.16938993,0.06666899,0.01013190,-0.19664548,0.17362806,-0.00901964,0.11158925,-0.01226463,0.05088873,-0.01196373,-0.00038395,0.08031002,0.08767051,0.03516895,-0.11020147,0.02955517,0.00535719,-0.06530502,-0.08527859,0.05537006,-0.03517770,-0.01831752,-0.01729254,0.11164449,-0.01488508,0.00987304,0.00054638,-0.17264201,-0.08777788,0.03646144,-0.05780260,0.06969252,-0.09617094,0.03134437,0.00907708
-0.16069049,-0.12437101,0.10107084,-0.13509730,0.02607642,-0.07637111,0.14285399,0.17556088,-0.04810916,-0.01574537,0.00838507,-0.01623265,0.08101234,-0.10285690,0.04268668,0.03133921,0.10221156,0.15879311,0.04057407,-0.03156667,0.06062096,0.07221207,-0.12897584,-0.14670454,-0.15152913,-0.06963358,-0.01498897,-0.04618486,-0.01937953,0.07685652,0.08036926,0.07426390,0.02047193,-0.03939649,-0.27822095,0.00097369,0.12690519,-0.09104490,-0.06384984,0.13019760,-0.14197463,-0.08462264,0.12472694,-0.02596193,0.05747848,-0.01366116,0.12921911,-0.02005692,0.05106359,0.01462463,-0.03950521,0.03987084,0.10780133,-0.09735858,0.09693737,-0.10139176,0.01373165,0.09684609,-0.11116005,-0.30797723,0.01762595,0.36785021,0.01519537,-0.06549197,0.06683691,-0.09723942,-0.04865209,0.13597940,0.08568007,0.12829572,0.06578008,-0.07637288,0.10249861,-0.00189104,-0.16672944,-0.04751578,0.12958701,0.11578552,-0.11067466,0.09084316,0.04838915,-0.09602596,-0.08289816,-0.17054683,-0.07293791,0.02603036,-0.08585905,-0.20400523,0.08596279,-0.00590496,-0.05970103,0.05680571,-0.03766999,0.12149660
0.18811652,-0.01077899,-0.02238956,0.17203900,0.08782370,-0.06460699,-0.13661230,0.09255131,0.04539663,-0.11150133,0.06318277,0.03124737,0.08999993,0.06445559,0.13177030,0.04148962,0.05946627,0.01565186,0.16578075,0.09473950,-0.18218015,-0.05225790,0.03347795,-0.05748196,-0.13084388,-0.08862587,0.02964286,-0.15242481,0.13563044,0.11310136,-0.05539632,-0.05293542,-0.14486539,0.15906256,-0.01988180,0.05741311,-0.10666301,0.07006189,0.08176672,-0.11641739,0.01788859,0.11857223,0.07463174,-0.08860415,-0.04125240,0.18077326,-0.14071935,-0.07374217,-0.08669950,-0.02993303,-0.06268298,-0.01060381,-0.13367806,0.12184172,-0.12723123,0.03383051,-0.06913079,0.02689070,0.07983185,0.00499241,0.09086353,0.11240305,-0.05346313,0.13876787,-0.06272020,0.15022647,0.04136530,0.04914939,-0.05254526,0.12666988,0.08353054,0.00256393,-0.08917318,-0.04248959,-0.02382502,-0.05542440,-0.08758920,0.05020862,-0.02940932,-0.03559597,-0.03396790,0.03654355,-0.07004312,0.12646906,0.05438333,0.10236716,0.07408291,0.07454870,0.03492196,-0.07341100,-0.01276129,-0.00160134,0.08197572,0.00285757
0.00773590,-0.07770774,0.09195343,0.04595193,-0.02404600,0.04833484,0.01356700,-0.21360333,-0.08780449,0.02882568,0.07236884,-0.10212910,0.01660012,-0.17261472,-0.13696785,-0.10743921,-0.12778239,-0.10191904,-0.10462631,0.01578211,0.16990757,0.01655463,-0.10477711,0.12095253,0.07900123,-0.01152830,-0.14734492,0.08489010,-0.10375489,0.04845803,-0.03364128,0.16487008,-0.00501536,-0.05487661,-0.00843339,-0.03338033,0.14099692,-0.05444113,-0.03925693,0.16494551,-0.08102750,-0.14683345,0.02726415,-0.06815769,-0.12029216,-0.19327162,0.21844763,0.09173521,0.14983892,-0.05867152,0.06041844,-0.01534205,-0.08138828,-0.04922965,-0.00907389,-0.13446961,0.01073909,-0.05538444,0.01690754,0.09008852,0.04586108,-0.06774764,0.01680831,-0.13204336,-0.01904347,-0.18625963,-0.05778350,-0.02991875,-0.01470278,-0.14784114,-0.18029311,0.16413054,-0.03562258,-0.00646557,0.04000916,0.04094258,-0.00105860,-0.03724814,-0.09661673,-0.00745429,-0.03728447,0.00774879,0.07118975,-0.05292222,0.07592627,-0.06784599,-0.03894690,-0.03761989,-0.12136946,0.20045452,-0.06660874,-0.07843178,-0.01259144,-0.06330750
0.15272833,-0.07509887,-0.02490155,0.04249978,-0.00650422,-0.02384911,0.06367595,0.06583352,0.06316107,0.03824026,-0.01644486,-0.05280659,-0.00982900,0.07771926,-0.01470056,-0.06050332,0.10537409,0.07766373,0.05758964,-0.08886254,0.00093325,-0.06828460,-0.02734622,0.06707359,-0.17343791,-0.06080229,-0.06767367,0.05761895,0.06310161,0.10566192,0.07089379,0.08187997,-0.06894928,0.09361407,0.06920328,0.00732852,0.08224427,0.08359750,0.06193856,0.04871374,-0.07962151,-0.02203600,0.00738766,0.08980747,-0.05483507,0.10763618,-0.09417768,-0.03259739,-0.08740176,-0.06558459,-0.08222999,-0.07869781,0.01247958,0.02460579,-0.11444903,0.11021552,0.01306963,-0.07962701,-0.00743421,0.12081107,0.16154554,0.05035061,-0.06730481,0.02265337,-0.00527167,0.08528527,-0.02600780,-0.06264032,-0.07243561,0.07577268,0.03427001,-0.07505009,0.03100470,-0.08531909,0.06143945,0.00665613,-0.07443976,-0.00941515,-0.09667694,-0.00077107,0.02088315,0.13003053,0.05262411,-0.05671791,0.08584797,-0.00358296,-0.05145124,-0.05393474,0.10919741,-0.04727007,-0.12396644,-0.09164130,-0.08886920,-0.00235386
0.16890730,-0.10808162,0.17051980,0.01514560,0.02227770,-0.10255279,0.04878627,0.04028162,-0.12943329,0.08068942,-0.02051608,0.03764129,0.11240458,-0.16272707,-0.05896235,-0.11997114,0.05467332,-0.06216107,-0.01216580,-0.14296973,-0.02216665,-0.12149476,-0.15116072,-0.14404649,-0.00466306,-0.17729239,-0.08049501,0.09483026,0.04358594,-0.09007970,-0.03346303,0.03226150,-0.15900971,-0.12242046,-0.03935809,-0.07994977,0.03606270,-0.06738982,0.02726327,0.13688518,-0.06664998,0.04449758,0.00181542,-0.09796028,-0.12885937,-0.01178636,-0.06471915,-0.08029507,0.15364051,-0.00551600,-0.27510560,0.05280798,0.08295969,0.02737819,-0.05188686,-0.06424946,0.02726541,0.01655807,0.01076460,-0.19537114,-0.14537960,-0.02074742,0.18074788,0.04145388,0.09019743,-0.11520506,0.07947722,0.00207277,-0.11493097,-0.01893517,-0.11037602,-0.01089744,-0.04879218,0.07200087,0.02269560,0.00410943,0.02174121,-0.03021134,-0.13264184,0.03336487,-0.12177208,-0.07627886,-0.06971055,0.02242577,-0.00088543,0.00204793,0.01006669,0.03383612,-0.04094179,0.10136162,-0.06130048,-0.04745485,-0.01781011,0.06237088
0.16941294,-0.09922048,0.00302911,-0.00687226,-0.07715204,-0.07805191,-0.12660663,0.10779899,-0.12279330,-0.05334760,-0.08322662,0.11838197,0.01744227,-0.03426762,-0.08910961,0.10888073,0.10377759,-0.03097947,0.09242623,-0.03686718,-0.02754390,0.00063384,0.05088139,0.04828370,-0.07086232,-0.01952967,0.03526671,0.02504615,-0.03001643,0.03503586,0.06724516,0.05337064,0.01536346,0.07874850,0.17756228,0.07951928,-0.03426315,0.02097044,0.04625915,-0.04742850,-0.00417538,0.02638256,0.02281660,-0.05952438,0.06464055,0.07020248,-0.10960893,-0.00903935,0.02927919,-0.11595718,-0.04000204,0.03142218,-0.03485508,0.03016903,-0.04830106,-0.07719248,0.09420098,-0.12865908,0.02780110,0.11721494,0.06061141,-0.11101460,0.09884419,0.05824862,-0.07156774,-0.07230283,0.06437527,-0.07360413,0.01195913,0.05359351,-0.05053377,0.09139650,-0.01984757,-0.08488162,0.07277830,-0.05488978,0.08646709,-0.13952252,-0.08656020,0.02528597,0.04145314,0.15553966,0.02669710,0.10456433,-0.03868558,-0.09573018,-0.02733272,-0.01015522,-0.04673165,-0.12665063,-0.06276289,-0.01358407,0.11129318,-0.01400841
-0.01396965,-0.01970970,0.04210772,-0.04228277,-0.02854848,0.01570258,-0.12170100,-0.07022141,-0.09318450,0.02955765,-0.08437640,-0.02046093,-0.08616072,-0.11634322,0.05205034,-0.01886125,-0.00138638,-0.10145902,-0.13036850,-0.15080623,-0.06278678,-0.01523225,-0.14166449,0.07427740,0.12567803,-0.05307287,0.10255665,0.09080456,-0.05978202,-0.04382151,0.03591651,-0.05379108,-0.07078933,-0.03135980,-0.01245205,-0.07243413,0.03993303,-0.11551565,-0.11189282,0.10819204,-0.01823257,-0.09958233,-0.09164452,0.00643831,-0.00955446,-0.01460827,-0.05226900,0.08958902,0.19350545,0.05567968,0.02020043,-0.04237423,-0.02202019,0.07926194,-0.07045358,-0.02166978,-0.13189857,0.01311099,-0.14666696,0.09132262,0.05113636,-0.16847619,0.06900769,0.13273172,0.06293865,-0.06624217,-0.04367015,0.01777388,-0.10881385,0.15128048,0.07909887,-0.03415934,0.05547671,0.13346967,-0.01296404,-0.06346555,0.20394926,0.04470294,-0.03867737,-0.03603558,-0.06806954,0.00672186,-0.03428477,-0.03440520,-0.03273764,-0.16101095,0.07246298,-0.10105520,0.08474489,0.11227739,0.10076066,-0.12465011,0.06454220,-0.01235728
0.07519639,-0.09570681,0.10805357,0.10703457,0.09164360,-0.06012233,0.18423535,-0.06922532,-0.10948935,0.10336066,-0.16030653,0.22191486,-0.07355883,-0.05928472,-0.13672195,-0.00479930,-0.07382653,0.14975947,-0.09665167,-0.38359115,0.11082780,-0.16292904,-0.16467485,-0.07733823,-0.08106578,0.05346286,0.11439241,-0.19485955,0.06733281,-0.04469004,0.06309130,0.03474431,-0.19405699,-0.16646472,0.07776221,-0.16380890,0.07698712,-0.16845527,-0.00679636,0.06825291,-0.07788941,-0.08050179,-0.03434466,0.01878879,0.00479017,0.00695705,0.02528095,-0.22790906,0.03284870,-0.11818733,0.06178051,-0.05393520,0.01359239,0.02962765,0.05548377,-0.12342437,-0.02533096,0.05342943,-0.03200249,0.07521148,0.18173638,0.22948174,0.21470852,0.01790763,-0.19766228,0.02196095,0.02945048,0.02381549,-0.08432614,0.39049053,0.31165293,-0.11472492,0.02008494,-0.07080719,-0.06108242,-0.14260554,0.37619263,0.07456506,-0.09124533,0.07587849,0.06201720,0.13875777,0.10444446,-0.13471101,0.07804070,0.06505717,0.11290051,0.12607124,0.01741312,-0.08867057,-0.02964930,0.07916798,0.04913520,0.21960174
-0.04903592,0.09134780,0.06941757,-0.19809239,-0.07756864,0.07633826,0.15116861,-0.16115727,0.06511876,0.10623597,0.03218295,-0.00022259,0.00004239,-0.10844886,-0.19754456,-0.02555991,-0.00175436,0.04730025,-0.22669989,-0.11366708,0.22601371,-0.09127185,-0.19305407,-0.11726342,-0.20306155,-0.06454826,-0.11905317,0.09085061,-0.15054013,-0.03596909,0.04589709,-0.05394068,0.05713838,-0.12169089,-0.10209978,-0.00707757,0.00098133,-0.21114977,-0.09897838,0.23610325,-0.07601449,-0.04067877,0.07144408,0.12737359,0.09831812,-0.15570410,0.25978187,0.03433494,0.06488260,0.04936874,-0.05867051,0.06629477,-0.02965130,-0.13489619,0.03729903,-0.20070830,-0.02297313,-0.15464099,-0.16063844,0.11297747,-0.16926917,-0.08919456,-0.12927070,0.14707123,0.12343814,-0.23361634,-0.12572730,0.01459734,-0.14192393,-0.11159363,-0.22525939,0.03861542,-0.03261432,0.04865420,0.02080891,-0.10234348,0.04561616,-0.04240174,-0.12487735,-0.01518669,0.00307903,0.04642931,0.05275453,-0.06642506,0.04962249,-0.06783845,-0.06963263,0.07432465,-0.11813407,0.35897514,-0.16197962,-0.00926596,-0.18576820,-0.01040512
-0.00737672,-0.08088191,0.06645100,0.03292213,-0.32504195,0.05145845,0.11461926,-0.29943484,-0.20460488,0.24877761,-0.02869144,0.05605971,-0.13483635,-0.10112356,-0.27835125,-0.22079352,-0.01213243,-0.18724121,-0.34014192,-0.22307917,0.21306834,0.05602377,-0.18298721,-0.14933391,0.26153037,0.05000699,0.13585456,0.06960887,-0.25848347,-0.08005014,0.12720247,0.12409265,-0.15405115,-0.22284707,-0.06891489,-0.13370831,0.25222293,-0.30262771,-0.16043100,0.32406884,-0.16020682,-0.24321595,-0.11118007,0.03231067,-0.00999943,-0.19661504,0.27939481,0.08378604,0.20563939,-0.09048197,-0.26605290,0.14343359,0.00349008,-0.17144793,0.13450074,-0.26161161,-0.09296346,-0.17272200,-0.25555369,0.08161829,0.10082588,-0.17366661,0.13985500,-0.14195420,0.14724541,-0.28764582,-0.02965936,0.01656536,-0.24966224,0.11745428,-0.11185866,0.21919523,0.03435434,0.13117574,-0.02956959,-0.16788514,0.17073730,-0.04114323,-0.14385857,-0.06582990,-0.17906980,0.17245217,0.22529890,-0.13699645,0.06362449,-0.28190657,0.05748339,0.05781642,-0.21745524,0.18045519,-0.08079056,0.01165133,-0.15748332,0.47618291
0.28071576,-0.04135051,0.21511233,-0.01075530,0.01865283,-0.20990087,0.30259374,0.21553451,-0.05974334,0.05169798,0.12902467,0.28036216,-0.16385587,-0.08107068,0.04800541,-0.11138847,0.11975839,0.04209682,0.08328976,-0.05852691,-0.16934930,-0.01725184,-0.18025148,-0.08493318,0.00245850,-0.01527460,-0.01945237,-0.33986732,0.04914748,0.02126026,0.03163316,-0.04935168,-0.29807749,0.00492678,0.05546925,-0.03399416,0.05085721,-0.00586359,0.13110350,-0.11937779,0.20719182,0.14798953,0.03926186,-0.06777858,0.11151690,0.16175191,-0.02442616,-0.32116732,-0.12386798,-0.06324236,-0.33174238,-0.01244791,-0.06580288,0.16665018,-0.15477528,0.11990591,0.28794363,0.10088399,0.01372834,-0.23779246,-0.02702062,0.26469767,0.50951058,-0.06199598,-0.27865863,0.18777619,0.16805238,0.01414388,-0.01425660,0.16051395,0.32846713,-0.12585348,-0.05404210,-0.17511298,-0.02523369,0.00463882,0.44486579,0.02225362,0.00462793,-0.18164660,-0.01451710,-0.10253877,-0.06153704,0.06284596,-0.17357747,0.15695728,0.44409198,0.06523572,0.13143347,-0.20848531,0.20086643,0.21170123,0.07390789,0.23980162
0.07401404,0.02254331,-0.07009774,0.18854971,-0.05495195,0.15013838,0.05963981,-0.04776520,-0.05300947,0.14989473,-0.11433041,-0.07068282,0.02545776,0.01868445,-0.18477188,0.19788079,-0.09083295,-0.08674932,-0.17658579,-0.16681929,0.17020665,0.09408405,-0.09436637,0.06006053,0.18309964,0.10066126,-0.02096874,-0.02398801,-0.06778448,-0.08969790,0.07004777,0.18871433,-0.13971931,-0.11079203,0.12673143,-0.13749506,0.00050116,-0.13280502,-0.05469140,0.09109436,-0.11502101,-0.09719348,-0.08937369,0.08920555,-0.10007896,-0.09328984,0.07450150,0.12072776,0.00042686,0.09582646,0.06139579,0.06161195,0.11517426,-0.00959091,0.16070817,-0.09993665,-0.14086048,-0.07463720,-0.01943965,-0.11644147,-0.01626963,-0.02649158,-0.15004653,0.10361055,0.14364092,-0.03282649,-0.10799597,0.01348769,0.02229782,0.07357640,-0.17244042,0.00064924,-0.02539984,0.08560565,0.07273995,-0.13630125,0.07360796,-0.16011034,-0.06595572,0.10812791,-0.10012145,0.09252583,0.08852693,-0.05339452,-0.00899603,-0.18316543,0.02037882,0.04272323,-0.09912027,0.06944484,-0.06087419,0.01300635,-0.15833773,-0.05424581
-0.10411618,-0.11000288,-0.15008153,-0.21604665,-0.19364041,0.15419361,0.08262024,-0.13808623,-0.15784769,0.08299462,-0.13082223,0.04795032,-0.07824466,-0.09386200,-0.21809281,-0.03066654,-0.06075204,-0.03814649,-0.07173892,-0.13883460,0.29215124,-0.02884374,-0.04574072,0.01173395,0.06487174,0.14379027,-0.06807163,0.20174994,-0.22337586,-0.04101360,0.00265367,0.04562115,0.04628756,-0.09842935,-0.14494313,-0.15485620,0.09588843,-0.19765122,-0.15369236,0.15656801,-0.06339873,-0.12468710,-0.05264004,0.07189664,-0.09156826,-0.24960646,0.20630309,0.08100384,0.18949974,-0.01659476,0.22917956,-0.02831350,-0.03579303,-0.21168980,0.12367062,-0.16450097,0.00033862,-0.11798208,-0.21231335,0.01859995,-0.05774010,-0.02074592,-0.02138588,-0.14812581,0.14373565,-0.11792154,-0.00439126,0.10194381,-0.00646005,-0.01472198,-0.11752753,0.13729641,-0.00909838,0.05855604,-0.03286513,-0.11369392,0.01804655,-0.13560864,-0.14954147,-0.00172164,-0.11750993,0.13368432,0.15525971,-0.14891137,0.16664506,-0.20197794,0.14600658,-0.07644427,-0.20607425,0.17116086,-0.09637324,-0.12255295,-0.13409540,0.19375040
-0.01739981,-0.09830035,-0.13817793,-0.26610243,-0.10893853,0.12539323,0.02705045,-0.06806467,-0.13825342,0.12171243,0.05562025,-0.09292911,-0.08836970,-0.08716346,-0.16505259,0.03548134,0.07434806,0.11746084,0.01727530,-0.06636156,0.16021934,0.14643957,0.00469347,-0.09599249,-0.17343470,0.10294057,-0.05270120,0.09476032,-0.07740171,-0.04139956,0.01182609,-0.01075056,0.12108926,0.00840786,0.16061744,-0.09493882,0.06049607,-0.01284462,-0.15307976,0.10513623,-0.15015990,-0.15226848,-0.13536485,0.09790600,-0.09882071,-0.15137532,0.01214178,0.14038067,0.12610908,-0.04966542,0.23972876,-0.10967792,-0.02200123,-0.17283508,0.10312741,-0.18842527,0.11265022,-0.06649546,-0.08344682,-0.03635543,0.10353024,0.01804985,-0.04010246,-0.13497882,-0.09359282,-0.12172545,-0.08984728,-0.03912440,0.17701072,-0.06793587,0.02659635,0.16222684,0.02512850,0.09704891,-0.01745523,-0.02980358,-0.14663838,-0.13683353,0.01102613,-0.05116982,0.11195832,0.20818289,0.06165645,-0.13863067,0.03023333,-0.04852157,-0.14708591,-0.02502196,-0.09539475,-0.08604016,-0.14151548,0.01131064,-0.17575037,-0.11692173
-0.06894639,-0.12588069,0.06246478,-0.08179085,-0.02654363,0.14963792,-0.06300392,-0.21211995,-0.09600563,0.20474581,-0.16568302,0.02947719,0.12316201,-0.05482989,-0.12915197,0.16449057,0.07197859,-0.04391646,-0.18755078,-0.24216059,0.03743188,-0.01975679,-0.18673703,-0.06270830,0.08022317,0.03587319,-0.05196474,0.19609852,-0.18419535,-0.10169112,0.13036746,0.11619648,0.07661090,-0.14782992,0.03903283,-0.04731079,0.18422540,-0.01955698,-0.10694996,0.13739517,-0.23625074,-0.11352941,-0.16797639,0.07117561,-0.11943643,-0.23455283,0.05459033,0.13323863,-0.03338560,0.02004573,0.01745313,-0.07529923,0.06057301,-0.17479277,0.12483134,-0.18074952,0.01994700,-0.01043328,-0.07546329,0.08865023,0.07385527,0.02118382,-0.15349849,0.01885640,0.05701503,-0.21287167,-0.05148310,0.06621039,0.05933007,-0.01287589,-0.11196746,0.20490777,0.07799238,0.05276718,0.03792987,-0.10713744,-0.09072230,0.06003035,-0.16864355,-0.01043416,-0.06115805,0.32457486,0.17728201,-0.08727549,0.02225968,-0.08905951,0.01951598,0.00929860,-0.17067967,0.16451906,0.00481355,0.03693069,-0.07585408,0.12396120
0.11834215,-0.05172706,-0.01466979,0.03591854,-0.01906253,0.02424261,0.30105406,-0.17733093,-0.02864529,-0.01811719,0.05672180,-0.05251671,-0.01468779,-0.10043284,-0.09696358,0.05311815,-0.10219297,-0.07985399,-0.12872154,0.05725402,0.00987272,-0.05375608,-0.05364222,0.00182384,0.09951272,0.01868756,-0.02088348,0.01864242,-0.04140287,0.05670005,0.00352532,-0.02649268,-0.07768152,-0.06774247,0.04126299,-0.10197290,-0.10127857,-0.05529800,-0.05585939,0.14046279,-0.02477528,-0.09593426,-0.05888288,0.02330664,-0.02802633,-0.13296628,0.09692658,0.03450982,0.03673549,-0.06880139,-0.15007907,0.04826376,0.09940308,-0.02764085,0.04340531,-0.05541549,-0.04826865,-0.04708080,-0.03527178,0.06492041,-0.24208887,0.07118749,0.02693188,0.04640409,0.03342052,-0.05951173,0.00785332,0.01413756,0.04057598,-0.17217663,-0.08925292,0.05133940,-0.09141242,0.14058925,0.09783620,0.02279095,0.22587138,0.00049947,-0.10420281,-0.01021268,-0.02768604,-0.00366877,0.01430310,-0.09399185,0.06318871,0.03367814,-0.06519604,0.04729305,-0.03741517,0.02185084,-0.08458820,0.18567027,-0.01781718,-0.09026116
0.11450651,-0.06427992,-0.08843426,-0.06640891,-0.25753656,0.02946142,-0.05511466,-0.15093513,-0.15836038,0.20460986,-0.22355162,-0.05343449,-0.00129174,-0.08426475,-0.07840259,0.07671374,0.04416372,-0.16926430,-0.19727585,-0.10952322,0.16861992,0.01917321,-0.10182500,0.04553483,0.24487589,0.07640610,0.09318228,0.04951317,-0.15213427,-0.09834408,-0.02889274,0.11688578,0.01096399,-0.05636245,0.12181152,-0.03239367,-0.03092833,-0.21107458,-0.05352732,0.23030084,0.01874824,-0.23485515,-0.14570621,-0.05148507,-0.03670468,-0.28167748,0.20535287,0.04519081,0.02480816,0.05487234,0.13274701,0.09847528,0.05579584,-0.12094176,0.18813333,-0.07878668,-0.25262943,-0.04549281,-0.12018580,-0.00179787,-0.04346205,-0.14445433,-0.05149527,-0.00702995,0.03982122,-0.10102276,0.02921801,-0.07851627,-0.12837529,-0.03453527,-0.23639740,0.05665068,-0.05432612,0.13415086,-0.04230328,-0.02872027,-0.20302601,-0.14872783,-0.12332266,0.11441115,-0.07085331,0.06717293,0.16823001,-0.07461779,0.11078851,-0.11963342,-0.03318620,-0.07346613,-0.20267661,0.20459589,-0.12719873,-0.01056924,-0.11195827,-0.34191173
-0.11928886,-0.06471282,0.14262705,-0.30770192,-0.14303835,-0.03853830,0.04652132,-0.23017347,0.04998459,-0.05348025,-0.06644868,0.19729359,0.01892605,-0.02168692,-0.05777656,-0.21615052,0.13265771,0.04126455,-0.15607142,-0.04602202,0.07265373,0.03731411,0.02362123,-0.01794724,-0.02044708,0.00753861,-0.16649735,0.07397169,-0.08678126,-0.02714088,0.04892298,0.14223175,0.04720603,-0.03115222,0.05352025,-0.06075152,0.02768051,-0.06053799,0.00488330,0.09382621,-0.07013040,0.04249659,0.04239791,0.06319162,0.02562974,0.00867557,-0.00795350,-0.05353129,0.05767996,-0.00836622,0.03630927,-0.05378281,0.10957303,-0.31252006,0.08708578,-0.06969000,0.03057112,0.06318119,0.02919396,0.04755467,-0.07151582,0.03039090,0.04098559,-0.05713573,-0.00860595,-0.00832330,0.08478557,-0.09637657,-0.13436538,-0.27474236,-0.13826224,0.13765736,-0.09603740,0.00904123,-0.03889099,0.06721126,-0.01486071,-0.01785729,-0.06319223,0.07267860,-0.12851404,0.14478214,0.03207393,-0.07245573,-0.01516549,-0.16157292,-0.07472324,0.02634219,-0.14999634,0.06752896,-0.04632953,0.22538315,-0.02089788,0.07609960
0.13630620,-0.06534317,-0.01440435,0.06416387,-0.20549797,0.08763975,0.18883750,-0.00327040,-0.19146174,0.18031974,0.02436425,0.08187930,-0.09758335,-0.19560446,-0.14704822,0.03546138,-0.10447927,-0.25097689,-0.08800370,-0.38320306,0.27136278,0.16268091,-0.12566759,-0.03621154,0.23635995,-0.00703589,0.16973414,0.02506156,-0.13945055,-0.05034446,0.03210289,0.25891429,0.04721076,-0.26848343,0.07367509,-0.25339383,0.15555009,-0.16030437,-0.19847749,0.17558518,-0.20918551,-0.29159820,-0.06608563,0.09492739,-0.11264382,-0.25852609,0.17985012,-0.00580683,0.15429184,-0.07350818,0.01232677,0.04905386,-0.02001959,0.07234666,0.26144770,-0.26600146,-0.12513456,-0.02322588,-0.24567376,-0.04346038,0.01471167,-0.14811790,0.00280937,0.00426640,0.00282680,-0.35016012,-0.15276018,-0.04458975,-0.17373563,0.24456798,-0.03565542,0.22798273,0.12638208,0.20921594,0.12302820,-0.22033902,0.14948033,-0.09250564,-0.08869733,-0.02022734,-0.23894876,0.01768364,0.16870531,-0.18685961,0.04768263,-0.14704423,0.02586040,0.05845275,-0.24757722,0.25784171,-0.06241981,0.00596333,-0.10662350,-0.16563797
-0.03610263,-0.00291263,-0.07389776,-0.09601656,-0.38572440,0.08607957,0.04471043,-0.15080681,-0.07893066,0.15580861,-0.09637189,-0.09956232,-0.02010451,-0.21267517,-0.17742036,-0.06900912,-0.04580834,0.04339066,-0.33198059,-0.34483808,0.42060956,0.05273404,-0.19410437,0.01526033,0.10200883,0.19432697,-0.01185931,0.16274127,-0.39042711,-0.08729962,0.09019285,0.17863300,0.21652091,-0.24887715,-0.14215767,-0.25231427,0.16167322,-0.25680554,-0.30459571,0.24800704,-0.20500089,-0.17615663,-0.10438177,0.05088935,-0.00261239,-0.55853510,0.51940429,0.19320275,0.14535804,-0.11207171,0.11699683,0.06626719,0.07142073,-0.12155601,0.30635056,-0.43773362,-0.08724528,-0.09588754,-0.31748849,-0.09361744,-0.02953496,-0.04598060,-0.20914856,0.08726602,0.10985985,-0.55791873,-0.22745954,0.08698548,-0.10688112,-0.10243113,-0.33909628,0.31202182,0.00483084,0.28272086,0.07048835,-0.07984504,-0.11043382,0.08394150,-0.27819943,0.07480046,-0.15392828,0.14608735,0.25277084,-0.28831956,0.00851963,-0.22868328,0.11360987,0.07845458,-0.62788498,0.59587735,-0.24148469,-0.17821698,-0.51146781,-0.20214571
0.09473981,0.04680706,-0.07973560,0.17945677,-0.03923350,0.02724430,-0.04578624,-0.05786937,-0.01192707,-0.01524049,0.03171466,0.09033810,0.01996854,0.04391361,-0.00611181,-0.06507932,-0.05080272,-0.07720990,-0.03574577,0.01249370,0.09830827,0.00431554,-0.13673344,-0.10180580,0.11817069,-0.03131378,-0.05377205,-0.04568518,0.01817161,-0.02110493,0.03874660,0.06063348,-0.14866330,-0.07099414,0.19546525,0.02745652,0.03945208,-0.11632007,0.03669126,0.10896970,-0.03210739,0.00964115,-0.04285308,0.09134617,0.02090783,0.00588716,0.03566541,-0.07563430,-0.10885606,0.10122857,-0.16795969,-0.06439609,-0.05641463,0.00892317,0.05752277,-0.08664174,-0.14051326,-0.01008688,-0.01469814,-0.09924945,-0.27063137,-0.04401281,-0.06938987,-0.00603652,0.05480869,-0.11102089,0.04303053,-0.04845698,0.02393643,-0.07982252,-0.01588612,0.08020557,-0.07604363,0.06539411,0.13467847,-0.03063072,0.08799984,-0.07377594,0.01575397,-0.01250785,-0.04956996,-0.03747505,0.08957926,0.01084992,-0.08693749,-0.14609614,0.02896980,0.03210662,-0.09960143,0.12431686,-0.19685067,0.09507283,-0.10828631,-0.19148882
-0.00050040,-0.04565888,0.07303536,-0.08427927,-0.08148807,-0.06145827,-0.04176428,-0.07973380,-0.10075190,-0.03117838,-0.11526436,0.05404167,0.07513370,-0.08545459,-0.03930768,-0.10989116,-0.02967946,-0.03449636,-0.08615755,-0.11795993,0.11283496,-0.02334229,-0.09784897,-0.17801015,-0.09562334,0.11596835,-0.08030508,-0.03898326,-0.02432310,0.05023463,0.10481736,0.12232847,-0.07732002,0.01503140,-0.17520152,0.04438454,-0.04718744,-0.08685517,-0.09349254,0.09943553,-0.10059394,-0.09856042,0.01863422,0.04280277,-0.05051724,-0.06113822,0.10225258,0.02728050,0.00529530,-0.04955214,-0.03341941,0.02247216,-0.04361612,-0.05072944,0.14386912,-0.02243168,-0.00678082,-0.13656437,-0.03394221,0.12243415,0.00605573,0.01388374,-0.00610043,0.11482378,-0.01447606,0.01573041,0.01525510,0.08970569,-0.02949198,0.05226206,-0.07533544,-0.02253568,-0.07936535,0.05247982,-0.01960031,-0.04034565,0.03531364,-0.05002461,-0.03683716,0.01328999,-0.00271975,0.06500725,0.04845243,0.01838676,0.03906517,-0.13692795,0.04328445,0.08664243,-0.09415453,0.04098285,-0.18647601,0.08499282,-0.11429524,-0.01292957
0.03636467,-0.10479076,0.09407627,-0.24909326,-0.14906019,-0.00372420,-0.19053516,-0.31607348,-0.04521788,0.13466768,-0.03972100,0.17960048,-0.22437657,-0.00745171,-0.14052153,-0.39751977,-0.04690248,-0.05442342,-0.45254520,0.00334797,0.10009042,0.03057308,-0.26441389,-0.02980078,0.06786545,0.00623803,-0.21093971,0.09905412,-0.12815134,-0.08696298,0.00396148,-0.01896670,-0.22562110,-0.15552765,-0.13347535,-0.04921790,0.13444906,-0.13229211,-0.07784840,0.18670884,-0.06183589,-0.00649108,-0.07942513,-0.04421156,-0.13224174,-0.19739820,0.22165887,-0.02472676,-0.04036950,0.02325156,-0.21098046,-0.18027718,0.08974045,-0.22268340,0.02173249,-0.16452627,-0.10754418,-0.08338648,-0.10411984,0.42480922,0.06042768,-0.19052635,0.02082867,-0.05462459,-0.05513862,-0.06191421,-0.02857704,-0.01616520,-0.23303930,0.09653194,0.12515594,0.03946789,0.11036907,0.20071770,-0.01824403,-0.09259214,0.29672483,-0.02543760,-0.10462668,-0.20927863,-0.14040242,0.29462421,0.12483692,-0.03281436,-0.04685794,-0.22643103,0.20440346,0.04442411,-0.23882946,0.22688952,-0.01210993,0.15672533,-0.17943472,0.40686643
-0.06412891,-0.05834211,0.03854719,-0.12466168,-0.24694569,0.07967173,0.05626078,-0.23062509,-0.16919594,0.05472094,-0.03111654,-0.06997419,-0.08858630,-0.10858977,-0.15057741,0.06022927,-0.11794022,0.03424061,-0.20750165,-0.16883202,0.33048749,-0.02822616,-0.14057049,-0.11580074,0.09272527,0.14689274,-0.05759455,0.07356001,-0.12562890,-0.14710774,0.06217226,0.05815365,-0.00462059,-0.20780163,-0.11642979,0.02404837,0.16666609,-0.12478168,-0.16753422,0.12227082,-0.21585274,-0.13196392,-0.06298017,-0.04884129,-0.09152858,-0.28924629,0.34381372,0.14249673,0.16835018,-0.07857936,0.18284747,0.05380629,0.11655685,0.01187117,0.13640910,-0.15996920,-0.00134262,-0.16082458,-0.09354816,-0.11536007,-0.02054111,-0.05865726,0.07121514,-0.10621592,0.09938106,-0.22982295,-0.10765789,0.06950875,-0.01971553,0.04322366,-0.26619741,0.09080488,0.01748576,0.01084887,-0.08164008,-0.12415940,0.07239734,-0.10459278,-0.07614691,-0.03821033,-0.17444731,-0.03164877,0.11654340,-0.10407668,0.01633471,-0.16554011,-0.02050636,-0.08931731,-0.16808604,0.36253467,-0.10490221,-0.09875821,-0.20629828,0.11327370
0.25036347,-0.07259551,-0.18398552,0.15777832,-0.29936326,0.10912804,0.29066250,-0.07382911,-0.11001477,0.10124958,-0.10995089,-0.15361336,-0.01538363,-0.23948576,-0.19266810,0.12074702,-0.27777728,-0.00698424,-0.12878631,-0.34715027,0.35497534,0.06374931,-0.22466767,-0.20948747,-0.21935478,0.10559888,0.10805238,0.13260666,-0.03619331,-0.06481382,0.05678440,0.17600124,0.02114389,-0.30273819,-0.08043753,-0.06662356,0.20522833,-0.32249740,-0.22225441,0.10560276,-0.15923461,-0.00090262,-0.26080576,0.12394322,-0.00525410,-0.27850425,0.29970115,-0.00278907,0.24464910,0.06469484,0.04899822,-0.04064755,-0.01261351,-0.21730447,0.22268876,-0.26738465,-0.10358974,0.00007555,-0.15434152,-0.28253955,0.07623015,0.09057704,-0.01821959,0.27229705,0.03080653,-0.24058448,-0.23401186,0.17096624,-0.19878979,0.24595430,0.01112538,0.11276787,0.00860466,0.29618070,-0.01974309,-0.11420017,0.11335120,0.06187156,-0.10568641,-0.00570519,-0.17871560,0.20366040,0.30768609,-0.24980675,-0.06855805,-0.04238679,0.25516164,0.07739849,-0.31578445,0.16202335,-0.11648009,-0.31221867,-0.33224252,0.00370088
0.15869355,-0.12953809,-0.07813964,0.06708243,0.00239997,-0.06716308,-0.11909403,-0.00234637,-0.10783897,0.04892559,-0.17967442,0.05247654,0.03989326,-0.06950992,-0.07848531,0.01306266,-0.10145979,-0.08319283,-0.02395338,-0.16123362,-0.01935721,-0.01141082,-0.15052384,-0.03757794,0.02502693,0.06598826,0.08271830,0.13635047,-0.16066705,-0.00947931,-0.02765977,0.10936247,-0.22804278,-0.12052500,0.08066696,-0.04465329,0.14796419,-0.15025011,-0.12549171,0.06298792,-0.01601431,-0.02808719,-0.08483972,0.10575964,0.08285037,-0.09150874,0.03040883,0.10877236,0.10326202,-0.02471809,-0.07488799,0.08452773,0.08951220,0.02239479,-0.02750110,-0.01208311,0.01393222,0.01374284,-0.09515835,0.22421981,0.08875591,0.05312643,0.01714828,0.05851768,0.07229143,-0.12664603,-0.10549570,-0.07917713,-0.00486463,0.13128816,-0.04470529,-0.00544673,-0.02687054,0.01183447,0.07770957,-0.07925154,0.00545134,0.04825671,-0.14531723,-0.00490472,-0.04863294,0.19665541,0.06735549,-0.03172242,0.04505759,-0.17343675,0.05352230,0.11661574,-0.14018041,0.14977436,-0.19506772,0.04543716,-0.10557172,0.05105093
0.25009993,0.00149127,0.08052771,-0.03514526,-0.09102475,-0.05857069,0.03135241,-0.00973303,0.18259835,-0.11628376,0.01677939,0.33591995,0.01496046,0.05707045,0.03315227,-0.11096105,-0.04226579,-0.06700822,-0.15456896,-0.07309844,0.10800913,-0.00923779,-0.02036225,-0.07844308,0.15591981,-0.21800464,-0.18561943,0.06303416,-0.08528085,0.07197316,-0.00046239,0.03895455,-0.04969229,0.03323464,0.10345784,0.11314449,-0.03198631,-0.03217474,0.05826638,-0.02960520,0.01290862,0.06543723,-0.04655083,0.09826989,0.08280813,-0.01433917,0.03801776,-0.14504117,-0.08835003,-0.02132479,-0.16618319,-0.15283225,-0.08031575,-0.09024484,-0.00389047,-0.06853775,-0.05379012,-0.09510644,0.06946954,-0.02827542,-0.44180340,-0.05920222,0.02873799,0.11416753,-0.04405409,0.03217514,0.10020863,-0.19664896,0.02233841,-0.34301564,0.08280716,-0.03483418,-0.11907414,-0.06956589,0.04497458,0.13272938,0.10652801,-0.08778882,0.07001251,0.01979378,0.09486616,-0.11949120,-0.03236395,-0.02879880,0.05298227,0.07207558,0.09034254,0.15382281,-0.06125060,0.02769164,0.06643383,0.06968753,0.01702408,-0.01140461
0.04319700,0.03277454,0.04878824,-0.04651206,-0.09801036,-0.06864820,-0.06551695,-0.09902502,0.03456407,0.00764814,-0.09426114,0.07831483,-0.02983171,-0.04004176,-0.01041573,-0.02044312,-0.09311117,-0.09462805,-0.04266278,-0.09652987,0.04645912,0.09481634,0.02106641,-0.07207850,-0.08668600,0.15393555,0.11413921,0.09930460,0.06463755,0.07510968,0.01922019,-0.03339193,0.01604320,0.05554590,0.14553404,-0.02715514,0.12568589,-0.05740537,-0.08686465,0.02624685,-0.07048351,-0.05812020,-0.03869635,0.11748832,0.06946900,-0.09450481,-0.04889932,-0.06239735,0.09599401,-0.07465465,-0.12692845,-0.10405193,0.00347748,-0.09399981,0.11809337,-0.13371986,0.06127287,-0.01520042,-0.02275962,-0.04697410,0.08962261,-0.03844633,-0.09195700,0.12771206,-0.08319538,0.02093533,0.03865537,-0.03195570,-0.01033378,-0.01546050,0.04413692,-0.01734692,-0.09126475,0.10421100,-0.07529255,0.04917726,0.04888799,-0.07395845,-0.14596665,0.06441399,-0.13393848,0.05791833,0.13363110,-0.06860126,0.03425949,-0.07544016,-0.03311438,-0.04952814,-0.13890770,0.09486145,-0.04323272,0.03361350,-0.12302075,-0.07045769
-0.06989107,-0.09572811,-0.07399546,-0.14432029,-0.07523187,0.04630432,-0.05179124,-0.12653683,-0.12906113,0.08650049,-0.07789552,0.11406513,0.09520295,-0.06998155,-0.08893622,-0.00412508,-0.05864700,0.02942503,-0.05525209,-0.20035934,0.26772121,0.09670846,-0.11926435,-0.08965992,0.06965482,0.11486033,0.09166586,0.17160258,-0.12536685,-0.17526740,0.01671579,-0.03238283,0.07025744,-0.04791955,0.06760439,-0.12779458,0.01375097,-0.06026233,-0.05666342,0.08757176,-0.15995912,-0.05290116,-0.05222008,0.07520243,-0.00510851,-0.11957096,0.20399965,0.05257939,-0.01667176,-0.05850962,-0.00832084,-0.08643229,-0.03078770,0.01718344,0.08626238,-0.03481779,-0.06246918,-0.03432357,-0.10390940,0.08692390,0.05534496,-0.07096777,-0.00447873,0.01995369,0.14459766,-0.05810751,-0.11935048,0.05515086,-0.08003718,0.10635772,-0.11670803,0.15743947,-0.03401061,0.11666801,0.00966915,-0.06267839,0.04808901,-0.02135923,-0.10450862,-0.05932888,0.01611496,0.00045233,0.01234955,-0.18292774,-0.02440649,-0.03995146,-0.00271538,0.03044703,-0.23708938,0.33597517,-0.04495235,-0.07932445,-0.06515166,0.04517954
0.03850493,0.03918157,0.01440267,-0.12407314,-0.03776877,-0.12128202,-0.05158753,-0.25165725,0.06756906,0.12227607,-0.03658421,0.04363722,-0.02624442,-0.12540105,-0.18522245,-0.05783628,-0.11356138,0.13156062,-0.19289662,-0.01823377,0.16966300,-0.00373546,-0.03010098,-0.21859770,-0.24121882,-0.02763207,-0.18461187,0.18581769,0.00659684,0.02465929,-0.01220633,0.09119307,-0.11740882,-0.16337267,0.20900211,-0.04813893,0.04457807,-0.01213623,-0.02257203,0.19399430,-0.02245852,-0.06644892,0.04101929,0.12231841,0.03468316,-0.05852256,0.16112980,-0.11364062,0.03926758,0.06660010,-0.08701090,-0.04517908,-0.01894278,0.00486455,0.12523349,-0.14590503,-0.12967986,-0.11333018,-0.16235252,0.16320282,-0.26058039,0.09602800,-0.04539811,0.13967519,-0.06431189,-0.13100132,-0.09635615,-0.03030763,-0.07575480,-0.04165712,-0.09029321,0.03710020,-0.19224121,0.10460695,0.05310613,0.07409370,0.06780416,-0.06827038,-0.02245312,0.09581766,0.01570406,0.11071531,0.16006699,-0.08868231,0.02362691,-0.03585609,-0.00144736,0.14172253,-0.13129830,0.09997033,-0.18779637,0.11973115,-0.12835971,-0.13188739
0.00585880,-0.02601779,-0.09804832,0.07783452,-0.01268329,-0.06273370,0.14983636,-0.01138469,0.08555117,0.10340586,-0.00519431,0.12806250,-0.05674803,-0.14162201,-0.22210971,0.09023240,-0.03581859,-0.04028930,-0.16168262,-0.23444645,0.12860897,-0.08935948,-0.16260155,-0.03411149,-0.19446792,-0.03063422,0.15733369,0.05049847,-0.11013896,-0.09592541,0.00761116,-0.06282258,0.06089511,-0.13630472,0.07518911,-0.02574776,0.07068106,-0.14020395,-0.13438153,0.04769047,-0.10277583,-0.10929745,0.00542009,0.06372327,-0.08470368,-0.19502854,0.25291291,0.08570433,-0.18374719,0.04069704,-0.24940461,-0.06296655,0.06337675,0.17555492,0.15409367,-0.01476309,-0.10747816,-0.03663243,-0.09235951,-0.00887042,0.09013076,0.02513351,-0.02939293,0.38692132,0.02540107,-0.24025562,-0.02965846,-0.05431854,-0.16933592,0.07253084,0.03554357,0.17326146,-0.02290542,0.15002429,0.19865870,-0.07362951,-0.07900048,-0.08293431,-0.01217518,0.09450462,-0.02317277,0.02802431,0.07526383,-0.17855206,-0.05790322,-0.18044373,0.00896869,0.07222109,-0.20330276,0.24584258,-0.00208547,-0.08101501,-0.19304150,-0.14042737
0.08100644,-0.21425071,-0.29718095,0.18730140,-0.38931385,0.04595235,0.28456932,-0.13118257,-0.15057035,0.19874518,-0.20033294,-0.42121542,0.08420946,-0.20999756,-0.12921770,0.13953826,-0.15987319,0.18811710,-0.09615038,-0.38890421,0.36533394,0.00087775,-0.22807284,-0.01382331,-0.40364987,-0.01274597,-0.09784305,0.18692851,-0.12574153,-0.23551233,0.13646847,-0.06657487,0.04782146,-0.36261153,-0.13863346,-0.18090709,0.09201866,-0.33979836,-0.14433189,0.27111959,0.00385520,-0.21553791,-0.18070419,0.11189688,0.00559024,-0.13198875,0.37346604,0.22133574,0.29725173,0.01589550,0.16070147,0.16393486,-0.05619139,0.08486703,0.19889562,-0.13213347,-0.44816715,-0.15347826,-0.15605465,0.05148514,0.08429315,0.12673958,-0.21304353,0.65613979,0.11130457,-0.29817232,-0.24481736,0.02616910,-0.17671072,-0.02151078,-0.19530010,0.14212394,-0.12233257,0.41506994,0.11200051,0.02472663,0.09077916,0.05522992,-0.09728862,0.00440552,-0.17508736,-0.00486532,0.16221257,-0.15308727,-0.11774764,-0.08815069,0.01908923,0.14451620,-0.39029616,0.24013931,-0.14309031,-0.29292911,-0.21666446,-0.18910401
0.17864974,-0.13189331,-0.07344369,0.08615944,-0.15874910,0.15249571,0.10634529,-0.15088354,0.00255427,0.08857886,-0.14373808,0.12947907,-0.03459246,-0.08157367,-0.12533155,-0.05940882,0.01689291,-0.19524062,-0.20319486,-0.20987909,0.26927525,0.02396774,-0.13187011,-0.11867876,0.10421371,-0.03080227,0.05085266,0.25685006,-0.07304264,-0.06301261,0.09612048,0.18549171,-0.17452106,-0.14738722,-0.03409811,-0.11741153,0.09252059,-0.13039678,-0.10939664,0.22383729,-0.11206631,-0.13548352,-0.10704109,0.05678286,-0.09744604,-0.31865299,0.24116504,-0.05718378,0.17037520,0.05399005,-0.13127559,-0.03696646,0.02742683,-0.08457334,0.16167940,-0.21070616,-0.15273958,-0.04182900,-0.14677928,-0.12659940,0.00953516,0.01274664,-0.01713671,0.02432382,0.09941195,-0.28465486,-0.14230937,-0.05716511,-0.08029602,-0.01968981,-0.17632684,0.11653695,-0.01737458,0.09551688,0.00452583,-0.13909005,0.01662070,-0.11710708,-0.21441729,-0.01238212,-0.17870031,0.12369035,0.08000248,-0.26272008,-0.02617432,-0.19767624,0.05416594,0.00562800,-0.20606355,0.38443199,-0.03779932,-0.06339777,-0.30830798,-0.07568658
-0.05323872,0.03504841,0.04232936,-0.09109757,-0.32484820,-0.00063950,-0.10793447,-0.25750181,0.01817413,0.10381439,-0.07141768,0.09120855,-0.03803051,0.06305064,-0.15077446,-0.17391112,0.07838918,-0.04592231,-0.32886204,-0.10470157,0.23879158,0.00489392,-0.00086014,0.04387688,0.23619778,0.04552520,-0.19782175,0.16353151,-0.13383855,-0.13982867,0.06127487,0.00073718,0.04305531,-0.08601291,0.00228438,0.06025653,0.03297210,-0.16498928,-0.20012522,0.19598916,-0.11246296,-0.08792244,-0.08526187,0.10489714,0.13016331,-0.09198362,0.13132815,-0.03427300,0.13809057,-0.11016776,-0.00320098,-0.00369446,-0.08050363,-0.23580348,0.03019316,-0.20860493,-0.08110816,0.04462159,0.06412516,-0.06272899,-0.09258386,-0.14648454,0.14725865,-0.05669324,0.00035623,-0.19139028,-0.05418684,0.05958791,-0.04562853,-0.30151689,-0.32237393,0.16677657,0.11705898,0.13879897,0.01092832,0.06222998,0.15274896,-0.03439996,-0.05990189,0.01452548,-0.18800852,0.02777352,0.16822815,-0.14186443,0.03631147,-0.18106721,0.07234843,0.02414625,-0.21060590,0.26539424,-0.13906480,-0.02031217,-0.15443745,0.23684908
-0.11003836,-0.24502425,-0.07154576,-0.04566163,-0.19979560,0.05597421,-0.06778318,-0.06054112,-0.10787676,0.25581998,-0.14922240,-0.03550839,-0.04713343,-0.21672805,-0.10095368,0.03027357,0.04478410,-0.12310844,-0.23917587,-0.20000525,0.15367380,-0.00527381,-0.12352476,-0.00796982,0.01972149,-0.02174409,-0.10729132,0.21726942,-0.24590909,-0.16668409,0.09673537,0.20342836,0.09288193,-0.21383575,-0.11559338,-0.02149255,0.07626915,-0.15666094,-0.19793399,0.16817418,-0.23797254,-0.21481797,-0.14901505,0.13995971,-0.15961933,-0.28188238,0.20188804,0.19821741,0.00480538,-0.01726348,0.19855811,0.02019984,0.04475037,0.00574825,0.08843357,-0.12457296,-0.19103846,-0.07262771,-0.16389878,0.01132161,0.15610455,-0.10681747,-0.04106829,0.08770639,0.01318522,-0.09142617,-0.21731177,0.19193187,-0.15134878,0.11687604,-0.16467950,0.13006195,-0.04074669,0.07244378,-0.02251110,-0.17589256,-0.04462263,-0.05717883,-0.21319050,0.07255428,-0.13462304,0.02162819,0.19785580,-0.08399193,0.15823875,-0.07274150,0.12073444,-0.05871512,-0.26654750,0.19863524,-0.18388198,-0.08511768,-0.24188027,-0.00986439
0.00407656,-0.03414862,-0.17262003,-0.03319948,-0.06594074,0.13389048,-0.02206653,-0.17191064,0.00331689,0.17577042,-0.05224548,-0.00457865,0.01168794,-0.13242313,-0.24880932,0.11122575,-0.05952729,0.03617248,-0.13249545,-0.14232188,0.07376903,-0.01478275,-0.07178275,-0.15570253,-0.07993940,-0.04061721,0.01603043,0.20383146,-0.07861285,-0.09309213,0.04507608,0.12888627,0.01860750,-0.17566256,-0.02873851,-0.10653232,0.16741021,-0.20694366,-0.09191420,0.15452902,0.00061537,-0.05605227,-0.18393961,0.10962378,0.08044916,-0.11933837,0.15482038,0.12478503,0.31567973,0.00549090,0.11312259,0.10598526,0.05449713,0.06444389,0.08113597,-0.10499003,-0.13425900,-0.19957007,-0.11464567,0.00909396,-0.07763494,-0.06435543,0.01189522,0.19726709,0.09530660,-0.24731578,-0.16815761,-0.00634329,-0.21590038,-0.07205677,-0.22672816,0.16052607,-0.05162431,0.22630291,0.06897896,-0.18118995,0.11507984,-0.03454343,-0.11829758,0.15556277,-0.17729814,-0.00811666,0.07251462,-0.05902843,0.08658015,-0.17305869,0.09207605,0.03236508,-0.13623168,0.23726465,-0.14970727,0.07353999,-0.24446672,-0.06057338
-0.12515299,-0.11601018,0.03534278,-0.08015466,-0.17375091,0.00477452,-0.12867905,-0.03056135,-0.14382467,0.08648539,-0.07576030,-0.03258880,0.12169024,-0.18580881,-0.10033680,0.11890842,0.07851134,-0.12385930,-0.21193030,-0.17326051,0.24287811,-0.01767301,-0.08517966,-0.08028744,0.12220833,0.02241646,-0.00727831,0.11561322,-0.11068197,0.02708921,0.08590016,0.15148810,0.16000639,-0.07514998,-0.06335253,-0.02419946,-0.00278162,-0.05871039,-0.09208442,0.16866584,-0.05343125,-0.27452183,-0.04847986,0.00078962,-0.10102423,-0.25122839,0.30757806,0.24116734,-0.04871286,-0.06315930,0.07921814,-0.04755699,0.07858148,-0.03464046,0.17149402,-0.08702432,-0.15689906,-0.17190434,-0.16610831,0.04398440,-0.03715108,0.04659242,-0.09073242,0.02910453,0.03038901,-0.21450411,0.02820499,-0.00268737,-0.05207724,-0.15292981,-0.18231937,0.21829328,-0.06959499,0.03730565,0.01666269,-0.11070265,-0.21618496,-0.14727142,-0.13743235,0.16549878,-0.16592500,-0.01847195,0.24622783,-0.17410831,0.08684658,-0.22846222,0.08467288,-0.01841944,-0.21806739,0.19990578,-0.19483127,-0.06924485,-0.21225530,0.06249128
-0.00894677,0.06023866,-0.14338651,-0.03244219,-0.04825406,0.22528768,0.14852028,-0.33313778,-0.06964673,0.16522981,-0.16600569,-0.06005590,-0.06049895,-0.04448416,-0.22901967,0.12911417,-0.14763454,-0.03674924,-0.20414190,-0.18813500,0.33496848,-0.06367584,-0.11317246,0.04235077,0.05340134,-0.09569895,0.05718966,0.21950988,-0.12443689,-0.17844427,0.02321800,0.09890392,0.00640625,-0.19607280,0.05891436,-0.05531586,-0.03398336,-0.15729675,-0.12323937,0.12541164,-0.13056101,-0.20254710,-0.23926754,-0.06070320,0.04567635,-0.20817836,0.30974007,0.14640239,0.07759136,-0.04758554,0.34204233,-0.04587204,0.00646259,0.07802620,0.23012352,-0.09430456,-0.26893374,0.00928287,-0.23716468,0.01487322,-0.03257567,0.00392786,0.00379068,0.22831807,0.15460113,-0.24696063,-0.11678442,0.05233111,-0.07316034,0.14357379,-0.16289738,0.11210496,0.09972807,0.13812184,-0.07760619,-0.03706738,-0.11036533,-0.13013284,-0.03986399,0.06986422,-0.14743240,0.06572841,0.11232950,-0.16453843,0.05714006,-0.14972880,0.03745511,-0.03962748,-0.22249499,0.29831019,0.01195771,-0.13409214,-0.15271397,-0.07835057
0.18624881,-0.15503345,-0.04992655,0.07869481,-0.09905650,0.12056837,-0.00165276,-0.10051052,-0.20517264,0.11572284,-0.05633098,-0.14767127,-0.02341144,-0.13420129,-0.11357171,0.16938867,0.03587518,-0.10148219,-0.02667421,-0.20711511,0.08108073,0.04373656,-0.18455152,0.09597672,0.25572842,0.11025225,0.14479254,0.01738804,-0.05934368,-0.07785834,-0.00798700,0.06531669,0.00465224,-0.10176926,0.01457518,-0.14168987,0.10829405,-0.02255014,-0.17973360,0.16266951,-0.14820294,-0.16502766,-0.00333052,0.13235326,-0.09161409,-0.16938913,0.13154908,-0.02540379,0.16883308,0.07339413,0.10841303,0.04427686,-0.03776402,-0.16035764,0.19524652,-0.16423930,-0.12583070,-0.20338693,-0.04758128,-0.12258644,0.09939844,-0.08395895,0.01712610,0.08103567,0.14851335,-0.04394523,-0.09874881,-0.00409946,-0.02976393,0.09957124,-0.20712113,0.17608634,0.11159956,0.21187544,0.04287743,-0.14246574,0.07668528,-0.11304677,-0.18458577,-0.00159397,-0.10309192,-0.01058006,0.06281876,-0.13295199,-0.07003561,-0.15383740,0.15792707,-0.05518536,-0.03688145,0.15848683,-0.12056612,-0.08779204,-0.10494539,-0.04461710
-0.03306237,-0.09983271,0.12155861,-0.08653613,0.06885874,-0.12373538,-0.03752442,-0.07562429,0.03256290,0.02543273,-0.18790330,0.25863960,0.05417401,-0.04051169,-0.16919231,0.00614937,-0.13777035,-0.13326740,-0.12003162,-0.21326239,0.04371838,-0.05991033,-0.22879286,-0.28433022,0.09267148,-0.03874768,-0.09658820,0.09614664,-0.02456388,-0.02964734,0.02716326,-0.17842767,0.05798126,-0.11026901,-0.05093379,-0.08505660,0.05600777,-0.31392750,0.04207760,0.19448449,-0.11092129,-0.21456689,-0.07588515,-0.13639642,0.06084783,-0.17993279,0.14491969,-0.00828031,-0.06982578,-0.04730986,0.02628162,-0.25577015,0.04499850,-0.06144542,0.12547766,-0.16978611,-0.15914281,-0.11040709,-0.11651008,0.30475214,0.18228608,0.13177472,0.05722192,-0.14649804,-0.05405705,-0.12847176,0.07745405,-0.07422767,0.00349436,0.10910010,0.03148748,0.00657258,0.03105151,0.03416782,-0.00733114,-0.11840643,0.44261622,0.04606376,-0.03235966,-0.05674219,0.31013492,0.06498295,0.06863651,-0.14346536,-0.03723948,-0.13948572,-0.02622238,0.13388191,-0.29059550,0.14333676,0.09963350,-0.03063776,-0.14165971,0.34756714
0.12811516,-0.05240360,0.07960933,-0.09836898,-0.06052081,-0.12220599,0.00180123,-0.14076979,-0.03000549,-0.00300357,-0.00033779,0.05314393,-0.02575092,-0.14098118,-0.12033381,-0.11197944,0.12018684,0.07812979,-0.02007302,-0.08114641,0.07804159,0.09066963,0.01896374,-0.13712607,0.01936821,-0.06155317,-0.10732651,-0.00889189,-0.08021102,-0.09532915,0.07277834,0.07971014,0.06123040,-0.02392516,-0.02886158,-0.08862340,0.01597649,0.04339974,-0.12687832,0.13898499,-0.01609039,-0.07361455,-0.06608701,-0.06151841,0.03973155,-0.04466973,0.04864212,0.10935494,-0.01447713,0.04143584,-0.00089232,-0.02629463,0.07588748,-0.16194543,0.13623835,-0.09425115,-0.13686526,-0.06352855,-0.11341067,-0.07935949,0.06610811,-0.07712214,-0.07528956,0.02676275,0.02866278,0.01609872,0.03398958,-0.03492142,0.02679150,-0.06542603,-0.11363756,0.07219800,-0.03222037,0.03212562,-0.07555855,-0.01263516,0.07641442,0.03281686,-0.00391848,0.08176322,0.02001069,0.16878138,0.03273807,-0.02632657,-0.06516581,-0.13028115,0.05079999,0.00390530,-0.12022731,0.10095214,-0.15901095,0.13281621,-0.02913119,-0.05322928
0.18123440,0.00760348,-0.15234400,-0.04548742,-0.19836189,0.10430969,-0.19677509,-0.27541131,-0.18321906,0.26814780,-0.09483799,0.06814314,-0.18042515,-0.16110834,-0.25804025,-0.04112520,-0.00138627,-0.05150163,-0.12035539,-0.21297807,0.40551829,0.04501025,-0.32396626,-0.06911304,-0.01020517,0.00964945,0.00235926,0.23711574,-0.29600742,-0.15231584,0.00043396,0.18717505,-0.00354286,-0.42092237,-0.13621838,-0.13033347,0.04643321,-0.31242764,-0.32563740,0.32727087,-0.19137128,-0.28651074,-0.11796232,0.07335047,-0.01740448,-0.40315863,0.34172773,0.09652944,0.04049112,0.05880485,-0.13176376,-0.01841111,0.09334416,-0.13436601,0.29684335,-0.27041921,-0.26372331,-0.19645488,-0.21824947,0.02296708,-0.04685754,-0.14535040,-0.00163678,-0.03741586,0.03858923,-0.48387113,-0.01287565,0.04108688,-0.14128646,0.06044101,-0.27081737,0.20240000,-0.01154367,0.22534496,0.00827334,-0.08220547,-0.03059955,-0.01103324,-0.29482445,-0.02362288,-0.14755201,0.06044352,0.36838472,-0.38576308,-0.08292166,-0.26488492,-0.01092639,0.03419396,-0.39926445,0.53755212,-0.24625021,0.00762004,-0.38777858,-0.01342936
0.19981749,-0.03464004,0.04531193,0.04055245,0.04837223,-0.07572386,0.13095418,-0.06611130,0.01234208,0.01918693,-0.07140099,-0.01102849,0.14906259,-0.09067891,-0.09811567,-0.01674352,0.06633677,0.00059780,-0.09125723,-0.12225802,0.01837302,0.03054118,-0.07123776,-0.23496027,0.15460417,-0.01892914,-0.04146191,-0.09176033,0.07991628,0.03553262,0.10974099,-0.05833237,0.00512519,-0.04479654,-0.02906407,-0.02940713,-0.09360762,0.00824857,-0.08458052,-0.00921741,-0.06847767,-0.00867406,-0.02342615,0.10881806,-0.03480414,-0.05369807,0.03472007,-0.03868709,0.08502112,-0.03857441,-0.17847577,-0.02512711,0.11364908,0.10906385,0.08694500,-0.02777142,0.00140735,-0.13992284,0.05657432,-0.12245791,-0.25520131,-0.03315471,-0.10811922,0.01527150,-0.10358493,-0.09562095,-0.06301441,-0.11776490,0.00008408,0.00039071,0.03806544,-0.05721214,-0.06902059,0.07840258,0.12624617,-0.05260535,0.14428595,-0.01368834,-0.05163676,0.09182741,0.03618545,0.04755356,-0.03853925,-0.08949848,0.08087198,-0.04187728,-0.04183263,0.17425720,-0.04263899,-0.00699776,-0.11296152,0.06266502,0.00192881,-0.11882313
0.02038252,-0.00383787,0.03349704,0.08820794,-0.26177669,0.00344584,0.08823250,-0.26625714,-0.11720715,0.07680473,-0.10352689,-0.00435588,0.04255853,-0.24444856,-0.27565795,-0.07387368,-0.03394017,-0.00794371,-0.16078831,-0.31600308,0.16434461,-0.09366188,-0.19251078,-0.15545519,0.15346560,-0.04960556,-0.04008698,0.06193697,-0.09801543,-0.03739695,0.05910687,0.08295607,-0.11742535,-0.17147808,-0.05077548,-0.20212679,0.17276958,-0.32265070,-0.09151711,0.25623909,-0.02237491,-0.20493074,-0.16691279,0.02543829,-0.01584751,-0.24182640,0.29808101,0.09329337,-0.01460816,-0.05581021,0.08823001,0.01038225,-0.00291570,-0.19120157,0.10058637,-0.22429609,-0.21610960,-0.09347286,-0.15778676,0.05315086,-0.03002561,-0.22925405,0.07198054,0.05815395,0.03842721,-0.14125946,-0.04553692,0.01900408,-0.17229356,0.00648924,-0.24201936,0.05162911,0.03359365,0.13353583,0.16335149,-0.02506443,0.02983474,-0.04179961,-0.04112719,-0.04721992,0.01556731,0.04634865,0.27531016,-0.23199762,0.08305334,-0.19492790,0.12229117,0.05493522,-0.29098088,0.28013375,-0.23047495,0.10553049,-0.27582765,0.08725378
0.15904059,-0.09781872,-0.00392297,-0.03373464,-0.06983490,0.05228857,-0.13304019,-0.09344175,-0.02402316,-0.01182712,-0.04286670,0.06736559,0.05748895,-0.09174266,-0.03911489,-0.06240726,0.02732610,-0.02332599,0.02278389,-0.12157104,-0.03050142,0.07162412,-0.08762962,-0.12092984,-0.13019158,-0.00555847,-0.03238217,-0.05971880,-0.06194329,0.08956252,0.01058900,0.03777408,-0.09211792,-0.03806220,0.26682901,-0.01102707,-0.07880931,-0.02630203,-0.14046577,-0.01182750,-0.07440349,-0.12745431,-0.06013726,-0.01255586,0.09590224,-0.09005743,-0.08088471,-0.04136648,-0.07654260,0.01224212,-0.13462445,-0.01359681,0.07607775,0.04583567,0.10593941,-0.08703911,0.00617433,-0.10598433,0.05542354,-0.08462586,0.02422118,-0.02584128,-0.10083363,0.12199971,-0.00194684,-0.00666317,0.02111627,-0.04323420,-0.04913091,-0.02193468,-0.00534480,-0.05548421,-0.07250568,-0.05695768,0.04720529,0.07640836,0.06902806,0.05097602,0.02406466,-0.07743259,-0.06499390,0.04448195,0.11264269,-0.06894447,0.06012235,-0.08205733,0.01262284,0.00896357,-0.03268470,-0.03579194,0.02429482,-0.03322802,0.04938438,0.01127004
0.14175127,0.03994400,-0.13468705,0.03761654,-0.14021112,0.17218640,0.15322797,-0.29431394,-0.05413989,0.09697309,-0.00072981,0.02904277,0.06449743,-0.17998879,-0.21491207,-0.09076563,-0.07568220,-0.18569548,-0.20306520,-0.09325082,0.21121481,0.10882180,-0.13602860,-0.17366172,0.19064878,-0.10128624,-0.13761872,0.09477880,-0.12436084,-0.01670183,0.18018372,0.19066173,-0.06281953,-0.12100211,-0.05708509,-0.18499738,0.13063549,-0.07337870,-0.06970449,0.25461131,0.00512574,-0.22932322,-0.10457548,0.08927152,-0.11917428,-0.10522973,0.17196207,0.12893961,-0.04068413,0.08653355,0.00590530,0.16302849,0.02370057,-0.00415328,0.18054479,-0.18629245,-0.07469926,-0.13748741,-0.23138095,0.15590559,-0.11813140,-0.06457315,0.04750457,0.07047275,0.17013778,-0.07562616,-0.04936444,0.03219007,-0.21458156,-0.21242158,-0.30826405,0.24886496,0.15479000,0.24125424,0.05522168,-0.04077832,-0.16536260,-0.05396306,-0.12710850,-0.06215089,-0.03019603,-0.06460483,0.22737367,-0.15636069,-0.05823505,-0.21038756,0.03605444,0.11363028,-0.24977462,0.25019160,-0.12137786,-0.09960926,-0.24301830,-0.27545863
-0.03392668,-0.04241692,-0.04708769,-0.08197472,-0.12756942,0.05812695,-0.17153518,-0.12588383,-0.04216717,0.13879250,0.01916337,0.08042255,0.13168962,-0.00541484,-0.07579008,0.13221115,-0.07093018,-0.02547086,-0.10996788,-0.20670438,0.13762118,0.08975425,-0.09162507,-0.04898570,-0.11377381,-0.10247067,-0.00697014,0.02515238,-0.04508537,-0.10432900,0.15133414,0.00548101,-0.05339886,-0.01656260,0.19030312,-0.07481360,-0.00157613,-0.08372079,-0.00666917,0.10172027,-0.11536854,-0.02316470,-0.16469832,0.08633089,-0.05895601,0.01240490,0.05470293,-0.07617760,0.10790171,0.01373114,0.09737492,-0.08498007,0.08215646,-0.00874220,0.06749211,-0.01746067,-0.15405303,-0.05546004,-0.02282016,0.02412488,-0.14944060,0.08820579,-0.06965991,0.10280106,0.08281376,-0.15650176,-0.09951066,-0.01060470,0.03614295,0.03760722,-0.09750438,0.04337409,-0.05180044,0.05686566,0.05988298,0.03759565,-0.00031917,-0.11130422,-0.00465176,0.12670663,-0.05330261,0.14114024,0.17225593,0.01662983,-0.00044984,-0.08581486,0.08254657,0.07222071,-0.05146031,0.12611026,-0.00995245,0.11503626,-0.15231530,-0.18231812
0.04647959,-0.10162183,0.01489147,-0.12595208,-0.19034094,0.11491916,-0.01260046,-0.26046443,-0.11154568,0.05034484,-0.15233679,-0.05541034,0.00902765,-0.19133358,-0.08703738,0.04094384,-0.10661539,-0.08889895,-0.13658834,-0.08793467,0.26865280,-0.01407581,-0.21541405,0.02775242,-0.13246945,-0.05747557,0.04709417,0.20592606,-0.21088634,-0.14970969,0.15656604,0.16515830,0.11330222,-0.26982790,0.03410159,-0.12389947,0.07631444,-0.17452008,-0.15350583,0.20391336,-0.06850445,-0.23280555,-0.11640533,0.14152379,-0.08946372,-0.29109845,0.29138693,0.00931567,0.03136443,0.13415742,0.05716306,-0.03808038,0.05483800,-0.22202227,0.28176200,-0.13369288,-0.18883945,-0.07152399,-0.24398348,0.04055974,-0.14467007,-0.04090413,-0.01500529,0.12113703,-0.02154350,-0.16515476,-0.14111322,-0.02621178,-0.19913074,-0.04891506,-0.22679169,0.07119220,0.02840964,0.14637092,0.13595347,-0.01674668,-0.05156906,-0.04442242,-0.09134264,0.14831913,-0.17652512,0.15200296,0.15614355,-0.18726481,0.09608248,-0.03894505,-0.08505225,0.11131588,-0.18999112,0.30535719,-0.08866024,0.13856344,-0.16944012,-0.00529754
0.06445115,-0.09894185,0.01360729,0.00930074,-0.16558477,0.05350427,-0.04628955,-0.07589659,-0.11400449,0.10575566,0.02591886,0.01785199,0.13537894,-0.14497289,-0.07668886,0.03467244,-0.09593177,0.05269949,-0.13916452,-0.06298406,0.02842379,0.01952408,-0.09957996,-0.10049240,-0.09291858,0.01275571,0.02802795,0.06448872,0.03807008,0.00711666,0.00802869,0.05674265,-0.10868687,-0.03475917,0.02451132,-0.14341651,0.02534492,0.02209453,-0.07175856,0.11712235,0.03290333,-0.04599084,-0.03314010,-0.02692419,0.06056256,-0.02688045,-0.02250955,-0.06868096,0.11847147,0.04153595,0.04021868,-0.08010536,0.03352213,0.11215807,0.15382512,-0.08705832,0.05003156,-0.11364409,-0.14013021,-0.04774557,-0.09650980,-0.06032867,-0.14316398,0.03684013,-0.00877130,-0.04846821,-0.13703622,-0.02040208,-0.07042306,0.07077796,-0.05210032,0.05554448,-0.09630406,-0.01244046,-0.06428055,-0.08850035,0.19964091,0.00573072,-0.04274203,-0.02893828,-0.13524735,0.03189429,0.01174810,0.03930367,0.11221694,-0.05849770,-0.01099736,0.05322114,-0.16783324,0.12243425,-0.16059093,0.03499396,-0.12596884,-0.07482243
0.02157185,-0.03147829,0.00828267,-0.02835339,-0.26942429,-0.06490041,-0.00748036,-0.19551836,-0.04638468,0.01761920,-0.04884781,0.03302800,-0.09420948,-0.02885122,-0.12166524,-0.04701563,-0.06104480,-0.12090319,-0.08748902,-0.20075440,0.19856091,0.03879610,-0.03512987,0.02200061,0.28583133,0.07211152,0.07544580,0.11023142,-0.08514285,0.01147269,0.07939048,0.19146191,0.04966428,-0.05944209,-0.02831236,-0.19992867,-0.02389617,-0.15584126,-0.05381301,0.21399200,0.01024311,-0.25137681,-0.09414532,-0.05927284,-0.07079764,-0.10228583,0.11832337,0.15528852,-0.16918373,0.09421366,0.00648353,-0.00757532,0.10619158,-0.10048155,0.15761322,-0.23830588,-0.19829461,-0.06613920,-0.18586515,-0.01341998,-0.02552380,-0.18128657,0.09255332,-0.14194006,0.15864928,-0.22244672,-0.12193423,-0.03803696,0.00358597,0.00580700,-0.13212158,0.19021313,0.14162683,0.08504371,-0.11414039,-0.13674033,-0.07716762,-0.06896170,-0.07438051,0.07806052,-0.19289221,-0.00282201,0.11775097,-0.10881522,-0.04781682,-0.17093757,0.14519119,-0.00189869,-0.23169294,0.24530381,-0.11789295,0.03521037,-0.17901580,0.16585974
-0.03346192,-0.02467809,-0.09456193,0.02159544,-0.17024523,0.05899266,0.13159665,-0.20613603,-0.01020920,0.01310910,-0.13650745,0.00384852,0.02916487,-0.06358962,-0.05602064,-0.01181820,0.05824285,0.00717409,-0.10924011,-0.22848003,0.21067016,-0.06865026,-0.08732127,-0.11137854,0.05101583,0.08779252,-0.01312868,0.10440330,-0.15061545,0.00609054,-0.05535661,0.05848422,0.12629455,-0.12683448,0.00436209,-0.02590172,0.08742251,-0.27337238,-0.06557020,0.26123190,-0.02908538,-0.14695102,-0.11266425,-0.03994556,-0.00253912,-0.27573076,0.26866415,0.10274508,0.18158859,0.08318461,0.13303000,-0.03497479,-0.05841355,-0.13161555,0.17976920,-0.17614233,-0.12692207,0.02844839,-0.17338674,0.04362949,-0.02785112,0.00635690,0.03359174,-0.08566170,0.10134982,-0.15934235,-0.13401410,0.12692769,-0.11913242,0.08612000,-0.08869820,0.07083747,0.02954075,0.11567523,-0.00113741,0.00094957,0.00442168,0.00066592,-0.19908443,0.12110949,0.01687570,-0.03254471,0.06816834,-0.15428717,-0.02427301,-0.10980204,0.11343548,0.05399919,-0.28268096,0.25815058,-0.05824556,-0.00644432,-0.10777714,0.12939295
0.11363498,-0.10589416,-0.08036284,-0.05961486,-0.04760166,-0.00410579,-0.09544786,-0.25099400,0.01906769,0.05583822,-0.12665135,-0.06715264,0.09938271,-0.02439922,-0.14501797,0.09000279,-0.13415931,-0.03420407,-0.11326118,-0.22633068,0.10220790,0.04801651,-0.06034889,-0.09563110,-0.05111751,-0.05832588,-0.07610855,0.20804662,-0.17632964,-0.07238241,-0.00044695,0.15157530,0.08012934,-0.14466289,-0.04918949,0.02178235,0.02371347,-0.12162127,-0.06021239,0.15493366,-0.13395114,-0.02262301,-0.14841670,-0.02292633,-0.10014898,-0.19580849,0.23241228,-0.01154429,-0.03396758,0.08258662,-0.06876495,-0.05183318,0.14453913,-0.04364069,0.11429910,-0.22549692,-0.16474891,-0.12937836,-0.12093916,0.11308981,-0.00269918,0.05893232,-0.11129083,-0.04954224,-0.00695262,-0.23353186,-0.01114126,0.04210848,-0.11345944,0.11960690,-0.13935135,0.06213038,0.09351399,0.09027866,0.13130960,0.02145746,0.12645757,-0.08527388,0.00434809,0.11732507,-0.06934246,-0.02158721,0.20288843,-0.08537111,-0.02474039,-0.10205340,0.07968462,0.02870980,-0.09529468,0.26195064,-0.21314624,0.04642925,-0.10516868,0.02980517
0.08834822,-0.03727405,-0.16482651,0.13446520,-0.05690585,-0.00817751,0.07594557,-0.05200277,-0.14437230,0.02239837,-0.16160268,0.04366000,0.12367714,-0.02776871,-0.00477414,0.05819191,-0.09219541,-0.05272926,-0.05804615,-0.11032725,0.04982744,-0.01172758,-0.05596568,-0.12859733,-0.15309907,0.03541106,-0.03989937,0.10582648,0.02263440,-0.13344054,-0.02335262,-0.02476751,-0.00431463,-0.18279330,-0.00980075,0.02613836,-0.00971140,-0.00331131,-0.10904830,0.08910593,0.00727043,-0.05930144,-0.09011253,0.16584314,-0.04454328,-0.13121977,0.00265708,-0.04156959,0.18568115,-0.00802056,0.10171657,0.01362501,0.07519525,0.05550657,0.17842761,-0.09020806,-0.05519192,-0.13085170,-0.10058520,-0.04117094,0.03651485,0.02591325,-0.10456733,0.03121554,0.00045683,-0.04299482,-0.01833686,-0.11056595,-0.04523722,0.00256823,-0.02184695,0.04859708,-0.09436493,0.16984603,0.08152338,-0.00162699,0.22456852,-0.18351187,-0.17778073,0.05307320,-0.22382042,0.15865989,0.01568859,-0.06512880,0.14804336,-0.04377308,0.05037357,0.19133103,-0.06810635,0.15646008,-0.11372821,0.00486534,-0.17170337,-0.00391914
-0.02761548,-0.06920899,0.03507557,0.09414341,-0.10816673,-0.05199648,0.04960787,-0.11100698,-0.04164066,-0.02760187,0.01566846,0.05501349,0.06267935,-0.12178279,0.02904865,0.01675155,0.06210556,-0.02050434,0.04223434,-0.10109861,0.09593013,0.08308262,-0.04630887,-0.14032263,0.05267363,-0.04496323,0.04191227,-0.08207661,-0.09696348,0.02063084,-0.00838802,0.03289598,-0.01304117,-0.01401791,-0.06550160,-0.07498095,0.01693060,-0.07384909,-0.00411342,0.08295076,-0.03818216,-0.06099126,0.06764168,-0.04920938,0.00525432,-0.09634777,0.08453362,-0.02559745,-0.08126470,0.01428438,0.01348585,0.11849806,0.03631714,0.07451952,-0.00998642,-0.05882327,0.00992984,-0.00778346,0.00963832,-0.15964215,-0.01211167,-0.09509326,0.01002178,0.00207287,0.00700906,-0.02996358,-0.04377517,0.03450702,-0.05224641,0.07370893,-0.04056851,0.04030237,0.00513842,0.02226371,0.04488678,0.02033243,-0.05293349,-0.04716927,0.04898939,0.10178821,0.00921535,0.10891566,0.12018467,-0.04664183,0.10816300,0.01420579,-0.09235867,0.05611267,-0.00420378,0.10655010,-0.04375977,0.06965555,-0.12617151,-0.09351917
-0.10130127,-0.05732752,-0.00423703,-0.11134762,-0.26154315,0.05488404,0.00008259,-0.27835801,-0.06120461,0.21520609,-0.01949699,0.05610660,0.04616218,-0.11950837,-0.26228815,0.13830210,-0.09240933,-0.13529830,-0.26261324,-0.27579287,0.34500188,-0.06658732,-0.11108684,-0.11888791,-0.12628782,-0.02075336,0.00375387,0.16844384,-0.25021711,-0.13828589,0.03279432,0.05651788,-0.11194766,-0.17110676,0.00819927,-0.02453391,0.15257268,-0.24151760,-0.18259215,0.19801743,-0.15646669,-0.14466134,-0.12006462,0.06198034,-0.15091391,-0.11945688,0.15489858,0.11112672,0.25772244,-0.02926058,0.10489234,0.00525866,0.09387496,-0.03239509,0.18355556,-0.30472320,-0.23474087,0.00122793,-0.14270605,0.18727255,-0.00185445,-0.04340006,-0.02191068,0.14925443,0.05655318,-0.26292491,-0.05639770,0.07173582,-0.11131020,-0.05953229,-0.17836091,0.15936910,-0.07376629,0.28357378,0.15596338,-0.13616762,0.16804123,-0.08526454,-0.23269950,0.15026167,-0.04574704,0.14063650,0.26287308,-0.24178071,0.20479763,-0.21828301,0.05332148,-0.02751976,-0.25168476,0.25146624,-0.11243093,-0.02222936,-0.23762849,0.04035494
-0.01015728,0.01532809,0.02988549,0.22828296,-0.03576202,0.08440491,-0.07527133,-0.46996155,-0.03052560,0.05398536,-0.15794615,0.14383911,0.11876110,-0.13553886,-0.11357352,-0.10747015,-0.12397210,0.00998722,-0.08187608,-0.16489069,0.16069219,-0.00921672,-0.19262210,-0.07421280,0.00810282,-0.06570370,0.05720528,0.18753052,-0.16175337,-0.31395546,-0.02609801,-0.06023545,-0.09163453,-0.24052429,-0.13007776,-0.12970442,0.00606870,-0.29539594,-0.19719052,0.21696742,-0.10429953,-0.12105193,-0.12003002,0.14450791,-0.06058221,-0.08920718,0.11432609,-0.06223255,0.08006768,0.10826639,0.05241201,-0.01487167,-0.03817525,0.23661117,0.24090402,-0.18468173,-0.46330675,-0.07575161,-0.14081313,0.53846407,-0.20076101,-0.36505032,-0.14677721,0.28077337,0.12814078,-0.09789825,-0.00335660,-0.00159972,-0.17622414,0.02085391,-0.14228842,0.13536046,-0.04897057,0.18119216,0.10007089,-0.00261369,-0.06405764,0.13523422,-0.02999689,-0.03292550,-0.09132386,0.06161014,0.19781446,-0.05613193,0.00431413,-0.20277923,-0.04444025,0.06812678,-0.29734880,0.24489626,-0.06263484,-0.10229977,-0.08960278,-0.05401028
-0.13155682,-0.00457979,-0.11366338,-0.00968801,-0.15426376,0.09102121,-0.04278049,-0.31783929,0.02897282,0.16830149,-0.01248529,0.07552872,0.05437851,-0.13241346,-0.30590302,-0.04534350,-0.10340197,0.00578183,-0.24036206,-0.33373320,0.29857290,-0.05883247,-0.22721717,0.11132740,-0.09736247,-0.05698471,-0.04373104,0.19912812,-0.20378178,-0.11301413,0.01436746,0.06623910,0.12796712,-0.20606637,-0.03143463,-0.10123595,0.12220856,-0.24632293,-0.18338567,0.37812063,-0.18071730,-0.05111607,-0.16104913,0.06892055,-0.17810042,-0.23686914,0.36502069,-0.01452288,0.08068133,0.03275455,0.07291611,-0.03135318,0.04882945,-0.14047647,0.23632960,-0.24255498,-0.14328934,-0.05757476,-0.19062905,0.00912494,0.02576645,0.06611567,-0.04216693,0.04984140,0.09461687,-0.30364802,-0.10471343,0.05046129,-0.06665964,-0.08699420,-0.31995979,0.14269002,0.06223963,0.15239836,-0.07627284,-0.14855817,0.00417693,-0.11953932,-0.20550147,-0.07277384,-0.14972474,0.11140484,0.17963627,-0.24919946,0.12067225,-0.25466365,0.07707327,0.08440322,-0.35701782,0.53470880,-0.06556492,-0.07910034,-0.41146722,0.01561700
-0.08883787,0.23036073,0.19018476,-0.13040695,-0.13691631,-0.12544714,0.07874919,-0.00306840,0.04429207,-0.12332465,0.08315558,-0.05323782,0.02534995,0.06859060,0.04386702,-0.22906449,0.12201158,0.10643549,-0.10561106,-0.05451896,0.00494783,-0.08344746,0.14289211,-0.17132930,-0.19657300,-0.02355790,-0.02857403,0.02176595,-0.08874937,0.08654636,-0.10634074,-0.10698342,-0.03803974,-0.01926000,-0.16348107,0.02641762,-0.08224207,-0.07880300,0.04552649,0.11219908,0.10447542,-0.02907887,0.05537573,-0.14806132,0.11258383,-0.03274956,0.06088429,-0.12636332,0.41381529,-0.19934198,-0.04045314,-0.08886359,-0.05315670,-0.18801688,0.05880058,-0.07867689,-0.05216768,0.09789232,0.14664282,-0.14884043,-0.02456128,0.23277472,0.26567641,-0.06190767,-0.05597187,0.09288291,0.20005722,-0.17416184,0.03867274,-0.02660812,-0.04072856,-0.09211976,-0.07616876,-0.12455165,-0.17931870,0.16028705,0.00436315,0.30685347,0.06835261,-0.14893082,-0.01651593,-0.04247542,0.03540681,-0.00816387,-0.04055656,0.09566267,-0.12200249,-0.00123563,-0.00122688,0.08036726,0.03953027,0.03954772,-0.09326734,0.00429380
0.00200375,-0.11344223,0.03426561,-0.11105084,-0.17529014,0.04400865,-0.11468697,-0.20391907,-0.08337989,0.10729042,-0.11442291,0.04550043,0.02651311,-0.17435552,-0.10539845,0.11070575,0.03729465,-0.05187505,-0.07082245,-0.05857157,0.09917796,-0.05767777,-0.16686289,-0.05944325,-0.09832527,0.16143398,-0.09122261,0.03767637,-0.13396767,-0.10490973,0.03121099,0.14712702,-0.04673394,-0.16894120,0.00421379,-0.05373525,-0.02197398,-0.20679101,-0.20165445,0.16930342,-0.08362738,-0.08286829,-0.08457024,0.08146753,-0.05857322,-0.16420987,0.29147685,0.14339526,0.09721536,-0.04363565,-0.03323884,-0.02707670,0.06347796,-0.10635135,0.16687566,-0.07740079,-0.15268718,-0.12226062,-0.09343737,-0.00704282,0.02164233,-0.01267094,-0.04373858,0.14035170,0.11080456,-0.18258427,0.05956827,0.05020873,-0.14157572,0.03165643,-0.28414512,0.15578885,0.00739847,0.13801807,-0.03697978,0.02960348,0.00022919,-0.09221712,-0.01388359,0.02825764,-0.09321081,0.10834328,0.21960926,-0.09685849,-0.01078549,-0.17542318,-0.02134904,-0.04642370,-0.12051247,0.31713018,-0.07612611,-0.10144132,-0.20027162,-0.01328790
0.00059103,0.01377734,-0.06929731,0.02049017,-0.21055877,0.05943150,0.02870455,-0.28150228,-0.15725282,0.03153829,-0.06953283,0.03028598,0.02214743,-0.08179902,-0.16642635,0.09111592,-0.06465042,-0.10379887,-0.22741437,-0.16444935,0.23481697,-0.07978078,-0.02852798,0.00871734,0.07078008,0.01564411,0.05372931,0.17455402,-0.12141440,-0.06909247,0.01841631,0.03912386,0.10430378,-0.29852593,0.04613392,-0.15977223,0.02168994,-0.29882661,-0.13555977,0.13525009,-0.16464506,-0.11516782,-0.10370943,0.08225702,0.05842874,-0.18119237,0.31239730,0.11716213,0.12902625,0.07877861,0.11717148,0.09393690,0.08212513,-0.07669481,0.13531047,-0.18967572,-0.21115366,0.03371982,-0.17382136,0.02594348,0.01019310,0.04285268,-0.10757533,0.05155359,0.06411458,-0.31399503,0.00730081,0.01409665,-0.12763998,0.14781515,-0.11472776,0.06332723,-0.03705620,0.19635011,-0.03844775,-0.00672858,0.08141273,-0.04545002,-0.03735432,-0.07707828,-0.05718504,-0.02856419,0.20448309,-0.18810721,0.03597267,-0.12999454,0.08865020,-0.07030908,-0.30116123,0.41798225,-0.07130667,-0.06893103,-0.27798596,-0.00596703
0.06650699,0.02783088,0.24914388,-0.04254076,0.24815878,-0.11701465,0.13665150,0.15349483,0.07033151,-0.27659968,0.09478948,0.14530087,-0.30575001,0.08656832,0.21171865,-0.16570027,0.10249601,0.18568042,0.14743800,0.07842533,-0.35740557,-0.06444295,-0.01432831,-0.01552499,-0.10315681,0.00316580,-0.02051998,-0.18085924,0.35573956,0.21533567,-0.06998977,0.00181934,-0.42234010,0.14868981,0.14706415,0.30231506,-0.07038888,0.15440574,0.18516541,-0.29533032,0.18838222,0.24264519,0.09674849,-0.18756364,0.05339198,0.37303475,-0.19228981,-0.17602527,-0.01023725,-0.16968976,-0.33255807,-0.19555600,-0.14431342,0.04491224,-0.26625618,0.07214982,0.19393174,0.15522954,0.30522716,-0.08017338,0.00914243,0.08337432,0.26320106,-0.01689110,-0.35203362,0.28376287,0.24864396,-0.03121379,0.10933434,0.17385121,0.32417113,-0.19049513,-0.00933413,-0.14211224,-0.06883046,0.05001807,0.18123922,0.10209360,0.02863823,-0.25236791,0.02438407,0.00770960,-0.15413497,0.14262110,-0.11371396,0.08803865,0.11314042,0.00403968,0.24359414,-0.31099299,0.13353796,0.27515098,0.09468930,0.20724548
0.12402841,-0.06554370,-0.10629001,0.01587391,-0.15143198,-0.13992898,0.09901650,-0.12898301,-0.08173402,0.13187802,-0.05161826,0.17562859,0.04636057,-0.04887150,-0.04487210,0.06088506,-0.03133588,0.08134340,-0.01609058,-0.10055859,0.03962154,0.05075615,-0.15020606,-0.13307045,0.01251971,-0.02905116,0.03110291,-0.03810122,-0.07650558,-0.06918824,0.11706942,-0.01841296,-0.13525154,0.04101324,-0.03197746,-0.13435379,0.04232834,-0.13215823,-0.01820618,-0.01742096,-0.02878908,-0.10015512,-0.05663234,0.01455389,0.00533458,0.00629204,0.08299724,0.10381781,0.02961708,0.03989351,-0.01353200,-0.01217349,0.02753653,0.09935091,0.04592584,-0.09098604,-0.08224999,-0.09899589,0.02720507,-0.04176139,-0.03102184,-0.13289461,-0.07486965,0.11229734,-0.09859241,-0.11889363,-0.08724728,-0.08917700,0.04959300,0.14845067,-0.14423133,0.12421276,-0.02487504,-0.05637434,-0.02630224,0.02553990,0.10261124,-0.15185580,-0.00756385,0.10227337,0.01311046,0.02448278,-0.02188932,-0.09194458,0.05245586,0.01634894,-0.09948045,0.22348575,-0.04528353,0.01317320,-0.04559358,-0.03622949,-0.04092264,-0.02222782
-0.01716896,0.03750523,-0.15049510,-0.03062990,-0.13307992,0.00272975,0.08918589,-0.16763036,-0.14652991,0.11105170,-0.15370105,-0.01429985,0.11136428,-0.08643524,0.02218993,-0.02353045,-0.11310635,-0.04086249,-0.13426074,-0.09790043,0.12431800,0.02091327,-0.07588990,-0.13403119,0.18114522,-0.04990617,0.07609881,-0.01401641,-0.09168233,-0.07197876,0.10705172,0.07578415,-0.05999677,-0.17127416,-0.11801200,-0.02433660,0.00437526,-0.09454630,-0.02255801,0.02847826,0.05508117,-0.02740397,0.01444647,0.00428892,0.08602426,-0.10424346,0.08794070,-0.00312688,-0.05231958,0.01287677,-0.06758793,-0.01897065,-0.01580712,0.03160202,0.02779866,0.00858953,-0.06977972,-0.21340771,-0.12181368,0.03223139,0.03402851,-0.15640546,-0.07983387,0.02765036,0.15363745,-0.13791186,-0.04087938,0.02932652,0.00131971,0.07517034,-0.21415886,0.12097852,-0.00881506,0.11216480,0.08661896,-0.09162191,-0.05122435,-0.00546006,-0.14113714,0.15181546,-0.07027288,0.03273410,0.11123874,0.02070841,0.11777730,-0.15566115,0.04713042,-0.00218884,-0.16544217,0.15402830,-0.18225099,0.04947436,-0.04179122,-0.02486544
-0.11083071,-0.06274991,0.12293914,-0.25345322,-0.17460211,-0.02481244,-0.01948522,-0.14810036,0.06500219,0.12224070,0.00297783,-0.05608814,0.03781030,-0.00026028,-0.05666997,-0.02186009,0.06789811,-0.00301189,-0.25185907,-0.09951599,0.16504648,0.06457419,-0.21364407,0.08345415,0.09938100,-0.06413914,-0.19382004,0.19615117,-0.03414892,-0.03459438,0.05986020,0.03003888,0.06414487,-0.23514897,0.06879205,-0.04861135,0.09697221,-0.21360178,-0.27238247,0.09998970,-0.05241058,-0.13967077,-0.07239143,0.03772029,-0.07966431,-0.25705078,0.15039204,0.07085627,-0.01091019,0.12044254,0.03400950,-0.06385569,0.10735893,-0.15016812,0.19205973,-0.14653428,0.05285357,-0.09092738,-0.00847356,0.04830555,-0.04979649,-0.10837094,0.17177916,-0.11283635,0.18933415,-0.20146792,-0.13068321,-0.03138246,-0.13659437,-0.18121096,-0.17779788,0.24170418,0.00273104,0.18875931,-0.11734968,-0.11942151,-0.11368056,0.05174952,-0.07799383,-0.05039502,-0.12309880,0.16892578,0.16956028,-0.16124824,0.01481614,-0.17638928,0.04026901,-0.01859003,-0.23201482,0.06251847,-0.31317675,0.20139231,-0.15453205,0.04095180
-0.03479628,-0.06766602,-0.04681843,-0.15853950,-0.20793450,0.08744387,-0.13039841,-0.34210044,-0.09845278,0.05848946,-0.12072156,-0.00557896,-0.05987309,-0.04838850,-0.12029398,-0.06897187,-0.07310194,0.07977416,-0.14117621,-0.10424907,0.18094082,0.09556605,0.00114663,-0.02860972,0.06714142,-0.03375020,-0.08331937,0.06114141,-0.14641072,-0.11674837,0.07984827,0.17426495,0.06851869,-0.18595824,0.00993718,-0.01456526,0.10449508,-0.26370648,-0.08752669,0.15266898,-0.10685492,-0.04429359,-0.10682000,0.01233942,-0.02042775,-0.24073087,0.16935910,-0.00483029,0.19236206,0.04654989,0.12396448,-0.02380917,-0.03839481,-0.12437998,0.14772531,-0.21738733,-0.11571776,-0.06785639,-0.23621917,0.06982412,0.04497304,0.08375602,-0.09977010,-0.11125561,-0.00752372,-0.20769458,-0.14512604,-0.02874761,-0.10790062,0.07598262,-0.07563099,0.17639340,-0.03505109,0.17228462,-0.02295464,-0.05965778,0.26936051,-0.07191028,-0.04076357,-0.06211213,-0.04262827,0.16119434,0.17074762,-0.11335786,0.06811876,-0.19799353,-0.03392011,0.06708574,-0.18594198,0.27828011,-0.22707364,0.00924360,-0.20001300,-0.00030710
0.15520713,-0.06875513,0.05996558,0.06546687,-0.11078774,-0.01875577,-0.02938505,-0.01152691,0.07365297,-0.03526166,-0.03791557,0.01922457,0.15042162,0.03956626,0.02145413,-0.04478642,0.04002606,-0.07589073,0.00475201,-0.13896994,-0.08384710,0.02677852,-0.11501109,-0.05370802,-0.02878478,0.01305925,-0.03700642,0.06908050,0.02250864,0.09867048,-0.04512837,0.01274575,-0.14349690,0.04606380,0.14087433,-0.00031090,-0.11182086,-0.02228417,-0.11788028,0.09217516,0.13734697,-0.03040572,0.01256237,-0.03656192,0.10959096,0.04353245,-0.00152904,-0.05342809,-0.08268198,0.05111631,-0.01627983,-0.01817827,-0.01031137,0.06131427,0.04795204,0.06465650,0.07805556,0.00250106,-0.09013675,-0.04948878,-0.10990629,0.03593643,-0.07747404,0.09070294,-0.14971776,0.08483700,-0.05776215,-0.08106299,-0.08711430,-0.00936995,0.07614255,-0.01687310,-0.03611773,0.02870080,0.08479171,0.06753457,0.09668302,0.07897392,-0.11636110,-0.02022415,0.05229565,0.12220631,0.09751034,-0.11176300,-0.02486012,-0.06694555,-0.03304723,0.15042374,-0.12953931,-0.05138261,-0.12565961,0.20650759,-0.05630162,-0.07702333
-0.06838080,-0.15334287,-0.21279293,0.04091166,-0.40141633,0.18611297,0.34022531,-0.00589077,-0.05256450,0.26405945,-0.02444376,-0.04572670,0.11292785,-0.36529028,-0.28203410,-0.12820379,-0.04261070,0.11625775,-0.48893511,-0.39737886,0.41401786,0.01527449,-0.35244712,-0.27709997,-0.22043119,0.12871788,0.05309909,0.16520740,-0.48877001,0.01963171,0.07093759,0.38077289,-0.11955304,-0.50733495,-0.53906476,-0.26606843,0.29595935,-0.39070073,-0.16661642,0.42836130,-0.31830564,-0.24444923,-0.23887280,0.11125108,-0.05663151,-0.58619791,0.71442622,0.20362769,0.43284243,-0.02611474,-0.39314649,0.03400948,0.02986584,-0.27700517,0.55139142,-0.39867949,-0.16990981,-0.05753124,-0.29677615,0.22587326,0.11185192,0.19340591,-0.37914693,0.01854957,0.15373407,-0.66976058,0.00720006,0.08611560,-0.17526112,-0.06926555,-0.08760799,0.32866269,0.01239352,0.44438738,0.11525085,-0.18574101,0.05923140,0.04598939,-0.27082053,0.06336356,-0.03077951,0.02615774,0.28205362,-0.55871654,-0.12516218,-0.31333369,0.02139368,0.11106176,-0.49508941,0.48254147,-0.19312298,-0.00334581,-0.31460696,0.26900530
0.04462931,0.15095291,0.07519905,-0.13820055,-0.10092961,-0.08735673,0.26666254,-0.20541884,0.13372923,-0.12618598,0.15999843,0.12572581,0.12316982,0.12186569,0.05009983,-0.15337561,-0.02387876,-0.12388598,-0.15946643,0.04395790,0.11244377,-0.02111042,0.02505255,-0.15414882,0.15092026,-0.17027599,-0.03414187,0.13679525,0.00555775,-0.04323233,0.04292135,-0.01409437,0.08896381,0.01110590,-0.07524034,0.19135003,-0.20213506,-0.19897109,-0.04688847,0.07646370,0.12789853,0.08426452,0.15808277,0.08527255,-0.02965120,-0.07282761,0.11217301,-0.03303153,-0.03558919,0.02407069,-0.10623459,0.08269256,0.09943640,-0.16832189,-0.02542961,-0.05656131,-0.12197270,0.02382940,-0.02089092,-0.05958433,-0.41234133,-0.12710777,-0.25330922,0.09347053,0.06853504,-0.07007805,-0.01344782,-0.22424731,-0.12585695,-0.25267524,-0.18795882,0.05063806,-0.10445520,-0.02127363,0.06922756,0.07067921,0.00159880,-0.03915783,0.07000971,0.03051705,-0.04982009,-0.02317307,-0.14785396,-0.05160232,0.02747941,-0.05158703,-0.08301076,0.00830133,-0.01162149,0.22549655,0.03080105,0.19038028,-0.03472263,-0.16153334
-0.12290079,-0.16023403,-0.06214748,-0.13072878,-0.34538543,0.21723947,0.10381717,-0.17750865,-0.01195500,0.20152642,-0.12310047,-0.07644119,-0.15475859,-0.20786369,-0.20817384,0.00857244,-0.07357106,0.11317147,-0.29376766,-0.25682703,0.21696918,-0.04152419,-0.26311380,0.02861245,-0.05860905,0.10158870,-0.10581246,0.31504372,-0.26655751,-0.17320263,-0.03511696,0.12075236,0.22658299,-0.25334904,-0.07375351,-0.19923088,0.05187698,-0.11289261,-0.09949452,0.19820078,-0.20934251,-0.10262264,-0.09058934,0.11037719,-0.03436713,-0.28860444,0.32149744,0.10968810,0.09561002,0.03296555,-0.11819381,0.04093932,0.05962302,-0.21950054,0.17189553,-0.19016808,-0.08191957,-0.00072621,-0.12220617,0.26233611,0.06662428,0.02608339,0.00882285,0.25444454,0.14755133,-0.21894549,-0.15772262,-0.02634431,-0.15586294,-0.14813474,-0.30866864,0.23948942,0.12112370,0.34782538,0.05687889,-0.15735650,-0.08832885,-0.15299143,-0.21489616,-0.07437421,-0.09886361,0.10501105,0.30198976,-0.27724543,0.07285801,-0.21797703,0.13627188,0.03840358,-0.39065075,0.44011939,-0.12996413,-0.00533346,-0.25748950,-0.26889268
-0.17659177,-0.13574883,0.09165173,-0.29096413,-0.19934508,0.06005277,0.04215491,-0.14354785,-0.03495224,0.07235404,0.01847921,-0.09440147,0.09956404,-0.15059736,-0.19670114,-0.23987819,0.01326172,-0.09713580,-0.32897714,-0.11955709,0.22767273,0.08317193,-0.17910109,0.05759810,0.20528224,0.08734282,-0.03364471,0.28963491,-0.11695053,0.02017882,0.20631018,0.17889827,0.17163289,-0.17658241,-0.30149132,-0.00597718,0.16132537,-0.26508030,-0.18019210,0.25016612,-0.17397101,-0.00787576,-0.14127426,0.02266298,-0.00057283,-0.05380345,0.16058955,0.00274296,0.78059596,0.06242870,-0.00807961,-0.03304723,0.00214873,-0.47866976,0.13471308,-0.35805288,-0.04238786,-0.14883243,-0.12704888,-0.02050391,-0.00278379,-0.20791587,-0.04610215,-0.16632554,0.18689133,-0.16223407,-0.18206979,0.05641479,-0.15799868,-0.17477450,-0.13564570,0.26279420,0.00377780,0.08066512,0.10019550,-0.05768257,0.10895726,0.03805491,-0.01555173,-0.07232431,-0.17838886,0.21702610,0.05159425,-0.17295545,0.04010802,-0.14173472,0.07557976,-0.00122925,-0.21376602,0.28963399,-0.27715081,0.14854187,-0.23211662,0.40165150
0.08817637,0.01243513,-0.02139319,0.07644208,-0.01457839,-0.08083434,-0.06390208,-0.07928440,-0.07225212,0.17416023,-0.05325022,0.09384405,0.05216566,-0.05434314,-0.00157233,0.16300483,-0.05668431,0.06200616,-0.03457389,-0.44113445,-0.02882928,-0.01977173,0.03075474,-0.14963116,-0.08781204,-0.07473295,0.14537214,-0.01495059,0.09969479,-0.03428787,0.16185978,-0.16253497,0.13539152,-0.04085514,-0.13438128,-0.09548244,-0.12270200,-0.00309248,-0.13286676,-0.05137687,0.03742477,-0.12459925,0.00200039,-0.02853723,-0.01123860,-0.09705272,0.15374695,-0.06289950,0.04684623,-0.04523730,0.19272920,-0.02815998,0.13247578,-0.00845487,-0.00838065,-0.11010612,-0.18800901,-0.13490820,-0.27823621,0.00947586,-0.00595216,-0.03440589,0.01566004,0.22739774,0.02124990,-0.09188341,-0.15836124,0.00527840,-0.05206975,0.00014122,0.05637659,0.07424185,-0.12350454,0.05353321,0.16401061,0.06363294,-0.15184231,0.05406947,-0.14185001,0.01985571,-0.02659070,-0.03321930,-0.02118685,-0.19113047,0.08708218,0.07905280,0.11274727,0.24774456,0.04091259,-0.15130447,0.07325291,-0.09005125,-0.07146683,-0.27121156
0.03765075,-0.11489242,-0.13711689,-0.07590163,-0.10707901,0.13518816,-0.11352438,-0.24376638,-0.10204135,0.04153140,-0.04930332,-0.00438043,-0.08030386,-0.07749386,-0.12513132,0.08913229,-0.11567973,-0.13023037,-0.20524886,-0.16483250,0.28387499,0.13097918,-0.13920991,-0.14195977,-0.10050241,0.05208637,-0.14939375,0.13851263,-0.13434330,-0.15895601,0.06639293,0.10607895,-0.07237411,-0.11625994,0.02390755,-0.02110952,0.01316029,-0.22540066,-0.11406877,0.25822446,-0.02035423,-0.07958775,-0.21289264,0.07500262,-0.01998297,-0.09094827,0.18334612,0.07424007,0.01665545,0.13475023,0.13870132,0.07043863,0.13000560,-0.15766047,0.21901836,-0.17385843,-0.18077503,-0.03388550,-0.11857219,0.03084030,-0.00041713,-0.06655557,-0.00273032,0.11045863,0.12840828,-0.11051255,-0.08507881,-0.01108920,0.00199493,-0.05528517,-0.09211889,0.08072710,-0.05977580,0.16352314,0.09656845,-0.07875323,-0.05656015,-0.05091770,-0.12017993,-0.00036389,-0.16961518,0.16292070,0.11315853,-0.21906069,0.17380299,-0.05173656,-0.02241896,0.07340412,-0.13081335,0.26193386,-0.11088859,0.01613361,-0.15923838,-0.10456995
0.06096515,-0.06648410,-0.12029631,0.04276539,-0.04853998,0.04064652,0.00639534,-0.07923048,0.00889600,0.10775235,0.05212986,-0.00633390,0.10947306,-0.00010360,-0.11954542,-0.07048883,0.09049650,-0.10086858,-0.06572777,-0.14390181,0.03432570,0.00009484,-0.02243612,-0.12549026,-0.05354407,-0.06066022,0.04928792,0.05894822,-0.02979215,-0.09685171,0.09386089,-0.01068888,-0.05578400,-0.10934440,-0.00416252,-0.01507096,0.02062805,-0.00638606,-0.12286826,0.01001100,0.04709685,-0.06615323,-0.13915290,-0.01281194,0.05548225,-0.04394256,0.08654999,0.09452847,0.04195870,-0.02288779,-0.10876721,-0.02447321,-0.01401864,0.00763346,0.14148778,-0.04025112,0.01180378,0.01428629,-0.12100302,0.10922598,-0.13903473,-0.00826166,0.01065545,-0.00588588,-0.03992821,-0.09371316,0.06904951,0.02709246,-0.08827495,-0.02961342,-0.15236633,-0.01898938,-0.00634735,-0.01173550,0.06467666,0.05364649,0.02695375,-0.09742364,-0.08720201,0.12207221,-0.10477305,0.12595879,0.14499955,0.06049036,-0.04652945,-0.05208381,-0.03691056,-0.00426154,-0.13734414,-0.03701733,-0.15763228,-0.07965112,-0.05233676,-0.02132987
0.04869265,-0.06320345,0.04977370,-0.14380245,-0.25468230,-0.01831574,0.16667987,-0.25491807,0.01437729,0.01975842,-0.02007921,-0.05058304,-0.09692552,-0.15343168,-0.07348304,0.02727902,-0.01330267,-0.15154037,-0.14752869,-0.06823608,0.22432739,0.06909631,-0.20877814,-0.10582158,0.06425399,-0.01703899,-0.07569096,0.20882355,-0.16377999,-0.05690485,0.11357909,0.01331695,-0.00071932,-0.25364676,-0.05807277,-0.04413148,0.10956696,-0.30394095,-0.11649214,0.24517322,0.02454215,-0.25321674,-0.04032570,0.04469790,-0.11882486,-0.18507169,0.15535066,0.17917910,-0.01177831,0.06467899,-0.02793006,-0.00605180,0.07696886,0.01360289,0.25453839,-0.15939023,-0.03798667,-0.18608901,-0.21303299,0.04222988,0.01801925,-0.17100750,0.06434420,-0.07053842,0.00460665,-0.31293175,-0.06459572,-0.06384958,-0.09725060,-0.07206041,-0.21670279,0.16472958,0.08307892,0.21362844,0.00317827,0.02744211,0.11299329,-0.13385229,-0.16462822,0.07305461,-0.09733671,0.10187674,0.16495168,-0.24807854,0.05977983,-0.16813104,0.10355312,0.09750566,-0.33728099,0.23718728,-0.16877648,0.08800941,-0.19954316,0.00801003
-0.01922892,-0.02965104,-0.07954751,-0.17837307,-0.15944450,0.06744935,0.25952804,-0.16815279,0.03551579,-0.03514902,0.05914877,0.17603578,0.01999776,-0.08048233,-0.13287988,-0.02428153,0.02257275,-0.06604547,-0.18949538,-0.14057215,0.24414963,-0.02102725,0.01670044,-0.02150610,0.04724717,-0.05887831,-0.10071566,0.19520700,-0.03442094,0.07633559,0.07760700,0.06445725,-0.05054969,-0.13915369,0.09040910,-0.08243179,0.11492816,-0.12940633,-0.13732658,0.28230190,0.05611161,-0.14674261,-0.06615531,-0.05310754,0.10000478,-0.25434378,0.15101366,0.10570669,-0.01166424,0.01882462,0.03193224,0.02333209,0.12533844,-0.14734401,0.20768714,-0.22608963,-0.04015203,-0.07691396,-0.19805029,-0.01915692,-0.09894762,-0.03357756,0.09016406,0.03077899,0.03125736,-0.15378165,0.03190206,-0.09200748,-0.14479648,-0.09369045,-0.06144249,0.03666316,-0.03078105,0.12940273,0.06059924,0.00267512,0.05721099,0.02353878,0.05425032,0.01463546,-0.21008626,-0.00719129,0.09619757,-0.06899133,-0.01478657,-0.05375404,0.13267455,-0.03836454,-0.21459462,0.30435562,-0.14864111,0.05491981,-0.09500030,0.13532369
0.07474799,0.03731431,0.02964922,0.07504215,-0.06291394,-0.04825398,-0.07730223,-0.15415725,-0.10642708,0.12254895,-0.03084818,0.02984014,0.08966261,-0.05922854,-0.05883765,-0.10503678,0.04941851,-0.02014725,-0.11197109,-0.16426513,0.00126510,0.00308590,-0.10546404,-0.16842332,-0.01795081,0.11745787,0.05392657,0.07538449,-0.06625905,0.07044314,0.08119602,-0.04466007,-0.14615850,-0.04512399,0.11107109,-0.12073795,0.10101474,-0.05116698,-0.06770146,0.04068928,0.06781387,0.02960999,0.00998667,0.00690738,-0.03457721,-0.15969498,0.02064244,-0.01758739,-0.02758147,-0.03759641,-0.10778203,0.01647328,-0.01288590,-0.03989506,-0.02286516,-0.16955878,-0.00189580,-0.11680681,-0.14931014,0.06647849,-0.14453495,0.05353643,0.12056749,0.02418278,0.01992008,-0.01808462,-0.05360888,0.03843283,-0.02692639,0.07932135,-0.07802678,0.16852129,0.00043241,0.03954288,-0.07126751,-0.11082458,-0.00219123,0.11003111,-0.08075406,0.11831191,-0.09484419,0.18407482,-0.00504096,-0.13032974,0.04096690,-0.15613773,0.03731596,0.15814123,-0.12851058,0.10686440,-0.20065181,0.08542163,-0.04030967,0.14266697
0.08427776,0.02108978,0.12179331,-0.10997155,0.04323359,-0.04310426,0.07819015,0.08127058,0.08997124,0.02126329,0.03705098,0.48907366,-0.01024998,0.06615826,0.04619468,-0.07989758,0.06882881,0.17164728,0.04352720,-0.06544579,0.08460594,-0.12021597,-0.01652148,-0.18744031,-0.01223349,-0.23826042,-0.13036680,-0.00656744,0.00349803,0.05329261,-0.14272875,-0.05693853,-0.24711491,-0.03832096,0.03950599,0.17846194,-0.11003630,0.03889500,0.06634271,-0.04088521,0.13521346,-0.04701087,0.10540539,0.03333809,0.08935612,0.12194590,-0.07339406,-0.14727487,-0.19062991,0.19078602,-0.21083556,-0.06139705,0.04267018,0.22304319,-0.05439379,-0.02703887,0.01542595,0.12440347,0.00456344,0.13426657,-0.42488283,-0.00639695,0.11012847,0.48551437,-0.15493824,0.10294304,0.06753412,-0.10134413,-0.07367925,-0.16245370,0.09311156,-0.14897457,-0.08868457,0.04564261,-0.03550905,0.24793024,0.18911684,0.04900682,0.08000856,-0.19033703,0.13487831,0.04835655,-0.05902811,-0.00966636,-0.09316725,0.02878265,-0.17619409,0.24732386,0.01771924,0.02996578,0.15062866,0.32487491,-0.01560932,-0.01458573
0.13294321,-0.02804120,-0.19615394,-0.10167232,-0.14554179,0.05348535,-0.07582960,0.00189453,-0.22426142,0.09785503,-0.18405107,-0.10960810,0.08339231,-0.14509135,-0.03338481,0.16753113,-0.07017954,-0.08659777,-0.08222053,-0.27572647,0.08371563,0.13797142,-0.06204350,-0.08399913,0.05597465,0.11179926,-0.06347993,0.06149837,-0.17921871,-0.22590488,0.08140717,0.11355723,-0.12855318,-0.21717843,0.04689176,-0.02459924,0.23316817,-0.12392344,-0.09566297,0.15426199,-0.09911438,-0.13855791,-0.05034585,0.10680090,-0.11202970,-0.09520824,0.18620814,0.05084185,0.06131859,0.07552771,0.03606014,0.05036440,0.01997258,0.08034597,0.11416286,-0.18321386,-0.15946932,-0.13260953,-0.18633968,0.11312567,0.05655462,-0.15333696,-0.10646756,0.19672370,0.02743127,-0.03717191,-0.10010631,0.05184354,-0.03683475,0.15534157,-0.12924702,0.04197482,0.04787929,0.16293006,0.02918466,-0.21568321,0.05069437,-0.15357085,-0.14264187,0.08944555,-0.20348638,-0.02153092,0.15050830,-0.08046222,0.07858125,-0.21754755,0.08639188,0.09081637,-0.13664162,0.12644422,-0.01566111,-0.20872042,-0.18982325,-0.16123213
0.06904473,0.03333031,-0.06017791,0.12379250,0.00312466,-0.01532741,0.01258304,-0.23641457,-0.10199708,0.14688890,-0.14570586,0.10494149,0.01801025,-0.01842525,-0.17166857,0.12846518,-0.03447546,-0.10373018,-0.12924573,-0.19687891,0.12782080,-0.07124601,-0.14908034,-0.05221429,-0.03424002,0.04835424,-0.03237453,0.16135578,-0.08738769,-0.10180550,0.11547653,0.16276470,-0.09944530,-0.04761668,0.02986559,-0.11853794,0.05851350,-0.11701350,-0.08642545,0.15230832,-0.09630128,-0.10736740,0.01192378,0.15855217,-0.10152402,-0.01420836,0.04154356,0.15238689,0.10900639,0.11140768,-0.01207998,0.04430201,0.09788104,-0.02226135,0.02535209,-0.08145384,-0.10393545,-0.13690501,-0.17692727,-0.04722346,-0.06289828,0.06067093,-0.16270596,0.07386494,0.03029698,-0.17895442,-0.06775337,-0.03826060,-0.02501877,0.05949502,-0.02841058,0.16667445,0.06185387,0.01090695,0.00400431,0.03378497,0.05599374,-0.13266157,-0.11756450,0.09891851,-0.04701913,0.02709849,0.07803863,-0.13450180,-0.00312809,-0.08497198,0.08572552,-0.00095933,-0.14108528,0.18251000,-0.15394516,-0.09254422,-0.19692859,0.01668377
0.05421172,0.01617786,-0.06370018,-0.00157832,-0.25049391,0.21733496,0.11405142,-0.30856812,-0.17366388,0.22298823,-0.09246636,0.03814753,-0.14353271,-0.27504471,-0.26781970,0.10607541,-0.04236623,-0.05392713,-0.08076151,-0.29993850,0.30285910,0.05343836,-0.10173865,0.02393919,0.10082071,0.10090242,0.07181843,0.24282387,-0.09215515,-0.07453460,0.12247495,0.21999308,0.03039111,-0.35082972,-0.11957239,-0.19433503,0.18036132,-0.19981842,-0.16628557,0.18168676,-0.13735159,-0.22363259,-0.17036459,0.06293283,-0.02581890,-0.20291060,0.26436409,0.11482698,0.22662604,0.05394244,0.06370932,0.15181294,0.11236130,-0.18028149,0.32212722,-0.32804474,-0.06827766,0.00760766,-0.28267980,-0.01178387,0.08497400,0.03261684,0.10489868,0.02194997,0.13405757,-0.25058678,-0.10641287,-0.01793792,-0.20833240,-0.05554505,-0.22331664,0.15881149,0.07763585,0.25523627,0.00629322,-0.19510275,-0.11020304,-0.10235198,-0.26141566,0.01932305,-0.12598303,0.05612243,0.26814169,-0.22891547,0.06121717,-0.09770506,0.07630566,-0.07958932,-0.29504877,0.35546085,-0.20957127,-0.05938333,-0.25973055,-0.00355374
0.15731919,-0.13297653,-0.10643792,-0.10123281,-0.05879367,0.02023189,-0.10112648,-0.10952915,-0.04452116,0.06388690,-0.14829634,0.11963847,0.00935680,-0.17144904,-0.17236109,0.02613027,-0.00372801,-0.11469986,-0.16936088,-0.08396001,0.07905605,-0.06827419,-0.08712591,-0.11709717,0.07186605,0.05331749,-0.13915828,0.15899995,-0.00739022,-0.04922057,0.03134928,0.01808161,0.00908016,-0.04981402,-0.06113813,-0.04968434,0.11632605,-0.14811179,-0.17899565,0.11580356,-0.03563888,-0.18028086,-0.02771540,-0.02357890,-0.04175600,-0.13995844,0.13224335,0.03767979,-0.11163138,0.00361793,-0.04363806,0.02718599,-0.00386270,0.03112114,0.10837434,-0.18152490,-0.04528946,-0.13762601,-0.11073796,-0.00122526,-0.11323559,-0.21225278,-0.00355217,0.14147310,-0.03100176,-0.01873626,0.03970285,0.04312305,-0.10552984,-0.09312499,-0.23451646,0.00505500,0.01604499,0.06876190,-0.04039020,0.02223458,-0.04798869,-0.02111747,-0.06217970,-0.08196326,-0.12376215,0.04920725,0.14738238,-0.07514898,0.02207140,-0.19364220,0.02252441,0.00856658,-0.07388632,0.09313896,-0.05737286,0.05432614,-0.05454517,0.01150863
0.07965329,-0.10803118,0.04864945,-0.04182185,-0.23116989,0.22487707,-0.03678490,-0.31880984,-0.07209224,0.19022945,-0.06272492,0.02074344,-0.06125354,-0.04639891,-0.30599049,-0.08650257,0.01193526,-0.04564684,-0.28721243,-0.13083215,0.24057952,-0.01772327,-0.21005267,-0.10155922,-0.00629212,-0.02486734,-0.01038786,0.17965075,-0.08950797,0.00316360,0.01711741,0.08555030,-0.12845346,-0.19643804,0.10417219,-0.16174157,0.18774652,-0.18345296,-0.14725851,0.21074751,-0.08103230,-0.03849689,-0.10491207,0.02562214,0.03291258,-0.34514135,0.31739008,-0.03056442,0.16195892,0.09622215,0.09182435,0.01593874,-0.00842143,-0.05109647,0.11326382,-0.13824727,-0.20237416,-0.09631782,-0.23825724,0.05979388,0.01952108,-0.08959012,-0.00272873,-0.14229490,0.12193234,-0.24324457,0.00019887,0.02911291,-0.16021274,0.07693522,-0.10843221,0.24402881,-0.04753772,0.17080875,0.06853152,-0.13836867,0.28829283,-0.09173720,-0.14411390,-0.09593707,-0.01135425,0.00239649,0.24226955,-0.13945740,0.10927299,-0.02958845,0.34952277,0.06764969,-0.28943059,0.38268334,0.00220497,-0.06634276,-0.19456702,-0.04218263
0.25818038,-0.00115881,-0.12072255,0.16480328,-0.26296183,0.08004282,0.18092395,-0.20860086,-0.07502232,0.09682854,-0.06571277,0.06984124,0.01701729,-0.19262481,-0.03446396,0.03799984,-0.08351856,-0.06457400,-0.13849072,-0.05813504,0.15119122,0.04340522,-0.06992190,-0.17221665,0.05003670,0.00591428,-0.02345339,0.05060077,-0.02929263,-0.07850765,0.16830386,0.07525081,-0.15168579,-0.05374144,0.09185285,-0.10539649,-0.01286713,-0.11018787,-0.01872759,0.14405705,-0.00175533,-0.22356412,-0.02022810,0.08978103,0.04140794,-0.18420629,0.11266411,-0.00359393,0.11986992,0.09475934,-0.05693547,0.04704734,0.03972568,-0.07250144,0.13744098,-0.10099935,-0.06046185,-0.10304012,-0.07292054,-0.07329563,-0.20311251,-0.15909274,-0.10231794,0.15210968,0.11207567,-0.13176061,0.07686078,0.06967243,-0.16535044,-0.05722842,-0.12071469,0.15908575,-0.05211908,0.14588730,0.15572421,-0.10184242,0.08853637,-0.13240227,-0.12175434,-0.01734733,-0.07994273,-0.01489806,0.14485320,-0.20772661,0.04237314,-0.18064006,0.08013786,0.05156758,-0.11044887,0.16580401,-0.12458224,0.03213217,-0.22367640,-0.09502050
-0.13042220,-0.05884867,0.13629811,-0.19473647,-0.03575868,0.09625126,-0.27887651,-0.27353212,0.18214904,-0.11849013,-0.15994529,0.01561519,-0.01954394,-0.02776838,0.12845673,-0.20702884,0.04940057,-0.20506120,-0.27480549,0.06493879,0.20754099,-0.04821650,0.04195868,0.23164769,0.36879984,-0.03820734,-0.06168318,0.29549029,-0.02759008,0.02733708,-0.04073349,0.03338467,-0.02097675,-0.05334784,0.17144915,-0.03179920,0.03762526,-0.20000839,0.02216073,0.14606082,-0.15170608,-0.12581873,-0.03921908,0.05180803,0.02018533,-0.21349026,0.03828747,0.29757994,-0.04823127,-0.06504615,-0.07412796,0.07553718,0.09140118,0.05898681,0.00419071,-0.00749657,-0.39788827,0.02149121,-0.12939106,0.06821937,-0.34551716,-0.05930088,-0.59334064,0.13804233,0.07434810,-0.18973915,-0.07954839,-0.00034896,-0.08676918,-0.37876689,-0.31840602,0.03052261,0.02443685,0.02765445,0.02978743,-0.04883689,-0.30692384,0.00036415,-0.05145883,0.07937548,-0.09923840,-0.02381166,0.14960735,0.10549664,-0.05279556,-0.14304629,-0.04958332,-0.09744517,-0.13019146,0.18503191,0.03119683,-0.05079585,-0.14594810,-0.18888819
0.00802748,-0.05530107,-0.09963832,-0.00649771,-0.07967915,0.12552415,-0.11342013,-0.14318024,-0.07146449,0.06388559,-0.01853699,-0.11581270,-0.10519264,-0.12836026,-0.11044376,0.00010194,-0.00639779,0.05073559,-0.06935916,-0.19228674,0.11396007,-0.06753734,-0.16659915,-0.12440265,-0.36449015,0.02932014,-0.04489346,0.01517065,-0.17212845,-0.02911453,0.08012510,-0.01384267,0.04599945,-0.08603754,-0.03195364,0.00155057,0.15535928,-0.15466833,-0.20673211,0.11595500,-0.06998795,-0.10084388,-0.16612174,0.05006971,-0.02802092,-0.05714848,0.22472523,-0.03654800,0.38089430,-0.06805824,-0.06195970,0.03363804,0.10962131,0.12490083,0.14303234,-0.12467253,-0.16687751,-0.12089527,-0.10315185,0.07188199,0.04925695,0.04960040,0.02958599,0.29053497,-0.02294837,-0.18152091,0.02294346,0.16692451,-0.10319904,0.19287139,-0.06977547,0.20813024,-0.16346519,0.04228407,-0.05426985,0.01746942,0.03691811,-0.01005438,-0.03747792,0.10884273,-0.09363832,0.06660476,0.13556263,-0.23222126,-0.01483333,-0.20199475,0.00299256,0.07337856,-0.12844670,0.24028918,-0.15145302,-0.09898377,-0.15880601,0.08561164
0.01516553,-0.12810621,0.04499545,0.09198707,-0.01192727,0.00242178,0.12911299,-0.17490707,0.01360967,0.02308062,-0.00365441,0.10549103,0.10077102,0.00669111,-0.08542413,0.06314617,-0.10200389,0.01171599,-0.19901578,-0.18225931,0.17401442,0.05996750,-0.12243970,-0.04521573,-0.05301239,-0.00544681,-0.06370178,0.01512347,-0.17220850,0.05840367,0.08422925,0.03226286,-0.12318343,-0.01875717,-0.12035935,0.01298400,0.03753743,-0.10540739,-0.04581463,0.14734155,-0.06074771,-0.00561606,-0.09120898,0.12404208,0.04336012,-0.09528718,0.06736977,0.05004439,0.03079096,0.08927895,-0.02008534,0.08885282,0.03212064,-0.08904965,0.00897675,-0.09949969,-0.05535191,-0.01202793,-0.13369320,0.12153583,-0.00968608,-0.10250743,-0.08186914,0.21024349,0.08807897,-0.00436164,-0.07755356,-0.09549310,-0.02209171,-0.01506179,-0.21453026,0.05426270,-0.10790917,0.01995179,-0.04859948,-0.05123753,0.06358474,-0.12130705,-0.13005784,-0.02285886,0.02922103,-0.00446723,0.10188378,0.01971818,0.03843806,-0.12797178,0.04216841,0.21070874,-0.05814068,0.03233039,-0.08821637,0.00905600,-0.12495606,0.05789766
0.04452746,0.02977601,-0.05104465,0.02216160,-0.31059855,0.01750353,0.00079105,-0.04829104,-0.07729864,0.18292153,-0.11201307,-0.10485159,0.05760581,-0.13196930,-0.01960735,-0.02322778,0.05670889,-0.07204767,-0.21573299,-0.13932303,0.27531216,0.10368058,0.03269108,-0.10618867,0.13131200,0.19486707,0.07401136,0.16127750,-0.06979927,0.12675364,0.03232840,0.11995260,0.13050850,-0.22818245,-0.12642349,-0.08436090,0.13918528,-0.16445675,-0.20905690,0.18418421,-0.09253889,-0.05947388,-0.04624067,-0.01851670,0.01863844,-0.24013381,0.15171625,-0.00502089,0.19630986,-0.04428440,0.26912922,-0.02311915,-0.09575545,-0.15520938,0.15404990,-0.17295052,-0.09157055,-0.12158326,-0.12572134,-0.18424964,0.02493930,-0.01426482,-0.12377249,-0.06303994,0.17880549,-0.24383336,0.00803628,0.04980589,-0.04171630,0.07113870,-0.10702316,0.23609158,0.00042112,0.16755781,-0.08169753,-0.07834239,-0.03576578,0.03633637,-0.06329893,-0.09342938,-0.06433713,0.13338803,0.07835069,-0.23002003,-0.09809563,-0.07976788,0.01781582,0.00221684,-0.20069245,0.21325952,-0.08508943,-0.07721841,-0.25323114,0.13318777
-0.03135381,0.00448359,-0.15580903,-0.04665585,-0.25856963,0.24817154,0.20384973,-0.06830048,-0.04820894,0.28320459,-0.04552745,-0.20805700,-0.19286957,-0.24392423,-0.27023211,0.18981859,-0.05893008,-0.24516585,-0.12309838,-0.31380582,0.23671600,0.09949891,-0.14337355,-0.01125993,0.23464990,0.17041747,-0.02619365,0.16020681,-0.23980878,-0.18359752,0.00109381,0.17838213,0.12241282,-0.13528503,0.12205969,-0.17923586,0.21819882,-0.15087354,-0.14145149,0.28889069,-0.16168572,-0.21295710,-0.20457081,0.20159958,-0.04071041,-0.39628598,0.30904338,0.20384482,0.01482145,-0.03477189,0.13508987,-0.05281507,0.10327955,-0.23655070,0.25329819,-0.22916566,-0.13030641,-0.12915578,-0.27260002,-0.22854044,0.00023157,-0.04545047,-0.12747486,-0.02654346,0.05726011,-0.19297296,-0.14936642,0.13719070,-0.02949160,0.02251411,-0.27435821,0.25196958,0.07098586,0.23428823,0.11234597,-0.24222885,-0.12485360,-0.08869246,-0.15720557,-0.08360921,-0.09220763,0.01593613,0.16870435,-0.22416401,-0.09444541,-0.13959900,0.06330610,-0.01851082,-0.19518679,0.17708591,-0.21638924,-0.12771741,-0.25023556,-0.23680376
-0.02203728,0.02315638,-0.01643784,-0.14533830,-0.19309756,0.02555104,-0.12613092,-0.08593424,-0.08646180,0.08394200,-0.06945521,-0.03752004,0.09053851,-0.07628658,-0.10201375,0.08576920,0.05174399,-0.08001187,-0.17229469,-0.21844576,0.38908219,-0.13971193,-0.01572744,-0.04344889,0.12660599,-0.17597795,-0.08935983,0.14701378,-0.16808096,-0.22522596,-0.04487761,0.14519471,-0.13168767,-0.26396421,0.01686803,-0.00310844,0.02349494,-0.34654388,0.00708969,0.18780454,-0.15712917,-0.18769670,-0.20600130,0.04480742,0.05332089,-0.30350205,0.19037350,0.09853975,-0.01845238,0.13053274,0.25719136,0.12430310,-0.03411495,0.10190495,0.08363639,-0.11562838,-0.14382878,-0.05938964,-0.14559554,-0.07391416,-0.13471256,-0.00947103,-0.16560017,0.01194415,0.11911412,-0.20848319,0.01775681,-0.05314505,-0.07480595,-0.04194014,-0.27479047,0.09304926,0.07845265,0.20186649,0.03460622,-0.00173591,-0.03846627,-0.10780305,-0.04860342,0.03269214,-0.06202364,-0.04151479,0.21928674,-0.12645830,-0.06442551,-0.19141646,-0.03977431,0.09009900,-0.38608366,0.26650900,-0.08950625,0.02764098,-0.15941827,-0.38642552
0.11590578,-0.14474034,0.00922366,0.01638975,-0.00240036,0.10653467,0.12283657,-0.01375121,-0.08854093,0.01091896,0.00363605,0.15273541,0.10460771,-0.12733698,-0.06184781,0.08191335,0.03746800,-0.00362878,-0.04286653,-0.02297549,0.14609081,-0.04130879,-0.18497322,-0.00692758,0.01771793,0.10358857,0.13854691,0.10371903,-0.13591324,-0.06008367,-0.00352362,0.06029678,-0.05338984,-0.14963746,0.07726865,-0.11834885,0.07700016,-0.09701844,-0.05594155,0.12418509,-0.08243854,-0.10870732,-0.07069571,0.03070592,-0.00174988,0.02256339,0.10577408,0.06069534,-0.08818275,-0.04089358,-0.01842295,-0.03558291,0.08613329,-0.09369794,0.02181716,-0.09284867,-0.11615631,-0.15862393,-0.08082904,-0.01360286,-0.00704642,-0.10878719,0.03545942,0.12949629,0.02926250,-0.16556095,0.04459153,-0.09211420,-0.08019004,0.05572815,-0.02083070,0.07903039,-0.00140122,0.14232914,0.01275805,-0.05339219,-0.00336504,0.04048205,-0.01973761,0.08286623,-0.20670956,0.05001635,0.09496480,-0.11593356,0.02389571,-0.09608715,0.09813399,-0.03317853,-0.10609379,0.10608371,-0.13881207,-0.00089539,-0.02260926,-0.00489790
0.04321088,0.05424750,-0.12781648,0.01619811,0.03602000,0.03266224,0.11072949,0.00626061,0.02413093,-0.05827307,-0.14247663,-0.04864917,0.16120076,-0.08802640,-0.11238694,-0.08333302,-0.02171117,-0.08815200,0.02164148,-0.05654128,-0.04663802,0.04643294,0.02061485,-0.08486513,0.08360307,0.10576908,0.04232256,0.10672748,-0.12749317,-0.09001061,0.01279169,0.07494497,0.04354129,-0.11336873,0.00417471,-0.08861152,0.06715658,-0.11390970,-0.02451913,0.02787063,0.02183627,-0.12754968,-0.09182646,0.12326127,-0.07972145,-0.05088058,-0.02764719,-0.03659691,-0.07580127,-0.03879005,-0.18890223,0.09003666,-0.05506228,0.03894432,-0.04715049,-0.04973796,-0.03315573,-0.16565453,0.00493791,-0.12294841,-0.03102955,-0.11845928,0.04578165,0.07210943,-0.01652884,0.02143252,-0.02788522,0.08536360,-0.07181246,-0.00173415,-0.10955936,-0.01876639,-0.09198871,0.04535434,-0.00721494,-0.07105882,0.02353232,-0.07644916,0.00113690,-0.02431939,0.03952331,0.09203086,0.12430611,-0.06288948,-0.04848559,-0.04496240,-0.05797985,0.18435353,-0.08034779,0.15511671,-0.16786289,0.12779921,0.04904483,-0.09946276
-0.06862532,0.02073799,-0.05194363,-0.05062560,-0.05977495,0.20684391,-0.06159973,-0.21321073,-0.12496483,0.14197323,0.09070861,0.10018442,-0.07237879,-0.12311651,-0.21660288,-0.03311438,-0.01828708,-0.00385572,-0.29720908,-0.17027028,0.21690692,-0.07779438,-0.13510686,0.07423203,0.13381909,0.04887812,-0.12648599,0.23678647,-0.11101875,-0.06520107,-0.07595474,-0.01890198,0.01084127,-0.20494790,-0.10042733,0.00777800,0.10862561,-0.20584255,-0.06996918,0.17141561,-0.18298252,-0.03158430,-0.21624792,0.06140826,0.05519628,-0.14603959,0.12098592,0.06638712,0.06118115,0.03573782,0.07136369,-0.05565840,-0.03671104,-0.06036851,0.09597029,-0.14634131,-0.08871005,-0.08692595,-0.10765991,-0.00077787,0.09545787,-0.09211352,-0.00738203,-0.04232732,0.17101341,-0.21342345,0.00953799,-0.01559136,-0.10100450,-0.05939493,-0.14888281,0.04086923,0.04573642,0.19055396,-0.08401178,0.04503700,-0.02845439,-0.02810603,-0.06244962,-0.01489310,-0.16341439,-0.04266684,0.24567725,-0.22346643,0.09401257,-0.21392353,0.13393401,0.05168352,-0.31114343,0.28182858,0.01646001,-0.09055607,-0.24121554,0.03402768
0.14855939,-0.10587057,-0.04769492,-0.00892097,-0.05684872,-0.11764374,-0.14945740,-0.01843718,0.06663533,0.02102388,-0.11828107,0.10934421,0.02563814,-0.09906776,-0.04797563,-0.03108745,0.00867820,-0.04913235,-0.03132943,-0.11286470,0.17198423,-0.04557294,-0.09785274,-0.08970874,-0.02256471,0.06683403,-0.12455247,0.06751586,-0.03450968,0.03059498,0.14556834,-0.00239333,-0.04595957,-0.08737262,0.15220104,-0.04930792,0.08304915,-0.12188308,-0.17793123,0.09889038,0.03518492,-0.07371014,-0.13572980,0.05450898,-0.07095043,-0.19299170,0.06642367,-0.02245171,-0.08367780,0.10668806,-0.17379321,0.06904020,-0.00445578,-0.09757987,-0.00142810,-0.00166498,-0.05115181,-0.02209948,-0.14147434,0.16392781,-0.15503038,-0.00513467,-0.15543571,0.05958612,-0.04045267,-0.15217814,0.02608417,0.02105830,-0.09536405,-0.16649239,-0.06833117,0.04788218,-0.06078257,0.12718424,-0.07941321,-0.03074456,-0.15749431,-0.02938061,-0.10609487,0.04595439,-0.04007504,-0.01412770,-0.01236108,-0.19264793,0.05326355,-0.02436650,-0.01684771,0.06230968,-0.13738769,0.20998992,-0.09553556,0.02987552,-0.21022490,0.02530104
0.13248464,-0.10838668,-0.06799929,0.03021268,-0.20300260,0.18306498,0.21953851,-0.27778050,-0.01358043,0.27201796,-0.18430780,-0.17364061,0.00250785,-0.25967133,-0.20515412,0.01376454,-0.07610647,-0.10730125,-0.15875791,-0.22760916,0.38150024,0.04220124,-0.12021036,-0.07191067,-0.08397410,0.01821835,0.00680820,0.16320275,-0.26549980,-0.22403401,0.06477141,0.15212323,0.12563296,-0.24811804,-0.07066727,-0.17727931,0.05044603,-0.25506854,-0.11782666,0.32366660,-0.18301642,-0.22383633,-0.24602193,0.03661092,-0.12353646,-0.21216278,0.40901786,0.03381105,0.06999283,0.04681362,-0.10217980,-0.03114703,0.12144271,-0.08732690,0.14632677,-0.19875437,-0.09319656,-0.02364288,-0.17316580,-0.26516503,0.05523582,-0.18480720,-0.06777661,0.07688958,0.09970979,-0.29595006,-0.09506514,-0.03954934,-0.03786582,0.03578133,-0.20500731,0.10332397,0.02780056,0.21059926,0.22598808,-0.19899221,-0.26864067,0.01037992,-0.08367612,-0.06714725,-0.12441719,0.11892614,0.28836638,-0.18789937,0.07933688,-0.15834600,0.03092467,0.08329318,-0.36909217,0.46105412,-0.18434735,0.03610976,-0.29775992,-0.23145965
0.08721619,-0.16060917,-0.06691869,0.04868326,-0.18334988,0.14130974,0.02875206,-0.10925600,-0.04837085,0.15194258,-0.13402086,-0.12740155,0.12051816,-0.24512568,-0.12787625,0.15596116,-0.07011583,-0.10099810,-0.19941658,-0.09772877,0.39805791,-0.05524024,-0.18918128,-0.13417737,-0.14862017,-0.01396132,0.07117437,0.26626593,-0.22244829,-0.06026278,-0.00244940,0.14785632,0.06505334,-0.25516686,0.07690568,-0.19796365,-0.00270308,-0.23901945,-0.10467482,0.31553245,-0.20117843,-0.11474038,-0.09370823,0.03589643,-0.08161961,-0.35465693,0.27306831,0.08289533,0.10265758,-0.08232169,0.04981254,0.14957933,-0.06861178,0.04425079,0.30217275,-0.13725637,-0.07633146,-0.02172152,-0.26941660,-0.07361335,0.11092705,-0.04608781,0.04376410,0.15174861,0.09962969,-0.32957682,-0.07349184,0.12673698,-0.11292107,0.06891476,-0.31558347,0.19696003,0.08927265,0.27118015,0.03902483,-0.14100415,-0.00384241,-0.14029965,-0.07287530,0.11743506,0.01745685,0.05124351,0.25532913,-0.27572659,0.04721592,-0.20923066,0.06522325,-0.04735367,-0.37704897,0.30318153,-0.04010275,-0.14910394,-0.26184329,-0.24982710
0.13362144,-0.00456909,-0.09578700,-0.06924473,-0.07364348,0.00539931,-0.04111568,-0.08826227,-0.00761169,0.11416200,-0.04540156,0.01914137,0.03787599,-0.02964238,-0.07033055,0.13376670,0.06290223,0.06238837,-0.10880250,0.00386775,0.13565543,0.09336557,-0.01840217,-0.09853379,0.08203051,0.11664423,0.08493344,0.13928621,0.00639621,-0.01508725,-0.02931252,0.08131251,-0.05468479,0.03548532,-0.05306820,0.04675940,0.00912577,0.04984492,-0.09147965,0.05299821,0.05386366,0.02642157,-0.11561186,0.11062231,0.01508304,-0.01829349,0.06644398,-0.04335776,0.06916685,0.09020785,-0.02749212,0.04594812,0.02256303,0.06697650,0.13554162,-0.04085395,-0.04648646,-0.12170522,-0.06174623,-0.08656195,-0.02692731,-0.12152824,0.04770803,-0.00665278,0.02307907,-0.14601368,-0.07941759,-0.02725724,-0.05364515,0.08709665,-0.09339158,0.01803729,-0.01661097,0.02066355,0.06278303,-0.05655207,0.08836413,-0.12313375,-0.15353763,-0.01052469,-0.14274202,-0.00501141,0.02049670,-0.12926792,0.14279343,-0.08422598,0.00625725,-0.05115100,0.03412379,0.07994653,-0.17406838,0.02331171,-0.07611638,0.10801568
0.06590575,-0.07544363,-0.11685887,0.02075703,0.03920237,0.12302175,-0.10128365,0.00102823,0.00338043,0.08046719,-0.00887734,0.05033419,0.12959214,-0.15705000,-0.09395844,0.19214027,-0.08793734,-0.06213749,-0.04569352,-0.18321382,-0.02171000,0.09921939,-0.02984295,-0.03956553,0.06882247,-0.02024470,0.05106207,0.12940432,-0.12454389,0.01888386,0.00492314,0.06964077,-0.05057899,0.00579557,-0.07307241,-0.10326932,0.10693531,0.05973793,-0.08889472,0.09039395,-0.09736951,-0.09287035,-0.06166162,0.02659586,0.01132071,-0.13347121,-0.01359729,-0.01022513,-0.02945837,0.09691327,0.09709776,-0.01644059,-0.00596857,-0.09861472,0.05136278,-0.10071541,0.02931417,-0.03158376,-0.02355416,-0.02169026,-0.04319198,-0.10062839,-0.12386516,0.08734991,0.05172288,-0.10985450,-0.00376523,-0.01057051,-0.09385030,0.05669037,-0.08826271,0.04883008,0.10294058,0.01451933,0.12342920,-0.15131995,-0.04539446,0.03062627,-0.12057714,0.03064080,0.01470595,0.14067672,0.02843596,-0.06450540,0.07442213,-0.07713109,0.06891432,0.01096361,0.02829580,-0.03855392,-0.04293552,0.06776155,0.03253549,0.00107892
0.02714582,-0.17029335,-0.04588877,0.04821773,-0.10842778,0.16850738,0.07285291,-0.17101693,-0.14197379,0.18180737,-0.06358075,-0.05785120,-0.01493146,-0.21173653,-0.23146820,-0.02558586,-0.12007963,-0.19489774,-0.25054148,-0.08516137,0.21110757,0.09023467,-0.03757041,0.10232902,0.26174030,0.16816238,-0.04106909,0.25009221,-0.18472815,-0.06074471,-0.04331782,0.19994533,0.22419047,-0.22106226,0.01689033,-0.20950034,0.18095149,-0.14968793,-0.09248017,0.30481806,-0.04036526,-0.07867637,-0.20386100,0.14706227,-0.13712436,-0.29651836,0.04013658,0.19520302,0.13782576,0.05220392,0.03377452,0.05233869,0.05483769,-0.02375062,0.12299258,-0.13419685,-0.18161801,-0.22206955,-0.24404190,-0.10685871,0.12563752,-0.14879227,-0.16285934,-0.18944800,0.09608568,-0.08534406,-0.16984829,0.02848576,-0.06621605,0.01548987,-0.29678369,0.14869013,0.01817777,0.23272777,0.11035731,-0.07521216,-0.00872837,-0.19435251,-0.20004143,-0.06374152,-0.18761961,-0.02293334,0.06002065,-0.09727761,0.11467315,-0.18811092,-0.01614780,-0.12272735,-0.26619634,0.17422521,-0.23375122,-0.01725962,-0.27384955,-0.14358054
0.03985865,-0.01251065,0.02297780,0.00155648,-0.13846366,-0.04417977,0.28444728,-0.12805654,-0.16278014,0.16057190,0.08443178,0.08374317,-0.04258116,-0.14149696,-0.28016478,-0.05701362,0.10086076,-0.23347485,-0.18705288,-0.03543646,0.22177365,-0.03614765,-0.14814636,0.03765354,0.34098992,0.00188926,0.03672109,0.20129904,-0.12570457,0.08442595,0.05316917,0.34320435,-0.13187429,-0.20179933,-0.08139532,-0.10772356,0.07262244,-0.09924805,-0.26376632,0.19833700,0.01082038,-0.08633532,-0.04881042,-0.05408943,-0.02835856,-0.21426935,0.13694970,0.01987957,0.13922778,-0.10876585,-0.14821768,-0.04191902,0.11566593,-0.00213180,0.14173664,-0.29836074,0.09318288,0.02533004,-0.09451398,-0.06271027,-0.17907402,-0.03977927,0.14945607,0.16261639,0.17101175,-0.13814038,-0.04761882,0.07743669,-0.02414262,-0.12847160,-0.09729744,0.13566472,-0.00189620,0.06459211,-0.13060187,-0.02823806,0.12830389,-0.14034553,-0.11584669,-0.06797355,-0.21050683,0.10819076,0.05528951,-0.27914473,0.01987583,-0.17995906,0.08193514,-0.11807557,-0.22034475,0.20968682,-0.13726032,0.10898459,-0.26471454,0.08781897
0.15413624,-0.08573943,0.00592576,0.08231253,-0.11104987,0.12359908,-0.11236266,-0.12880899,-0.04711562,0.15461086,-0.16274688,0.09502137,-0.08013490,-0.06712687,-0.14495692,0.01710281,-0.08020911,-0.02828144,-0.06250936,-0.18164572,-0.00185944,0.01496181,-0.13232496,-0.12915012,0.10982281,0.13511819,-0.00794467,0.00012791,-0.02457658,0.01264036,0.05582331,0.14770342,-0.07357528,-0.00281801,0.18058625,-0.14495961,0.17722204,-0.03538542,-0.15406181,0.12131215,-0.13472605,-0.07404662,-0.01169502,0.05759146,0.02770547,-0.15566008,0.02591076,0.13839349,0.07234716,0.04396744,-0.04133089,0.09860444,0.07410757,-0.15888396,0.04661480,-0.02955421,-0.17468871,-0.04938339,-0.01698766,0.18582210,0.15089142,-0.00419986,-0.12240264,0.14748183,0.06266334,-0.01996340,-0.01704150,0.08416318,-0.06356822,0.12147249,-0.09309894,0.17572030,0.01805536,0.09641380,0.05397824,-0.14007589,-0.08929446,-0.05555528,-0.09661785,0.05296608,-0.10758543,0.17212890,0.14960620,0.01609207,0.04531711,-0.02769837,-0.05023179,-0.02974041,-0.13474984,0.13320206,-0.07963366,0.03076305,-0.01867401,0.00512296
0.23639093,0.13066307,-0.08414149,0.16636673,0.18201515,-0.20999376,0.10838414,0.33276483,0.21557154,-0.02595662,0.11879721,0.07630128,-0.18689939,0.17245775,0.26667428,0.44331083,0.00418682,0.21352197,0.65042478,0.07788704,-0.27417821,0.06190244,0.28937995,-0.27690145,-0.53074092,0.18701495,0.22169961,-0.25659847,0.32138100,0.21178554,0.03812914,-0.08365263,0.09543528,0.26439312,0.33907202,0.11630981,-0.22680041,0.36635825,0.03125150,-0.48163733,0.21477498,0.22104369,0.06870184,-0.12688127,0.19684765,0.36241302,-0.21584581,-0.31997290,-0.18445359,0.06667519,-0.01422650,-0.30378750,0.08947816,0.14483033,-0.16360837,0.28587568,0.14448865,0.27683535,0.09195087,-0.68632716,0.12871557,0.16887985,0.54388380,0.30484822,-0.36514157,0.35755545,-0.08605754,0.11042391,0.37457818,0.17506349,0.25671959,-0.29106861,-0.06927449,-0.19925548,-0.01431365,-0.01645644,-0.35225177,0.25710824,0.10006807,-0.12514924,-0.05990907,0.03124249,-0.29193178,0.30901423,0.00409075,0.38438457,-0.02559523,0.06930923,0.32848784,-0.44040206,0.24580027,0.07290269,0.34150138,-0.17086129
