0.02816669,-0.01582932,-0.08857617,-0.01025269,-0.25399250,-0.06564970,-0.20274723,-0.04714456,-0.11909863,-0.00904414,-0.01360842,-0.15426874,0.01656931,-0.10222585,-0.09240922,-0.01118190,-0.13112737,0.03942861,0.05647336,-0.01372791,0.04641700,0.05009389,0.08249206,-0.01319872,-0.09822948,0.02744335,-0.00923206,0.06337276,0.11564924,-0.07330707,-0.00788896,0.01250824,0.01124152,0.01307598,-0.00485169,-0.08792786,-0.05528591,0.04473806,-0.07465838,0.21208858,0.05219638,0.10128184,0.07430724,-0.13338697,-0.06022876,-0.08005778,-0.08746098,0.02228823,-0.05586739,-0.01162471,-0.04269533,0.01969802,0.15672669,-0.03809069,0.09120987,0.16665871,-0.19727990,-0.15709919,-0.07602935,0.00111401,-0.05914548,0.02601702,0.22569141,-0.03474730,-0.07444722,0.12081227,0.06862123,-0.00502448,-0.09747683,0.05349155,0.05571382,-0.15255314,0.01938511,0.01762539,0.13697097,0.02257418,-0.04749137,0.21655336,0.10800777,-0.14400148,-0.05115564,0.20521578,-0.10752895,0.00572981,-0.05695796,0.20700578,0.09531014,0.11494927,-0.05823678,0.11226603,-0.08624709,-0.04687020,-0.03118903,0.05449747,-0.00299986,-0.03510084,-0.14180461,0.02039812,0.23259301,-0.06659807
0.05132200,-0.01257390,-0.04599877,0.01932288,0.09437961,0.17137426,-0.06707361,0.01422791,0.19935638,0.02173858,-0.10870180,-0.16048262,0.11868868,-0.10760538,0.13158044,-0.01773574,0.11670682,-0.06277589,-0.04716313,-0.05781873,-0.02958677,0.01431802,-0.02516435,-0.08791859,-0.00085848,0.06536010,-0.09993474,0.01119238,-0.01144021,0.15150782,0.01059361,-0.02831642,-0.14083934,-0.07654936,0.03438162,0.12106735,-0.03625717,-0.12699987,0.06094426,-0.10931122,-0.12944847,-0.01515968,-0.00608706,0.04672895,-0.03243279,0.11596594,-0.00127533,0.08999131,0.10712519,0.07760812,-0.02242727,-0.00462321,-0.01599054,-0.03008170,0.04397916,-0.19722469,0.17628910,0.05482174,0.16817299,-0.05959997,-0.05976574,-0.05579983,-0.13627739,-0.13717882,0.14490820,-0.14780475,-0.15127818,0.06143350,0.16460270,0.06930251,-0.04189857,-0.02109765,0.06353100,-0.05435812,-0.03502310,-0.04770384,0.00116480,-0.10008388,-0.08249552,0.10360790,0.06229047,0.09874423,-0.13949455,-0.01100735,0.20986514,-0.02348962,0.05800203,0.01160811,-0.00443128,-0.01329893,0.05548151,0.01510503,0.10722840,0.07090167,0.02973790,-0.06545049,0.17588645,0.15083991,-0.27041823,0.10118349
-0.01837961,-0.02344164,0.05177823,0.02128111,0.14593408,0.06069838,0.04998787,0.01085742,0.09024696,-0.05179981,-0.07105976,-0.00183924,0.06763327,0.01782663,0.04678404,-0.02256931,0.08037134,-0.13604972,-0.02183895,0.02230139,-0.14581068,0.01056359,-0.18228590,0.02056267,-0.09334636,0.06813217,-0.07804424,-0.01882517,0.04605896,0.16026790,-0.15832862,0.06448337,-0.03936321,0.10317039,-0.02426174,0.08079419,0.11532508,-0.00485808,0.02382982,-0.13733058,-0.08065344,0.06912886,0.01798236,-0.09396910,0.02853723,0.01004298,-0.10417311,0.05940511,0.02835301,-0.07671016,0.12363346,0.02993716,-0.01676471,0.04787211,0.04919584,-0.22247694,-0.01308413,0.06175362,0.00216750,-0.03485202,0.00856312,-0.14836645,-0.10213772,0.02008688,0.09771696,0.04663124,-0.23086727,0.33605409,0.12236623,-0.05004700,-0.02679403,0.02924854,0.07155161,-0.14814369,0.11763629,0.08346903,-0.03719334,-0.14563836,0.09160222,-0.04833618,0.06188825,-0.18990569,0.03451265,-0.10582198,0.06917979,-0.08077493,-0.08653093,-0.12883802,-0.06853947,0.04701055,-0.07482421,0.15142979,-0.02882790,-0.02146871,-0.03377648,-0.07666288,0.10112670,0.00991202,0.00587400,0.09145164
0.04072736,-0.06621270,-0.05188623,0.04259947,-0.28162292,-0.03371689,0.09100053,-0.03725763,-0.18569437,-0.02735940,-0.05568648,-0.05202678,-0.03631258,0.14238019,-0.13829170,0.09415106,0.06631195,0.04845571,0.06680324,0.09922718,-0.13208377,0.02823293,-0.00836186,0.03958798,0.07335277,0.04342863,0.04887319,0.09279447,-0.11662164,-0.04633162,-0.03029754,0.01339010,0.03046369,0.03200296,0.11171763,-0.03019074,-0.01557852,0.07815083,0.03139740,-0.02284807,0.11245964,-0.11548163,0.06884316,0.08817143,-0.11847852,0.07731060,-0.03443422,0.11637457,-0.03280610,-0.03046341,0.09014919,-0.10068252,-0.09532867,0.04263519,-0.04509325,0.19030347,-0.05290739,0.01174707,-0.01401037,-0.03062945,0.07495108,0.13548946,0.00207180,0.13619651,-0.03342210,0.01524557,-0.00975542,0.05278445,-0.10201440,0.02343276,0.03947705,0.11309908,-0.04244589,-0.03846115,-0.02287080,-0.03533053,-0.03932017,-0.05694065,-0.07023337,-0.00084126,0.11044375,0.13717987,0.08076031,-0.00546969,-0.03040679,0.04914091,-0.13738798,-0.10088306,-0.04900312,0.02597643,0.04524223,-0.01371497,0.05601256,-0.07642382,-0.04418233,0.00920100,-0.02994784,0.09326741,0.05599508,-0.19712381
-0.06913698,0.09439370,0.08578647,0.07098140,0.14292255,0.14731562,-0.01147078,-0.14593092,0.04843080,-0.01408415,-0.02026197,-0.00643307,-0.00527029,-0.10457181,-0.06356198,0.00435614,-0.00038120,0.06566685,-0.07630182,-0.00222204,-0.05815645,0.13041541,0.10243341,0.04744217,-0.10146512,-0.04856605,-0.00269059,-0.13489886,-0.09294341,-0.18077567,-0.00983508,0.05384625,-0.03711372,-0.04112814,0.05178892,-0.09204910,0.01071771,-0.18544064,-0.05448245,0.06878427,0.03271144,-0.04313037,0.09458399,-0.04072632,-0.06497782,-0.01854178,-0.02407277,0.09284954,0.08048447,0.03943789,0.03857602,-0.15280360,0.05353559,-0.14378347,0.04686541,0.01813359,-0.10811532,0.08105717,-0.03966574,-0.09458240,0.05609778,-0.07317591,0.03863338,0.02461015,0.12207741,0.10428131,0.06671931,-0.22678395,0.13461392,-0.02667711,0.11264981,0.00661316,-0.04287183,-0.02341537,0.12454205,0.11991451,-0.10352764,-0.11980537,-0.01032736,0.01966714,0.07592421,-0.15577151,-0.09770361,0.02404921,-0.03542884,-0.01188751,0.09688704,-0.06886365,0.04452241,-0.06498227,-0.03698785,-0.10796319,0.02084319,0.01002760,-0.06541950,-0.04111888,-0.00791710,0.10369132,0.05248655,0.28952351
-0.02605176,0.02287227,-0.00561033,-0.00810954,-0.10028059,0.05412409,0.05620006,-0.07588740,-0.05188391,-0.06512063,-0.01487768,-0.00193694,-0.04423544,0.10794242,-0.02472918,0.07569799,-0.10596795,-0.07645242,0.03290627,0.14830731,-0.08659647,-0.07893440,-0.03581671,-0.00304595,-0.01413407,0.01608899,-0.00448914,0.05233458,0.11179499,0.06817418,-0.02190287,0.03189979,-0.13131104,0.05549077,0.02553377,0.09685410,-0.07853693,-0.00498536,0.05049717,-0.05330252,0.02592671,0.00090216,0.06214848,-0.02419312,-0.13018940,0.12855993,-0.01966328,0.06608447,-0.01388499,0.05193200,0.08345369,-0.07260393,-0.11479285,-0.07248282,0.11340022,0.04977510,-0.08498459,0.04328349,-0.04357210,-0.00901556,0.04551445,0.08470642,0.09144774,0.12504293,0.05021133,-0.21219984,0.07842682,-0.23127919,0.06232743,-0.02113308,0.05930067,0.04944858,0.02131785,0.07175851,-0.15758146,-0.07820639,0.03753396,-0.11060216,-0.07133530,0.05328367,0.02879813,-0.01644320,0.05033309,0.05196777,-0.04669844,0.01410713,-0.09766775,-0.07303514,0.10459528,-0.02179896,0.16741744,-0.03511595,0.04792135,0.03397328,-0.07455866,0.03044317,-0.15057239,-0.04578885,-0.04322771,-0.18317381
-0.07617057,0.02682817,-0.39151376,-0.02399832,-0.10195898,0.14069305,0.17991610,0.19460434,-0.01063827,-0.02683478,-0.03744556,0.02434246,0.02060622,0.18818253,0.00815628,0.14215952,-0.04314462,-0.15762261,0.03963906,-0.01261890,-0.31296352,0.04484488,-0.09786479,0.10303729,0.09371997,-0.13444306,0.00509586,0.11629748,0.19086312,-0.06328486,-0.01985972,0.03272669,-0.12439881,-0.02585224,0.15384838,0.00859805,-0.13678505,-0.00621235,-0.02417199,0.16401678,-0.04318311,0.02084333,0.02388310,-0.00313338,-0.08571948,0.17394753,0.19849831,-0.01867876,-0.02726720,0.07450087,0.06490436,0.02436476,-0.07665922,0.21415108,-0.02843613,0.07895064,-0.15315686,-0.04682725,-0.19316831,-0.05295924,-0.01188876,0.09665739,0.04450770,0.02865279,0.27955422,-0.15719752,-0.10205290,0.35481605,0.09549969,-0.06041444,0.02228320,0.05301218,-0.02014075,0.05752876,-0.02484705,0.13524976,-0.05853420,0.03628545,-0.00628037,-0.01104966,0.09040092,-0.01444457,0.25428000,0.09305561,-0.04158176,0.07583615,-0.06088404,-0.06363150,0.05943681,-0.02063870,0.22721866,0.07859354,-0.11506726,-0.00472094,-0.00381145,0.07883228,-0.01009640,0.15878263,0.21360593,-0.20418034
-0.01457699,-0.21847814,-0.01696065,-0.14033185,0.01476972,0.10237714,-0.12131680,-0.02713606,0.11713510,0.02155934,-0.07115930,-0.11667759,-0.03296229,0.01115354,0.13907053,-0.15291612,-0.05959471,0.06759390,0.07819446,0.04066760,0.21190883,-0.11988857,0.04569088,0.09635481,-0.09523509,-0.10018896,-0.04579868,0.08545054,-0.00984762,-0.06654616,-0.00041654,-0.00010653,-0.08628151,0.04738482,-0.15968406,0.06551853,0.00746450,-0.13335256,0.04263593,0.14940745,-0.03024960,0.07477024,0.07994778,-0.04931435,-0.05110177,0.01657990,-0.04679389,0.01801068,0.08195702,0.04317280,-0.05460884,-0.07783046,-0.10016725,-0.12636977,0.11848031,0.07055926,0.05202449,0.07126905,0.01160632,0.01278941,0.01588023,-0.09758428,-0.15548147,0.01652639,-0.18232372,0.01560947,0.13206269,-0.24302754,0.17112237,0.10312472,-0.01095813,-0.05330476,0.03346657,-0.00972607,0.04458400,-0.04115953,-0.06977027,-0.12507318,0.04536763,0.10625575,0.07256343,0.07627280,-0.24118149,0.08253109,0.14456953,0.02674209,-0.03933731,0.03479949,-0.02622531,-0.00037493,-0.08323408,0.09102456,0.17084976,0.10636386,-0.12184459,-0.00282735,-0.02978634,0.01339692,-0.21911064,0.27710426
-0.02493403,-0.02505385,0.02329564,0.03112509,0.17754936,0.24032807,0.00154533,-0.04557393,0.07993677,0.05268783,-0.14236748,0.07764146,-0.01697008,-0.13874741,0.06781716,-0.15516134,0.11503251,0.01074338,-0.12668188,0.07206430,0.11306835,-0.03193475,-0.11139377,0.06150254,0.05636229,-0.07091346,-0.08899672,-0.07501125,-0.19116695,-0.06121139,-0.05130835,-0.02584438,-0.02080646,-0.08427624,0.07802318,-0.02387818,-0.00178138,-0.07289072,-0.06898745,0.01600196,-0.00990050,0.02668162,0.07865836,0.03569853,0.11027078,0.06820644,-0.03152754,-0.06999973,-0.02380139,0.05699967,-0.10285673,-0.05616775,-0.01994486,-0.15554287,-0.09267366,-0.17449780,-0.04601256,-0.04505363,0.12564726,0.10398494,0.06959793,0.05366894,0.00795759,0.02519274,0.02813551,-0.20588286,0.10010252,-0.01551299,0.08020445,0.01238731,-0.04588228,-0.04242579,-0.05401858,-0.04632294,0.11068565,0.03447982,-0.07000155,-0.07317203,0.01132623,0.05168281,0.06083358,-0.08768982,0.08272344,-0.04768018,0.00254903,0.07304240,-0.09768083,-0.03358403,-0.01746522,-0.05027587,-0.07770427,-0.11969716,0.14893731,0.00205322,0.07607135,-0.09123649,0.08800088,-0.06214072,-0.12433636,0.13189782
0.03833113,-0.06590378,-0.07305888,0.08004384,-0.10609406,-0.08450968,0.13684721,0.08217257,0.00744000,-0.04895886,-0.06969383,-0.05447210,0.09451866,0.11510571,-0.03344417,0.14300828,-0.09911640,0.03696942,0.05633005,-0.05427679,0.00908090,0.04861219,-0.07092514,-0.04481531,0.11931617,0.02758045,0.01464918,0.05306840,0.06627334,0.08343288,-0.09798175,-0.15417200,-0.00950873,0.00154294,0.10864380,-0.01456482,0.03770984,0.13631034,0.10150978,-0.07762078,0.06005671,0.03996724,-0.07818802,0.12180232,-0.09320001,0.05806936,0.10952940,0.04221926,-0.01916278,0.07988589,-0.06159007,0.05060437,0.05199601,-0.01415007,0.05268065,-0.01441609,-0.07683600,-0.12961820,0.08972121,0.04394943,-0.04481446,0.11550645,0.02744029,0.01476421,-0.06210708,0.01850473,0.01638462,0.01287996,-0.06798346,0.08705454,0.06756278,0.05336321,0.07621581,0.09599403,-0.00977637,0.06601828,-0.01154011,0.00558984,-0.02473501,-0.00800861,0.11339833,0.13428937,0.14764124,0.02355357,-0.04296754,0.08190303,-0.04365136,-0.05050687,-0.07904191,-0.05628135,0.02868505,0.02579846,-0.14318074,-0.00279236,-0.01149393,0.09861956,0.00182159,-0.01375990,-0.08621085,-0.11724928
-0.02073541,-0.02326402,-0.01331905,0.01779380,0.15331982,0.00641194,-0.09515440,0.12441023,0.09943312,0.00301026,-0.07715292,-0.01007673,0.00103305,-0.04996367,0.09085023,-0.06422251,0.17653373,-0.02970905,0.04532194,-0.05868681,-0.03414952,-0.02299322,-0.00578941,-0.01463779,-0.10608874,-0.01816605,0.03831132,0.00867908,-0.13602792,-0.01767200,-0.07616801,-0.05743583,0.06266319,-0.07147330,-0.08405706,-0.04627581,0.06091902,-0.15028434,-0.03120873,0.02422970,-0.02560655,0.03709352,-0.07487215,0.00033671,0.03587360,-0.08584412,-0.04433896,0.03795346,-0.05308179,0.08845422,-0.07463552,0.01555042,0.01137614,-0.14195560,-0.04936932,-0.13394082,-0.06147498,0.05519478,-0.03499170,0.00598507,0.04075636,-0.14884165,-0.03389877,-0.10643959,-0.01469218,-0.17575502,-0.15536377,0.03704528,0.07794552,0.06784669,-0.03176613,0.14399508,0.02058228,0.00791350,0.05955537,0.10001428,-0.06035806,-0.10183769,0.06744804,-0.03418970,-0.07900745,0.09299836,0.01001276,-0.10680798,0.06528959,0.09043985,-0.01657289,0.07437751,-0.01474848,0.13476971,0.00142429,0.00795361,0.16267012,0.03853306,0.02505253,0.04881704,0.12786309,-0.07429542,-0.04083633,0.15823975
-0.02503655,0.02983047,0.04303907,-0.02342268,0.16349564,-0.04504163,-0.10773952,-0.03215372,0.12919335,-0.00084923,-0.01416619,0.05488170,-0.03592354,-0.10966387,0.12809160,-0.07782591,-0.10797540,-0.06620322,0.02447733,-0.02964729,0.03356864,-0.14204173,0.14337264,-0.02973247,-0.16136017,-0.01185569,0.02106789,-0.13558900,0.00003760,-0.05376808,0.02377031,0.01458540,0.09412894,-0.08680239,-0.04822613,0.06941349,0.15747578,-0.00711634,0.00423005,-0.07711118,-0.11345668,0.10698719,-0.14172699,-0.13003355,0.15020554,-0.05501356,0.00806024,-0.02897222,-0.08306787,0.01305660,-0.03019528,0.08176097,-0.01693763,0.14140883,0.00620191,-0.06500563,-0.01805445,-0.01221508,0.06126381,0.05210386,0.01484889,0.04871053,-0.01061618,0.00801702,-0.13465707,0.11544950,0.06042023,0.21911116,-0.04552225,0.05325600,-0.08530363,-0.04436837,0.04319115,0.05186286,0.07833488,-0.09862746,0.01233718,0.01409646,0.17302486,-0.06944349,-0.14724414,-0.08942889,-0.03594717,-0.04170734,-0.04546702,-0.14458770,-0.00493039,-0.02902030,-0.10284156,-0.01730778,-0.17405093,0.03722497,0.04155428,-0.04441116,-0.06166122,-0.05640936,-0.12263121,-0.01098521,-0.12821050,0.19756494
0.11215796,-0.22354296,0.08662143,-0.02531955,0.03882121,0.08527856,0.11306176,0.18262018,-0.01719612,0.13598286,-0.13957807,0.06516302,0.16843894,0.14894329,0.11581291,0.01157917,-0.00117186,0.16026591,-0.10326465,0.12274989,-0.09263402,-0.00956161,0.05508047,0.04594074,0.01992312,-0.13259549,0.03194958,-0.01110309,0.02059468,-0.13059424,-0.08722541,0.05139984,-0.00779819,0.09140346,0.10734292,0.09552144,0.02465159,0.05091457,0.02999075,-0.25261930,-0.08174168,0.03662204,0.01792446,0.07075834,-0.02195711,0.05339336,0.10111062,0.08383365,0.06387974,0.02296037,0.00165599,-0.04163073,0.06229090,0.11786686,-0.12678802,-0.19488141,0.08205446,0.13938318,0.13199298,0.03256372,-0.00854363,0.17907879,0.01591373,-0.09897152,-0.30273652,0.07973247,0.12813598,0.13468264,-0.21104901,0.09735342,0.03386750,0.06213203,-0.00104918,-0.08366902,0.14956540,-0.00850000,-0.10712787,0.00117416,0.05930709,-0.07012464,0.05011727,-0.14776145,0.07881738,0.05089344,0.07608186,0.15175019,-0.11091021,-0.11926994,-0.04747682,-0.04581764,-0.01326596,-0.06044421,0.03384449,0.06627411,-0.21665308,0.07718591,0.35909671,0.06098798,0.20899364,0.07326598
0.02190317,0.00750400,0.07414445,-0.01275310,0.19123669,0.11373997,-0.05102209,-0.05891152,0.09468351,0.00430816,0.02045267,-0.05225586,0.13636087,0.05294576,-0.05782714,0.03885695,-0.00629207,-0.00531577,-0.01881655,-0.07879270,-0.06661083,0.11633725,-0.05662709,0.08079226,-0.05660026,-0.05529995,-0.07312014,0.04868386,-0.17779177,-0.06133682,-0.04310325,0.15906237,-0.12604006,0.04352769,0.13764021,0.08601410,-0.00970009,-0.21046315,0.02244223,-0.04288344,-0.04693467,-0.04162780,-0.08081732,0.04804138,-0.07944877,0.06919661,0.03198524,0.08374351,0.03427548,-0.01814333,-0.07653017,0.03765652,0.04080079,-0.12625219,-0.10171609,0.02697548,0.07086109,-0.02661186,0.03619626,0.08027975,0.10690257,-0.00629468,-0.06634826,-0.05591577,0.06231613,-0.00054452,0.10066246,-0.03739450,0.18013893,-0.08145806,0.05541188,0.07141532,0.03069329,-0.09050364,0.19959636,0.12185099,0.10226049,-0.00905288,0.10290169,0.10882068,0.07261353,0.02207909,-0.04369652,-0.12151377,0.10624050,-0.07244918,-0.02729405,-0.02310995,-0.00726893,-0.04993987,0.04703100,0.09220175,0.06311848,-0.04068334,-0.07446498,0.05238917,0.03302541,0.06712662,0.05981972,0.21683291
0.03183470,-0.01852086,-0.01673167,-0.04966528,0.19041510,0.14930986,0.03205683,-0.13392666,0.12700808,0.13582832,0.05457596,-0.03565491,0.02297486,0.03920455,0.08390831,-0.06908444,-0.06464881,0.04293955,0.01342318,0.04852723,0.08958747,0.03236321,-0.00205691,0.07940075,0.02234064,-0.04822786,-0.03993269,0.03330691,-0.04670694,0.03769787,0.06154262,0.08337739,-0.01499631,0.00642924,0.08472519,-0.05824511,-0.07042056,-0.10983819,0.03510240,-0.05715718,-0.09059726,-0.04484364,0.09348217,-0.08251733,-0.07614310,0.07919578,0.03305370,0.08517170,0.02445794,0.02103928,-0.02676952,0.03664861,0.05247740,0.07090314,-0.07595062,-0.04953020,0.09252482,-0.06009221,0.08441526,-0.04446455,-0.02059009,-0.09392121,-0.12522103,-0.06341154,-0.07628297,0.09157431,0.13481364,-0.13748817,0.08097509,-0.03892991,-0.06912732,-0.00275374,0.02313330,-0.07220694,0.01858814,0.03343206,-0.02759378,0.01649767,-0.10993312,-0.00355986,0.06553386,-0.10987605,0.06982633,-0.08675556,-0.06605548,-0.06942029,-0.01434893,-0.10259383,0.11700054,-0.00848800,0.07150155,0.00970566,0.05669471,-0.05806598,-0.10628574,0.08103762,-0.07588446,-0.07625180,-0.08606060,0.27826735
0.15076457,-0.06651521,-0.02444498,0.02050624,-0.22658044,-0.00431782,0.06637946,-0.03496240,-0.05722908,0.05143645,0.05190466,-0.03690925,0.16496681,0.00612341,0.07297397,0.11651921,-0.12128071,0.00216793,0.02404641,0.04512944,-0.15667079,-0.09722378,0.16788609,0.06463166,0.08208472,-0.08097538,0.07519621,0.04361977,0.02940048,-0.18227623,-0.00851234,-0.17167442,0.06168899,-0.02174687,0.09444044,-0.11631373,0.05730128,0.14601903,0.10039910,0.21631360,0.03558112,0.02385675,0.03187064,-0.04584891,-0.12593451,0.07784306,0.00005367,0.11836272,-0.16203958,-0.03563904,-0.09171958,0.05207681,0.08869372,-0.17063320,0.00645578,0.15660046,0.14144488,0.03916696,-0.10490321,0.06845409,0.11729756,-0.03757180,0.14732431,-0.02315542,-0.40586144,0.06561515,0.18627049,0.11127413,-0.06701431,0.02220798,0.00616134,0.01207399,-0.02334874,0.10939588,-0.04298859,-0.02391385,-0.00047569,0.01831734,-0.04146912,-0.13170980,-0.00919848,-0.05663846,-0.16347392,-0.00996182,0.04523505,0.07491893,0.00080649,0.07227965,0.08299349,-0.14896293,0.10349091,-0.05736805,-0.16185696,-0.05713187,0.01286131,0.06359325,0.00160713,-0.02554791,-0.12887010,-0.09579489
-0.02225963,0.00968166,-0.01487846,-0.00349729,0.03960842,0.09917310,-0.07875323,-0.07337908,-0.07069627,-0.07829312,0.00074881,-0.10545659,-0.08494119,-0.08375642,0.00854693,0.07665556,0.00525357,0.01849562,0.06729242,-0.01665768,0.08192763,-0.17897719,-0.08467589,0.05965174,-0.00368845,-0.01104773,0.02898897,-0.07403160,0.04540940,-0.08560326,0.02732072,0.11649798,0.09337032,0.03244684,-0.01145117,0.14297085,0.00469795,-0.03122095,-0.00179513,-0.10904513,-0.04481974,-0.07027341,-0.00001797,-0.02597358,0.05055442,0.06812632,-0.02917956,-0.05824412,0.12169711,0.03919425,-0.02176520,-0.06680384,0.09868637,0.09938671,0.15303177,0.03753771,-0.00665742,0.09695390,-0.06134402,-0.05747499,-0.07893813,-0.08714071,-0.00971188,-0.10270751,0.00128133,-0.09502875,-0.11132638,-0.03937622,0.10340039,-0.06365137,-0.06919508,-0.08750047,0.10446811,-0.05191581,-0.10240830,-0.01151092,0.03537741,-0.11214161,0.07529289,0.07774848,0.06007660,-0.00922422,-0.03034885,0.10275149,0.08328532,0.01301486,0.07990894,-0.06261811,0.00460172,0.06563517,-0.02568226,-0.00378694,-0.01518356,-0.07780258,0.01932441,-0.07143702,0.10428424,0.05057223,0.00802753,0.05761592
-0.09879735,-0.03464687,0.04059847,0.05137290,0.07304533,-0.22784799,0.04465842,-0.04689442,-0.21017987,0.05092035,-0.12563655,0.10244031,-0.08500334,0.10394476,0.06110499,-0.05749721,0.01747472,0.11102846,0.06859980,0.05792840,0.08672712,-0.07281506,-0.17164062,0.02936416,0.08458391,0.01187907,0.01874384,-0.08479351,-0.22378144,-0.19623674,-0.17469321,-0.03130522,0.01055549,-0.11354303,0.06734814,0.11597669,-0.06041023,0.10447302,0.11600000,0.01592756,0.15332806,-0.00461128,0.08897737,-0.02549518,0.08184397,0.08006210,0.08366737,0.05855451,0.08083393,-0.08406656,0.05839724,-0.12193624,-0.00462922,0.21349776,0.21686280,-0.24302392,0.04341165,0.13755709,-0.03428791,0.01322273,0.08303491,-0.07471962,-0.09038126,-0.04898769,0.03866116,-0.14499198,-0.01044221,-0.03717105,0.03524486,0.06337858,0.04388030,0.08090732,0.04969615,-0.08730792,-0.00087914,-0.06099390,0.02324288,-0.02543888,0.10171048,0.04796100,-0.06937332,-0.24089824,-0.00149979,0.05256404,0.13181600,0.06599712,-0.13278516,0.01661451,-0.05008397,0.05882369,-0.10275184,-0.16125031,0.16041929,0.12575381,0.00557540,-0.10285679,0.10536502,-0.03636026,-0.04478278,-0.08271345
0.09702584,-0.01564762,-0.11328318,-0.01426194,0.06567232,0.01190804,-0.00657628,-0.17324646,0.09580147,0.05328419,-0.02225229,-0.11074874,0.02945993,-0.14638628,-0.05823062,-0.13145351,-0.14021777,-0.03083249,-0.09452031,-0.06892517,0.21381740,-0.09768531,0.00636950,0.05974004,-0.00844581,0.05205254,0.00513031,-0.07219190,0.07129673,-0.01833932,0.13322383,0.13013612,0.07964890,-0.03870641,0.03709545,0.10354491,0.01969899,0.02442940,0.06421851,-0.00857925,-0.06220171,-0.07370049,0.13111755,0.00007536,-0.02081416,0.02720602,0.05886881,-0.08251722,0.07792878,-0.05766361,0.03704719,0.03405251,0.04919298,-0.05941429,-0.00980414,0.02151619,0.09363933,0.10754602,0.03378624,0.06527890,-0.04172064,0.04122650,-0.10511583,-0.03538000,-0.01802609,0.05596383,-0.06986265,-0.06273192,-0.02104847,0.07045004,0.03733569,-0.14489585,0.02041379,0.07913230,0.08970568,-0.01768265,0.07553318,0.14426011,0.02581382,0.07984268,-0.07354967,-0.06888168,-0.03588949,0.01361975,-0.03614644,0.01032762,0.07000991,-0.01487721,-0.02125021,0.13603856,-0.00194460,0.08012015,-0.06851856,-0.02590181,0.01736548,0.04523064,0.00573735,0.11475014,-0.15560554,0.37212989
-0.02471652,-0.05918488,0.04110587,0.04267034,0.23086457,0.14005467,0.04535934,0.08757801,0.08362268,0.05427555,-0.06322035,-0.00583953,0.09296262,-0.02316894,-0.01568308,-0.05043995,0.04003992,0.03728623,0.10409565,-0.00506355,0.02699805,-0.03406710,-0.18119790,0.11101799,-0.07539078,-0.02231610,-0.05281997,0.03236224,-0.19508201,-0.04608732,-0.17517848,0.07386239,-0.09550482,0.03373130,0.08070882,0.02390149,-0.04335980,-0.10254124,-0.03712691,0.10219069,-0.01879780,-0.12307165,0.10863267,-0.03832475,0.07058176,0.05555820,0.02643018,-0.02623729,0.06554615,0.03154008,0.13171443,-0.03409304,-0.00382979,-0.03811341,0.07215773,-0.10113142,0.00301974,-0.03783897,0.17698012,-0.00589118,0.04177437,0.14475429,0.00123112,0.05874030,0.03625315,-0.31480053,-0.07394870,0.00731583,0.15071359,0.04186578,0.13397889,0.00488509,-0.10459781,0.07160825,0.03204023,0.07750285,-0.15077668,-0.05810247,-0.02933730,0.06336072,0.01794631,-0.16406532,0.11355151,-0.03013502,0.09559991,0.04369546,-0.03461899,-0.07557283,0.11720291,0.07292921,0.06555402,0.09410060,0.16466816,0.04626891,-0.01107494,0.05371162,0.16159201,0.10789771,-0.06147761,0.17294841
0.04178530,0.00021763,0.05271821,-0.06955689,-0.17987366,-0.18374743,0.06571195,0.00160207,-0.02977167,-0.10704871,-0.05981573,0.03132907,-0.06178936,-0.08431021,0.04324540,0.04747584,-0.02594972,0.00553545,-0.07062881,-0.04851136,-0.06117221,-0.05464745,0.13747059,-0.06958085,-0.10418079,0.12219629,0.04883593,0.06762451,-0.09588385,-0.00547796,-0.00550320,-0.18919216,0.10999370,-0.03127535,0.06046499,-0.02550017,0.10785726,0.12847877,-0.06558386,-0.04199355,0.04642449,-0.05201131,-0.14841205,-0.10756174,0.12867537,-0.06269754,-0.10508467,-0.01234168,0.01754624,-0.09734792,0.02425169,-0.00475849,0.03327522,0.09884461,-0.02265978,0.00249157,-0.00188931,0.04781104,-0.06829244,-0.04318250,-0.08439139,0.02929156,0.00396452,-0.13326359,-0.04038924,-0.03446471,-0.06317285,-0.03850097,0.06410264,0.14201073,-0.04499772,0.03275108,0.08461008,-0.12505548,-0.05781691,-0.04096606,0.03861577,-0.02209506,0.03989550,0.08804008,0.08086074,0.12824459,-0.11908305,0.02372775,0.04877256,-0.04548679,0.04676256,0.05789930,-0.08437347,0.07187980,0.07934444,-0.01927509,-0.04505688,-0.12187249,0.14447965,0.02130136,0.11219763,0.05104026,-0.11458180,-0.39425075
-0.02737478,0.01576011,-0.00100299,-0.00262589,0.02674266,0.07071908,0.10775875,-0.09143864,0.09154145,-0.10696656,0.06026212,-0.03463613,-0.06111787,-0.06597821,-0.00790795,-0.04466040,-0.01777229,0.03582843,-0.03126483,0.05187672,0.06945094,0.08216560,-0.11065233,-0.03276124,-0.02231048,-0.05040228,-0.02969425,0.00952210,0.09606370,-0.01583633,0.07465503,0.13167357,0.10289468,0.03450914,-0.09351536,-0.05727835,-0.08901545,0.03531743,0.05464893,-0.11564407,-0.02443923,0.01585453,-0.02467755,0.11158913,-0.09206201,-0.08846292,-0.07117248,0.10637811,0.00295473,-0.02202467,0.05045406,0.00026291,-0.03708632,0.02142587,0.04108364,-0.01325047,-0.12380641,-0.07000297,-0.07679837,-0.04347828,-0.03709778,0.03470091,-0.05822323,0.06757379,-0.07546500,-0.01510282,0.02887884,-0.06318845,0.09215008,-0.10674956,-0.07582950,0.08598235,-0.10289482,0.05834062,-0.02037074,0.01926459,0.03890155,0.04432757,-0.02047642,-0.02986082,-0.03749010,0.04092394,-0.06142550,0.11756891,0.00024454,0.09847630,-0.05657697,0.06408855,-0.02772598,-0.03673009,0.07276332,-0.05389525,-0.04224732,-0.06840979,-0.10321248,-0.06035990,-0.00060121,0.06586131,-0.09583857,-0.03005218
0.09476632,-0.05507516,-0.03510591,0.03288602,0.06357881,0.20139804,-0.00100512,0.06545367,0.10308821,-0.04087377,-0.04126884,-0.15191068,-0.05897677,-0.03489548,-0.00968274,0.03138098,0.04421946,0.10006366,-0.04602142,0.04946693,-0.04480502,0.08196642,-0.17851949,-0.04010961,-0.04008264,-0.10322648,-0.02725839,-0.09004937,0.01281721,0.06238953,-0.07868387,0.01791789,-0.00128055,0.07143926,-0.06017435,0.00004701,0.10638179,-0.08372538,0.06874663,-0.03607067,0.06816208,0.05350679,0.01822948,0.01670641,0.10184001,0.06988157,0.02094092,-0.08032440,0.02829585,-0.01752258,-0.02154527,-0.12165514,-0.03162202,0.12521887,-0.06471200,0.01913468,-0.00668839,0.02894609,0.06076719,0.09135920,-0.05034668,0.04561154,0.00640141,-0.11786790,-0.05262353,-0.21730177,-0.02818821,-0.00793639,0.01110290,-0.03943006,0.08565239,0.06758718,0.07887823,0.04956094,0.01257135,-0.05717327,0.08958463,-0.00929193,-0.00775038,-0.02851892,-0.12030260,0.00038536,0.03802990,0.01547784,0.05711282,-0.11412321,-0.09015281,-0.03161338,0.05345159,-0.02707816,-0.04280807,0.01905221,-0.00637945,0.02554725,0.02168031,0.06008783,-0.02258057,-0.06376535,-0.13774270,0.18959139
0.01818131,-0.00853254,-0.02974665,-0.00576813,-0.16390491,0.00385852,0.12314765,-0.24441360,0.07711255,0.09999246,-0.05284459,-0.08779087,-0.09528628,0.03293067,-0.11266308,0.08334006,0.06193392,-0.05841508,0.04377569,0.03037292,0.10514149,0.02510697,-0.05687374,-0.02544720,0.09407889,-0.11509175,-0.07122410,0.05421456,-0.07743908,0.16314428,-0.00831447,0.00065700,-0.10926606,0.10810418,0.01484633,0.08027743,0.04416922,-0.04671775,0.05342797,0.36565924,0.06094196,-0.09309062,0.04529095,-0.06883283,-0.08165240,0.07087698,0.03064436,-0.00098537,-0.06054382,0.02695201,0.05642254,-0.11559500,-0.11763927,-0.41659853,0.12256986,0.08406612,0.11296777,-0.08415603,0.01849883,-0.07404216,0.04323983,-0.03672158,-0.10721432,0.16562746,0.44357643,-0.12950455,-0.36425909,-0.33739442,0.03313798,-0.11579114,-0.04810327,-0.04734007,-0.04674705,0.03863801,-0.14992571,-0.03705525,0.04363432,-0.03696322,-0.10161833,0.13151789,0.01253849,-0.02938431,-0.06633206,0.03064810,0.04030463,-0.19769450,0.03856154,-0.07443359,0.02712289,0.07434627,0.12908761,0.07285509,0.10046666,-0.04155495,-0.08337127,-0.09551547,-0.21324542,0.00098703,0.09026963,-0.19048513
-0.06346825,-0.03071041,-0.22039352,0.01598693,0.05438401,0.20014594,0.06441668,-0.15509936,0.14721504,-0.13761826,-0.00458156,-0.18497524,0.01627208,-0.16942042,0.03993993,-0.02423639,0.01651322,-0.39025503,-0.14333065,-0.13966367,-0.12766331,0.16044755,-0.18888442,-0.01765240,-0.01176125,0.11454131,0.01402368,0.08835926,0.30527702,0.43072727,0.26697490,0.21970227,0.03776712,-0.00980617,0.09866261,0.06106793,0.31694928,0.23729356,-0.01213764,0.40387347,-0.30789718,0.43902549,0.03605079,-0.22925857,0.01626796,0.05766246,0.09601013,-0.30879462,0.02609906,0.18100972,0.06951494,0.13395718,0.00902359,-0.29208571,-0.08724528,0.28527483,-0.19047314,-0.16213742,-0.33275965,0.18690199,-0.23085815,0.04507972,0.00432421,-0.02264740,-0.40436080,0.22400248,-0.33662856,0.23707259,-0.33591208,-0.17237049,-0.15101765,-0.06865547,0.16649179,0.18837659,-0.23305325,0.04607239,0.02487848,0.21499994,-0.06716213,0.27539670,-0.35902146,0.02556385,0.04200773,0.03143151,-0.22138758,-0.53853738,0.23588309,0.00470588,-0.11422419,0.07340170,-0.14014125,0.05774803,-0.14924383,-0.15953182,0.06288514,-0.21563523,-0.38644537,0.04439206,0.16102138,-0.07332891
-0.02853731,0.02031205,-0.03409143,-0.01431976,-0.09011593,-0.03624800,-0.06339616,-0.12723176,-0.00850810,0.08708055,0.11716836,-0.10354304,0.00411481,-0.01165411,-0.01005366,-0.02118722,-0.14285797,-0.04393381,0.11013991,0.01861915,0.06153265,0.08026364,0.01258958,0.09056291,0.10510438,0.09580547,-0.09452213,-0.03412487,0.03898227,-0.09822609,-0.13905138,-0.04359330,0.13754557,0.05021488,-0.03208027,-0.01130643,-0.03592849,0.17425638,-0.01818716,0.12558913,-0.03018134,0.07405172,-0.03157202,-0.06647942,0.01555100,0.02383296,0.00438359,-0.11189984,-0.02915666,0.05999450,-0.01452916,-0.03371729,0.09292760,-0.18524022,-0.09236149,0.16276191,-0.06490201,-0.12008978,-0.12808599,0.00000821,-0.07235004,0.04323456,0.00972483,0.10384320,-0.02941393,0.07381569,0.14993633,-0.08388331,0.04755924,-0.07944767,0.10633855,0.07759471,-0.04241848,-0.05513960,-0.17782499,-0.04108481,-0.09064553,0.09874673,-0.02816722,0.02514572,-0.03545985,-0.03268697,0.00847020,-0.00639078,-0.18404321,-0.02515207,-0.09864723,0.07413176,0.11019617,-0.07692556,-0.05981972,0.03672316,-0.02643450,0.04560935,0.08397358,0.01305086,-0.17082377,0.07720728,0.17505056,-0.08415582
-0.02099850,0.04162154,-0.02163467,-0.01868450,-0.18179733,-0.15042634,0.01276712,-0.11978709,0.01782005,0.06708827,0.22986023,-0.13478687,-0.06487580,-0.06528253,0.07395048,-0.04606401,-0.22389221,-0.06671234,-0.05115912,-0.00444145,0.10569510,0.03570768,0.21970037,0.08676886,0.04550468,0.07857768,-0.07935653,0.19055453,0.05827746,-0.13801691,0.19678392,-0.03225742,0.06883690,-0.05205893,-0.03342314,-0.22590961,-0.18313736,0.13686128,-0.05610511,0.09705939,0.13411878,0.03379386,0.08832486,-0.02739264,-0.08494098,-0.02480614,0.02435394,0.03721939,-0.01251696,0.15090142,0.09243501,-0.03562455,0.13503495,-0.07301751,0.01582523,0.27660590,-0.03311502,0.12166439,-0.15543038,0.03718241,-0.01220969,-0.00421226,0.15211499,-0.06007096,-0.16909969,0.21539307,0.30959427,0.01860772,-0.09727695,-0.03061838,0.00245770,-0.08537028,-0.01146618,0.06787376,-0.04975058,0.02910968,-0.02668541,-0.00710923,-0.08590312,-0.05195903,0.03229147,-0.07949338,-0.07250495,0.06325655,-0.10909441,0.15328248,-0.02043089,0.02043104,-0.02492750,0.07916232,-0.02745064,-0.09078915,0.08160585,-0.06259573,-0.03712904,-0.02143204,0.03798390,0.08207162,-0.03768553,0.01218957
-0.03712412,0.02617720,0.00338688,0.01129428,-0.03169036,-0.03082175,0.01938616,0.07797420,0.03516485,0.01290782,0.02998804,0.09683064,-0.00466319,-0.04066346,-0.05115182,0.15752000,-0.09339947,-0.11853496,0.00398429,-0.06214492,0.03858249,-0.05922197,-0.01360746,0.07272297,-0.02937421,0.02787641,-0.01938735,0.09814994,0.10158617,0.09464642,-0.07566500,0.13414194,0.03464944,0.13824172,0.07589889,-0.01775730,-0.00870040,0.03633205,0.11053848,-0.09003925,-0.04360382,-0.02423388,0.11272714,0.17414637,-0.16645518,-0.03339253,0.00069691,-0.00406955,0.02572073,0.00516363,0.06181350,0.01810530,-0.11815803,0.04969093,-0.08578388,0.03240994,0.10550038,-0.10876359,0.13160940,-0.07495280,0.05770184,-0.03045785,0.13357890,-0.00912958,-0.04064162,0.10498697,-0.04765027,-0.14499377,-0.05141578,-0.01671428,0.10916048,-0.03173185,-0.13649116,-0.04133178,-0.04678512,0.01543121,0.01005150,-0.07779273,-0.13764274,-0.08544343,0.13684985,-0.11397714,0.04169397,0.00374291,-0.00617891,0.00727885,-0.11119601,-0.08242806,0.06860821,0.03396626,0.00523234,0.04877771,-0.03038383,-0.02696892,-0.01881020,0.15049607,-0.07335802,0.04763743,0.02171156,-0.17483631
0.03911797,0.03672190,-0.01914379,-0.00482289,0.06218132,0.05647476,-0.00290189,0.01541835,0.13011377,-0.01265032,0.05497533,-0.04471153,0.07441823,-0.04207125,0.07544111,-0.18117554,-0.03656963,-0.08945466,0.03705439,-0.11763345,0.09867894,0.00998854,-0.04123229,0.01459414,-0.18800071,-0.07688930,-0.03018253,-0.17265357,0.01813484,0.00419353,-0.09389147,0.13612805,-0.02568542,-0.04300062,-0.03647750,0.11359221,0.02576858,-0.06090809,-0.03115709,-0.03664914,-0.03999252,0.11078212,-0.03608709,0.02526294,-0.04844852,-0.10530072,0.03235034,0.07415543,-0.00282248,-0.00534758,0.04872219,-0.09133591,-0.08770338,-0.03242295,0.01857180,-0.08795340,0.05690747,0.03168768,0.10334118,0.00335444,0.06126628,-0.02077707,-0.01160716,-0.14134294,0.01450354,-0.00357117,-0.04871149,-0.08052617,0.18413438,-0.03731868,-0.02176954,-0.13888751,0.09830594,-0.05808447,0.12002317,0.08238833,0.06412622,-0.07764847,0.06484465,-0.03240399,-0.07127357,0.07522743,-0.14236897,-0.16272233,-0.00212418,-0.06770324,0.06149562,-0.03616550,-0.08372293,0.10431579,-0.09544946,0.04043047,-0.05214444,0.02361959,-0.06004030,-0.06113146,0.09243675,0.06377573,-0.09149736,0.11351225
-0.05327018,0.03134116,-0.00859412,-0.01836874,0.12186025,-0.01369290,-0.14762345,-0.00249083,-0.01383651,0.05417155,0.05118953,-0.09133675,0.07204997,-0.00453310,0.01411191,-0.10789659,0.09865019,-0.03875290,0.05946248,-0.02634965,0.08085345,0.06744453,-0.06353963,-0.10210723,-0.09381194,0.05013328,-0.07534107,-0.11055246,-0.04801217,-0.10644519,-0.02850225,0.02593682,-0.04004580,-0.04891573,-0.12485500,-0.09626974,-0.03926970,-0.05444589,-0.03779715,0.06289546,-0.03955005,0.04298859,-0.02279619,-0.01069377,0.11204263,-0.05074657,-0.00962880,0.03086026,0.00711802,0.01970959,-0.05200781,0.06919270,-0.00328393,-0.01040746,0.04015006,0.04294318,0.05051056,0.08293023,-0.00889749,0.04238553,0.02569045,-0.03737677,-0.00132943,0.03730223,0.08248241,-0.05150547,-0.01357803,0.14528254,0.08412752,0.07085407,-0.11321835,-0.10953396,0.09647330,0.06850902,0.02343890,-0.10111818,0.00554922,-0.04935145,0.03195059,0.09782165,-0.11515616,0.03055457,0.01706394,-0.08777457,0.15683825,-0.06966060,0.04179819,-0.08291586,-0.04380154,0.10217983,-0.06338973,-0.07683219,0.05262340,-0.08425761,-0.01955860,-0.05004027,0.04322236,0.04883460,-0.08750200,0.14992593
0.02811803,0.00160838,-0.03788388,-0.01519389,0.06747407,0.01274932,-0.12537912,-0.10447073,0.07712384,0.00202537,0.10572588,-0.08121576,-0.05446703,-0.14507610,-0.00150027,-0.00923044,0.00998215,-0.08008698,-0.02158028,-0.05898877,0.13934793,0.05615497,0.00452376,-0.16477597,-0.10178857,0.01768129,0.00038311,-0.07366523,0.00650236,0.05841725,0.10535385,0.07193666,-0.00761607,-0.03575122,-0.04180264,-0.11144028,-0.11269379,0.08911713,-0.00765888,-0.03508457,-0.09951521,0.03784192,-0.07502944,0.05269279,-0.04591199,-0.05572817,-0.14381076,-0.10926543,-0.10153770,-0.01685013,-0.16669789,0.09469637,0.02750856,-0.20673847,-0.06565817,0.01738350,-0.10100828,-0.03076773,0.11848542,-0.05348042,0.03347418,-0.02711337,0.01004167,-0.04229713,0.01842581,0.04339938,-0.05720077,-0.09695447,-0.01363442,-0.01600930,0.01823347,0.00156174,0.01350765,-0.11026339,-0.02410548,0.07301550,0.00005112,0.01035874,-0.04905093,-0.00182717,-0.03447208,0.06027375,-0.27420941,-0.12548164,-0.11755130,0.14826217,-0.07534511,0.13989072,-0.07251545,0.06504349,-0.12710728,-0.05613298,0.03486663,-0.10855188,-0.02238788,-0.02218067,-0.08973329,-0.02126344,-0.02165790,0.17032181
0.00729582,0.00759241,-0.11643601,-0.02654404,-0.14318784,-0.07435992,0.06236813,-0.04761686,-0.03287060,-0.04798932,-0.07781762,0.05188112,-0.06093497,0.09101116,-0.09746281,0.01496837,-0.04605978,-0.14102626,-0.01265915,-0.05075248,0.00094379,-0.02234046,-0.13538525,-0.00405329,0.10530943,0.01817255,-0.06462906,0.00317080,-0.06286852,0.02895584,-0.08151894,0.03129602,-0.09689736,0.05455040,-0.06564417,0.04099280,-0.00273245,0.16932930,0.03544478,-0.06277888,0.11981654,0.02898850,0.09954214,0.04110632,-0.00300129,0.00736274,-0.04048411,-0.02134948,-0.02758772,0.03412182,-0.08393899,-0.04338788,-0.11728793,0.05897858,0.15071920,-0.00519594,0.03069930,0.12633319,-0.07022763,-0.02750532,0.05522398,0.12026212,0.07597744,0.15733624,-0.13214490,-0.22857898,-0.02630387,0.05515248,-0.11865196,0.01550725,0.06214568,0.00977096,-0.02655736,0.02557153,-0.19336836,-0.03040983,-0.02216571,0.05132307,-0.10198408,-0.03973421,0.11570933,-0.00390569,0.07443376,0.03381591,0.06574398,-0.03966429,-0.19481742,-0.00299515,0.08534145,0.02277159,0.09378970,-0.03847710,-0.02095448,-0.07001528,0.11089998,0.06555051,0.06384122,0.00960014,-0.09280644,-0.19050558
0.11289345,-0.03726555,-0.06215728,0.01119084,0.12381914,0.01885323,-0.00917104,0.07862310,0.02798461,0.01109838,-0.10842372,-0.09505186,0.04950350,0.05122167,0.08838797,0.01744267,0.10845374,-0.12821215,0.05322318,-0.11404399,-0.06524076,0.02472210,0.01674670,-0.03993178,0.16518043,-0.02895918,-0.03465155,-0.10020135,-0.04917770,0.02207413,-0.04678605,-0.09081331,-0.01126942,-0.04256280,0.08208822,0.04922958,-0.03544056,-0.24052639,-0.04341190,0.10397726,-0.07159109,-0.00323700,-0.19428679,-0.04508644,0.00792408,-0.12108562,-0.01395226,0.01119513,0.11500984,-0.08410574,0.04289388,-0.03425242,0.01325052,0.05797227,0.07331869,-0.07150196,0.05955061,0.03626566,0.04011426,-0.06294553,0.01111842,0.06666692,-0.02050427,0.11957636,0.09585548,-0.08942875,-0.21541999,-0.01778883,0.21650113,0.01174225,-0.05565707,-0.08738914,-0.09705990,-0.15757853,-0.15665632,0.02416766,-0.09745435,0.01778848,-0.06538621,0.14654060,0.06567243,0.05803929,-0.04109922,-0.05719985,-0.02375921,0.07204533,0.06168855,0.07179652,0.02876626,0.08687530,0.06971038,-0.05436721,0.07226480,0.08119414,-0.02028733,-0.00122019,0.17717549,0.03896259,0.22408068,0.06526735
0.04192577,0.00655730,0.04655374,-0.04485263,0.18801792,0.12344441,0.01227824,-0.01686914,0.09732114,-0.03868413,0.01172110,0.01407305,0.07943697,-0.02856120,-0.04269076,0.02181716,-0.00991617,0.09929667,0.08473623,-0.01921451,-0.04511122,0.00536108,-0.03415035,0.09548188,-0.04733520,-0.05283052,0.09458100,0.02798944,0.02767133,-0.10240520,-0.01200518,0.02762327,-0.02709713,0.11184842,0.05602504,-0.05987059,-0.06274197,-0.09813159,0.01345223,0.04810881,-0.05179254,-0.08666252,0.08769047,-0.09843800,-0.05043768,0.02877026,-0.06544342,0.06459390,-0.07454651,-0.05743271,-0.03584855,-0.15128875,-0.10500404,0.05891906,-0.10468373,0.08843067,-0.05681270,0.08334041,0.09969768,0.05993615,0.12077300,-0.03642623,-0.03399532,-0.03633806,-0.06814782,0.02669330,-0.01891213,-0.00641361,0.04055120,-0.05488613,0.11964713,0.08022562,0.10928445,-0.02847196,0.04897866,-0.01932444,-0.04597994,-0.03906791,-0.02416062,-0.04060344,0.06240764,-0.09669975,0.05208355,-0.01602696,0.06554747,-0.01573774,0.02708070,0.04886163,-0.04269861,-0.08812442,-0.06197224,-0.02927537,0.07088010,0.11941744,-0.11344507,-0.04305696,0.11682699,0.09254253,0.01714005,0.27219468
0.15729900,0.12259049,-0.05012600,0.09661511,0.03301219,0.05128346,0.02646167,0.02804603,-0.15539403,-0.24039266,0.06052561,0.01947528,0.08189856,0.04658839,0.15502517,0.13190359,0.03013313,-0.06382769,-0.01484321,-0.12558573,-0.02353353,-0.09338214,0.07730240,-0.04418311,0.01333401,0.11661313,0.14388095,-0.03542996,-0.22354618,-0.07014655,-0.12757459,-0.08541317,0.15885960,-0.13561101,0.04023894,-0.01958564,-0.05303345,-0.03061658,-0.01189853,0.23573181,-0.00451517,0.11188636,-0.09431561,-0.20431058,0.03376431,-0.13145448,-0.09583916,-0.05207738,0.12904944,-0.04089492,-0.16400449,0.17179213,0.03094056,0.00379425,0.03397118,0.00112373,0.36481813,0.11531493,0.02837153,-0.01592853,-0.13903123,0.10207036,-0.01425825,-0.06937926,-0.06228667,-0.16141441,0.25219339,0.33733210,-0.13198070,0.12323462,-0.08929294,-0.03327030,-0.01286896,0.02510758,0.02183968,-0.06699149,0.04570842,-0.01484277,-0.00909738,-0.01710488,-0.21570063,-0.31416142,-0.06001130,0.09018240,0.07796456,-0.08323114,-0.16560824,0.12483332,-0.02164680,0.01250175,0.06909370,0.01522939,0.05103936,-0.12541567,0.06609647,0.00220139,0.07563813,-0.12796368,-0.17321348,0.03030604
0.05743270,-0.06306691,0.05534180,0.03087764,0.18934661,0.05907095,-0.04734034,0.04997410,0.05197174,0.06610109,0.01687895,0.01866790,0.02311966,-0.03647825,0.00657835,-0.04470779,0.08495322,-0.04131046,-0.03308451,0.05071370,0.10291743,0.07426312,-0.08734535,-0.03662055,-0.14278246,-0.08443305,0.00977093,-0.05915126,-0.07143698,-0.04568799,0.02535590,0.08478681,0.01172673,-0.00676803,-0.02445212,0.11013842,-0.00339866,-0.15457347,-0.08609197,-0.06948188,-0.11105796,-0.07401315,-0.06530242,-0.05547261,0.00044177,-0.10437887,0.07231221,0.05311399,-0.04658947,0.02338550,0.06461596,-0.08771224,0.09660750,-0.06889488,-0.10017135,-0.13076805,-0.07150289,0.02235891,-0.02855725,0.08698090,0.08475247,-0.05178949,-0.00872702,-0.12514666,0.00211496,0.04281041,0.00703337,-0.05081123,0.10356911,-0.06682356,0.07568800,0.03147982,-0.02660426,-0.05671517,0.14469938,0.07291403,-0.01578460,0.05927701,0.09987584,0.01659925,-0.03404738,-0.05493462,-0.07122753,-0.01763008,-0.01489717,0.03220030,0.06989202,0.08998734,-0.00321493,0.11938288,0.00619384,-0.05216680,0.10694941,-0.07815841,0.09281648,-0.10998723,-0.01808669,-0.00353669,-0.01006149,0.22882253
-0.09841025,0.10050220,-0.07247280,-0.05769828,-0.04106567,-0.01140535,0.08599386,-0.06043469,-0.06776482,0.08608075,0.10070520,-0.03963207,-0.00909187,0.09725333,0.02206540,0.04413743,-0.06814051,0.01463235,0.07355087,0.02725660,0.03213134,-0.05215234,-0.06640161,0.05103350,0.11261090,0.06808931,-0.08559521,0.10651165,0.17461127,0.09447299,0.07140955,-0.04470084,0.03803726,-0.00431524,0.02985819,-0.09966043,-0.00081843,-0.00600527,0.00514495,-0.06550457,0.06728526,-0.12237404,-0.02864494,0.07334735,-0.10976923,-0.01273280,0.10738661,0.00093941,0.04377400,-0.09065283,-0.03828917,-0.08885698,-0.02608499,-0.20274478,0.06647315,0.09635144,0.05333519,-0.03354804,0.09860883,-0.10192298,-0.05287141,0.08208704,0.13893504,0.12694553,0.12939757,0.16069293,-0.06494083,0.04351103,-0.13458169,-0.09509120,0.06008304,-0.02731279,0.11851463,0.03069697,-0.01677172,0.00725369,0.05074186,0.12657085,-0.06082721,0.00544221,-0.00609134,-0.05666726,0.05742217,-0.05656304,-0.13411535,-0.01601876,-0.10791709,0.11896117,0.04888663,0.05780682,0.05769138,0.05691839,-0.12111828,-0.04540249,0.10752831,-0.00616028,-0.14080763,0.00841834,-0.08407684,-0.14913377
-0.00017534,0.00241798,-0.10532965,0.00297371,0.20429054,0.13389501,-0.09472148,0.01816468,0.08759736,0.09111448,-0.04327512,-0.11442829,0.14093558,-0.09685067,-0.03018495,0.03472120,0.02250068,-0.01234946,0.07812285,0.06970237,-0.04900976,-0.02443954,-0.01665922,0.05494802,0.06260433,-0.00809526,0.03030007,0.00382829,0.07148480,-0.02203315,0.12716380,0.11785636,-0.07143980,-0.06831031,0.06127040,0.01022688,0.06427370,0.01950561,0.04127593,0.09089221,0.02444589,-0.03569606,0.11106070,0.07336526,-0.04659055,0.03565107,0.06956522,0.07735612,-0.01870043,0.04104628,0.12410639,-0.07195517,0.09107701,-0.00071607,-0.03482616,0.04502890,-0.00634811,-0.04494100,0.05952102,0.01120646,-0.04609862,0.03253226,0.02006876,-0.06714967,-0.08431147,0.01725501,-0.04898228,-0.10687231,-0.04492694,0.06201966,0.02322475,0.02006267,0.05056853,0.10400384,0.09007153,-0.07330867,0.08829031,-0.05896775,-0.05245636,0.04736099,0.08855376,-0.20950751,-0.04779886,-0.05404920,0.09820721,0.01324707,0.13604301,0.02014934,0.02078651,-0.01895483,0.07938699,-0.05853107,-0.05398913,0.04752150,0.04530337,-0.00458065,-0.10075304,-0.04003162,0.20650664,0.36741340
0.07989474,-0.06666606,0.06198757,-0.02201781,0.02055184,0.16542314,0.02495197,0.03140544,0.15337574,0.01250951,-0.03773900,-0.03923979,0.02984063,-0.03222589,0.07300974,-0.05510864,-0.04699805,-0.06677869,-0.06929863,0.10988602,0.05088253,-0.11266427,0.02976427,0.02049514,0.03565251,-0.04855141,0.10931396,-0.06969302,0.06461050,-0.18330334,-0.11071163,-0.03878362,-0.08945550,0.11517826,0.01335593,-0.01420972,-0.05897313,-0.16979067,-0.01729612,-0.19283850,0.03746692,-0.06417020,0.09790501,-0.12081173,-0.11344101,0.06424826,0.05674316,0.09431423,-0.08453289,-0.04634909,0.15086488,-0.02516992,0.02865506,0.18902370,0.08315831,-0.06247982,-0.04925901,0.07945304,0.14882749,0.00594175,0.12723088,-0.01132664,-0.05205515,-0.01966467,0.05977109,-0.15905067,0.07027916,0.03155331,0.12230802,-0.05524937,0.10351693,0.00074912,0.04922813,-0.07507067,0.01622228,0.07392716,0.00025019,-0.02527175,-0.05474173,0.03897728,-0.02954152,0.03633778,-0.00293598,0.10137964,0.10217288,0.00647710,0.04837744,-0.13133405,0.03491393,0.07782317,-0.08886083,-0.04885949,0.04094204,0.07775136,-0.01751280,0.02744737,0.05694084,0.13574579,-0.11942737,0.11532184
-0.03474675,-0.06271113,0.05042686,0.08769761,-0.05940930,-0.07304826,0.00911916,0.05236940,-0.08217940,-0.09873311,-0.05085964,0.09937967,-0.10681294,-0.05738803,-0.08005302,0.00772579,-0.03881541,-0.03796976,-0.09254389,-0.15146106,-0.05941207,-0.07902890,0.04875403,0.01544509,-0.02018362,0.01729243,-0.06753598,0.07151946,-0.06831375,-0.01219029,0.02127165,-0.13975096,-0.00838967,-0.04795985,-0.11613895,0.07935626,0.10565307,0.01163280,-0.09790708,-0.01827124,-0.07014993,-0.07005073,-0.12312305,0.04095960,-0.05402887,-0.08593245,-0.09016785,0.04231998,0.02523616,-0.09100746,-0.14016356,0.05137647,0.13126306,0.00073394,-0.02802438,-0.06028115,0.05442474,0.03575287,-0.07756945,0.06532934,0.00736875,-0.14216311,0.06487690,0.05877353,-0.05300433,0.11241181,-0.02110431,-0.00451846,-0.12586471,0.09084346,-0.08634423,-0.09157658,0.04570811,-0.14416881,-0.01726069,-0.11128803,0.06879180,-0.03488712,-0.01359338,-0.07399070,-0.03724883,-0.00927045,0.11787170,-0.08897153,-0.04736308,0.05125901,-0.02440012,-0.02874399,-0.12605989,-0.08046757,0.01044995,-0.01491700,-0.09480743,-0.05630847,0.08973546,0.08388638,-0.00016868,-0.11152290,-0.05819941,-0.27622372
0.08161426,-0.04479986,-0.00929318,0.00623996,-0.00685608,0.13086852,-0.26504943,0.02809925,-0.00875718,0.04108327,-0.01534582,-0.04139784,0.09448000,-0.06158368,-0.01607320,-0.08904511,-0.04165264,0.01676602,-0.01764346,-0.09194043,0.08256816,-0.04301622,-0.11883399,-0.05720330,-0.05774947,0.04999183,-0.10156093,-0.04890757,-0.03631900,-0.00445814,-0.04080448,0.04844036,-0.03613601,0.06337075,0.05215177,0.08434605,-0.07889420,0.00860159,-0.07367424,0.25072500,-0.07761197,-0.00953849,-0.00945182,-0.18343548,0.12764460,-0.10241771,-0.07989419,0.07295925,0.01476518,-0.03508020,-0.07944265,-0.07609434,-0.06258696,-0.10095947,0.04118679,-0.06869525,0.04719333,0.07952016,-0.02704139,0.01540570,-0.07163788,0.09575440,-0.05977163,0.01011692,0.08672886,-0.06708151,0.01884698,0.17345631,0.07440516,-0.05428002,-0.01809244,-0.03446428,0.00789962,0.01391165,0.00734979,0.07968160,0.10953500,-0.03914589,0.07922990,0.04902470,-0.10995837,0.03259327,-0.15720156,-0.07304182,0.13053270,-0.08160536,0.15775320,0.06150680,0.01033277,0.15829945,0.03824761,-0.10113949,0.06994066,-0.08859823,-0.07935581,-0.08899623,0.12700962,0.08989057,0.20015654,0.07944786
0.00811180,0.01677698,-0.04199077,0.01244823,0.15550222,0.20636356,0.02131388,0.06940194,0.18009853,-0.02217735,-0.09618570,-0.04982258,0.14933060,-0.11943976,0.04233988,-0.10726953,-0.05514345,0.06946135,0.09009550,-0.08812481,0.04252441,-0.05643576,-0.07679402,0.06980860,-0.10057254,0.03181970,0.05256690,-0.13628091,-0.01784079,-0.00621687,-0.02992219,0.02013084,0.02992425,-0.06824141,0.06800897,0.05377955,0.01698942,-0.06312595,-0.05873399,-0.04768962,0.00923279,-0.07226650,0.01295243,0.04283717,0.01152594,0.09935726,-0.06486379,0.07584987,-0.05199447,-0.02485949,-0.08148323,-0.10354380,-0.05361999,-0.12468088,-0.01852733,-0.07708330,0.05940921,-0.03607984,0.02533967,-0.07632203,-0.04940505,-0.03120911,0.03835892,0.08194183,0.09205095,0.01422470,-0.00483454,0.00830164,0.03736668,-0.05819361,0.04720654,-0.06084315,0.10123954,0.03021230,0.06106779,0.02611317,0.02009542,-0.09455203,0.08784954,-0.01274939,0.04303448,0.00616739,0.06605705,-0.08905266,-0.02325203,0.04886831,0.06602778,-0.00533473,0.09248016,-0.02044801,-0.09365540,-0.02430136,-0.04924958,0.01597611,-0.06863263,-0.01364071,-0.06015519,-0.04885622,0.01230180,0.22542959
-0.00624503,-0.02861525,0.12888993,-0.01501637,0.13058399,0.05244556,-0.06336332,0.06712419,0.07112141,-0.01591535,-0.09644307,0.07240179,0.10256542,-0.14795516,0.08865192,0.02728344,0.28898013,0.03514915,-0.03354762,0.03273650,-0.02663044,0.04426606,-0.02473913,-0.01904662,-0.09048359,-0.11424700,0.08812388,-0.05230545,-0.11062410,-0.08180819,-0.08331471,0.03367874,0.00218596,-0.07494972,0.12687483,0.01442145,0.01353461,-0.10209747,0.07137537,-0.00299242,0.00434366,0.05143785,0.06960039,0.03124493,0.11812346,-0.03347205,-0.09313849,-0.05848710,0.04988010,0.06661133,0.02614421,0.06036706,-0.01717612,0.05233975,-0.03290449,-0.01588394,0.05105715,0.03434195,-0.05482168,-0.00328320,-0.01511356,0.06828605,-0.09980220,-0.06099827,-0.05005441,-0.04704072,0.08452126,0.11086193,0.13990393,-0.07993048,0.02653967,0.06773763,-0.08725901,-0.07164500,0.17601322,0.05919143,-0.07208946,0.00728071,-0.06608516,-0.00247035,-0.04275114,0.05398402,0.03588887,0.00170047,-0.03550958,0.02259417,0.06187011,-0.09517460,-0.10034716,0.04634545,-0.13245922,-0.02514416,0.06771778,-0.07765130,0.01814528,-0.07716257,0.21268442,-0.01248713,0.16762052,0.18823183
-0.02265687,0.08811770,-0.01494389,-0.08248993,0.03201729,0.00745359,0.08704265,-0.07247528,0.09715546,0.11391211,0.10104825,-0.04320169,0.14727929,0.05934105,0.06708289,-0.10119982,-0.02616116,0.05040965,-0.03544974,-0.04257680,-0.12462723,0.00286716,-0.03164832,-0.04156436,-0.00596692,-0.06618126,0.04211716,0.00687613,0.01237632,0.04630393,0.07789362,-0.06353701,0.10334579,-0.06215057,-0.07762457,-0.04820697,0.00619404,-0.10733309,-0.08259352,-0.10397614,-0.08265883,-0.01783627,-0.05276190,-0.00920420,-0.05318606,-0.02195524,-0.09640973,-0.02049688,-0.00140672,0.02017181,0.01409779,-0.06857912,-0.00628139,-0.12558830,-0.04963828,-0.00206673,0.07093887,-0.14809442,0.18899797,-0.02928153,0.08463975,-0.10440973,0.18603483,0.08973450,-0.00349509,-0.00158502,0.26280242,-0.16597362,0.02660529,0.00274224,-0.00080777,0.07749010,0.11275077,-0.08124105,0.02907319,-0.03941415,0.10351081,0.13911080,0.01047533,-0.07224151,-0.05260480,-0.02248953,-0.09526548,-0.09462836,-0.12653814,-0.02446027,-0.16599368,0.04325508,0.08559262,-0.05544670,-0.04609111,-0.03762687,0.02415985,-0.11000457,-0.06575870,-0.05547151,-0.09169205,-0.03216494,-0.00953628,-0.03273790
-0.01285915,0.04655197,-0.01160612,-0.04393282,0.08105651,-0.00126559,-0.12155718,0.06472473,0.06967770,0.00087872,0.09100923,-0.08025051,0.04905057,-0.08944925,0.05228468,-0.00662852,0.05829870,0.01315284,-0.04700507,0.05345203,-0.00903174,-0.06896430,-0.05873230,-0.04813040,-0.08648492,-0.01883824,-0.00880311,0.02452756,-0.03303103,-0.08224417,0.05910725,0.02816650,0.04121976,0.04445175,0.08095300,-0.06670888,0.00990563,-0.06688578,0.01488718,0.22449529,0.01292313,-0.00343979,-0.09596512,0.02898635,0.08983566,-0.11584537,-0.00962306,-0.05410682,-0.02916402,-0.24366097,0.02885256,-0.03172585,-0.07635750,0.08339365,-0.11198102,-0.06520500,-0.02137316,0.07316859,0.08214001,0.04063970,0.03530285,0.07306898,0.01472369,-0.04751510,-0.06622355,0.10001922,-0.05222064,0.02045125,0.09864873,-0.01179009,-0.08436565,-0.06781746,-0.02811490,0.02692647,0.08299205,-0.07791813,-0.03618894,-0.08705344,0.01151418,0.02460789,-0.15075202,-0.05028193,0.16118993,0.05170620,0.06645004,-0.09758826,0.05762471,0.01187984,-0.10525932,-0.01632158,-0.11663111,-0.08912220,0.05373872,0.00904054,0.02118319,-0.00284079,0.12926224,-0.06419832,0.03758726,0.09153496
-0.01339024,0.05166736,0.01714416,0.12750731,0.07941966,0.02749542,0.00241027,0.04763690,-0.04383310,-0.03348702,-0.10463486,0.03524447,-0.00429974,-0.08551890,-0.03728775,0.05107898,0.14551054,0.01103727,0.06832831,0.09854576,-0.07230926,0.04514699,0.09099617,0.13158774,-0.07720938,-0.11404954,-0.02485710,0.06588654,0.12837240,0.08182146,0.06605025,0.00495947,0.04013012,-0.02720884,-0.03051320,-0.03880569,-0.08235464,-0.12223493,-0.03432518,0.04849765,0.06654835,-0.05711462,0.11309887,-0.02411067,-0.03081840,0.06176721,0.08636685,-0.04474889,-0.05070378,-0.03452720,0.07130731,-0.17079920,-0.06339042,-0.04251488,0.07504936,-0.03649539,0.00915937,-0.09153301,0.06606171,-0.05005134,-0.01031347,0.03806964,0.01785739,0.04664973,0.05193061,0.00843104,-0.08584730,-0.02950657,0.00993578,-0.07513640,-0.02509608,0.12319795,0.03418041,-0.01337622,0.04749085,0.10850459,-0.06596719,-0.09917935,-0.11011607,0.02584846,-0.03600507,-0.05868471,0.00262606,0.04042374,0.05283739,-0.09493149,-0.04631722,-0.01837630,-0.02693845,-0.07734764,-0.02891363,-0.06052428,-0.12563470,-0.00793322,-0.14324157,-0.00118383,0.01007346,0.08148061,0.09794445,0.37369600
-0.00123920,-0.02783555,-0.01790463,-0.03711043,-0.19062525,-0.07223101,0.08350347,0.12642750,-0.14736277,-0.13385916,0.10288648,0.09845427,-0.12844360,0.08379929,-0.01751341,0.00401021,0.06283211,0.08149439,-0.01642499,-0.05592573,0.12568444,0.01910308,-0.02254801,-0.03382093,-0.10018657,0.14372037,0.03326867,0.05350579,-0.07869838,-0.00981667,-0.01823422,-0.22044420,0.08049628,-0.01645939,0.06480456,-0.08615300,0.08824804,0.11779183,-0.14759566,0.03390336,-0.11578107,0.05035874,-0.14284031,0.03510789,0.05415105,-0.11943234,0.03988791,-0.01970612,-0.08708197,0.06728986,-0.15651497,0.17463741,0.09978857,0.16215074,-0.03789478,-0.01360474,0.10846847,0.04455365,-0.06824775,0.00953532,-0.10102958,-0.06089135,0.11693212,-0.14084052,-0.11848012,0.01746687,-0.00186299,-0.00580630,-0.03377552,0.10502291,-0.04205421,0.06528126,0.07763477,-0.05529540,-0.00274369,-0.07340100,0.00957242,-0.06327611,0.14026915,-0.05633545,-0.10106469,0.03879352,-0.06718130,0.05610934,0.10941733,0.06528430,-0.11527621,0.03599150,-0.15379606,-0.06017380,-0.02051895,0.05506129,0.07365466,-0.18019818,0.19364397,-0.11280815,0.03005142,-0.16783379,-0.22855499,-0.41739559
-0.10818666,-0.01929308,0.03462077,0.01794196,-0.00126450,-0.05964686,0.10386092,0.02064197,-0.07002814,0.12476530,-0.05093081,0.15597278,-0.08853041,0.17319977,-0.12784822,-0.03033049,-0.03313318,-0.01924364,-0.06384805,0.07887700,0.08905823,-0.04518133,0.15409151,0.03237264,0.02370856,-0.00936629,-0.02982502,0.18788974,0.13239133,0.12604041,0.10773365,0.00776027,-0.06837736,-0.04421315,-0.01641488,-0.01203171,0.01738781,0.04432655,-0.03733131,0.13475624,-0.03829231,-0.02976985,0.13035949,0.13050091,0.00481316,0.05391864,0.11853030,0.04017234,0.09453119,-0.04239407,0.04175261,0.03098354,-0.12533541,-0.19979602,-0.00970033,0.09299412,-0.20439920,0.03711617,-0.07929446,0.02729674,0.06958618,-0.00450018,-0.02705308,0.07196506,-0.22336479,0.04486412,-0.00576605,-0.14769760,-0.13571359,-0.08276580,0.00296511,0.04270844,-0.05562822,0.13368188,0.00287293,0.03557532,-0.05282456,0.05425538,-0.12574491,-0.09777165,0.06923541,-0.21049538,-0.04094109,0.07386284,0.01096493,-0.01709529,0.12346001,0.02656187,-0.03376653,-0.14191999,-0.01385490,-0.05010196,-0.02539329,0.10590173,0.02621325,0.15164170,-0.05494130,-0.06389089,-0.09620690,-0.10963919
-0.22935379,-0.07213894,-0.06745414,0.10176942,0.05239736,-0.06192271,-0.02824482,0.06933264,-0.23041259,-0.09554346,0.05441774,0.05466276,0.14797895,0.06497151,-0.10632723,0.19680215,-0.02818465,0.22741240,0.05735728,0.10685901,0.00932078,0.01374300,0.09043232,-0.02368055,0.16367799,0.04861586,0.05683185,0.08911318,0.11787042,0.16953216,-0.01201932,0.01358252,0.03666194,-0.08448269,0.05087807,-0.24939950,-0.07656689,0.15996407,0.02148855,-0.01791868,-0.00141982,0.09211177,0.04539521,-0.01909842,0.01049721,0.01682125,0.09396718,0.15909393,-0.08239079,-0.12878744,0.01537588,0.07968596,-0.03433682,0.15441175,-0.05116424,-0.01877962,-0.08282466,0.12274557,-0.20886993,0.03811585,-0.01485609,0.22059050,0.05843166,0.16601858,-0.20089416,0.17306708,0.12567185,-0.09393586,-0.29276228,-0.11434720,-0.02583795,0.09983946,-0.12501553,0.04891417,0.07638311,-0.08423337,-0.09565624,0.05921056,-0.14806764,0.03607708,0.07830086,0.17620978,-0.02440860,0.08416647,-0.00759121,0.05520626,-0.02910463,-0.11508898,0.04547994,0.09037814,0.05068057,-0.11262738,0.12135969,0.07123167,-0.13154104,0.04869252,0.13837896,-0.01036161,0.65909374,-0.12603538
0.06678673,-0.02270336,-0.04397560,-0.00033599,-0.02938370,0.06980662,-0.02581823,0.05635806,-0.00517304,-0.01983541,-0.01156425,-0.13157466,0.15113278,0.06346726,-0.00167010,0.05442746,0.03437179,-0.03730256,0.07973153,-0.06495982,-0.04006514,0.03863351,0.18939219,-0.00738729,-0.05723508,-0.04355612,0.06966179,-0.05813580,-0.08781920,-0.02721753,-0.03707708,0.00977261,-0.00721791,0.03655158,0.01522492,-0.03731307,-0.05426915,0.09055174,-0.08109084,0.04847139,0.09934051,-0.00570425,-0.06781290,-0.00731125,-0.00149398,0.03061425,0.10671455,-0.08070334,-0.10763603,0.03731283,-0.05938509,0.06403995,-0.02584602,-0.26957509,-0.02428801,-0.10359343,0.00054465,0.04958577,0.04292901,-0.07978804,0.12111100,0.11731886,-0.01078084,0.02552599,-0.13470513,0.03198778,0.24367349,0.05812451,-0.16813122,0.00865941,-0.05845574,0.07870312,0.10359186,0.05288772,0.02293541,0.04428169,-0.08802349,0.08277117,0.05090595,0.01909022,-0.02329058,-0.06355254,-0.05396047,0.06613841,-0.07153303,0.05401506,0.08173335,0.01161055,-0.02022185,-0.17907785,-0.04475869,0.02841987,-0.06607716,-0.06588958,-0.07347354,0.09833214,0.09007392,-0.01392072,-0.13390894,-0.00632391
0.02774141,0.05773310,-0.00133686,-0.08359396,0.16561265,-0.04170629,-0.00890172,0.21586657,-0.13933304,0.12040259,-0.08780428,-0.15720232,0.10526201,0.12947407,-0.06500323,0.07101020,0.13018675,0.15063965,0.13432072,0.18736273,0.21936406,-0.04805344,0.10400620,-0.02549548,0.09053538,-0.03559477,-0.00771231,0.00261350,-0.25534812,-0.09365875,-0.02344821,0.04852590,-0.02845947,-0.06093842,0.02954132,-0.07385290,-0.13998355,0.03304245,0.12360492,0.37462118,0.15829554,-0.06407497,0.14058146,-0.01718459,-0.10970689,0.03074482,0.03318649,0.16894947,-0.06398065,0.07012875,0.08666930,-0.04581218,0.06305113,0.04565242,-0.00577986,0.10295333,-0.10861818,0.13202603,-0.17212480,-0.14661992,-0.06199839,-0.07030448,-0.00038773,0.05518559,-0.24010326,-0.13999143,0.23915797,0.06483661,-0.09727504,-0.05155571,0.05943206,0.04863123,-0.03127710,0.11653503,0.04259033,0.05712662,-0.09380330,-0.09009235,0.02856251,-0.07341605,-0.04132800,-0.04262646,0.15531816,0.13071646,0.07045535,0.12667988,0.10720526,-0.07764916,0.02664301,0.04633427,0.06782709,-0.16180499,0.17312627,-0.00881203,0.02368334,0.03823487,0.45698950,0.12094866,0.27512506,0.10076776
0.05080162,-0.09778546,0.01632543,0.06249467,-0.12267304,-0.09111967,0.06631178,0.12383701,-0.08002060,-0.06738052,-0.10410304,0.13087887,0.00936504,-0.00049651,0.00680410,0.08923824,0.00404321,0.06572606,0.13603693,-0.02733471,-0.04501430,-0.07207015,-0.07444638,0.08821974,0.06495558,0.03231252,0.05455109,0.00474781,0.06588812,0.02162708,-0.00096922,0.02874508,-0.00791900,-0.07908501,0.12021621,0.08868018,0.04241159,0.15640888,-0.04375545,-0.19249292,0.11831988,-0.01563057,0.00320821,0.10350693,0.02447185,0.12492018,0.11087605,0.08725344,-0.03504912,0.04349371,0.09246282,-0.01109514,0.05789345,-0.01085271,0.01572448,-0.03588708,-0.12881066,0.00426748,0.03519880,-0.11012477,0.11723346,0.05469576,0.05137677,0.02622405,-0.07813571,-0.08304282,0.00052304,0.07869387,-0.20136337,0.08231431,0.01697383,-0.00709808,-0.11443571,0.06524704,-0.13994274,-0.07904436,-0.07038319,-0.06385316,-0.13174155,0.02508919,-0.02325498,0.05363381,0.04125543,0.16931668,-0.07578786,0.10870940,-0.11140604,0.00629473,-0.01641314,-0.08036682,0.08626533,0.08477633,-0.03539312,-0.03067823,-0.08447071,-0.00071236,0.10907858,0.09554947,-0.10334875,-0.14481357
-0.02757491,-0.06244352,0.02171335,0.10345805,0.08988544,0.10447264,-0.03547853,0.05190315,-0.11469831,-0.09131143,0.06300838,0.04077336,0.27648616,-0.10149568,0.03223045,-0.05917480,0.02366035,0.02648953,-0.10220585,0.15953222,0.08666825,0.14464532,0.04655774,0.06206553,-0.01013900,0.02409844,-0.00568723,0.12765059,0.05378805,-0.01342064,-0.05093929,-0.06645293,-0.08860705,0.07803484,0.03521938,-0.06020718,-0.15142499,-0.09827169,0.05748981,-0.10532855,-0.08190452,-0.04203147,0.02191514,0.07800983,-0.10329600,0.10332447,0.03179058,-0.07470080,-0.03897148,0.02340962,-0.05093203,0.06700234,0.04016003,0.13714255,-0.00436700,-0.09742451,-0.09560198,-0.14326215,0.11027768,0.12958975,0.03598069,0.04282112,0.04477333,-0.05069860,-0.17281912,0.01135321,0.16596062,0.18794769,-0.01998056,0.01693385,-0.01773188,0.00882923,-0.06420664,-0.08644671,0.10595718,-0.01209827,-0.07248551,-0.00934666,-0.00155528,-0.17862424,-0.03319986,-0.11806090,0.11771467,0.03290466,-0.16222341,0.04138063,-0.02981698,-0.04978846,-0.08102084,0.03949105,-0.07302152,0.02191952,-0.00181090,-0.08434894,0.03034621,-0.02863484,-0.00475616,0.09138895,-0.02851933,0.03674974
0.04970848,-0.03682914,0.02302423,0.01853370,-0.29757342,-0.03798500,0.08250256,0.04107142,-0.20927690,-0.09352061,-0.04719535,0.06092574,0.08792597,0.06474181,-0.00203683,0.12460773,-0.02117879,-0.13724424,0.00828078,-0.05087976,-0.06976356,0.00660723,-0.03419819,-0.02405944,0.06710205,0.01599213,0.03114603,0.12169029,-0.00790206,-0.01817881,0.02944534,-0.13170312,-0.03131250,0.00683904,-0.10090586,-0.12742166,0.08325506,0.22842906,0.03618687,-0.00447108,0.10418677,-0.07234618,0.10125818,0.06586879,-0.07179161,0.06038781,0.13186021,0.05117111,-0.15507193,0.02478361,0.12231728,-0.00821853,-0.03992284,-0.03928851,-0.07734807,0.17077579,-0.06640214,-0.12439881,-0.32256231,-0.03090871,0.12636527,0.07709797,0.14177866,0.10466321,-0.06075904,0.02029451,0.07456008,0.00131678,-0.09414291,-0.04992913,0.06932220,0.02299644,0.04183451,0.01813371,-0.26052821,0.00522885,-0.01538957,0.00317175,-0.03364457,-0.12478680,-0.01639253,0.03731171,0.02890909,-0.02217957,-0.01895123,-0.09207765,0.04806070,-0.06667216,0.02797534,-0.07518744,-0.01686631,-0.03578616,-0.00479169,-0.01186979,-0.08735002,0.11538432,0.04416263,0.02914741,-0.09163504,-0.20164853
-0.02839500,-0.02031071,-0.02098200,0.04564253,-0.19541126,-0.06459378,0.07627615,0.09321704,-0.17040576,-0.10778709,0.12988338,0.03327959,-0.02328148,-0.07261893,-0.06765638,0.01888970,-0.01003982,0.01875762,-0.04237850,-0.10613950,-0.04035588,-0.01258382,-0.02979502,-0.00576352,0.10991700,0.03479381,-0.06712570,-0.02343447,0.01387964,0.08661933,-0.05482507,-0.14040117,-0.01111004,-0.10044625,-0.04109811,0.06013871,-0.01015111,0.16930890,-0.12540680,0.09402265,-0.00277480,-0.06200898,-0.08784308,-0.07894515,0.01996516,0.04037280,-0.05205960,-0.08130419,-0.01872623,-0.09398345,-0.00413211,0.15327884,0.11335158,0.08686392,0.05989361,0.15041053,0.09086991,0.08748282,-0.13538846,0.10808092,-0.04602307,-0.08677938,0.02335335,0.04609046,-0.02896100,-0.05219489,0.10423032,0.03943791,-0.14702138,-0.03062002,-0.07707715,0.00075833,-0.08840338,-0.02068549,0.01558423,0.02710273,-0.05837944,0.11015025,0.09639012,-0.05786317,-0.06243782,0.13717344,-0.08626430,-0.02237113,0.10292960,-0.06240701,0.05775204,0.07897180,-0.10050628,0.03761487,0.08353586,0.00285534,-0.04751495,-0.09561053,0.01239846,0.01721661,0.07829431,-0.07591064,-0.04529407,-0.24616084
0.11221322,-0.01423238,0.07013183,-0.04649031,0.03639383,0.08017767,0.02380194,-0.00052880,0.07934753,-0.02496756,0.05822720,0.03559951,0.05256757,-0.08450191,-0.00595264,0.06010969,-0.04437380,0.00190320,0.04567898,0.12206107,0.10078275,0.09379482,0.07422517,0.01276685,0.05072431,-0.05199142,-0.08156861,-0.10368157,-0.05529566,-0.16755404,-0.03372288,-0.01801049,-0.11179851,0.04162522,0.10265590,0.07816872,0.01675130,-0.16511390,0.07452004,-0.09316105,0.04037921,0.09232443,-0.04922046,-0.04536135,0.05007558,0.08672544,-0.05885442,0.06116379,-0.01556954,-0.00293808,-0.04551592,-0.11206285,-0.00238021,0.00102652,0.02084173,-0.04713069,-0.02321250,0.09179696,-0.08390158,-0.04927911,-0.02216499,-0.00225563,0.01150959,-0.03773399,0.01656949,0.07066988,0.10652805,-0.06222098,0.04907589,-0.02679219,0.06803953,-0.06141742,0.04855259,0.06462252,0.12728550,0.09776711,-0.08865123,-0.08740214,0.02515602,-0.06572870,0.08234942,-0.08816534,-0.00667408,-0.05240734,-0.02817257,0.03315371,-0.04507946,-0.10518174,0.02845312,0.03623995,-0.05930604,0.02698281,0.10503621,-0.03508328,0.00570403,-0.04156787,0.05409409,0.02737416,-0.02110985,0.30106467
-0.03617898,0.04375975,-0.07491905,-0.08737711,0.13284595,0.07613340,0.09193316,0.07070524,-0.08791178,-0.08590145,-0.13765915,-0.11241908,-0.03036631,0.03015117,0.02435796,-0.03846583,0.11779245,-0.05166621,0.06127005,0.02946128,0.10027169,0.03290357,-0.21406791,0.01421628,0.02607290,-0.10545863,-0.05691131,-0.00534714,0.04946356,-0.00474470,-0.02285552,-0.05402794,0.05748353,0.05693026,0.04145924,0.04533228,0.04614615,-0.11502894,0.02088569,0.03299125,-0.07046308,-0.11701325,-0.03890351,0.06202618,-0.07256189,-0.06808592,-0.00001127,0.07117120,0.00620277,-0.03463972,-0.06583354,-0.07526530,-0.03764709,-0.02165140,0.09832466,-0.04139354,-0.01758455,0.04413910,0.03497284,0.06156604,-0.08697139,-0.01304542,0.02513505,0.03114969,0.00761075,-0.08051480,0.02048800,0.03520474,0.04802550,0.10951091,0.00187185,-0.05321901,-0.05097724,0.03953367,-0.07429273,-0.12077322,0.00073042,0.04707121,0.00621498,-0.06079294,-0.01359792,0.14966790,-0.17056623,-0.02698518,-0.01458304,-0.08967138,-0.08035959,-0.03425143,0.01165410,0.12915914,0.05497405,0.00822470,0.07154479,0.03850107,-0.11527281,-0.00482361,0.01968318,-0.03022055,0.03766105,0.13400057
-0.04027998,0.06461497,-0.00714414,-0.06072328,0.06268542,0.04054281,0.06755138,0.05374675,0.02523281,0.04356156,-0.03159224,-0.10185907,0.02138610,0.05132834,-0.00715131,-0.06538415,-0.06117902,-0.09312912,-0.04238683,0.06794092,0.06269246,0.07177746,0.00851633,0.01205078,0.00334489,-0.04771843,-0.02723896,0.05483993,-0.05434087,-0.16446835,0.11530609,-0.09252945,-0.08316852,-0.05390995,-0.12274570,-0.06659007,0.00310168,0.05907602,-0.07847214,0.08350094,-0.11224601,-0.05953271,-0.03885584,0.05894309,0.13094704,0.01882671,-0.05359051,-0.01738566,0.02798063,0.01889834,0.09772838,-0.06164839,0.08444518,0.12436303,0.08704750,0.01317043,-0.03425216,0.01960149,-0.01271345,0.02678953,-0.04678776,-0.12052620,-0.17018901,-0.08357558,0.16999246,0.04254535,-0.15514755,0.01442634,0.14108413,0.08930859,0.01190273,0.07264209,-0.06347266,-0.09492338,-0.09545902,0.07272902,0.06252103,-0.06674542,0.06717841,-0.01513011,0.07945956,0.10842315,0.00320872,0.02954603,0.05515207,-0.01144654,-0.06634862,-0.08723406,0.07264995,-0.03304159,-0.11073627,0.01367296,0.03927837,0.05922014,0.04857145,-0.15561175,0.00877082,-0.02747813,0.07762164,0.02331854
0.03033321,0.04816393,0.01756064,-0.05157736,0.23157889,0.14673439,-0.02955382,0.09848661,0.10497689,-0.04860125,-0.12233925,-0.06766702,0.07954432,0.04547328,-0.01746137,-0.11867481,0.14551638,0.07723647,0.03985555,0.11038059,-0.03820407,0.00973145,-0.06842402,0.07654095,-0.08106057,-0.13562441,0.01889903,0.01294831,-0.05566030,-0.02744082,0.03151724,0.12031905,0.02116006,-0.00481669,0.01606007,-0.04828407,0.00888812,-0.16061911,0.06623349,0.03335752,-0.07859906,-0.03707842,0.11666028,0.01329078,-0.01746918,0.10817601,0.05850799,0.07617533,-0.02984735,0.10528151,-0.01076893,-0.07496746,-0.00647313,0.01683084,-0.04964254,-0.13676660,0.04096344,-0.02185287,0.05846443,-0.07665499,-0.06503951,0.11754477,-0.13599809,-0.02672914,0.08807584,-0.10403269,-0.10187642,-0.09371967,0.16533351,-0.01639858,-0.03272506,0.08748884,0.01819482,-0.02715346,0.16250350,0.13638860,-0.07038762,-0.11756295,0.00953582,-0.00417716,0.05787083,-0.14489266,0.07578974,0.06231257,-0.04416410,-0.05791943,-0.05669048,0.02580147,0.04583322,-0.08595487,-0.08014461,-0.03779905,0.01204104,0.04521804,-0.00254077,0.06710447,-0.05341445,-0.04482339,0.08327817,0.19743761
-0.11498931,0.00903169,-0.01044623,0.04589520,0.01705212,-0.16092263,-0.22926711,-0.35300067,-0.06053900,-0.02212818,0.09144453,0.26576924,-0.21629943,-0.12436539,0.07433300,-0.23229565,-0.27409980,-0.52112275,-0.11541697,-0.40025342,-0.04318353,-0.10649069,0.01633472,-0.30076486,-0.10942626,0.05387148,-0.06633854,-0.29027566,0.29820669,0.01333966,0.16755046,-0.02837875,0.18455110,-0.05778584,0.01893485,0.08702663,0.29376179,0.07539114,-0.31299958,-0.08828645,-0.24087781,0.47814304,-0.18868010,-0.31920907,0.16831985,-0.13568585,-0.24164243,-0.39879519,-0.07768425,-0.08762433,-0.04358803,0.28471440,0.10189017,-0.07145309,-0.19849585,0.10698427,-0.26626241,-0.09062532,-0.22771375,0.29406306,-0.34208560,-0.11999887,-0.06409698,-0.09452917,0.38525456,0.18027380,-0.21856673,-0.02886615,0.03189898,0.11962276,-0.33290899,-0.14234559,0.05043245,-0.15517087,0.15281174,-0.10802884,0.25745296,0.12862839,0.46284023,-0.04252423,-0.31793728,-0.15343554,0.15625794,-0.21732473,-0.09635743,0.01490602,0.16973796,0.05285945,-0.07115298,-0.02810158,-0.28534105,0.02111109,-0.11795513,-0.31252059,0.17834879,-0.13840173,-0.45915291,-0.19576693,0.04517455,-0.03124089
-0.08898780,-0.06282397,0.00060690,0.03446634,-0.16321710,-0.31424284,-0.03616655,0.07145134,-0.22379969,0.05005905,0.26444820,-0.20816416,-0.07378218,0.12204079,-0.12310116,0.14362428,-0.11583216,-0.29545298,-0.02660408,0.04086636,-0.04139084,-0.06020863,0.10529459,-0.03501742,0.04455499,-0.09876223,0.05948998,0.02846819,0.24417304,0.03982871,-0.00804147,-0.00010369,0.20994452,-0.01231542,-0.12810716,-0.10412598,-0.11355741,0.27607611,0.03914573,-0.09592234,0.00194243,0.03065463,-0.05070637,-0.01050754,-0.12858410,-0.03042002,0.04095325,-0.08588143,0.04825755,-0.09171978,0.00934415,0.02333795,0.05234482,-0.12037233,0.03670381,0.39544225,-0.02663042,-0.07486111,-0.11237778,0.03180510,0.08011574,-0.10105658,0.08997257,-0.04909242,0.31949449,0.13746080,-0.04203542,0.04136385,-0.05731884,0.08036235,0.00767839,-0.09253258,0.07484484,0.06849681,-0.14824891,0.02253287,0.02937806,0.27814904,-0.11839858,-0.09867287,0.01310585,-0.23962852,0.04726989,0.00920716,-0.18895759,-0.01485679,0.09197872,0.03876792,-0.00812481,0.10661314,0.01831153,0.30396032,-0.19571751,0.10664293,-0.04891023,-0.01047135,-0.22594793,-0.02691683,0.12225452,-0.14775664
-0.06124309,-0.04622425,0.09869802,0.01911329,0.03137464,-0.11141420,0.03045316,0.01874765,-0.14778757,0.02699369,-0.02828718,0.13802727,0.10687334,0.18105210,-0.04692856,0.22516166,0.11836758,0.39794472,-0.02598152,0.20081528,0.11948564,-0.14083366,0.07721374,0.10155310,0.10039461,-0.15624601,-0.01305070,-0.10192629,-0.23329256,-0.11231897,-0.03927032,-0.21738341,0.10498464,-0.06433012,0.17537275,-0.01491589,-0.21316808,-0.09562010,0.02796351,-0.01679669,0.12957177,0.00818896,0.09036977,0.01088242,0.05715656,-0.07203292,0.04876044,0.14958794,0.09938474,0.04696267,0.07252903,0.00708148,0.14294881,0.29172835,0.09108782,-0.16278048,0.02692314,0.25759131,-0.18909779,-0.12547086,0.05557325,0.04453408,-0.11230799,0.08458131,-0.43559086,-0.19836040,0.17296560,-0.00499339,-0.14290793,0.04519885,0.08357102,-0.05124345,-0.05438252,0.13156840,-0.22436839,0.02712065,0.01207466,-0.00042507,-0.02935773,0.02587238,0.07936424,-0.20424786,0.02864992,0.15533626,0.13966000,0.19119678,0.03225806,-0.09736597,-0.07643440,0.14205995,-0.01646074,-0.14143717,0.06360481,0.00077991,-0.01150006,0.03689966,0.64763504,0.04715997,0.11473152,-0.08240221
-0.08311462,0.08476351,-0.01143151,0.11033623,0.13118985,0.05411473,-0.07457379,0.12698083,-0.01616890,-0.12795722,-0.08195165,-0.07112550,0.01390797,-0.11918184,0.02875874,0.07503191,0.15110052,-0.21952198,0.00119293,0.03454228,-0.33608133,-0.09403993,0.04856151,-0.01661943,0.08479987,-0.08474734,-0.09675445,-0.00923391,0.07962964,0.09225547,0.04916620,-0.09265983,-0.05332425,-0.05065516,-0.01521166,0.01676407,0.11164457,0.03943007,-0.03046482,-0.09046541,-0.10284169,-0.12509117,0.02174914,-0.00543526,0.01019404,-0.01673123,-0.08086981,0.05282748,0.03236823,-0.08130896,0.02455867,0.08381689,-0.07014628,0.28645372,-0.09961091,-0.08760184,-0.07324242,0.08063586,-0.03418184,0.06417999,-0.01389230,-0.11448346,0.00631843,-0.09422635,0.50619864,0.07401959,-0.17751534,0.05772542,-0.00638832,-0.02318583,-0.10039506,0.05111250,-0.05708319,0.09630180,0.03092774,0.01835567,0.06404013,-0.00806076,-0.07686207,-0.06718363,0.06312013,0.22114742,-0.04594353,-0.08695365,0.14125472,0.01538828,0.06757367,-0.05630839,-0.02222437,-0.03765422,-0.06147669,-0.01221785,-0.03130258,0.04960527,0.09053890,-0.05906543,0.24923752,-0.04909640,0.27229813,0.02167885
0.03228459,-0.01637131,0.04096112,0.01506762,-0.10573246,0.09119466,-0.22147876,-0.29046094,0.08621768,-0.06970113,0.13414510,0.14072035,0.01498407,-0.06087203,-0.00698632,-0.08969900,-0.08425075,-0.03412356,-0.20389223,-0.01375934,0.20407523,-0.06692886,0.22039960,0.02156992,-0.05812641,0.13300003,-0.07789785,0.01772289,-0.02767121,-0.32305557,0.09117228,0.06728072,0.11650700,0.00732382,-0.03278562,-0.10051101,0.04196531,0.05382074,-0.16269597,0.22814290,-0.02854270,0.09513936,0.04708110,-0.02021793,0.07735717,-0.03584122,-0.06299158,-0.23767199,0.02352825,-0.10529862,-0.01942278,0.10172086,0.09142497,0.24020559,-0.11196896,0.33613306,-0.05404805,-0.00240174,0.11584561,0.13781826,0.00133088,-0.07469416,-0.04383021,-0.13832408,0.02363759,0.19062144,0.23787254,-0.14395565,0.05791087,0.13722163,-0.05756546,-0.08771399,0.03805989,-0.06499562,0.37212542,0.08258335,0.16326335,0.00247463,0.17680725,0.01320026,-0.05421516,-0.16954327,0.01008925,-0.14587539,-0.13219045,0.07996954,-0.02374714,0.03134375,-0.06154989,0.05473529,-0.03841370,-0.06825446,-0.01290758,-0.05603519,0.05853310,-0.01832194,-0.21616888,-0.01464031,-0.30001232,0.15047987
0.02463731,-0.00053155,0.02344908,-0.00915525,-0.06548074,-0.01981929,0.15194625,0.06411486,0.07835478,-0.02263568,0.05265639,0.14638941,0.03813174,-0.05036869,-0.00535305,0.14724180,0.04357193,-0.08022608,-0.00755068,0.01823281,-0.08064193,-0.05499495,-0.00095720,-0.01000316,0.05095064,-0.11073469,0.07432264,-0.01100712,0.08676211,0.12758850,-0.11255412,-0.09607074,0.04195064,0.00164287,-0.04060911,-0.11797312,-0.11096972,0.06605008,0.08427623,-0.08921601,-0.00871919,-0.13955922,-0.03040362,0.06065781,-0.11531212,0.05931097,0.05625625,-0.00628587,-0.14866768,-0.01958680,0.08725598,0.09046898,-0.01460403,-0.06825997,0.08728161,-0.00253380,0.07687989,-0.04155237,-0.05014752,0.05765551,0.07451489,0.00569961,0.02341408,0.02078458,-0.00919118,0.03039196,0.13184984,0.02509035,-0.17717861,-0.10560865,0.07229913,0.17866521,-0.03467416,-0.01314531,0.01774436,0.00849588,-0.04205133,-0.06635586,-0.02773030,-0.02022491,0.06227558,-0.01638828,-0.01470510,0.00586659,0.01771628,0.00518097,0.00840663,-0.11447794,0.08669547,0.02976934,0.03216669,-0.09443732,-0.11969920,-0.05130119,0.05391435,0.10860483,0.04796679,0.00642368,-0.04660862,-0.07605723
0.08315583,0.01428159,0.01037701,-0.04202986,0.11531202,0.08422133,0.01919266,0.00564181,0.05135192,0.15881920,-0.02924348,-0.02211463,0.07686758,-0.01924615,-0.12233905,-0.10808261,-0.07623512,0.09378502,-0.02234075,0.04400743,-0.00910950,-0.01204994,0.01123835,0.04300053,-0.09743869,-0.10056014,-0.07920839,-0.04671187,0.00990174,-0.17037334,-0.07113732,0.02433831,0.00972882,0.10761158,0.15373451,-0.03219989,0.02236026,-0.01518748,-0.01911831,0.06684102,-0.05843319,-0.03303223,0.06464180,0.05891057,-0.06253209,-0.04245494,0.02088757,0.06893649,-0.04900622,0.10277196,0.02353593,-0.07325478,-0.07665055,-0.09576581,0.01202961,-0.07813480,-0.07738529,-0.10160737,0.07330939,-0.01248077,0.10642745,0.05354505,-0.09315147,0.02739345,-0.09264387,0.01674575,0.15709823,-0.04785457,0.06994165,-0.12585109,0.02403868,-0.07734517,0.05258784,0.10752004,0.17520417,0.12263705,-0.03847724,0.08210803,0.05972265,0.03202926,0.02577792,0.01736900,0.03693673,-0.05676408,-0.04212511,0.05868550,0.07413530,-0.03234784,0.01378052,-0.06129978,0.08143096,0.03695086,0.00340515,0.16197528,-0.00765407,-0.07202323,0.07619198,0.00345217,0.08879888,0.32831022
-0.00413332,0.01188862,0.03081716,-0.00524138,0.09691641,0.13346508,-0.10439479,0.00063961,0.03767617,-0.11757739,-0.08137565,0.04612766,-0.04066778,-0.10693132,0.10567953,-0.03690797,0.07948206,0.15285496,-0.15609181,0.04932386,0.02217557,-0.02005926,-0.11951005,0.08212546,-0.00931439,0.02629286,0.00146704,-0.11254982,-0.02304039,0.03710991,-0.06659947,-0.06549515,0.00086407,-0.00709293,0.06698374,0.15135497,0.12443165,-0.07529540,0.07992625,-0.08679820,0.02703496,-0.02408790,-0.10720815,-0.03395074,-0.02687916,-0.04146736,-0.07122239,0.08176696,0.07261083,-0.06452627,-0.01727496,0.01824353,-0.02508944,0.13393424,-0.01645288,-0.13894904,0.16094792,0.07214437,-0.10534514,0.01011822,0.03163636,-0.09408585,0.00324837,-0.04896596,-0.02561272,-0.10132518,-0.12438248,0.09275788,-0.01820149,0.13256678,0.01628794,-0.05685206,-0.05183646,-0.11365760,0.14602847,-0.14057478,-0.02846328,-0.00996947,-0.00007711,0.05207406,-0.08224221,-0.06103925,0.05711010,-0.04335822,0.01439340,-0.12192083,0.05968915,-0.01435067,0.04321695,0.05312365,-0.05776113,-0.05662867,-0.03729394,0.08298988,0.00915268,-0.01483445,0.10365831,-0.01931469,-0.17606100,0.09054466
0.01315121,-0.04011457,-0.01713916,0.03516326,-0.12896724,-0.18815203,0.04172553,-0.04044471,-0.08055846,0.01791883,0.02296762,-0.06061073,-0.00950034,0.00196988,0.02833263,-0.04026634,-0.01004924,-0.09332275,0.09804309,0.11099727,0.02455282,0.00281251,0.08134206,0.06104940,0.14066800,-0.06468331,0.10100626,0.08192189,0.14247973,0.05112223,-0.00865071,0.03071741,0.06058352,0.00315693,0.05354115,-0.03464473,-0.07114691,0.11962521,0.09961615,-0.08664999,-0.02175232,0.00061314,0.01344599,0.14776698,-0.07863887,-0.08296257,0.07435783,-0.02014747,0.06588650,0.08935513,0.09192376,0.01181911,0.06647854,-0.05083273,-0.02457735,0.08244222,-0.02929300,-0.10437549,-0.05821256,0.03433377,-0.05516776,-0.08489459,0.13067846,0.11903646,-0.05729507,0.10155268,-0.00475506,0.06562663,-0.11059643,0.08744948,-0.05872566,0.05731518,-0.18938278,-0.00476644,-0.06027078,-0.07323844,-0.00635332,0.12870727,-0.12438492,-0.07389285,0.10619488,-0.05377280,-0.01240374,-0.02564615,-0.09293105,0.04151624,-0.04795366,-0.00418608,-0.00750375,0.03507387,-0.00363147,-0.04158587,-0.11190197,0.00165364,0.04257604,0.13356519,0.03488962,0.09396537,0.08530428,-0.13549659
0.04098731,-0.09957772,-0.07734311,0.08961212,0.16971311,0.06150429,-0.13132671,-0.11856276,0.07900253,0.00711619,-0.05057641,-0.22511083,0.06935469,-0.15864338,0.13475385,-0.09813337,0.02945025,0.09133857,0.01097236,-0.08358001,0.17748924,0.00094972,-0.12336620,0.03371592,0.01513855,-0.02395904,0.01112159,-0.10990725,-0.10328306,-0.09010800,0.09950989,0.14847937,0.04767952,0.02392143,-0.07457964,0.10728627,-0.04202222,-0.07418682,0.01300416,0.09373002,0.00232049,0.10389511,0.04808352,-0.10298009,0.14487997,0.04470488,-0.07010818,-0.06276838,-0.03205399,0.02593146,-0.09306344,-0.09233466,0.09417975,-0.01477434,0.05856855,-0.01506510,0.01612810,0.10115435,0.02004793,0.07695016,-0.07115158,-0.06734678,-0.06115470,-0.09789333,0.02561237,0.02352835,0.03042725,0.00045910,0.02906813,0.07004457,0.01283449,-0.08599630,0.06941760,-0.09646339,0.20802227,-0.01229145,-0.00648774,0.10808560,0.01367258,0.07773368,-0.04396610,-0.05898239,-0.10844208,-0.10853689,-0.06228829,0.05445372,0.05557335,0.02344798,-0.01252154,-0.02833433,-0.10063788,-0.07614339,-0.05974344,0.07459957,-0.05407040,0.01131163,-0.10059693,-0.06368710,0.10404654,0.23241463
-0.10161115,-0.03112239,0.05295593,0.04116719,-0.23120844,-0.18440436,-0.02973789,0.03726276,-0.22212197,0.05619623,0.07213175,0.03582204,-0.00157666,0.03019191,-0.10378151,0.03985572,-0.19988127,-0.28113636,0.05986276,0.09594055,-0.14285070,-0.06481349,0.05657941,-0.04450642,0.11344139,-0.08545346,-0.08580247,0.05531269,0.07112255,-0.11802307,0.11050458,-0.12777694,0.06358436,0.00587076,-0.03457411,-0.11448991,-0.00028870,0.22580637,0.07633694,0.02693997,0.11198571,0.03234131,0.09988676,0.04062761,-0.00018913,-0.13879640,0.00842654,-0.03128180,0.08043017,0.03958525,-0.03578613,-0.03585865,0.00398738,0.08563523,0.06307966,0.32303220,0.07342448,-0.08463092,-0.06262103,0.04852209,0.06286393,-0.03281995,0.13757892,0.12949780,0.08561160,0.22559358,0.08994371,0.08027915,-0.14136599,0.01430032,0.11896010,-0.04020539,0.01558720,0.11142126,0.05800986,-0.08542625,-0.00661386,0.12567315,-0.02960339,-0.00537318,0.01235076,-0.13462245,0.05315627,0.02233498,-0.00158835,-0.07904183,0.03999198,-0.10282424,0.00669667,0.05157111,0.00719891,0.12837727,-0.21334109,-0.06930818,0.07247352,0.03177157,-0.16267021,0.02862217,0.23169981,-0.11410286
-0.06440924,0.08368026,-0.04104672,0.02416429,0.07262065,0.07279542,-0.09468730,-0.14411655,0.04789829,-0.04288663,0.03595718,-0.01457587,0.03963895,-0.13978091,-0.05155082,-0.10994377,0.11670030,-0.08400118,-0.10187858,0.00525565,-0.06866245,0.09110916,0.06098041,0.01666139,0.02996696,-0.11783894,0.06546895,-0.11499222,0.00462361,-0.14306641,0.05790624,0.13247295,0.05014062,0.02199304,0.04760746,0.01240069,-0.06203187,-0.00766534,0.10004790,-0.00955119,-0.09360027,0.05910277,-0.06926487,0.04491859,-0.03362402,0.02419651,-0.06338383,-0.04573566,0.01810769,-0.07944480,-0.07512091,-0.03974584,-0.08877978,0.09965268,-0.07021856,-0.03827370,-0.08283190,0.06563044,-0.09607049,0.08441361,0.03814024,0.01821261,-0.07071532,-0.03369269,0.06233758,0.18696353,0.06758139,-0.14755473,0.00202609,-0.03479289,-0.00215133,-0.05380037,-0.02564592,-0.04479074,0.15577950,-0.02202361,-0.03177295,-0.01484967,-0.08954495,0.04603213,-0.10804541,0.02805559,-0.09557883,0.02128090,-0.02318284,-0.01570040,0.12178969,0.03353034,0.01328244,-0.03669637,0.05079160,-0.06904711,0.05813739,-0.06915718,0.03747801,-0.03611963,-0.00446700,0.02796658,0.02288033,0.30552363
-0.00335796,0.00864179,0.02602641,-0.01446634,-0.12670363,-0.08154642,-0.02830416,0.10113960,-0.03412441,-0.06663682,0.06848020,0.05878503,-0.10745081,-0.02802003,-0.00675928,0.11621590,0.01502033,-0.12479293,-0.00132097,-0.06442765,-0.03368233,-0.02603163,0.06290343,0.11136579,0.05148630,0.04152610,0.02201703,-0.05552689,-0.06208797,-0.00013773,-0.01136391,-0.09325463,0.08361573,0.05463004,0.07854097,0.05399425,-0.01594016,0.11946291,0.00091770,-0.04171806,0.00356305,-0.07334540,-0.00048795,0.05932717,-0.10145662,0.10854888,0.12666157,0.00828391,-0.11420398,-0.06979567,-0.03220206,-0.01180311,-0.08127387,-0.05474769,-0.01731787,0.10424607,-0.11437103,-0.09061366,-0.10615175,-0.08918893,-0.04642205,0.11010029,0.12966450,-0.05761637,-0.10269736,-0.00900421,-0.10261247,0.01021519,-0.04693850,-0.03469731,0.05527085,0.08145655,-0.07679525,0.10254669,-0.00199887,-0.07240511,0.05642482,0.05442642,0.00087651,0.05900550,0.03071719,-0.08728522,0.06131258,0.02460496,-0.05427369,0.06420982,-0.06367204,-0.09525785,0.03584046,-0.09242091,-0.01319722,-0.05847358,0.00857155,-0.08708403,0.07338955,0.06779419,0.06593111,0.06364882,-0.05441708,-0.21167676
-0.03616433,0.09663434,-0.07714709,-0.10852215,-0.05460097,-0.04428441,-0.04634239,-0.17026046,0.08092511,0.08038200,0.03898948,-0.21887596,-0.09265848,0.02398283,0.00930924,-0.11689717,-0.04276133,0.00345553,0.03005814,0.05832734,0.16018134,0.01595598,-0.03784000,-0.08850765,0.12919295,0.01041824,-0.04542262,0.02998453,-0.04002706,0.04837079,-0.07849268,0.13036138,0.03878618,-0.00774902,0.02788890,0.00907800,-0.17126857,-0.07485425,0.11237655,0.05335720,-0.06061174,-0.08389013,0.04391648,0.01921403,0.04652744,0.09007332,-0.04634850,-0.05062500,0.02614369,0.19901451,-0.00183247,-0.07925215,0.02782748,-0.20939483,0.12738198,0.04112042,-0.16139036,-0.01073225,0.08749869,-0.05096943,-0.03354822,-0.14177611,0.09468125,0.06029607,0.12532997,0.05412547,-0.10455853,-0.17841221,0.13273431,-0.17064916,0.03590295,0.04239320,0.00809651,0.09024816,-0.19759879,0.01753717,0.07789274,-0.14706887,-0.14051020,0.06328363,0.16717534,-0.00527958,-0.08917701,0.04163777,0.12361695,0.02547664,0.00656817,-0.03341040,0.09583172,0.03201069,-0.02782536,0.04588501,-0.07313359,-0.06054400,0.04400061,0.04818005,-0.10065217,0.03219617,-0.01740474,-0.08106832
-0.00017956,0.09439087,-0.02154780,-0.07471531,-0.14332299,-0.17742759,-0.01044374,0.07680216,-0.00703894,-0.05197952,0.09456214,0.16489604,-0.07050040,0.01703938,-0.07576581,0.01610831,0.03381294,-0.04326851,0.01084366,0.00798962,-0.02914910,-0.06869489,0.12509379,0.05453349,0.15063351,-0.09072009,-0.02299916,0.04139533,0.03714485,0.00783513,-0.05026777,-0.12947206,0.07093947,0.01282163,-0.02081843,-0.16301890,-0.05695768,0.05970940,0.11596063,-0.03486919,0.01205791,0.01923896,-0.02919283,-0.02765074,-0.08441336,-0.02794189,0.09231427,0.06482020,-0.06904702,0.10990402,-0.09442325,0.02771113,-0.08937792,-0.02954953,0.01249864,-0.00922387,0.02960236,-0.08188945,-0.10043244,0.05218308,0.03753191,-0.08258685,0.14833079,0.09884010,0.01016818,0.12894543,0.12183765,0.06608889,-0.14422403,-0.05715817,-0.04822234,-0.00181327,0.07779226,-0.07687540,-0.11038213,-0.05484575,-0.07805038,0.01780832,-0.06963418,-0.10747123,-0.00617330,0.08108756,0.09775066,-0.04312746,-0.04370966,-0.03906101,-0.11742878,-0.09619664,-0.07170168,-0.06089085,0.04885754,0.06480782,0.04434572,0.00193412,0.09842730,-0.02420602,0.04598362,0.05230490,0.09243240,-0.17657550
0.09031310,-0.04708059,-0.04886939,0.01518408,-0.09764694,-0.05649456,0.01556806,-0.03895394,-0.13488753,0.02768662,-0.06482075,-0.09146880,0.02128930,0.06497248,0.01021337,0.10596985,-0.05367562,0.01234247,-0.05311686,-0.07967140,-0.01785785,0.00477317,0.12479091,-0.12743706,-0.08120961,-0.06410182,-0.00513862,-0.10568513,-0.00931151,-0.00681833,0.00938225,0.06382862,-0.04235726,-0.04012064,-0.01595183,-0.05797928,0.02556622,-0.00739744,-0.03943100,-0.14292714,-0.07090630,0.14484695,0.06192289,0.08541013,0.07030287,-0.14206424,-0.07700221,-0.05003323,-0.17334786,0.03825971,-0.04390487,-0.00745345,0.09837490,-0.06643134,-0.08619899,0.09470098,-0.09322916,-0.10013115,-0.06267024,-0.06190650,-0.01336436,-0.02372837,-0.00663888,-0.03875790,-0.08616775,-0.04819594,0.19922790,-0.05835567,-0.20569777,-0.01778314,-0.07485157,0.04188139,0.09394218,0.13028885,0.00930909,-0.05250914,-0.04429520,0.06776467,0.01306557,-0.11900404,0.01223873,0.09346911,-0.07480012,0.03516430,-0.01862508,0.08562559,0.07728615,0.14549625,0.04766462,-0.04273690,-0.09408312,0.04239605,-0.02418936,-0.11902823,0.08499044,0.09841547,-0.00207981,-0.08922704,0.18228480,0.06827710
0.01006657,0.01130933,0.06803850,-0.02566984,0.11646616,0.22752301,-0.08377778,-0.07837899,0.10678522,0.04589421,-0.03282540,0.13327183,-0.05022522,0.01649564,0.09515458,-0.13012224,0.04661766,0.13902029,-0.10411284,-0.05279657,0.12868637,0.04967076,-0.13822065,-0.05376485,0.00717972,-0.00709465,-0.00263284,-0.17327619,-0.03144777,-0.07557913,0.09280348,0.09205128,0.03720782,-0.02098019,0.01789311,0.19355622,0.01492814,-0.18184291,-0.04637549,0.00070339,-0.03678192,0.10938981,0.05305747,-0.04842095,0.03757632,0.05000615,-0.03623835,0.00618508,0.01560386,-0.07998653,-0.07162035,-0.05666067,-0.01344473,0.03151713,-0.00794414,-0.05099562,0.06657279,0.09839461,-0.01270733,0.02270342,-0.09847867,0.00823906,-0.04841560,-0.12620494,-0.05858783,-0.04547022,0.01337521,-0.07378866,0.16367136,-0.03469986,0.05638835,-0.03168789,-0.11409078,-0.14843096,0.14252128,-0.05782211,-0.02872416,-0.07762796,0.10634470,0.13210689,-0.11838253,-0.06236243,-0.06134050,0.02277187,0.14903577,-0.09376131,0.04033148,-0.05701331,-0.06216866,0.02515684,-0.00630345,-0.10295898,-0.00386285,0.02162425,0.10080473,-0.05580749,-0.02384678,0.00104278,0.06132658,0.16160277
-0.11229073,-0.01053360,0.22770901,-0.07115224,-0.02286443,-0.27678180,-0.00742315,0.06479317,-0.00927559,-0.05387193,-0.10700760,0.03149778,0.02255154,-0.03842451,-0.04549431,0.04369977,0.10112192,-0.08845049,0.08161473,0.02623784,-0.19641955,0.01334416,0.19757006,-0.16803023,-0.02150756,0.07953815,0.07274312,0.09453492,-0.16706365,-0.04151154,0.01903145,0.00113608,0.01082401,0.05000076,0.12005818,-0.07742392,0.00246025,0.07420822,-0.07121382,0.10423472,-0.06298160,-0.05992535,-0.04640624,-0.08140697,0.06880092,0.10419694,0.02708023,0.14147823,-0.08783720,0.06336971,-0.06853326,0.02341228,-0.04628950,0.00986155,-0.33999020,0.09197441,-0.12844427,0.08889929,-0.23154783,0.01847974,0.01176904,0.00732175,0.05081355,0.08998584,0.21023454,0.14415781,-0.09992763,0.43532693,-0.18920203,-0.06662603,-0.03568856,0.03133054,-0.03862745,0.04383561,0.15477704,-0.05251113,0.00042701,-0.12526473,0.04059207,-0.13146892,0.10996881,0.25190860,0.45744455,0.05283588,0.08964203,-0.06833748,0.16089557,-0.10756762,-0.06649393,0.05724739,0.02978273,-0.09313425,0.10033203,-0.11067177,0.05234851,0.01186130,0.17717890,-0.05567555,0.96412563,-0.14960378
-0.13198529,-0.03052018,-0.01985894,0.07201198,0.18074340,0.11837760,-0.05480686,-0.14689679,0.14753217,-0.04046012,0.04449734,-0.11430395,0.08410831,0.02991342,0.05424076,-0.14655462,-0.01221409,-0.08926097,0.02408398,-0.00958661,-0.06945957,0.06517030,-0.16446111,-0.01871371,-0.12954727,0.08484251,0.02801114,-0.05621722,-0.03975652,0.22532234,-0.02570111,0.10745027,-0.04755129,-0.04691334,-0.08873943,0.09144729,0.08838456,0.00444868,-0.00632363,0.00696286,-0.07928466,0.04155051,0.06449743,0.01874565,0.06944186,-0.08055381,0.01291936,0.05582594,-0.01546067,-0.07817508,-0.05601373,-0.02580192,0.12694922,0.13152196,0.01558835,0.13118644,0.07675494,0.15762629,-0.09268020,0.02223962,-0.00823988,-0.06771263,-0.12388499,-0.01050905,0.21030132,0.01687429,-0.12200994,0.03466265,0.07179631,0.02044616,-0.08250938,-0.01020350,0.04672809,-0.02377064,0.14054742,-0.05841637,0.03116922,0.07847794,-0.00559138,0.12143739,-0.00769543,-0.01071356,-0.10598435,0.03087423,0.11433491,-0.16328721,-0.01563575,0.08639764,-0.06349187,0.12337673,-0.06658059,-0.01591241,-0.00437482,-0.02275478,0.09987885,0.00065630,-0.04730562,0.01671959,0.08744999,0.18530333
0.03581395,-0.06894646,-0.00660262,0.05664542,0.14696379,0.09774417,-0.10747204,-0.03345513,0.01312603,0.00047375,-0.02753082,-0.05641034,0.11096710,0.02221977,-0.02617237,-0.05698213,-0.01947370,0.08401012,0.03924803,0.05010514,0.07195539,0.00356113,0.02019499,0.07159332,-0.04935146,-0.06451091,-0.09567564,0.00979657,-0.00988297,0.02691217,0.04118007,0.15492713,-0.00204290,0.03731487,0.04136791,0.04104431,0.10879204,-0.15206520,0.03915435,-0.03430692,-0.03335644,-0.04320595,-0.03904949,-0.00675455,0.08818956,-0.06625101,-0.08722996,-0.01745177,-0.04887300,0.01513345,0.05005011,0.07291555,-0.06432410,-0.05329740,0.10122714,-0.17908055,0.06702159,0.02578052,0.05337227,0.01547333,0.01327025,0.01006873,-0.14320830,-0.11111278,-0.01385518,-0.00013066,0.05803076,0.00190039,0.18796884,0.04807749,-0.03894944,-0.00050403,-0.01284886,0.04848114,0.01796404,0.05016109,0.02988543,0.07155903,-0.03348901,-0.06326061,-0.03312792,0.04367545,-0.07494775,-0.04454048,0.01876410,0.07509861,0.03895832,-0.06635650,0.05190745,0.05553175,-0.09441261,-0.09466694,0.10537577,0.07985344,0.00501118,0.03845311,-0.01399818,0.09137475,0.03343647,0.15752675
0.07619032,-0.08081642,0.04389978,0.06841977,-0.00596362,-0.02960879,0.03323327,0.21946114,-0.06187920,-0.07625421,-0.06824048,0.13585591,0.15826179,-0.10572207,-0.00277467,0.05350193,0.10594673,-0.10676035,-0.14685012,0.04213074,0.03719281,-0.07370613,0.04495214,0.08452196,-0.11731006,0.00459186,0.01000501,-0.06432184,0.07386707,-0.04199875,0.00632352,-0.07329322,0.05657791,-0.07415486,0.09221290,0.04128404,-0.07958358,-0.05706880,-0.05477623,-0.05601585,-0.01266442,-0.02388581,0.03585374,0.07572047,0.05531028,-0.09905035,0.07893507,0.02292432,0.06647145,0.01435826,0.06995195,0.07230035,0.07507253,0.01527620,-0.00275013,-0.09379126,-0.02925791,0.03757922,0.03540536,0.12394573,-0.12382082,0.06513938,0.05339237,0.04744044,-0.12798382,0.16803613,0.12296260,0.24470223,-0.22136967,0.07759597,-0.11553311,0.00084150,0.00718360,0.04252447,0.13032530,0.01777131,0.09437160,0.09088315,-0.06408414,-0.11864729,0.00881784,-0.09356240,0.12032802,-0.04436004,-0.17117004,-0.00135012,-0.12375333,0.03792014,-0.13041435,0.03463013,0.04608767,0.08262842,-0.07267900,0.02707071,-0.00620102,0.00750841,0.11679520,0.05970621,0.18190512,0.05108004
-0.08884037,0.04767076,0.16472736,-0.01557027,0.11684768,0.04316348,-0.13954082,0.00343209,-0.01410477,-0.06100379,0.00602826,-0.04324115,0.05638317,0.10513485,-0.02093902,-0.04200159,0.10169118,0.09283039,-0.07284658,-0.02329420,-0.00384456,-0.00603422,0.09337211,0.03670332,-0.04250581,0.03997758,0.06000042,-0.09342808,0.03684874,-0.13755071,-0.08804817,-0.03028536,-0.02703349,-0.10125002,-0.07103164,0.00644787,0.00520006,-0.03738388,-0.05316513,-0.08948812,0.06968417,-0.03247940,-0.00873462,-0.14434710,0.05899214,-0.14771868,0.00070918,-0.01067625,0.10682204,-0.08732998,0.04431905,0.02094960,0.01111732,0.14733672,0.01518347,-0.02527735,0.08860053,0.01628509,-0.11965456,-0.12935486,-0.04200925,-0.04748245,-0.04985191,-0.04083723,0.04049263,-0.07331655,0.12407663,-0.05082336,-0.14138536,0.09475634,-0.00876530,-0.11304221,-0.14333943,-0.09435195,-0.06332335,0.08097145,-0.02592969,-0.05956918,-0.02563861,0.02647483,-0.04177190,-0.04424096,0.12053252,-0.12223627,0.09699245,0.00738869,0.02049939,0.04047493,-0.01239380,0.05570054,-0.08522842,-0.07557653,0.01383074,0.03619370,0.00729840,-0.07093474,0.12953071,-0.00143591,0.18742530,0.15667680
-0.12264329,-0.01332710,-0.00100008,0.03511716,0.09914212,-0.02411780,0.03612735,-0.09736725,-0.00003949,-0.01145412,0.07102969,-0.15553224,-0.09573468,-0.12694691,0.02751786,0.02236326,0.07317571,-0.08225129,-0.08354613,0.07376380,-0.02566662,0.01999059,0.12880474,-0.11351105,-0.09637549,-0.10588200,-0.07953273,0.05879526,0.01351825,-0.16734982,0.10870085,0.17451058,0.14166021,0.02454172,0.09341329,-0.20755409,0.00335695,0.09437873,-0.10197766,0.14372903,0.01582418,0.03068705,0.14137699,-0.04876385,0.06587714,-0.13376978,-0.08645251,0.01566823,-0.10317475,-0.01550657,0.07699808,0.04103209,-0.04503576,-0.28395262,-0.11074642,0.14983508,-0.19066986,-0.13266358,-0.19119844,-0.01153896,-0.16711624,-0.09027541,0.08091488,-0.03403467,-0.21757463,0.23928230,0.07476971,-0.04450359,0.02439084,-0.08993167,-0.00941908,0.00444437,0.12377647,0.08863878,0.09855409,0.12182874,0.05380793,-0.03552261,0.03215494,-0.03165010,0.09923425,-0.08749908,0.09260581,-0.04174476,0.00971928,-0.02974027,-0.06565140,0.10176097,0.04988369,-0.13863447,-0.13754816,-0.03241623,-0.06819700,-0.12208748,0.04174269,0.03973828,-0.16156690,-0.15437537,0.41138253,0.03565216
0.00862106,-0.02407980,0.01713818,0.03698833,-0.13229658,-0.02930094,0.07616004,0.11130134,-0.03270590,-0.01054697,0.06635039,-0.08112901,-0.09394345,0.07031013,0.02168700,0.11336653,-0.13251494,-0.07749736,0.01492563,-0.01656268,-0.03206488,0.08538407,-0.01367769,-0.01749807,0.00065081,0.10558180,-0.08373839,0.11059204,0.10398807,0.06569958,-0.03662914,-0.15370224,-0.02127646,0.01103402,0.07090645,-0.00086646,-0.07862936,0.04281994,-0.06300343,-0.09003106,0.02849918,-0.00216022,0.01902009,0.07742700,0.01513309,0.06625440,0.12758677,-0.04204582,-0.05794188,0.01194147,-0.05619217,-0.00003355,-0.00881972,-0.08836742,-0.03996030,0.00863474,0.03281549,0.01609361,0.03381085,-0.10879876,0.05176489,-0.07514510,0.05681110,0.10993475,-0.09734555,-0.01697217,0.10475560,-0.06955269,-0.15765110,-0.02391199,0.10958336,-0.05031714,0.03655178,0.02344701,-0.08739034,0.05600161,-0.05195851,0.06343034,-0.03073237,-0.10989588,-0.05571255,-0.17432925,0.06658303,0.03619374,-0.11899386,-0.04418549,-0.14226013,0.07242607,-0.00226216,0.07512231,0.05677951,-0.00518179,-0.11755655,0.00654226,0.08379582,0.13377719,0.04988034,0.10677066,-0.10850866,-0.28282243
0.08764458,0.07787312,0.02523817,-0.11896549,0.18520677,0.12214451,0.04671068,-0.03590241,0.08931456,0.03938266,-0.05800591,-0.01013723,-0.00890538,-0.05684506,-0.07298833,0.01593045,-0.07728773,-0.05930768,-0.05214358,0.12377794,0.01303113,0.11868431,-0.00984187,0.06000904,-0.09563999,0.01303362,0.03846468,-0.10439936,0.06298538,-0.05593696,0.01387023,0.03764297,0.00113605,0.11071020,-0.00195646,0.08528954,-0.07390893,-0.15528524,-0.05060253,0.03279517,0.02723647,0.10106011,0.05868083,0.10078792,-0.08952549,-0.01246647,0.07590396,0.08921205,-0.06281044,-0.02695863,0.07294343,-0.00954437,-0.02420531,-0.04177839,-0.14039186,0.04111105,0.01714526,-0.10246652,0.10754792,-0.00504685,0.07869522,-0.01249387,0.01591914,-0.04436339,0.01323840,-0.01020538,-0.10380301,-0.06558211,0.10981280,-0.09979548,0.13082038,0.02624515,-0.04364276,-0.05079023,0.14354526,0.04352561,-0.01053941,-0.00712355,-0.08481558,0.06507304,-0.01154611,-0.16718842,0.10467705,0.05763743,0.04428468,0.06583388,0.08527843,-0.02579792,-0.01538762,0.00765717,-0.01059485,-0.01997570,-0.10456614,0.13782212,-0.06589662,0.02043954,-0.02870938,0.09473348,-0.01293407,0.33339375
0.01486109,-0.09835402,0.00317343,0.10687383,0.01047289,-0.02773786,-0.08638775,0.16296498,0.14687943,-0.07292338,0.06990433,-0.00773621,0.03115202,0.04259628,0.01971224,0.08342798,-0.06860048,-0.05414753,0.01408078,0.07425053,0.09278791,-0.02265523,0.09763916,-0.03311457,0.01142889,-0.05771017,-0.03479221,-0.09279367,0.09070735,-0.03550104,0.00645098,-0.02455736,0.08162005,0.03003773,0.10506825,-0.02116347,0.00000244,-0.09208376,0.05895365,0.07350250,-0.01855385,0.14120264,0.08107460,-0.09567247,0.10810808,-0.03415265,-0.09700179,-0.04639105,-0.02679294,-0.04935284,-0.02667703,0.02560003,0.08613829,-0.04336326,-0.02517405,-0.01544713,-0.06916356,-0.01507833,0.07159173,0.02880002,0.03306425,-0.07521550,0.14051896,0.01040768,-0.19595408,0.08995970,0.20791976,0.17532417,-0.16877533,-0.03604609,-0.08058072,-0.07620107,0.01286595,0.07396618,0.12323899,-0.06846017,-0.03859528,0.02530642,-0.07140308,-0.10132153,-0.06286478,-0.06676617,0.00331730,0.04529326,-0.09198893,0.08284616,0.05180342,-0.00569721,-0.04252830,-0.07700979,-0.07369534,0.03982577,-0.04109433,-0.10001733,-0.03543491,-0.02338377,-0.03811267,0.06633391,0.06918210,0.02247098
0.10327361,-0.10573672,-0.01707126,0.02349970,0.03766628,0.15338945,-0.11837118,0.07615483,0.13513556,-0.01087638,-0.01646630,-0.05797980,0.10293854,-0.01837275,0.07576746,-0.03731205,0.12570331,-0.04607603,-0.02054070,0.05252024,0.04013021,0.00872995,0.00081460,-0.03885487,-0.01793193,-0.10169636,-0.00277991,-0.09367027,-0.09603260,-0.17511950,-0.04452598,-0.09529061,-0.06302762,-0.01379143,0.07657500,0.12814450,-0.01972723,-0.04729509,-0.10345100,0.01035187,-0.09160870,0.06953651,-0.10089414,0.04319546,0.01844655,0.01073484,-0.08895798,-0.02433559,-0.06497612,-0.06910870,-0.11495931,-0.03925774,-0.07086547,-0.10115714,0.01771254,-0.03393501,-0.07084278,0.11454936,-0.01529893,0.09743318,-0.10472008,0.10583410,-0.08968758,-0.12944797,0.11434483,-0.07663480,-0.07778728,-0.05714510,0.17518392,0.11179708,0.07257320,0.03260863,0.07971010,0.03661079,0.05265768,0.03590607,0.09246714,0.02456621,-0.02394745,0.02638641,-0.12728527,0.01981047,-0.13860872,0.05203318,0.13182734,0.09287344,0.05767889,-0.07838657,0.03890302,0.09566493,-0.04470360,-0.04622404,-0.01780300,-0.00274521,-0.02635394,0.04868840,0.16948809,0.10278006,0.00893655,0.18096498
0.02739212,0.08507754,-0.09000976,-0.11386790,-0.05097509,-0.05174770,0.02105729,-0.04657308,0.00811740,0.03440184,-0.05057672,-0.21216735,0.07970425,-0.04245256,-0.14593700,-0.09558649,-0.06196478,-0.06310299,0.08489490,-0.11499479,-0.08884637,0.07554983,-0.01728548,-0.12978876,0.02557612,-0.04929715,-0.10157053,0.05964945,0.15500343,-0.03165181,0.18727067,0.14136909,0.03345584,0.10120344,-0.06826244,0.01377545,0.05002637,0.04261271,-0.00754056,0.00175506,-0.09978981,-0.19332884,-0.08636097,-0.02371103,-0.06525017,-0.01158974,-0.08333431,0.08254758,0.04114295,-0.00159188,-0.05862175,-0.03410924,-0.08548664,-0.04918743,0.07938083,0.04263908,0.02595456,-0.04467781,0.10174656,0.02414090,0.03862304,-0.06821939,0.02190918,0.01235535,0.16938993,0.06666899,0.01013190,-0.19664548,0.17362806,-0.00901964,0.11158925,-0.01226463,0.05088873,-0.01196373,-0.00038395,0.08031002,0.08767051,0.03516895,-0.11020147,0.02955517,0.00535719,-0.06530502,-0.08527859,0.05537006,-0.03517770,-0.01831752,-0.01729254,0.11164449,-0.01488508,0.00987304,0.00054638,-0.17264201,-0.08777788,0.03646144,-0.05780260,0.06969252,-0.09617094,0.03134437,0.00907708,-0.05569306
0.02959916,-0.01061809,0.04731417,0.02401912,0.07778063,-0.16069049,-0.12437101,0.10107084,-0.13509730,0.02607642,-0.07637111,0.14285399,0.17556088,-0.04810916,-0.01574537,0.00838507,-0.01623265,0.08101234,-0.10285690,0.04268668,0.03133921,0.10221156,0.15879311,0.04057407,-0.03156667,0.06062096,0.07221207,-0.12897584,-0.14670454,-0.15152913,-0.06963358,-0.01498897,-0.04618486,-0.01937953,0.07685652,0.08036926,0.07426390,0.02047193,-0.03939649,-0.27822095,0.00097369,0.12690519,-0.09104490,-0.06384984,0.13019760,-0.14197463,-0.08462264,0.12472694,-0.02596193,0.05747848,-0.01366116,0.12921911,-0.02005692,0.05106359,0.01462463,-0.03950521,0.03987084,0.10780133,-0.09735858,0.09693737,-0.10139176,0.01373165,0.09684609,-0.11116005,-0.30797723,0.01762595,0.36785021,0.01519537,-0.06549197,0.06683691,-0.09723942,-0.04865209,0.13597940,0.08568007,0.12829572,0.06578008,-0.07637288,0.10249861,-0.00189104,-0.16672944,-0.04751578,0.12958701,0.11578552,-0.11067466,0.09084316,0.04838915,-0.09602596,-0.08289816,-0.17054683,-0.07293791,0.02603036,-0.08585905,-0.20400523,0.08596279,-0.00590496,-0.05970103,0.05680571,-0.03766999,0.12149660,0.13629831
-0.05406312,-0.06244474,0.00012759,0.04144641,0.15124580,0.18811652,-0.01077899,-0.02238956,0.17203900,0.08782370,-0.06460699,-0.13661230,0.09255131,0.04539663,-0.11150133,0.06318277,0.03124737,0.08999993,0.06445559,0.13177030,0.04148962,0.05946627,0.01565186,0.16578075,0.09473950,-0.18218015,-0.05225790,0.03347795,-0.05748196,-0.13084388,-0.08862587,0.02964286,-0.15242481,0.13563044,0.11310136,-0.05539632,-0.05293542,-0.14486539,0.15906256,-0.01988180,0.05741311,-0.10666301,0.07006189,0.08176672,-0.11641739,0.01788859,0.11857223,0.07463174,-0.08860415,-0.04125240,0.18077326,-0.14071935,-0.07374217,-0.08669950,-0.02993303,-0.06268298,-0.01060381,-0.13367806,0.12184172,-0.12723123,0.03383051,-0.06913079,0.02689070,0.07983185,0.00499241,0.09086353,0.11240305,-0.05346313,0.13876787,-0.06272020,0.15022647,0.04136530,0.04914939,-0.05254526,0.12666988,0.08353054,0.00256393,-0.08917318,-0.04248959,-0.02382502,-0.05542440,-0.08758920,0.05020862,-0.02940932,-0.03559597,-0.03396790,0.03654355,-0.07004312,0.12646906,0.05438333,0.10236716,0.07408291,0.07454870,0.03492196,-0.07341100,-0.01276129,-0.00160134,0.08197572,0.00285757,0.29833701
0.00081737,0.03113813,0.04761895,-0.00723157,-0.02968825,0.00773590,-0.07770774,0.09195343,0.04595193,-0.02404600,0.04833484,0.01356700,-0.21360333,-0.08780449,0.02882568,0.07236884,-0.10212910,0.01660012,-0.17261472,-0.13696785,-0.10743921,-0.12778239,-0.10191904,-0.10462631,0.01578211,0.16990757,0.01655463,-0.10477711,0.12095253,0.07900123,-0.01152830,-0.14734492,0.08489010,-0.10375489,0.04845803,-0.03364128,0.16487008,-0.00501536,-0.05487661,-0.00843339,-0.03338033,0.14099692,-0.05444113,-0.03925693,0.16494551,-0.08102750,-0.14683345,0.02726415,-0.06815769,-0.12029216,-0.19327162,0.21844763,0.09173521,0.14983892,-0.05867152,0.06041844,-0.01534205,-0.08138828,-0.04922965,-0.00907389,-0.13446961,0.01073909,-0.05538444,0.01690754,0.09008852,0.04586108,-0.06774764,0.01680831,-0.13204336,-0.01904347,-0.18625963,-0.05778350,-0.02991875,-0.01470278,-0.14784114,-0.18029311,0.16413054,-0.03562258,-0.00646557,0.04000916,0.04094258,-0.00105860,-0.03724814,-0.09661673,-0.00745429,-0.03728447,0.00774879,0.07118975,-0.05292222,0.07592627,-0.06784599,-0.03894690,-0.03761989,-0.12136946,0.20045452,-0.06660874,-0.07843178,-0.01259144,-0.06330750,-0.41987264
-0.04865701,0.07979905,0.11362357,-0.05330261,0.07888508,0.15272833,-0.07509887,-0.02490155,0.04249978,-0.00650422,-0.02384911,0.06367595,0.06583352,0.06316107,0.03824026,-0.01644486,-0.05280659,-0.00982900,0.07771926,-0.01470056,-0.06050332,0.10537409,0.07766373,0.05758964,-0.08886254,0.00093325,-0.06828460,-0.02734622,0.06707359,-0.17343791,-0.06080229,-0.06767367,0.05761895,0.06310161,0.10566192,0.07089379,0.08187997,-0.06894928,0.09361407,0.06920328,0.00732852,0.08224427,0.08359750,0.06193856,0.04871374,-0.07962151,-0.02203600,0.00738766,0.08980747,-0.05483507,0.10763618,-0.09417768,-0.03259739,-0.08740176,-0.06558459,-0.08222999,-0.07869781,0.01247958,0.02460579,-0.11444903,0.11021552,0.01306963,-0.07962701,-0.00743421,0.12081107,0.16154554,0.05035061,-0.06730481,0.02265337,-0.00527167,0.08528527,-0.02600780,-0.06264032,-0.07243561,0.07577268,0.03427001,-0.07505009,0.03100470,-0.08531909,0.06143945,0.00665613,-0.07443976,-0.00941515,-0.09667694,-0.00077107,0.02088315,0.13003053,0.05262411,-0.05671791,0.08584797,-0.00358296,-0.05145124,-0.05393474,0.10919741,-0.04727007,-0.12396644,-0.09164130,-0.08886920,-0.00235386,0.09101246
-0.05799627,-0.00333142,0.07368585,0.04234283,0.21757871,0.16890730,-0.10808162,0.17051980,0.01514560,0.02227770,-0.10255279,0.04878627,0.04028162,-0.12943329,0.08068942,-0.02051608,0.03764129,0.11240458,-0.16272707,-0.05896235,-0.11997114,0.05467332,-0.06216107,-0.01216580,-0.14296973,-0.02216665,-0.12149476,-0.15116072,-0.14404649,-0.00466306,-0.17729239,-0.08049501,0.09483026,0.04358594,-0.09007970,-0.03346303,0.03226150,-0.15900971,-0.12242046,-0.03935809,-0.07994977,0.03606270,-0.06738982,0.02726327,0.13688518,-0.06664998,0.04449758,0.00181542,-0.09796028,-0.12885937,-0.01178636,-0.06471915,-0.08029507,0.15364051,-0.00551600,-0.27510560,0.05280798,0.08295969,0.02737819,-0.05188686,-0.06424946,0.02726541,0.01655807,0.01076460,-0.19537114,-0.14537960,-0.02074742,0.18074788,0.04145388,0.09019743,-0.11520506,0.07947722,0.00207277,-0.11493097,-0.01893517,-0.11037602,-0.01089744,-0.04879218,0.07200087,0.02269560,0.00410943,0.02174121,-0.03021134,-0.13264184,0.03336487,-0.12177208,-0.07627886,-0.06971055,0.02242577,-0.00088543,0.00204793,0.01006669,0.03383612,-0.04094179,0.10136162,-0.06130048,-0.04745485,-0.01781011,0.06237088,0.18438284
0.01766089,-0.03719283,-0.02614905,-0.01776039,0.03298273,0.16941294,-0.09922048,0.00302911,-0.00687226,-0.07715204,-0.07805191,-0.12660663,0.10779899,-0.12279330,-0.05334760,-0.08322662,0.11838197,0.01744227,-0.03426762,-0.08910961,0.10888073,0.10377759,-0.03097947,0.09242623,-0.03686718,-0.02754390,0.00063384,0.05088139,0.04828370,-0.07086232,-0.01952967,0.03526671,0.02504615,-0.03001643,0.03503586,0.06724516,0.05337064,0.01536346,0.07874850,0.17756228,0.07951928,-0.03426315,0.02097044,0.04625915,-0.04742850,-0.00417538,0.02638256,0.02281660,-0.05952438,0.06464055,0.07020248,-0.10960893,-0.00903935,0.02927919,-0.11595718,-0.04000204,0.03142218,-0.03485508,0.03016903,-0.04830106,-0.07719248,0.09420098,-0.12865908,0.02780110,0.11721494,0.06061141,-0.11101460,0.09884419,0.05824862,-0.07156774,-0.07230283,0.06437527,-0.07360413,0.01195913,0.05359351,-0.05053377,0.09139650,-0.01984757,-0.08488162,0.07277830,-0.05488978,0.08646709,-0.13952252,-0.08656020,0.02528597,0.04145314,0.15553966,0.02669710,0.10456433,-0.03868558,-0.09573018,-0.02733272,-0.01015522,-0.04673165,-0.12665063,-0.06276289,-0.01358407,0.11129318,-0.01400841,0.31290367
-0.14357249,-0.03350257,-0.01542049,0.06437755,0.29955629,-0.01396965,-0.01970970,0.04210772,-0.04228277,-0.02854848,0.01570258,-0.12170100,-0.07022141,-0.09318450,0.02955765,-0.08437640,-0.02046093,-0.08616072,-0.11634322,0.05205034,-0.01886125,-0.00138638,-0.10145902,-0.13036850,-0.15080623,-0.06278678,-0.01523225,-0.14166449,0.07427740,0.12567803,-0.05307287,0.10255665,0.09080456,-0.05978202,-0.04382151,0.03591651,-0.05379108,-0.07078933,-0.03135980,-0.01245205,-0.07243413,0.03993303,-0.11551565,-0.11189282,0.10819204,-0.01823257,-0.09958233,-0.09164452,0.00643831,-0.00955446,-0.01460827,-0.05226900,0.08958902,0.19350545,0.05567968,0.02020043,-0.04237423,-0.02202019,0.07926194,-0.07045358,-0.02166978,-0.13189857,0.01311099,-0.14666696,0.09132262,0.05113636,-0.16847619,0.06900769,0.13273172,0.06293865,-0.06624217,-0.04367015,0.01777388,-0.10881385,0.15128048,0.07909887,-0.03415934,0.05547671,0.13346967,-0.01296404,-0.06346555,0.20394926,0.04470294,-0.03867737,-0.03603558,-0.06806954,0.00672186,-0.03428477,-0.03440520,-0.03273764,-0.16101095,0.07246298,-0.10105520,0.08474489,0.11227739,0.10076066,-0.12465011,0.06454220,-0.01235728,0.21528788
