0.41163981,-0.04233827,0.15925972,-0.04232338,0.46040803,-0.21536376,0.14009801,0.20977688,-0.27527791,0.10638025,-0.07846097,0.04135437,-0.15752989,0.12126762,-0.18377292,0.14076257,0.13404378,-0.11548195,0.05390411,-0.00759732,-0.02122841,-0.03880328,0.12641689,-0.13661915,-0.12804870,0.06728546,-0.22371683,0.12993854,0.09841529,-0.10896040,-0.18457033,-0.10773522,0.03298362,0.11016273,-0.08739047,-0.20374732,0.00195654,0.04551904,-0.06739269,0.06968637,0.30937508,-0.12750545,-0.04209584,-0.01696383,-0.11760620,0.10169729,0.03948281,0.04618289,-0.22561213,0.10880665,0.05303153,-0.14394476,-0.16395994,-0.15892485,-0.14668405,0.17397685,-0.29772109,-0.07728577,-0.27238709,-0.12896273,-0.01015653,0.18983459,0.17167629,0.21749367,-0.32993808,0.02714655,0.17351107,0.07084491,-0.21221703,-0.09333174,0.01717853,0.10791842,-0.01310412,0.10944579,-0.03657468,0.12359908,0.07463720,-0.05051278,0.02337066,-0.22896142,0.12788893,0.10091499,0.03963451,0.11100024,-0.07457993,0.13227606,-0.01625312,0.04040961,-0.00221971,-0.08899323,0.00295964,-0.12819107,-0.06238136,-0.00668914,0.06731539,-0.08626830,0.03870477,-0.01053845,0.07895818,-0.41843602
-0.00828945,0.15591006,0.19979033,0.15141982,0.02745700,0.02578093,-0.06377535,-0.08321488,-0.06519119,-0.27002111,0.08529387,0.16017449,-0.16166613,-0.01926114,0.14859021,-0.00127842,0.05280187,-0.04370940,-0.14343292,-0.15330242,-0.04770258,-0.01441768,0.05251050,-0.28563267,-0.11341241,0.26592344,-0.09432166,-0.07403710,-0.03803005,-0.05594340,-0.10060303,-0.09025078,0.23191363,-0.06085986,-0.13113163,0.10106713,0.16936365,0.00302881,-0.08247185,0.01636061,0.02434981,0.11934625,-0.16063154,-0.24129929,0.29477438,-0.10138599,-0.15358783,-0.12324783,0.06960139,0.01984891,-0.18535617,0.25654888,-0.04118736,0.03113562,-0.06695540,0.04301057,-0.02041864,0.04252855,-0.07475488,0.18149731,-0.21332057,-0.15017185,-0.04842897,-0.17431037,0.16810396,-0.15617841,-0.02929848,-0.09680852,0.12920122,0.07521491,-0.24502635,-0.06427705,-0.14203611,-0.17238006,-0.11561584,-0.20477892,0.13286754,-0.04700950,0.13793749,0.10812309,-0.10671204,0.05447537,-0.01793286,-0.08705527,0.06388680,-0.12346424,-0.00350269,0.09532269,-0.13265397,-0.00258372,-0.12261546,0.09931323,0.05547127,-0.23382680,0.36866361,-0.04310211,-0.01919871,-0.32416314,-0.16394150,-0.72123337
0.05222312,0.03309497,-0.06953301,0.11184406,0.16632545,0.03013082,-0.01288604,0.02773432,-0.05389094,-0.14374810,0.02750107,0.25076637,-0.24798955,-0.22141305,0.20653273,-0.08865583,0.14766635,-0.04004477,-0.24987666,-0.15584999,-0.21125299,-0.06602507,-0.11709680,-0.29005307,-0.25344130,0.17111912,0.06575550,-0.26668245,-0.11315298,0.22831626,0.15958360,-0.00198841,0.04248673,-0.18976986,-0.05306515,0.08265754,0.26381320,-0.06959619,-0.17958897,-0.20452245,-0.16748466,0.18529746,-0.16010040,-0.18807775,0.34734493,-0.23328270,-0.07267690,-0.19217026,0.00788415,-0.21401182,-0.19991413,0.31393349,0.08612791,0.17728443,0.04975666,-0.16627228,0.02789203,0.03210248,-0.19464634,0.19355533,-0.19066846,-0.15750273,-0.18849079,-0.18154426,0.14835936,0.03043104,-0.16440636,0.16714922,-0.10075060,0.11652686,-0.24000300,-0.05126499,0.00902092,-0.10692498,0.12367743,-0.02295409,0.13555646,0.07130989,0.27568838,0.04541368,-0.22971332,0.15613303,-0.02507897,-0.22805905,0.01228815,-0.20565154,0.19823928,0.26372391,-0.31629437,0.07024436,-0.33831689,0.15721667,0.07309891,-0.34855947,0.35455370,-0.08157819,-0.01798262,-0.26161119,0.35820258,-0.64446300
0.13894133,-0.08968645,-0.09587051,-0.05800923,0.15219636,0.20943063,0.04110206,0.09178770,0.04240355,0.14298397,-0.12289584,0.12662405,0.09866854,0.01967904,-0.07677153,0.13932149,0.06592821,-0.28320670,0.02711828,0.06381011,-0.05942421,0.01580062,0.01597887,0.15317872,0.10794658,-0.18715836,-0.09665822,0.04417992,-0.14690915,0.05148932,-0.04320252,0.06748998,-0.24930415,0.23319526,0.16977754,-0.13429034,-0.07999495,-0.15691179,-0.05077580,0.08796691,0.10381791,-0.06736627,0.03421061,0.08084583,-0.16421250,0.17511904,0.07998729,0.01607489,0.05784632,0.06569752,0.16610754,-0.01589933,-0.12661505,-0.17921634,-0.10298096,-0.32453474,-0.07150044,-0.17102954,0.09056148,-0.15367314,0.08579378,0.13932225,0.19810568,0.03421465,-0.29125628,-0.11885561,0.14992942,0.49240774,0.10360619,-0.32115167,0.09793372,0.20317864,0.06310634,0.02216873,0.02316298,0.39912245,-0.17940135,-0.05628985,-0.18534422,-0.15312399,0.04462108,0.31727073,-0.09141129,-0.07700484,-0.18693209,0.10383983,-0.02833242,-0.20704043,-0.05303613,-0.10738706,0.13560064,0.18663876,-0.03999418,0.14752361,-0.23638861,0.05589300,0.22029831,0.24638903,0.15203524,0.14666912
0.15302800,-0.05603667,-0.13377550,0.02288952,0.21357152,0.12188463,-0.03506493,-0.17504685,-0.00667103,-0.08049129,0.06905200,-0.03076875,-0.09485625,0.01228976,0.19326276,-0.19073433,-0.02403137,-0.01913824,0.01582614,0.02439979,0.16717942,-0.00284900,-0.21869335,-0.09475777,-0.11358788,0.04397357,0.04415727,-0.08591518,-0.03349217,0.17398508,0.13401537,-0.04668970,0.09481645,-0.09830770,-0.04127023,0.12318806,0.18084545,0.01332392,0.00794915,0.09279270,-0.12980647,0.10292719,-0.14233097,-0.12801687,0.09330571,-0.13523565,-0.17185007,-0.08154952,0.03377018,0.00820992,-0.11601595,-0.04600304,0.03289824,0.03229555,0.17255540,-0.07789464,0.14545657,0.05517211,0.00533511,0.14087301,-0.14105178,-0.15145901,-0.06062647,-0.11154917,-0.08871568,0.08480875,-0.10634088,-0.22130120,0.06140690,0.14673175,-0.16108790,-0.04799323,0.08367104,-0.06812075,0.05979329,-0.05362739,0.16080916,-0.04382857,0.07758434,0.17778063,0.03319205,-0.01325469,-0.22009093,0.01454175,0.03838578,-0.09504133,0.16848429,-0.01632787,-0.00872356,0.13642499,-0.08700443,0.01218970,-0.02827204,-0.16869111,0.01158548,-0.13371527,-0.14979944,-0.00254149,-0.25284168,0.02942680
0.08065616,-0.11425034,-0.14242893,0.03652520,0.10539577,-0.00818248,-0.01068578,0.05417033,-0.11008125,-0.28598318,0.03710473,0.01801142,-0.24020645,-0.08959505,0.04386723,-0.00685623,-0.07761020,-0.08658420,-0.18539290,-0.07249261,0.10091107,-0.09577756,-0.08404232,-0.13662115,-0.16404036,0.22183713,0.14964053,-0.11331201,-0.06961252,0.20704123,0.04096825,-0.02798966,0.12000583,-0.15281783,-0.11291108,0.03061263,0.13864487,0.10062401,-0.05082836,-0.17199337,-0.05507644,0.16700046,-0.08929991,-0.20766100,0.11187328,-0.16271548,-0.20298792,-0.12948987,0.02302244,-0.05587776,-0.12197141,0.25968623,0.08594853,0.06562392,0.00441743,0.16211382,-0.01687694,0.04793174,-0.25374055,0.11935481,-0.15472274,-0.08202887,-0.10412734,-0.12351222,-0.04835279,-0.02064921,0.02623304,-0.16253383,-0.01048292,0.12224746,-0.15937227,-0.09016754,-0.06673139,-0.01566135,-0.04783220,-0.11812503,0.14399378,0.01173764,0.04995664,-0.01775362,-0.16834646,-0.02031573,-0.10554971,-0.13977432,0.12015000,-0.02846058,0.05950420,0.02531632,-0.08716650,-0.03827679,-0.16595848,0.13237563,0.03373057,-0.24675708,0.19678053,-0.10282015,-0.12334868,-0.21906485,0.24950092,-0.46108377
0.03104722,-0.04984307,0.20658435,0.01800943,-0.40711644,-0.07724502,-0.09865172,0.16044226,0.04351323,0.09314925,-0.07030752,-0.18970336,0.15650490,-0.18386646,0.14442757,-0.16668119,0.04749508,-0.09435940,-0.01288348,-0.03839972,0.47001249,0.01372251,0.29095456,0.10644809,-0.09902290,0.08033724,-0.27036420,0.23982550,0.09899688,-0.06886933,-0.09966800,0.12926757,-0.23494074,0.08699097,-0.00732594,-0.12089787,-0.24118474,-0.26607084,0.04105820,0.57166666,-0.08556412,-0.10047447,-0.12170263,0.03513360,-0.04732724,-0.05864472,-0.14668830,0.02041092,-0.21908705,0.05897920,0.08560513,0.07579620,-0.20631641,-0.35955185,-0.04864027,0.32227987,-0.00172848,-0.16126719,0.40905049,0.11758785,0.11261014,-0.11163525,0.11156637,-0.01464587,0.14368890,0.34694746,-0.09166023,0.23648922,0.27137730,-0.20162210,0.07876899,0.11258638,0.14885172,0.10827225,0.47997698,0.15212779,-0.00890484,-0.22629777,-0.05770983,0.02566683,0.01343194,0.63503283,-0.09325492,-0.08738593,0.07854388,0.19313627,0.09334535,0.10413659,-0.03325033,0.04452306,-0.01017797,-0.20188150,0.09451228,0.15634969,-0.12689017,0.15489042,0.12802012,0.10708059,0.04267094,0.00264409
-0.04368160,-0.05190703,-0.11866738,-0.11623394,-0.01362240,0.05233927,-0.17362419,-0.18091002,-0.00258303,-0.12087411,0.13303325,0.01954714,-0.11950538,-0.24184476,0.10912906,-0.15429716,0.09980313,0.25795424,-0.18860486,-0.08377824,0.10197319,-0.03108070,0.00743096,-0.11550616,-0.17902917,0.01962311,-0.01443986,-0.21305858,0.00836506,0.03623213,0.09667156,0.00595073,0.13606155,-0.13092487,0.04032817,0.06879693,0.12871161,-0.02648527,-0.10724679,0.05584795,-0.21818417,0.20180979,-0.04103335,-0.22252063,0.12569995,-0.08711708,-0.14466317,-0.09342497,0.00274819,-0.11567402,-0.12834355,-0.00258736,0.10740753,-0.30456805,0.16222315,0.01418057,-0.00332003,0.09074273,-0.16005185,0.16891491,-0.13709752,0.01866904,-0.18258566,-0.23101579,-0.07612836,0.02291585,0.14501472,-0.41758740,-0.04566368,0.05204253,-0.05870484,-0.09414489,0.22899909,0.03551412,0.05597730,-0.04062240,0.04452720,0.05832896,0.07811623,0.02729831,-0.17187963,-0.24167287,0.04186406,-0.10353945,0.02953135,0.03780083,0.12847601,0.14127313,-0.06324650,0.08665739,-0.19963026,0.04173789,-0.08851305,-0.01413264,-0.00743529,-0.08307406,-0.07748983,-0.17051320,0.07453332,0.05991229
0.19264935,-0.02401063,-0.00215609,0.02334543,0.13532560,-0.00389394,0.08708428,0.03310119,0.10030866,-0.03748567,-0.01145792,0.27673367,-0.11833348,0.03482405,-0.02406743,-0.10689813,0.06952199,-0.01105911,-0.07130826,-0.12400515,-0.05365538,-0.01245406,-0.09692825,-0.13561721,0.00746587,0.10430441,0.03965222,-0.14566964,0.05204333,0.12429797,0.06313550,0.06385741,0.03579977,-0.15227096,-0.02544200,0.09899732,0.00853825,-0.00088623,-0.04244511,0.07450599,-0.02229978,0.01996216,-0.17231803,-0.00408624,0.10706396,-0.00848393,0.00932047,-0.05772163,0.06506012,0.07477431,-0.13811715,0.15089707,0.10329609,-0.07670766,0.00753229,-0.23094787,0.10106236,0.08696072,-0.02961283,0.16946304,-0.07807645,-0.00467736,-0.01577672,0.03067767,0.03434451,-0.24994583,-0.01317483,-0.01549963,0.07387913,0.06837256,-0.13005608,-0.01824144,-0.10315858,-0.02700143,-0.13258949,-0.11070848,0.14588615,0.03979398,-0.03906444,0.08014380,0.03580832,0.04070920,-0.13722512,-0.13224234,-0.07553576,-0.16322935,0.02831548,0.03261551,-0.03394575,0.05710720,-0.16604038,0.05179216,0.05938594,-0.01826796,0.19537684,-0.07428673,-0.01125778,-0.15402329,-0.11199328,-0.12818801
0.12237598,-0.08462568,-0.12557018,-0.03206656,0.23064008,-0.01145304,0.03944711,0.02558134,-0.02335707,-0.19510189,0.12637767,0.14759085,-0.14399928,-0.03239938,0.11186080,-0.01361422,-0.05990199,0.07346261,-0.18410128,-0.07420110,0.13196449,-0.13325080,-0.10650273,-0.24056776,-0.15686195,0.10318317,0.07231054,-0.06155389,-0.03553970,0.17078112,0.05203900,-0.03795834,0.21051107,-0.23846754,-0.01634652,0.05101799,0.08393069,0.17982413,-0.02700481,0.16402876,-0.14860626,-0.02820440,-0.09016421,-0.08621565,0.10379615,-0.03186364,-0.18524407,-0.00995303,0.13851793,-0.03597404,-0.29215878,0.11344162,0.17432132,-0.06704683,0.10530635,0.16820051,-0.00460959,0.11736473,-0.28447580,0.16722281,-0.18206766,-0.14301959,-0.09475935,-0.12715694,-0.06579100,-0.05805801,-0.06057628,-0.07001228,-0.08151644,0.06772649,-0.25807446,0.00774702,0.00751764,-0.04023686,-0.13929683,-0.31011507,0.18312636,-0.04777711,0.07147907,-0.02303503,-0.16673616,-0.25637740,-0.03392019,-0.01637026,0.03120598,-0.07536317,0.06056724,0.19672355,-0.13255519,0.05020551,-0.02962897,0.03089479,0.01863648,-0.16973165,0.21734861,-0.28461346,-0.06110310,-0.23995318,-0.11022533,-0.37678298
0.04524735,0.00860138,0.02628366,-0.00237940,0.16427238,0.02564976,0.08218248,0.04137135,-0.07036798,-0.22117247,-0.09919198,0.20329173,-0.19770640,0.02909092,0.07399508,-0.09370734,0.21632226,-0.14089620,-0.12838702,-0.01528081,0.02782444,0.01848649,-0.00626856,-0.06437963,0.00195277,0.16342451,-0.06973346,-0.00298589,-0.16292106,-0.06376110,-0.01694275,-0.07649034,0.12447795,0.03112635,-0.05309489,-0.00661656,0.05448667,-0.11878870,-0.21038038,-0.06873354,-0.13774826,0.11322317,-0.02279330,-0.08470088,0.06961297,-0.00675714,-0.07890812,-0.11306892,-0.03929050,0.07195497,-0.07254124,0.06623735,-0.03596355,0.05550323,0.08106649,-0.15012562,0.09389967,-0.04844162,-0.12043354,0.06302282,-0.16291432,0.05216945,0.05253975,0.00493386,0.11076354,-0.07407761,-0.12131047,0.13830703,0.08732950,-0.06389704,-0.06628683,-0.10008615,-0.05349328,0.00550044,-0.10881186,-0.00703176,0.01521571,0.02983215,-0.00446195,-0.12169446,-0.01670625,0.20237195,0.02225862,0.02565039,-0.04924643,-0.01555140,0.09665830,0.05328627,-0.13714539,0.00495349,-0.12527631,0.04940506,0.11530413,-0.13308689,0.04571783,-0.12536322,0.06837804,-0.08316015,0.15448260,-0.26678368
0.14977068,0.04574159,-0.05604334,0.00767311,0.10980036,0.11475955,-0.21401829,-0.12029668,0.12821232,-0.18109721,0.12579034,0.13104771,0.01594378,-0.29064566,0.09578809,0.04424004,0.04757338,0.04219137,-0.23908521,-0.17761654,0.00161112,0.02074339,-0.23349510,-0.16234007,-0.32824436,0.12155542,0.07346608,-0.06958102,-0.03498275,0.07174534,-0.00200255,0.13564889,0.08937250,-0.21700074,-0.01519182,-0.01474222,0.14177173,-0.00315080,-0.13699970,-0.12585063,-0.25176516,0.10012453,-0.17124012,-0.26078251,0.20815468,-0.09540626,-0.13884562,-0.09177621,0.07294397,-0.07117724,-0.11726068,0.30126688,0.12739806,0.06894037,0.02740573,-0.05322557,0.19596156,0.13156143,0.05846081,0.14973265,-0.27452481,-0.03639619,0.00492457,-0.20094135,-0.02333573,0.14937934,-0.01830995,-0.10257513,0.01252444,0.14575163,-0.33865541,-0.00126479,0.02016631,-0.18487619,0.27194723,-0.06982584,0.18725614,0.01608710,0.06703144,-0.02104333,-0.22820123,0.21855260,-0.12465134,-0.07821102,0.11125907,-0.22625750,0.00979118,0.22760598,-0.15657738,-0.04402531,-0.19208865,0.14460549,-0.01855289,-0.23260325,0.09214704,-0.10224436,-0.02481787,-0.21630011,-0.24216115,-0.39155459
-0.18500863,0.29075399,-0.16654763,0.32048562,0.07011218,-0.04063350,-0.18919274,-0.09924025,-0.06507498,-0.41326806,0.21744114,0.02972807,-0.24454433,-0.06654514,0.11553378,-0.12344118,-0.09929471,-0.03840121,-0.11351073,-0.22137119,-0.04806766,-0.00885618,-0.15215163,-0.38549760,-0.33419368,0.49853256,0.05043750,-0.18467394,-0.11135197,0.00253403,0.09260683,0.04412484,0.27410644,-0.38572258,-0.01978548,0.00888579,0.22350541,0.23581089,-0.37853172,-0.15956660,-0.05069120,0.15651603,-0.41966817,-0.45160422,0.31589308,-0.10435208,-0.23687056,-0.21979274,0.12232205,-0.05096062,-0.41846994,0.54925931,0.01728833,0.23641542,0.06322886,0.14518170,0.09838900,0.03377073,-0.25872526,0.30350417,-0.40151384,-0.13159497,-0.04830415,-0.25681356,0.08809368,0.08030073,-0.08290308,-0.06021079,-0.09368645,0.13607754,-0.37982124,-0.10242388,-0.04777016,-0.13419259,-0.01648375,-0.19444506,0.29206321,-0.04212055,0.12953775,0.09485499,-0.16392605,-0.12168233,0.07737216,-0.19596307,0.00514907,-0.18600139,0.14252366,0.33066338,-0.23651829,0.08564228,-0.25723910,-0.00243538,-0.08210080,-0.62454093,0.59584975,-0.21817549,-0.02495342,-0.42952219,-0.05280461,-1.00034046
0.05548077,-0.05301346,-0.12003373,0.02862478,0.25436637,0.08107160,-0.00023201,-0.11669962,0.05895380,-0.05945273,-0.01303514,0.05249513,-0.04178094,0.01927636,0.02767929,0.00182726,0.02282166,0.01315171,-0.01841504,0.00088659,0.09379733,-0.02613828,0.00091244,-0.12213874,0.02491934,0.06992920,-0.04727267,-0.06894290,-0.19410308,0.19516130,-0.11417931,0.11157981,0.13821095,-0.13107298,-0.06671066,0.10284534,-0.00829853,-0.00709753,-0.02932694,-0.04794022,-0.06750586,-0.06766707,-0.11350882,-0.01120513,0.11528210,-0.02580994,-0.03220642,0.04566908,-0.04850717,0.00008784,-0.11263183,0.02678167,0.10911763,-0.02419180,-0.00106586,-0.04493330,-0.00191019,-0.04279681,-0.00023959,0.03754662,-0.04828676,-0.11519890,-0.07135183,0.00970068,-0.00192234,-0.07403932,-0.14281021,-0.00570425,0.12635177,0.09202858,-0.10817551,0.07121487,0.00116476,0.01158164,0.03027320,-0.01211398,-0.02061892,0.04353796,0.08641520,0.02670172,0.00971469,0.07071374,-0.15124363,-0.12628657,0.08531555,-0.21920021,-0.02619376,0.04127237,-0.01151398,0.00365292,-0.11367059,0.00385349,0.07748664,-0.10193960,0.07213122,-0.02659692,0.03728920,-0.09310204,-0.07872287,-0.09479853
-0.04198626,0.09531565,0.02740388,0.01575837,0.24757951,0.13624138,-0.05797392,-0.02659411,0.07684442,0.01287186,-0.00062825,-0.02894145,0.01255872,-0.02910655,0.13709195,0.00269857,0.06261833,0.06669335,-0.07599775,-0.03166347,-0.06288575,-0.01755334,0.02248377,-0.07368225,-0.11270723,0.04239172,-0.03165904,-0.02737376,-0.12763949,0.09495856,-0.04766586,-0.01891784,0.03906866,-0.09473274,-0.05935942,-0.00899341,0.05907509,0.00549051,-0.02777836,-0.05179755,0.03880432,0.06872682,-0.04737240,-0.01604985,-0.02529756,-0.10351867,-0.11532753,-0.07813861,0.09486844,0.03714561,-0.01861166,0.00263868,0.13799755,0.11173011,-0.04796256,-0.00874701,0.06355157,0.10568593,0.01431649,0.13320036,-0.08406596,0.00331328,-0.12682101,0.02358712,0.10237444,-0.00173787,-0.06741200,-0.00210777,0.09284236,-0.01559433,-0.14177281,0.06282561,-0.05052057,-0.07321177,-0.06003155,-0.11190471,0.04796676,0.04205205,-0.01280824,-0.05187031,-0.13383184,-0.07743417,0.05235053,-0.04132408,-0.10071314,0.00799387,0.03688142,0.02447707,-0.02088229,-0.02650385,-0.13898161,-0.03037508,0.15014705,-0.05916677,-0.02565404,-0.18939683,0.00032913,0.04057608,0.17406201,-0.05358519
0.16534191,0.19139174,0.17059758,0.00807036,0.31186482,0.04643434,-0.08921096,0.12530273,-0.01091492,-0.12107403,0.08119050,-0.08472324,-0.37545541,-0.12702659,0.10240973,-0.04876297,0.14812778,-0.18973790,-0.05345133,-0.33405271,-0.21382937,0.05945260,0.08221785,-0.35457322,-0.10769775,0.30316842,-0.08891880,-0.21976331,-0.00582612,0.06583279,0.02371372,-0.04226093,0.21313752,-0.04757154,-0.14396417,-0.09522568,0.09687180,-0.36458513,-0.21039373,-0.06199488,-0.13818705,0.15011051,-0.18910010,-0.21376522,0.21970601,-0.21605416,-0.22002795,-0.21827306,0.11875890,-0.10136382,-0.16090991,0.20481284,-0.01069544,0.15430549,-0.08922931,-0.19122584,-0.14747897,0.05773120,0.04264093,0.08190622,-0.26754397,-0.05647563,-0.08009201,-0.20946990,0.33983997,0.12058285,-0.21498783,0.25531802,0.04630895,0.00168863,-0.18814068,-0.00073640,-0.03875923,-0.14762701,0.15969416,0.02017878,0.22680704,-0.01785684,0.26889729,-0.02609240,-0.05835321,0.55787683,0.10722151,-0.15165542,-0.11355416,-0.07055695,0.14149873,0.11172099,-0.27416208,-0.13692179,-0.35803017,0.11691684,0.09376013,-0.16118132,0.36272994,0.02041878,0.14223662,-0.30567765,0.47112820,-0.50814188
0.17258877,0.04791195,-0.15646996,0.06947032,0.20518334,-0.09919377,-0.14083225,0.01535239,-0.04125050,-0.25201684,0.05700240,0.06848544,-0.23122817,-0.13889906,0.02084995,-0.06848148,-0.13349445,-0.01027853,-0.20880206,-0.05147627,-0.03820604,-0.02769543,0.03885241,-0.23645437,-0.16074525,0.19942445,0.03615795,-0.17544222,0.05646527,-0.07742328,0.10221188,0.02864836,0.07021242,-0.18546852,-0.09876680,-0.03233163,0.16254924,-0.01885290,-0.17231724,-0.03082393,-0.08756458,0.13076802,-0.17787312,-0.12130461,0.30510271,-0.09154428,-0.22068685,-0.06737487,0.13030922,-0.03788499,-0.17028350,0.31371835,0.14080517,0.11696268,-0.01899402,0.06664892,0.11304138,0.12823531,-0.06739525,0.07994854,-0.11326683,-0.05510030,0.01056564,-0.19757073,-0.06457400,-0.00268217,-0.04722330,-0.04744091,-0.06846882,0.12085811,-0.27277145,-0.15605177,-0.03221522,-0.10608470,0.03835138,-0.17537071,0.10689548,0.09854563,0.13150059,-0.06616257,-0.04159927,0.07021298,-0.06378131,-0.03567877,0.01447157,-0.13787526,0.16468635,0.17540863,-0.22264148,-0.07116738,-0.09056012,0.16380653,0.07236386,-0.18603988,0.26884592,-0.16546220,-0.02757249,-0.12787463,-0.05290105,-1.08457816
0.20608483,0.05293098,-0.24343644,-0.01617012,0.22024888,0.19785430,0.03328384,-0.06527659,0.22280137,-0.21577029,0.09982445,0.40216416,-0.19861051,-0.10481999,0.23088542,0.07288612,-0.12916210,-0.00484964,-0.29159871,-0.27537870,0.01262862,-0.16575810,0.14529712,-0.03562650,-0.30319619,0.23621458,0.09931695,-0.12788308,-0.08458197,-0.24276938,0.03914780,0.06781108,0.09075503,-0.02684236,-0.10730603,0.12028409,0.05685429,-0.01948071,-0.19583023,-0.11072072,-0.00197541,0.05559772,-0.24401614,-0.21105133,0.15750399,-0.19606201,-0.09534851,-0.22327928,-0.04647294,-0.02215704,-0.22567707,0.36311185,-0.06218196,0.30604410,0.03351830,0.03741050,0.08823062,0.06084651,-0.04960455,0.27495593,-0.23440953,-0.15170950,-0.06054385,-0.13092552,-0.18136394,0.15186833,-0.05615639,-0.05436350,0.25404233,0.01009553,-0.09076105,-0.10878806,0.17574728,-0.06036478,0.30050719,0.06600188,0.26315933,-0.05534935,0.13206047,0.06039175,-0.13146415,0.07430159,-0.08870829,-0.08705715,-0.01681736,-0.21913032,0.06299785,0.13006863,-0.20361798,0.03165248,-0.10181089,0.13911130,-0.02617691,-0.22999889,0.25288889,-0.18514267,-0.22356813,-0.28879520,-0.28295159,-1.08703804
0.01143420,-0.02192510,0.10806864,0.03846525,0.19247536,-0.00011019,-0.04747614,-0.00079467,-0.03187109,-0.06267480,0.08619242,-0.02160342,0.07335941,0.02007831,0.05406165,-0.02717484,0.04241567,0.05955551,0.03923026,-0.08413256,-0.07183453,-0.01390302,0.08997984,0.00902163,-0.05246504,0.02951003,0.04740202,0.01672868,-0.17780408,0.00933982,0.06030928,-0.02116546,0.09257774,-0.01013487,0.01067827,-0.05209224,-0.01547631,-0.14121585,-0.12836352,0.10606678,-0.12821980,-0.02789159,-0.09152606,-0.12713674,0.14624798,-0.04349985,0.01345325,0.00160492,0.00560614,0.10358700,-0.11034893,0.08330144,0.06906500,0.16194977,-0.06303978,-0.00352403,-0.04854367,0.12203519,0.10113563,0.08861266,0.04898197,-0.05908216,-0.04109331,-0.12215098,0.13306129,0.12043148,0.02880972,-0.19516131,0.00420317,-0.00288495,-0.13624160,0.06741843,0.11432959,0.03958414,0.20545572,0.00971995,0.16479899,-0.01841325,0.00441784,-0.07378004,-0.01056542,-0.01367899,0.05624010,-0.05803893,0.01027269,0.08815741,0.17159128,0.06724279,-0.14063713,0.13388129,-0.14651880,-0.10749716,0.08681513,-0.13262552,0.08411169,-0.01523413,0.08243371,0.04492335,-0.00151769,0.11724432
0.21332735,0.00297564,-0.02854714,0.08299583,0.49308327,0.07829870,-0.05150757,0.09843802,0.01030963,0.00000146,-0.09309252,0.07836825,-0.03017102,-0.06934818,0.04214362,0.03604836,0.08999152,-0.02395144,-0.02040352,-0.02338754,-0.02916934,-0.07493253,-0.10478230,-0.01507297,-0.07257325,-0.02948445,-0.00759261,-0.00846536,-0.09976996,0.07983380,-0.05990451,-0.21165296,0.08244317,-0.08118716,0.03562265,0.01468906,-0.01250245,0.01295379,0.05096982,0.06419441,0.00926109,-0.02716264,-0.08921859,-0.02031140,0.04051143,0.11620604,-0.04410548,0.01631477,0.03488925,0.04818294,-0.04304180,0.08319366,0.01572536,-0.18081792,-0.01813170,-0.15510769,-0.11154597,0.06483809,0.05513028,0.07335002,-0.09592903,0.02136837,0.00149580,-0.10269808,-0.09893160,-0.29925284,-0.11560024,0.11832710,0.19427837,0.00418426,-0.10371429,-0.08301664,-0.13510060,0.01074578,-0.29074582,-0.10179510,0.06172292,-0.01850475,-0.05098260,-0.14479902,-0.04252028,-0.12696873,-0.06692020,0.04802286,-0.17665525,-0.08015832,0.04163313,-0.01341326,0.01586770,0.02997769,-0.06723244,-0.00861257,0.21540239,-0.10077482,0.06476428,-0.01373639,0.07938299,0.00539325,-0.03391710,-0.08130841
0.10220440,-0.00758073,0.04289849,0.03752289,0.21840276,0.11304849,-0.13190907,-0.04280031,-0.03567537,0.06619016,0.04028274,-0.03998515,0.02422527,-0.13396436,-0.01130682,-0.14107503,-0.08101185,0.13154641,-0.10850787,0.04019890,0.16721399,0.03128439,0.05925536,-0.04385224,-0.10764278,-0.00619263,0.10983962,-0.08202273,0.05158201,-0.06753173,0.10615209,0.08506785,-0.01133225,-0.12258916,-0.02915961,0.05647976,-0.04179073,0.07864536,-0.02565613,0.06520300,0.06169774,0.07409451,-0.10654803,-0.05100590,0.03948295,-0.09370444,0.05722609,-0.10467757,0.11629216,0.07053588,-0.00917987,0.01402084,-0.04904389,0.08937219,-0.00724322,-0.00318076,-0.05903331,0.09678370,0.00742265,0.12053644,-0.14599602,0.02738360,0.03205496,-0.06631386,-0.08627041,-0.00705023,0.13894933,-0.01531355,0.07916230,-0.04753752,-0.09939805,0.05982301,0.10024350,0.07065538,0.09264226,-0.01932647,0.09784472,-0.01345638,-0.06337649,0.04033026,-0.09349956,0.00041804,0.00523391,0.03536870,-0.00480069,-0.00952350,-0.01680704,-0.06164233,0.08967236,0.11763952,0.01121942,0.09066773,-0.05141661,-0.11648532,0.00655205,-0.04758819,-0.08299094,-0.09047228,0.00146661,0.05903008
0.00800523,0.04080158,-0.00536385,-0.10858087,0.19485058,0.06741457,-0.07886255,-0.07607419,-0.05462655,-0.06198751,0.10266159,-0.06179481,-0.27130249,-0.00509790,0.07918365,-0.06762106,0.05704995,0.04471923,-0.02520880,-0.08518886,0.09023958,0.00391306,0.00417093,-0.13386060,-0.16728222,0.28154850,0.05850476,-0.09243225,-0.05142918,0.08249862,0.02701766,-0.09602848,0.07477885,0.01219360,-0.11166329,0.00183110,-0.02416756,0.03431212,-0.18150564,-0.04086607,-0.06071454,0.08558559,-0.07931913,-0.14794567,0.06831272,-0.11572973,-0.06629584,-0.08095024,0.09552354,0.02172886,-0.16439188,0.15152475,0.02226431,0.04446655,0.05944026,0.07077999,0.02962636,0.09811583,-0.01290629,0.14691703,-0.20737650,-0.13245963,0.02455655,-0.03346762,0.03702880,0.05696573,-0.14884564,0.09242454,-0.09622033,0.02382479,-0.14864914,-0.13902588,0.07184099,-0.13521285,-0.04060703,-0.17423645,0.11107935,0.11174331,0.01962894,0.04697141,0.00722675,0.00411935,0.00196866,-0.05598558,-0.06045762,-0.00824730,0.03709043,0.14794244,-0.07455392,0.10193107,-0.15270925,0.06110622,-0.01169804,-0.22188643,0.21660584,-0.19098788,-0.10785573,-0.06166139,-0.01874832,-1.14555514
0.04859748,0.01906172,0.00609619,0.05356304,0.20207246,-0.07730699,-0.10947423,-0.01198589,-0.02047757,-0.13337870,0.04388001,0.11275830,-0.08480860,-0.08048418,0.00815862,-0.07585740,0.06947618,0.08100859,-0.08491270,-0.08359817,-0.03846020,0.01917182,0.09061122,-0.16472213,-0.06504820,0.04539654,-0.01335306,-0.10775684,-0.12995307,-0.21257363,0.05956596,-0.11292383,0.05657845,-0.03485461,-0.10487206,0.01974190,-0.03411575,-0.06397446,-0.15445486,-0.01933447,-0.08048601,-0.05740234,-0.06757366,-0.09830777,0.20519033,-0.05284785,-0.15350373,0.00155762,0.01942575,0.04257112,0.00897322,-0.01578286,0.06819540,0.03942820,-0.10521479,0.10267034,0.04509328,0.03139786,-0.12343035,0.06454998,-0.08766776,-0.20112336,-0.13541850,-0.07276499,0.08520387,-0.11545341,0.02701375,-0.08936421,0.07066511,0.05906220,-0.01624563,0.08163092,-0.12354112,-0.15541252,-0.13550040,-0.17589010,0.10574387,-0.06535864,-0.00959570,-0.04904941,0.08119366,0.19002074,-0.10145968,-0.09432668,0.09000518,-0.11855069,-0.05474357,0.05084624,0.03109047,-0.03336988,-0.07650258,-0.03512657,0.03245723,-0.00793172,0.23502600,-0.15985756,0.00708323,-0.08901662,0.05133433,-0.15996458
0.25647098,0.20782828,-0.37700564,0.13970922,0.09012071,0.12610388,0.07217216,-0.16934116,0.07076004,-0.06612834,0.09766921,0.35719654,-0.09263024,-0.05986884,-0.02526114,-0.09370886,-0.05835612,-0.02914251,-0.06380690,-0.15638041,0.12607428,-0.05917820,-0.09001791,0.01836116,-0.20869122,0.22539157,0.08190309,-0.14980716,0.11728837,-0.15899135,0.01954366,0.06722860,0.11439097,-0.02754850,-0.15047435,0.00180641,-0.04581048,-0.03411788,-0.16088454,0.15658215,-0.12085724,0.07196097,-0.24251382,-0.06983583,0.09218866,-0.12768309,-0.09513528,-0.01881188,-0.08097325,-0.04096449,-0.15192090,0.35182932,-0.06392976,-0.13284273,0.02871602,-0.28870621,-0.04020094,-0.00415876,0.04724175,0.15187295,-0.17448707,0.02892518,-0.03358333,-0.06643781,0.10254879,0.01311972,-0.20119393,-0.06271101,0.12170885,-0.02313391,-0.11251846,-0.08080554,-0.03106776,-0.14835544,0.06502432,0.05581983,0.00294072,0.00448194,0.23606421,0.12527271,-0.04229136,-0.19228242,0.02974791,0.00638847,-0.07282665,-0.06802509,0.06402914,0.03753494,-0.07490340,0.05016116,-0.13482922,-0.01632278,-0.01517212,-0.22737226,0.35266122,-0.06057029,-0.14198792,-0.15358527,-0.20651147,-0.59025288
0.19411255,0.17364724,-0.73523706,0.03903086,0.01731922,0.36050981,0.04602502,-0.27920759,0.27589285,-0.12160767,0.22567572,0.48855039,-0.10794717,-0.05429344,0.13291113,-0.11321326,-0.30540186,0.02906403,-0.16719955,-0.07680727,0.19395159,-0.16826385,-0.02490761,0.12196880,-0.06545644,0.04662827,-0.07684115,0.07657199,0.06522035,0.27804875,-0.01476376,0.00290815,0.12183350,-0.15033501,-0.10703234,0.08600779,0.12039278,0.14568865,-0.12734881,-0.00109448,-0.12602265,0.26040551,-0.09019537,-0.12590715,0.06926427,-0.06347316,0.06921934,-0.31838158,0.15574023,-0.02848919,-0.03820011,0.05296383,0.11321803,0.56956017,-0.02200207,0.43532372,-0.12084226,0.03040004,-0.18482143,0.02329871,-0.20663828,-0.16852538,-0.02614067,-0.03801739,-0.29055318,-0.04267142,-0.14468488,0.05290378,0.15759426,0.05418960,-0.06942391,-0.28694624,0.04397550,0.02411397,0.06468494,0.00393157,0.08310609,-0.10121278,0.26705638,0.09086952,-0.19284394,0.16856393,0.26780349,-0.07636600,-0.11909908,-0.43898517,-0.04726381,0.04450679,-0.00862698,0.05441288,-0.07654548,0.15463339,0.00247175,-0.18811435,0.08234282,-0.11585311,-0.43685061,-0.10928037,0.16627088,-0.24701689
0.06655420,-0.08723160,-0.11882716,-0.27185714,0.20075516,0.11684861,-0.02907494,-0.06980109,0.15215838,-0.31426156,0.16810925,0.14921348,-0.29322580,-0.10820164,0.16644478,-0.15851595,0.02596812,0.07423718,-0.04451797,-0.19793047,0.10634840,0.04355794,-0.09246185,-0.20495528,-0.27465436,0.32936400,-0.02152958,-0.08998688,-0.16996419,0.03808966,0.03148536,0.05978253,0.23908366,-0.12978686,-0.08254825,0.08939312,0.19663697,-0.06910279,-0.21178499,-0.02154360,-0.05814499,-0.01132308,-0.31662199,-0.13957691,0.17649563,0.00235543,-0.24808683,-0.09743857,0.07886090,-0.03650926,-0.23925482,0.33830568,0.06755616,0.07212914,0.09070017,-0.01269251,0.00642839,0.00766469,-0.00820272,0.27958804,-0.20193756,-0.10152609,-0.03940916,-0.28013059,-0.15291283,-0.03936530,0.03323696,-0.12808937,0.07046509,0.05859272,-0.17405784,-0.10579531,0.09477080,-0.25403875,0.06531503,-0.16088863,0.09687640,0.11992168,0.14730553,0.04295840,-0.03994816,0.12409192,-0.04948203,-0.09698274,0.12118495,-0.15752079,0.02118486,0.13837662,-0.15255508,0.13844529,-0.11728931,0.08385031,0.07016856,-0.33123416,0.36345518,-0.09298059,-0.03117842,-0.17287683,-0.03381893,-0.64670187
0.40925801,0.16066384,-0.23247430,0.12559798,0.23676205,0.18249618,0.10627664,-0.10096484,-0.05599573,-0.30590519,0.07115001,-0.17987520,-0.38672167,-0.08330120,0.02921505,-0.13813302,0.07701158,-0.13336630,-0.10652921,-0.19895186,0.06656674,-0.02692389,-0.06013291,-0.38587624,-0.10577916,0.30163389,-0.08323214,-0.22365104,-0.03119569,0.32168475,-0.06178255,-0.18255237,0.25003389,-0.16202930,-0.09088133,0.02703340,0.09623802,-0.07390239,-0.23800290,0.16227975,-0.14693999,0.03560456,-0.18597408,-0.27021027,0.14969178,-0.08851037,-0.08716732,-0.05503930,0.06299300,0.01486068,-0.19119038,0.29177046,0.06389572,0.01961272,-0.09354050,0.13729124,0.03872840,0.09421668,-0.03696154,0.11823422,-0.21947668,-0.16587023,-0.04509512,-0.19751649,-0.04891559,-0.03636288,-0.17108598,0.26847517,0.07099076,0.18274947,-0.25604743,0.03702810,-0.07891347,-0.14485985,-0.21992420,-0.28902081,0.18224765,0.17348066,0.15671915,0.05987876,-0.17894387,0.14296347,-0.05524952,-0.13064627,-0.00336757,-0.33983302,0.13924798,0.14033340,-0.19270489,0.07782545,-0.24064313,0.19530322,0.08535804,-0.28736627,0.30131447,-0.23827778,-0.03300696,-0.34414822,0.10185387,-0.89557612
0.16124333,-0.08905926,-0.10348989,-0.10064534,0.03673765,0.01930618,-0.22516878,-0.03740770,-0.14025451,-0.23330612,0.15697315,-0.14892720,-0.11490172,-0.26289675,0.13371991,-0.19372125,0.04077348,0.10055493,-0.15280721,-0.05213387,0.05701368,0.02725914,-0.03962075,-0.24027476,-0.33048725,0.25624633,-0.00065322,-0.07585143,-0.07340528,-0.07268451,-0.01846035,0.01359401,0.17995220,-0.07334096,0.01856211,0.09621755,0.12942873,-0.08813408,-0.19076036,0.05681500,-0.20177755,0.12853079,-0.17354141,-0.15331005,0.29091707,-0.15977690,-0.10821769,-0.16285671,-0.00706013,-0.01621825,-0.15852621,0.09806976,0.05488172,-0.02100439,0.11648852,0.17709212,0.00601472,0.16406840,0.00450051,0.27207538,-0.20541951,-0.07103831,-0.13680211,-0.15142725,-0.02044357,0.14069679,-0.05262884,-0.12235401,0.10446037,0.02777523,-0.13480926,-0.16181907,0.01020107,-0.12247085,0.07466784,-0.26233494,0.08347298,-0.01798804,0.05819427,0.06897768,-0.15472579,0.02389930,-0.22116458,-0.11495266,0.20195931,-0.00993933,0.18387796,0.11101454,-0.16571005,0.10733691,-0.21698791,0.09541574,0.07205486,-0.19711754,0.23920901,-0.21890591,-0.05785046,-0.11648593,-0.06043282,-0.28229117
0.18974987,-0.09223545,0.16454993,0.05539089,0.25423649,0.05737750,-0.14375351,-0.13966219,-0.09117293,-0.20275524,0.00962502,-0.12220257,-0.20396908,-0.02467228,0.12233924,-0.08412959,0.06522295,-0.06963442,-0.03603860,-0.08217662,0.01062632,-0.13687462,-0.12074654,-0.17882608,-0.27370179,0.13007678,0.07603645,-0.09735978,-0.09717879,-0.08393966,0.05072832,-0.06113897,0.21583056,-0.15421794,-0.02729450,0.07514276,0.09564769,-0.03365903,-0.17605947,0.03005163,-0.11834262,0.19714727,-0.17399025,-0.18902682,0.15328418,-0.03277625,-0.04730396,-0.12051626,0.06435993,-0.05211007,-0.07972302,0.10914354,0.11466258,0.18316832,-0.00956682,0.02421538,-0.01465176,0.08295678,0.11260262,0.23573229,-0.25343007,-0.22767191,-0.01694004,-0.17782882,-0.00459612,-0.01785593,-0.08080947,-0.13297403,0.17397472,0.15073755,-0.19299296,-0.21193892,0.14238866,-0.06241561,0.08601388,-0.18086284,0.08482104,-0.11915247,0.17612949,0.01472760,-0.15798223,0.16917138,-0.01422862,-0.07143131,0.16002136,-0.17808297,0.08409443,0.22519660,-0.22256051,0.12785921,-0.13380978,0.02623245,0.11762759,-0.15105526,0.19273010,-0.05813368,-0.06489084,-0.10672332,-0.12244520,-0.14467053
0.15383215,-0.07082748,-0.03935921,0.02886596,0.24615890,-0.04143378,-0.11064939,0.00386854,-0.14250217,-0.31263995,0.12339217,-0.09937872,-0.08996394,-0.15459995,0.11924242,-0.08074449,-0.19940206,0.11751826,-0.16097069,-0.05413674,-0.03012924,0.02894091,-0.06375992,-0.11011277,-0.16471691,0.21602248,0.08232263,-0.17552133,0.05184514,-0.02064908,-0.03297871,-0.07953410,0.23472866,-0.32854021,-0.07751412,-0.04184359,0.07991892,0.15591858,-0.20218387,-0.03262344,-0.01929105,0.10871667,-0.09621888,-0.04517300,0.21087620,-0.06993192,-0.14143054,-0.10147799,0.08834627,-0.11175448,-0.40364021,0.20567431,0.12609133,0.05079350,-0.05063284,0.18456747,0.02372489,0.00771554,-0.23937139,0.07291418,-0.21726343,-0.14361525,0.02562373,-0.11774113,0.04043616,-0.01008913,0.07845820,-0.08757333,0.09294876,-0.00357549,-0.13238151,-0.09964964,0.13626291,-0.03597376,-0.18248583,-0.20361517,0.27680495,0.06158701,0.02960475,-0.03654456,-0.15710145,-0.29615980,0.03122192,-0.08511408,0.13635400,-0.04720765,0.07174997,0.23153077,-0.24535756,0.05387624,-0.09562938,0.09758871,-0.13951278,-0.26749128,0.23951520,-0.27333713,-0.02092698,-0.14332677,0.04172273,-0.80379629
0.21721162,-0.06455372,-0.07902879,-0.07101157,0.08971363,0.09034754,-0.07378675,-0.03934423,0.11172423,-0.16093740,0.21056210,0.16558427,-0.38685435,-0.03785048,0.13790254,-0.21239761,0.00379324,-0.05419460,-0.05182855,-0.19704707,0.02428515,-0.07904682,-0.00124589,-0.12002025,-0.25205752,0.34892595,-0.02299480,-0.05791178,-0.03137612,0.02430514,-0.03985430,-0.11518802,0.17122798,-0.21608354,-0.21532188,-0.05936938,0.09411727,-0.05085983,-0.19702025,0.03712656,-0.11072300,0.12348676,-0.24362515,-0.10130617,0.14345779,-0.11448187,-0.08960879,-0.21322808,-0.05038728,0.05612504,-0.29117188,0.18706474,0.05371800,0.11986671,0.04921613,0.36254537,0.13837065,0.01727520,-0.08793225,0.19751644,-0.07368284,-0.12165157,-0.12257024,-0.08567726,0.01033147,-0.03532051,0.02127004,-0.02709487,0.14486229,0.05099720,-0.29572648,-0.11121969,-0.03714455,-0.14138271,-0.08108746,-0.22074954,0.18053988,0.08598138,0.08068048,-0.08034595,0.04100398,-0.06663506,-0.15392329,-0.02356441,-0.07407624,-0.13680181,0.00246979,0.15918416,-0.25516418,0.06322057,-0.08978786,-0.00158190,-0.03589531,-0.32091656,0.48959747,-0.13398536,-0.11741701,-0.15783343,-0.10169200,-0.75363231
0.10415624,-0.10851976,-0.23134908,0.04749964,0.13077602,0.16686496,0.00561395,-0.12908119,0.11563944,-0.16479880,0.07262399,0.07494162,-0.11763544,-0.10920437,0.09722508,-0.16620560,-0.07200900,-0.06129171,-0.18735059,-0.18783665,0.09947350,0.04366697,-0.08920664,-0.03852776,-0.20953570,0.06142271,-0.00610393,-0.15253451,-0.00342646,0.31344759,0.09492002,0.10797723,0.16999488,-0.07209622,-0.21227968,0.06452000,0.22097209,0.00127944,-0.16431481,-0.00836637,-0.13823068,0.03852002,-0.17129186,-0.06092613,0.11933939,-0.07486989,-0.13109139,-0.07261383,0.16011423,-0.13062292,-0.11244545,0.02014482,-0.00745744,0.19400521,-0.11053921,0.14557174,0.09699593,0.06770837,-0.19592392,0.07218811,-0.09030686,-0.01716509,-0.08839668,-0.07998079,-0.08222828,0.15094180,-0.14946231,-0.01510308,-0.00432948,0.05289038,-0.07506675,-0.13707422,0.12492085,0.00348072,-0.03390447,-0.21809463,0.08056971,0.09770151,0.10828805,0.13656503,-0.17014666,-0.02053254,-0.06447587,-0.18855187,-0.08706893,-0.26542521,0.06732770,0.15716526,-0.11694880,0.09088276,-0.10431167,0.10521909,0.01167333,-0.16146977,0.15437640,-0.06476627,-0.10192148,-0.14497606,-0.11506808,-0.08037789
0.22749886,0.12658778,0.09985029,-0.06781112,0.24934542,-0.20024043,0.06157063,0.17815286,-0.31650984,0.04460150,-0.07050575,0.05089536,0.08940483,0.07464550,-0.12242526,0.08916814,0.04161681,-0.19853583,0.01528351,-0.10477270,-0.26997864,0.12552780,0.10710208,-0.26747760,-0.09444705,-0.03172845,0.01034261,-0.06109310,-0.04441822,-0.08336549,-0.08317532,-0.13569605,-0.03168740,-0.00706240,0.22292240,-0.17066191,-0.14161326,0.06788126,-0.06407543,-0.00749364,0.14020777,-0.04555161,-0.02280530,0.08598881,0.03843071,0.09224188,-0.07463297,0.25137150,-0.15416932,0.19361524,-0.11034165,0.10011509,-0.10303472,0.04480978,-0.27272889,0.14136098,-0.14027223,-0.10011923,-0.32771084,-0.03635854,-0.14524011,0.06242431,0.17515823,0.00327184,0.14356849,0.11962434,0.26097572,0.02749978,-0.33891296,-0.18442479,-0.07693862,-0.00917100,-0.03913908,0.14039548,-0.16427785,0.08284354,0.08411202,-0.08886534,-0.02455310,-0.13629729,-0.00099727,0.15576327,0.10493825,0.14124033,-0.13234046,0.19602421,0.06969209,-0.07089687,-0.11367588,-0.22657490,-0.08407657,0.10139482,0.01750195,-0.00235719,0.06664267,0.11056416,0.15606101,-0.13200283,0.70372903,-0.45218810
0.17000583,-0.04303005,-0.05480185,-0.03817067,0.20929857,0.08487406,0.04456639,0.09818880,-0.10539530,-0.03934208,0.09058969,-0.06159729,-0.00038422,-0.08854750,0.02686326,0.01297414,0.12448090,-0.04422939,0.00924298,-0.07248711,-0.02630310,0.07201403,-0.10296258,-0.07524023,-0.11700284,0.10065179,0.08478435,-0.07779716,0.01856809,0.03541310,-0.01110573,0.03608527,0.03419054,-0.12573816,-0.02410945,-0.07173140,0.03095893,-0.01614038,-0.12061077,-0.00091987,-0.01150619,0.11234581,0.04686259,-0.00456175,0.16779676,0.07856709,-0.00656862,-0.05591638,-0.00300402,0.05880824,0.00502495,0.07324104,0.08177301,-0.02169486,0.05416679,-0.07627472,-0.07808992,0.10623360,-0.21836370,-0.00622840,-0.05755277,-0.00290617,-0.03630050,-0.06885781,-0.10824840,0.09763117,-0.18078002,-0.03785362,-0.08808324,0.10280066,-0.08662270,0.02334398,0.05616549,-0.00735695,-0.09029403,-0.03414327,0.10361707,0.02932844,-0.07425938,0.02991658,-0.06206420,-0.14123067,0.00515435,-0.02238863,0.04964288,-0.05080340,0.14482383,0.08339095,-0.00896555,0.01580445,0.05290374,-0.04662150,0.09367482,-0.01740124,0.14162864,-0.10157849,0.11332101,-0.06675180,0.10888106,0.10409929
0.46843341,0.53456801,-0.51290649,0.58407223,0.24820285,-0.06479425,0.05543607,-0.05236948,-0.13455227,-0.41545278,0.30296806,0.23958091,-0.58520967,0.04560457,0.19617429,0.00252255,-0.00292778,-0.07687163,-0.35802934,-0.47402903,0.10041180,-0.10138830,-0.01023731,-0.23819262,-0.31713265,0.38190299,0.00620434,-0.08943690,0.05394321,0.09158782,0.04424768,0.03873682,0.30136964,-0.30749968,-0.27868417,0.02305870,0.33691448,0.26545632,-0.51319492,-0.03426075,-0.14192785,0.25086975,-0.23274441,-0.37890065,0.47554195,-0.13870417,-0.12024435,-0.40678591,0.00950833,0.01062386,-0.36183736,0.42744848,0.18166825,0.11498202,-0.02521945,0.01823293,0.06603371,0.10734950,-0.34621122,0.37041682,-0.42069206,-0.21647702,-0.02930400,-0.27216005,0.05485556,-0.05700648,-0.18992515,0.23543842,-0.13124616,0.13928545,-0.43033892,-0.15102175,0.12450938,0.01507681,-0.11203530,-0.23116718,0.29135802,0.02312405,0.38148004,0.17143558,-0.17271565,-0.50436133,-0.01700151,-0.09727360,-0.02494437,-0.09715016,0.14293434,0.42323530,-0.37416998,-0.01303932,-0.42306060,-0.00887808,0.04837804,-0.63144153,0.56405002,-0.23963748,-0.02362746,-0.44380066,-0.18950164,-1.15967083
0.14436160,0.04035643,-0.13498139,0.14750330,0.12510987,0.15145513,0.03571980,0.00826825,-0.00788670,-0.09168939,-0.03859986,0.03670583,-0.03861383,-0.00283257,-0.03366145,-0.12560230,0.09163132,-0.03341199,-0.00998322,-0.02235667,0.07519307,-0.11184172,-0.01447987,0.01613542,-0.13724667,0.13658360,0.01621544,0.02882848,-0.14306839,0.03687118,0.07003298,0.11829817,-0.04709571,-0.03487021,-0.11365945,0.11810625,0.13350767,-0.14721872,-0.14849792,-0.03430060,-0.00154807,-0.03938614,0.01244623,0.03305500,0.05563015,-0.01020026,-0.01179719,-0.00508971,0.13003275,0.03273211,-0.07423560,-0.02570901,-0.05798274,-0.00340215,-0.06096406,-0.09287991,0.08199698,0.11118391,0.11006244,-0.00251697,-0.00860740,-0.08710913,-0.02983432,0.01509939,-0.01254480,-0.23354290,0.03274836,-0.09349670,0.12438449,-0.04445889,-0.03944399,-0.00798751,-0.01537048,-0.01763449,-0.09104017,-0.07158135,0.04235879,0.02688591,-0.01766510,0.11401086,0.05897384,-0.03494665,-0.15873794,-0.02086919,0.05162508,-0.08724093,0.10913637,0.13004500,0.01760611,0.03838177,-0.13963532,-0.08052299,0.04439446,-0.05418271,0.03227688,-0.17746030,-0.01099576,-0.14992371,-0.16881767,-0.06877788
0.19661421,0.12067956,-0.10953794,0.11007061,0.16287827,-0.03768625,-0.09844245,-0.06200559,-0.12389964,-0.12513663,0.19995382,0.11209612,-0.35028619,-0.09573282,0.24246040,-0.19041473,0.07873931,-0.04967172,-0.14956908,-0.23734990,-0.06140739,0.04332249,-0.17858540,-0.19597042,-0.19742647,0.30196181,0.00567595,-0.11923554,-0.10255135,0.07846975,0.02990052,-0.08102658,0.12727802,-0.24923176,-0.20200670,0.14826228,0.15766628,0.05057202,-0.22391741,-0.12409700,-0.01889637,0.15658735,-0.22689480,-0.18687394,0.26738018,-0.19915518,-0.16748501,-0.11097265,-0.02082163,0.06357384,-0.26701370,0.15373628,0.08133318,0.02727492,0.11475618,0.22543350,0.15491940,0.03403912,-0.05211703,0.29212540,-0.13743924,-0.18273148,-0.04038052,-0.26276848,0.17501621,-0.07916245,-0.16130807,-0.01757896,0.06715634,0.03667708,-0.25914815,-0.05745631,-0.04331822,-0.19006084,-0.03688065,-0.16947143,0.14454684,-0.00958018,0.25066748,-0.02508623,-0.01308313,-0.12235242,0.02066565,-0.21162228,0.09338978,-0.16126372,-0.00259402,0.27688336,-0.13559350,0.10572783,-0.16087407,0.07681018,0.12336168,-0.22724725,0.34726834,-0.10051224,0.05702839,-0.23567538,-0.09580927,-0.36385638
0.01186614,-0.13501146,0.02699618,0.00533618,0.27255890,0.12964730,0.08455190,0.07475357,-0.05197171,0.08382131,-0.08335257,-0.15544400,0.04050611,-0.09414570,0.10395052,-0.10316028,0.05145612,-0.01428214,0.02262354,0.08632296,0.05768116,0.01372244,-0.03449313,-0.09963571,-0.01196888,0.01899940,-0.10746081,-0.03284781,0.03664371,-0.05971906,0.01555222,-0.07841862,-0.06206849,-0.08370004,-0.03111311,0.04074810,0.05677716,0.07092187,0.05927936,0.08458585,0.00924879,-0.08205203,0.02109172,-0.12127467,0.11255565,-0.06729060,-0.00639872,0.02079686,-0.10301251,0.09287580,-0.03249692,-0.07314806,0.11567452,0.00812184,0.00998377,0.04259899,-0.00245908,0.14431222,-0.07674085,-0.01019895,-0.01019706,0.00043227,-0.05675499,-0.05976050,-0.02209804,-0.00164679,0.12914988,-0.01786484,0.02802528,0.06246386,-0.11672141,0.01286349,-0.06787735,0.01378933,-0.06271536,-0.04682262,0.12517145,0.02952319,-0.05938982,-0.12793410,-0.04245340,-0.10379884,-0.03655874,0.01012981,0.05569258,0.04939138,0.12981455,-0.02351350,-0.01678844,0.03953175,-0.00335530,0.03840261,0.01382920,-0.02918705,0.08832122,-0.11533734,-0.04090458,-0.00115919,0.06697293,0.08805223
0.06106047,0.11657703,0.00239281,0.11971036,0.20032838,-0.03329662,-0.05845476,0.02218741,0.05108236,-0.21004964,-0.01212400,0.01476026,-0.17604703,-0.16386095,0.01014213,-0.08254915,-0.09913801,-0.10341760,-0.09492236,-0.05041883,0.05358272,-0.04132465,-0.01715225,-0.25096548,-0.10627583,0.26587185,-0.08475665,-0.20941076,-0.08420894,0.08753131,0.04616728,0.03172169,0.22980805,-0.19338085,-0.00817774,0.14115551,0.15376294,-0.08654662,-0.17195819,-0.08354089,-0.05514204,0.08504894,-0.11012693,-0.22802855,0.22058704,-0.10602184,-0.26144534,0.03252983,0.10222203,0.03604512,-0.15823123,0.14364667,0.03541049,-0.10283627,0.12765054,0.04913913,0.06473128,-0.01651796,-0.05133647,0.15738840,-0.03953904,-0.08770444,-0.15453203,-0.14446947,0.16384107,-0.26227489,-0.14631853,-0.15694194,0.08269694,0.17426884,-0.24681742,-0.02254624,-0.02567575,-0.02104972,-0.17993648,-0.27645248,0.17968629,0.10528980,0.09462294,0.03364614,-0.05441450,-0.14246149,-0.11514572,-0.16765910,-0.05433945,-0.17745355,-0.02469640,0.13707137,-0.11647259,0.11343355,-0.10026889,-0.00138858,0.06540354,-0.12637115,0.23401952,-0.16654290,-0.05712448,-0.22332849,-0.32735097,-0.13485911
0.15000586,0.02127078,-0.14330417,-0.07987488,0.20647584,0.00482056,-0.12326439,-0.09808661,-0.03085417,-0.01575569,0.10306288,-0.09134633,-0.09926798,-0.05363924,0.12784414,0.01921853,-0.03901060,-0.07123341,-0.07928608,-0.02757809,0.01709099,-0.10009742,0.05827701,-0.11357055,-0.11716712,-0.02674901,0.04163396,-0.07011063,0.04265239,0.09950303,0.07585829,0.00430863,-0.00458601,-0.13609977,-0.02438954,-0.06663391,-0.04140020,0.04803079,0.01446612,0.11875958,-0.03727685,0.14036223,0.03492421,-0.04584977,0.05806733,0.02737554,0.01426619,0.00361501,0.03042418,-0.03813680,0.04461481,0.09962755,0.06285416,-0.00379930,0.09936064,0.10656532,0.03140983,0.07998833,-0.08463416,-0.05329079,-0.14627518,0.02829119,0.01209682,-0.03370140,0.00538068,-0.02704833,0.00117175,0.05162926,-0.00555523,-0.07026134,-0.01339526,-0.13922094,0.02898593,0.04397460,0.07241049,-0.08245544,0.09817652,0.03993894,0.05371671,0.08903970,-0.10614023,0.01394369,-0.09061141,-0.05919294,0.00298219,-0.08823238,0.07130136,-0.00962887,-0.00846081,0.04840812,0.02220827,0.10488050,0.10250463,-0.05377590,0.05510468,-0.04568902,0.03611051,-0.01328619,-0.07771237,0.11068008
0.12608272,-0.12819265,-0.00831625,-0.19011207,0.22331107,0.01960914,-0.04194040,-0.12562592,-0.05273348,-0.17691517,0.11101225,0.02509117,-0.29814288,0.02570445,0.07818362,-0.18692508,-0.01403382,0.09473035,-0.20106901,-0.18309779,-0.07534665,-0.03223411,-0.13820054,-0.25858152,-0.24593206,0.24113560,0.01955604,-0.08154012,-0.09840061,0.05994051,0.09199016,0.02603468,0.21721582,-0.11144164,-0.10363777,0.14550468,0.01371588,0.17368785,-0.13098752,0.07607195,-0.13430224,0.11667108,-0.17590564,-0.23824953,0.29348317,-0.04034785,-0.07252315,-0.01827273,0.11423908,0.03132558,-0.23724096,0.20066990,0.03121804,0.18272136,0.05398327,0.11468367,0.06423618,-0.01561171,-0.14640580,0.20984368,-0.17268327,-0.15374216,-0.13326783,-0.24480140,0.12544709,-0.07324820,-0.13870147,-0.02879485,0.15050246,0.13406801,-0.22204460,-0.07239004,-0.03604235,-0.09863094,-0.10981157,-0.13995783,0.18197320,0.07015488,0.14881451,0.04986279,-0.05108588,-0.13949975,-0.05161149,-0.02844291,0.07841446,-0.01777125,0.20615286,0.18490016,-0.20696418,0.14228871,-0.12221456,0.04541558,-0.00775271,-0.35636839,0.35759282,-0.17794251,-0.06899479,-0.24819586,0.05032876,-0.52949846
0.15728272,0.08504780,0.07484943,0.01794185,0.16573718,0.10209992,-0.09286167,-0.08919499,-0.06890792,-0.07824107,-0.02397909,0.07950088,-0.15449536,-0.04419113,0.05282129,-0.01281793,-0.10322928,-0.03496598,0.00873134,-0.02743591,0.14245349,-0.01253188,-0.00045572,-0.13286231,-0.17142989,0.07863472,0.06443553,-0.03835873,-0.13485184,-0.15288539,0.03469688,-0.11636829,0.07788665,0.01671679,-0.08099699,0.06525806,-0.03453467,-0.14972067,-0.03150873,0.10969120,0.04052937,0.10790492,-0.01355648,-0.15807030,0.07836079,0.01983953,-0.12722731,0.02183681,-0.05449571,-0.10274664,0.03915946,-0.03007679,-0.01794270,-0.02114335,0.05403961,-0.01461562,-0.04011299,0.06637441,-0.05059955,0.07620598,-0.07272303,-0.01356494,0.02486007,-0.02042501,-0.02673415,-0.05733560,-0.05299945,0.01472597,0.16194914,0.00013527,0.01919912,-0.01087075,0.06852683,-0.04144771,0.09568471,-0.15311757,0.00085775,0.00800285,0.03910226,0.02823040,-0.02571323,-0.04205687,0.04677436,-0.08911843,0.08152627,-0.13632333,0.01953689,-0.03589272,-0.13805138,0.07620098,-0.00520183,0.09465355,-0.02661927,-0.13569668,0.09427984,-0.08847419,-0.04157751,-0.11281246,-0.06758305,-0.06593167
0.10042908,-0.07151498,-0.23100056,0.03714515,0.24176148,-0.01379862,-0.12661809,0.02845480,0.04061001,-0.30494621,0.02698956,0.01556317,-0.07902227,-0.03400017,0.19484618,-0.10105352,0.12307502,-0.03992225,-0.18262187,-0.16285740,0.09147729,-0.02960369,-0.03678253,-0.10326487,-0.15030389,0.18619432,0.07154398,-0.07487885,-0.10111353,0.21205929,0.06967151,-0.02600098,0.21172671,-0.05656436,-0.09182886,0.17362417,0.26421925,-0.05669278,-0.12787388,0.10236226,-0.21104144,0.12242024,-0.05680135,-0.05265835,0.21743958,-0.07023414,-0.12917644,-0.01832598,0.11579209,0.01864826,-0.13221280,0.16457817,0.11117498,-0.16809753,0.00010323,-0.02101929,0.12198940,0.03301415,-0.22860821,0.17399682,-0.19580907,-0.10411967,-0.12838240,-0.24948464,0.04832591,-0.09790733,-0.17604251,0.03801301,-0.04640242,0.09820680,-0.24246778,0.03376375,0.09430118,-0.11840764,0.08962279,-0.28908351,0.18129721,-0.00355685,0.01672433,0.05266684,-0.10519281,-0.15430005,-0.03326560,-0.03277374,-0.03536006,-0.26710474,0.11313744,0.23376879,-0.12918468,0.02970261,-0.02685382,0.02584249,-0.07327531,-0.24513954,0.24642298,-0.29661635,-0.00608516,-0.18040571,0.02105059,-0.28338733
0.10628052,0.07823060,-0.13868542,-0.08553836,0.07251117,-0.04281628,-0.04420818,-0.11166111,-0.13581848,-0.12823397,0.02160195,-0.01945688,-0.27324551,0.00912769,0.17486019,-0.07699817,0.08173236,0.10078815,-0.11657690,-0.09693661,0.04026066,-0.04706489,-0.03196203,-0.12438934,-0.07662709,0.21670599,-0.03214068,-0.03408473,-0.08239020,0.01354105,0.10136040,-0.03313833,0.11160149,-0.14781983,-0.09358135,0.08234476,0.11967357,0.08551618,-0.19803919,0.04429132,-0.02484046,0.10163227,-0.10922492,-0.08726179,0.15902644,-0.17532426,-0.06888816,-0.17797509,0.01464775,-0.01576649,-0.14894153,0.22578457,0.10439102,0.09943041,-0.06957923,0.22636667,-0.04637594,0.07658242,-0.22031881,0.16467927,-0.22635742,-0.13908456,-0.02517232,-0.17487521,0.06294943,0.11715877,-0.05577307,-0.11355276,-0.16371222,0.06472424,-0.15064715,-0.07366124,-0.01040770,-0.09733021,-0.01312495,-0.24712950,0.08224096,0.01270327,0.03442522,0.05450448,-0.15135846,-0.03760135,0.04577605,-0.01726434,0.12835370,-0.11384643,0.03123346,0.16852422,-0.10066159,0.00619224,-0.24643889,-0.02558513,-0.07909582,-0.30002889,0.32078996,-0.20116135,-0.04492021,-0.25130832,0.10292431,-1.21413565
0.18372330,-0.04113921,-0.00662507,0.00842396,0.04975427,0.09308938,-0.02587622,-0.04583415,0.06694689,-0.17340863,0.01455599,-0.05403512,-0.21386559,-0.07231782,0.05230493,-0.11776208,-0.04633292,0.00050725,-0.14432859,-0.09698378,-0.05375766,0.03447075,-0.12371172,-0.04866102,-0.08279289,0.13327427,-0.05794774,0.01706781,-0.02949907,0.08723126,0.08319195,-0.01233734,0.19362080,-0.14519353,-0.06086462,0.09582805,0.10625940,0.02739947,-0.13730310,-0.06592989,0.00831861,0.05430832,-0.10554453,-0.07924571,0.25980794,0.00760243,-0.15033849,-0.06580115,-0.00727906,0.05293391,-0.19620574,0.20437305,0.02542461,0.14782219,0.13936840,0.05266500,-0.01161697,0.06121133,-0.08880556,0.13802397,-0.23260494,-0.11692151,-0.02418395,-0.14772043,0.00966919,-0.01549213,0.05621127,-0.14240931,-0.00094935,0.06793854,-0.16433403,-0.08887475,0.13254094,-0.19027649,0.00006401,-0.19560514,0.18503417,0.02360424,0.02470781,-0.05360756,0.03927165,0.04531937,-0.06880216,-0.03509204,0.11462092,-0.20523824,0.09671696,0.15941525,-0.16043755,0.10464690,-0.11733188,0.04125461,-0.05509701,-0.19681133,0.34936827,-0.22163172,0.05432331,-0.10356417,-0.06123866,-0.66058505
0.12403040,0.05014483,-0.18621722,0.13406090,0.08989717,0.18981783,-0.13490158,-0.18269479,0.05883426,-0.02401063,0.09972522,-0.05271807,0.02379185,-0.11469247,0.01044990,-0.15778643,0.05590585,0.09552954,-0.05550082,-0.14648926,0.05169652,-0.03381150,-0.02347528,0.02775478,-0.01553205,0.09512934,-0.04316663,0.00072728,0.02430484,0.10045914,0.00239912,-0.03981892,0.09930792,0.02715202,-0.12164650,0.11003146,0.11100401,0.02819791,-0.01383913,0.04702356,-0.13397244,0.06731199,0.02600713,-0.10567117,-0.04208202,-0.09841586,-0.00345827,-0.14925531,0.00510448,-0.08626170,-0.03440319,0.00427454,0.01427304,0.06894842,0.00233938,-0.13062678,-0.00882041,0.01108296,-0.06775003,0.03844057,-0.07787023,-0.06657207,0.00433164,-0.12783261,-0.10900390,-0.01428661,-0.11581381,-0.00012381,0.13529027,-0.04009494,-0.08907676,-0.10975912,0.06155656,0.05311254,0.13778251,-0.00464210,0.09527292,-0.01718066,-0.01949543,0.01427120,-0.09139317,0.10861126,-0.02166093,-0.14912051,0.08040465,-0.22334325,0.08552644,0.13208765,-0.00061179,0.02809655,-0.16579138,0.05693641,0.15168123,0.03776418,-0.01636782,-0.00583445,-0.00309753,-0.07962208,-0.10373449,0.01028166
0.06756548,0.02637198,-0.06777202,0.10094932,0.17400014,0.16668865,-0.02225138,-0.00480895,0.01175924,0.03695657,0.00666454,0.04254665,-0.12174758,0.02646264,-0.04940929,-0.08422036,0.06858621,0.03962059,-0.09508243,-0.06455439,-0.10934536,0.02054609,-0.00166248,0.07758853,-0.06968115,0.04373724,-0.05901511,0.05633099,0.06362567,0.05570695,-0.04856611,0.12481309,0.00162786,-0.01168872,-0.02840474,0.00638733,0.06114096,0.07122185,0.06158950,-0.02734842,-0.01534040,0.06542279,0.08301377,-0.06028265,0.09993983,-0.05014459,-0.02287840,-0.09861637,0.04939834,0.02072784,-0.08198101,0.05964453,0.09222047,-0.05992615,-0.01892474,0.04522256,-0.03600887,0.01494559,-0.01959287,0.02795060,0.01931743,-0.03277040,-0.00755721,0.05461172,-0.17253485,-0.01853060,-0.01328644,-0.16253917,-0.04680526,-0.07337574,-0.07590622,-0.03500906,-0.00070599,-0.04386677,0.00423852,-0.02907087,0.02579138,0.07688022,0.04729181,0.06374451,0.07636040,-0.14283958,0.01716557,0.00683183,0.01660203,-0.16155374,0.14716168,0.01400599,0.09399543,0.10381582,-0.05358606,0.00399562,0.00726602,-0.08930137,0.06492787,-0.05107297,-0.01739347,-0.05179932,-0.02868191,0.12035486
0.17739230,0.09318028,0.19088563,0.09293512,0.09827410,0.08899923,-0.17258799,-0.04665534,-0.00433624,-0.22749972,0.11400612,-0.11862039,-0.30837396,-0.02133634,0.13767549,-0.19312422,0.09000293,0.06147592,-0.08177148,-0.21145582,0.00752024,-0.17308041,-0.09620824,-0.33545277,-0.38299409,0.39291814,-0.07015669,-0.21186107,-0.13033633,-0.12463998,-0.00505423,-0.09639274,0.16085742,-0.13654564,-0.18605641,0.04119670,0.06353926,-0.15705255,-0.30386606,-0.11135832,-0.15892796,0.07596542,-0.18495044,-0.28506204,0.22595517,-0.22821449,-0.17444348,-0.19484864,0.11208571,-0.15744907,-0.20764464,0.35255995,0.20413953,0.24758516,0.06802610,0.14475894,-0.01690663,0.03590610,0.02269925,0.36355937,-0.27786005,-0.14210376,-0.08754825,-0.34202096,0.16364349,0.00439473,-0.05174313,-0.12977274,0.12705944,0.22286370,-0.32157335,-0.19916624,0.03031677,-0.06913674,0.08388961,-0.20687245,0.14076735,-0.04893759,0.30900744,-0.01912798,-0.20392121,0.13072836,-0.06405401,-0.24109264,0.13424917,-0.13083810,0.17222993,0.12956920,-0.27625713,0.13441221,-0.13654512,0.05950698,-0.03996790,-0.41246617,0.43784490,-0.11928751,0.02052546,-0.33346829,-0.18843202,-0.68413115
0.17656223,0.08264595,0.28148848,0.09854720,0.05044241,0.13693579,-0.03002255,0.04263727,0.31244823,-0.11449096,0.08469051,-0.36400869,-0.57890207,-0.13714284,0.19603515,-0.24685088,0.13040489,0.11453267,-0.08138594,-0.24444287,0.21857527,-0.05446074,-0.10404538,-0.06845778,-0.20010656,0.27492470,0.05700948,0.00937507,0.04251109,0.09455838,-0.18968491,0.06858391,0.24212341,-0.05729056,-0.26550832,-0.00788401,-0.10625283,-0.03775654,-0.09928130,-0.00521663,0.10232431,-0.09331004,-0.16763769,-0.00321148,0.09986690,-0.11536566,-0.22600095,-0.18594778,-0.06102589,-0.05532813,-0.05828981,0.16471931,0.00571101,-0.14342056,0.17082523,-0.06424166,0.17320067,-0.01850450,0.27413896,0.20730163,-0.14932634,-0.60208166,-0.19095224,-0.09785147,0.45482129,-0.21452536,-0.24877159,-0.10530389,0.51624173,0.00670206,-0.15463784,-0.13553844,0.02259014,-0.23364325,-0.06235009,-0.03713354,0.08640967,0.00146768,0.07079264,0.10298330,0.08128767,-0.24026144,-0.13560447,-0.00188281,0.05170151,-0.01417563,0.12806658,0.12520500,-0.15258396,0.15718670,-0.15462868,-0.05209252,0.09138836,-0.28748927,0.26796365,0.05159264,-0.14500448,-0.27929199,-0.52489316,-0.27130595
0.03713190,-0.06422959,-0.10562544,0.02446819,0.14796060,0.00142536,-0.07921182,-0.08276356,-0.02281613,-0.29219064,0.12667775,0.02534668,-0.31186706,-0.15154842,0.05488953,-0.09256042,0.01494639,-0.03962276,-0.07615323,-0.26026788,-0.05328977,-0.05113965,-0.01274236,-0.29305974,-0.27315179,0.39034772,0.04041566,-0.03306225,0.05594255,-0.10323113,0.12072589,-0.17492667,0.25856286,-0.22704123,-0.05269952,-0.02305407,-0.02180548,0.04920156,-0.29941478,-0.06594235,-0.00683582,0.17390932,-0.31446058,-0.16032766,0.24207790,-0.09404138,-0.08169545,-0.22945760,-0.02725351,-0.03634620,-0.26305819,0.19465257,0.12851347,0.01090088,-0.09473772,0.11135010,0.11098523,0.06826519,-0.13197204,0.21528009,-0.21937492,-0.11552749,-0.05489566,-0.25799587,0.02992929,-0.06628224,0.02355763,-0.13828325,-0.02062673,0.24028961,-0.25027224,-0.06461268,-0.05930580,-0.21346711,0.00357682,-0.16916537,0.21704167,-0.06071082,0.15226190,0.04922678,-0.15539758,0.07272496,-0.10722641,-0.05368032,-0.07882804,-0.10793767,0.09445250,0.29577929,-0.25583139,-0.01837523,-0.19215591,0.10547251,0.00992640,-0.35913658,0.48291737,-0.08979230,-0.09167020,-0.41893321,0.05760673,-1.21814823
0.04481745,0.06841879,-0.06054021,0.00916385,-0.09484478,-0.02008583,-0.09477214,0.07210313,-0.06811959,-0.01747313,0.07357410,0.02282186,-0.14456609,-0.08067097,-0.00795773,-0.14527154,0.01764295,-0.14223167,-0.16185066,-0.12725829,-0.55902988,-0.07243321,0.05532475,-0.18755925,-0.07169794,0.15880895,0.00701292,-0.18368317,0.16196544,-0.10741730,0.03322085,0.05049258,0.00282513,-0.03783499,-0.16516170,0.01364732,0.06068035,-0.03346470,-0.02799475,-0.16325304,-0.09782667,0.01461998,-0.12930124,-0.08205400,0.03976489,0.07848603,0.00140579,-0.11498511,-0.10938399,-0.12136815,-0.02298536,0.11512624,-0.10884517,0.36867380,-0.10727499,-0.28921309,0.00639357,-0.16327292,0.03347541,0.11950774,-0.05627015,0.00035465,0.06475057,-0.10990060,0.41403112,0.10293984,-0.21140628,0.16144279,0.13399573,-0.08245856,-0.08038034,-0.01548576,-0.08491202,-0.15769970,-0.01634932,-0.02169656,0.11988658,0.12058659,0.01386182,0.01894317,-0.10292752,0.11612158,0.13339649,-0.13005458,0.05000808,-0.21918800,0.10142893,0.20770723,0.00104502,-0.22079054,-0.07020381,-0.05514018,-0.13272695,-0.16590165,0.00778265,-0.03282428,-0.16541538,-0.10616333,0.23449513,-0.06452527
0.01882903,0.08449567,-0.02860373,0.09978500,0.10556806,0.14296098,0.00751808,-0.12520240,0.03262318,-0.14290376,0.06769818,-0.10796466,-0.17907667,-0.15658931,0.15875350,-0.18364801,-0.08613053,0.10277901,-0.22133484,-0.08589832,0.00562372,-0.05556912,-0.03586575,-0.08012136,-0.12612166,0.28891128,0.09152427,-0.14875613,0.01783311,-0.08931839,0.01976218,-0.01715430,0.06480755,-0.20482008,-0.12864558,0.13078642,0.08489312,0.03344155,-0.15265125,0.02367953,-0.19056699,0.06039062,-0.19079348,-0.11076064,0.23830682,-0.00641006,-0.17557262,-0.18297125,0.00251841,0.00302899,-0.19949658,0.27356368,-0.01520915,0.20754878,0.08774571,-0.21137853,0.01835439,0.03491387,-0.03935735,0.17481366,-0.05850646,-0.12741603,-0.05012545,-0.17145328,0.12958035,0.14515336,-0.01424282,0.00348082,0.10642025,-0.04451053,-0.17104059,0.03617281,0.11801408,-0.14260422,-0.00102552,-0.09693958,0.17281194,-0.06571977,0.15108493,-0.06393209,-0.06856579,0.08186244,0.02952736,-0.20368916,0.12418397,-0.19651583,0.10158640,0.07915403,-0.20428878,0.00660909,-0.03355806,0.00314468,0.13462684,-0.29100883,0.21051039,-0.22920725,0.04349200,-0.25789642,-0.01123330,-0.52076238
-0.04302854,0.06018179,-0.12071540,-0.04467863,0.14332761,-0.07837477,-0.12425236,-0.12168939,-0.07321630,-0.13169102,0.16671447,0.01126315,-0.25672287,-0.07661261,0.14274786,-0.10888466,-0.10385419,-0.09854712,-0.20854992,-0.19017471,-0.04218561,-0.03482498,-0.05436180,-0.12037472,-0.27753919,0.18544292,0.00179243,-0.05011553,0.01353976,-0.00681743,0.00671883,-0.04296328,0.30981082,-0.22310442,-0.08052243,0.06159509,0.02369463,-0.01256706,-0.23146552,-0.06820471,-0.15787578,0.20981969,-0.22664328,-0.09648917,0.11483058,-0.19854301,-0.04279945,-0.20989066,-0.04579794,-0.07007428,-0.31255165,0.15634041,0.11703806,0.14967243,-0.07996423,0.09864856,0.11727308,-0.01233548,-0.06623881,0.27842554,-0.13258600,-0.13503842,-0.08966380,-0.11355007,-0.05501248,0.06303052,-0.00483062,0.00386205,0.04119982,0.22080061,-0.22091900,-0.01607387,0.12048491,-0.10940888,0.07280075,-0.18452603,0.20256212,0.07395761,0.25538751,0.05287971,-0.09420534,0.01686374,0.03545448,-0.21898721,-0.05587004,-0.08329272,-0.00616215,0.27069277,-0.09152927,0.04733035,-0.25438881,0.00937763,0.10273045,-0.32995623,0.34404951,-0.04253483,-0.12942110,-0.22706829,0.17825498,-1.24801087
0.13611846,-0.03116921,0.15391584,-0.02934614,0.29325584,0.15884419,0.04872758,0.25032306,0.00525426,0.12354082,-0.04823485,0.22486985,0.13291363,0.04113682,-0.09867158,0.04606635,0.24321388,-0.21094306,0.02568697,0.03488285,-0.10987189,0.07985156,0.12815662,0.06144549,-0.03824687,-0.18298028,0.04369982,-0.02538397,0.00346994,-0.07048813,-0.06574361,0.01872656,-0.13674775,0.37270898,0.03847566,-0.05499884,-0.04658167,-0.31075022,0.04420995,0.11047022,0.26224297,-0.03848962,0.18050233,0.14178199,-0.19783427,0.10663265,0.11087345,0.02976837,-0.04532163,-0.06620880,0.34321406,-0.15029080,-0.23821321,0.01528917,0.02421397,-0.26039883,-0.06788507,-0.07817585,0.18039405,-0.15302154,0.05372747,0.05118521,0.08717562,0.19954267,-0.23309797,0.10885464,0.15270942,0.20491181,0.16581100,-0.32734361,0.25579593,0.07307904,-0.04444954,-0.05838104,0.07768668,0.33231002,-0.29828542,-0.05841919,-0.16722199,-0.00942313,0.05811614,0.14108178,-0.05279472,0.04575371,-0.27358305,0.07263315,0.09590699,-0.28782019,0.03284138,-0.09284618,0.12756065,0.25864589,0.08229222,0.20980917,-0.14229247,0.25876567,0.18568996,0.09724169,0.17943971,0.15160936
0.18230799,0.05957737,-0.00549443,-0.06551491,0.22788602,-0.00307951,-0.11169401,0.04333780,0.10114664,-0.06313691,0.01785939,-0.10578293,0.00783191,-0.08123183,0.04090441,0.04875908,0.15162812,0.10086421,-0.07067654,0.04804152,-0.00576901,0.02005909,-0.00899867,-0.14078547,-0.09379475,0.02204927,0.05808124,-0.11462042,-0.08417132,0.07461262,-0.04516288,-0.02461185,-0.00234963,0.00976123,-0.01522940,-0.03201267,0.13109638,0.00072774,-0.12110323,0.01907025,0.04647276,0.00394461,-0.04342195,-0.07034886,0.05242360,0.02560911,0.01711080,-0.00594610,-0.01326251,0.04165152,-0.02941767,0.08117744,0.13074300,0.01290700,0.07723691,-0.03756525,-0.07911811,-0.00177125,-0.10085338,0.12342046,-0.08571452,-0.10450725,0.03769810,0.02210667,-0.02405259,-0.02987147,-0.03574089,-0.14307404,0.03639629,0.02453519,-0.08741076,-0.03022847,0.08591899,-0.04534627,-0.06507326,-0.07553627,0.09523413,-0.06939722,-0.06145076,0.01409750,0.03263691,-0.13781232,0.06659686,-0.12600358,-0.02363304,-0.08045814,-0.02149485,0.04918367,-0.07786068,0.11595403,0.03709307,-0.00124240,0.02454950,0.02784553,0.11251241,-0.17619282,-0.02716249,-0.11815446,-0.08998980,0.21228515
-0.05653935,0.04186716,-0.05151509,-0.00009638,0.18525523,0.01989411,-0.14863494,-0.06165049,0.02237232,-0.00623061,0.05021984,0.11178040,-0.15936413,-0.01639237,0.14102228,-0.14038067,0.14237413,-0.06892700,-0.09444553,0.01406210,-0.06885818,-0.00224437,-0.19316480,-0.00580596,-0.03855954,0.15936574,0.00018463,-0.02327144,-0.05220691,0.06676675,0.11439012,-0.00660793,-0.01848459,-0.02064493,-0.11310627,0.08591171,0.02067029,-0.15081640,-0.10755371,-0.06424536,-0.15834086,0.00251826,-0.04914426,-0.03050649,0.15650052,0.03255489,-0.01432565,-0.15950516,0.05674184,-0.12125595,-0.00018193,0.03527119,0.01115888,0.07405637,0.09762091,-0.06104095,0.11015544,0.08310246,-0.07866231,0.16871591,-0.09016691,-0.05983486,-0.13558482,-0.18962300,0.12365045,-0.04342306,-0.11969179,-0.11267503,0.05385393,0.01766870,-0.18126252,-0.03553675,0.05866164,0.02317559,-0.03337196,-0.13729423,0.08374254,0.10786166,0.14655256,0.09224040,-0.04660694,0.09151597,-0.12385700,-0.00443183,0.08977786,0.01105892,0.18679076,0.08146498,-0.16069110,-0.03249677,-0.16559599,0.05959139,-0.01081644,-0.11404105,0.19833516,-0.13546845,-0.06663909,-0.18501750,-0.03324565,0.03131987
-0.09255911,-0.03238758,-0.03509013,-0.03635791,0.40115830,-0.12707298,-0.04768710,0.09763138,-0.18280332,-0.30741155,-0.03192134,-0.00891431,-0.12387591,0.01229755,0.03035396,0.08471325,0.09732870,-0.12011233,-0.18242215,-0.05574604,0.03027643,-0.10435306,-0.11068185,-0.30712625,-0.02656608,0.10128761,0.02986118,-0.06948191,0.09280774,0.26225433,0.13623008,-0.23620133,0.28561777,-0.20891447,-0.08254226,-0.05498255,0.09126332,0.06280144,-0.18227901,0.23430991,-0.08550907,0.09144375,-0.24045330,-0.12728426,0.10221071,-0.11277223,-0.18905081,-0.16192609,0.03743377,0.02946591,-0.24527127,0.17664129,0.04234907,-0.06150103,-0.05844377,0.10680866,-0.08836239,0.05716902,-0.12188618,0.20965044,-0.29590973,0.01614767,-0.00058431,-0.13166934,-0.03110049,-0.20452376,-0.02393739,0.15885633,-0.09223481,0.21499680,-0.19995028,0.00845303,-0.03988174,-0.12860671,-0.29083848,-0.34462616,0.25428981,0.17994346,0.20274191,-0.12059239,-0.19597314,-0.19941719,-0.12229104,-0.01694346,-0.08520721,-0.10876878,0.07119635,0.24761593,-0.04431339,0.00595714,-0.12135266,0.07624815,-0.02532967,-0.10072069,0.06761654,-0.31566161,0.11252820,-0.19539763,0.07075656,-0.38359827
0.12707339,0.08330727,-0.11829287,0.15364674,0.11200629,0.02949440,-0.05070179,-0.03812614,-0.15102464,-0.16339813,0.10128060,-0.08576912,-0.35010862,-0.19079164,0.20144697,-0.09519041,-0.11338285,0.10360157,-0.14328890,-0.07958514,-0.00811394,-0.01436798,0.02784897,-0.22525223,-0.15288959,0.15883544,-0.04572855,-0.15621929,-0.05762702,0.02340780,0.10309090,-0.00001223,0.07811037,-0.17080742,0.00749865,0.06560571,0.19113661,-0.05853923,-0.18729405,-0.05189592,-0.01307027,0.12217806,-0.22200549,-0.05533394,0.21487421,-0.07342130,-0.13567211,-0.04920595,-0.06536327,-0.09443194,-0.27136233,0.22592659,-0.03258743,0.02862750,-0.07892006,0.24456048,0.12338441,0.11912984,-0.19179454,0.08038542,-0.17083113,-0.13919534,-0.13312680,-0.16888487,0.07324009,0.05904751,-0.06626759,0.01927010,-0.09974750,-0.01233840,-0.05952794,0.01558297,-0.02968441,-0.01899404,0.11202312,-0.27791640,0.13293236,0.08883740,0.14272040,0.06267244,-0.08583917,0.16440471,-0.07209772,-0.12885936,-0.04562141,-0.17723265,0.09824604,0.16280335,-0.14924356,0.08391141,-0.18200222,-0.01289466,0.02040594,-0.27143234,0.30486882,-0.12301333,-0.06796904,-0.17193726,0.03124085,-0.75224441
0.05748874,0.05531420,0.04354669,0.09323683,0.32099617,0.14077544,-0.09254532,-0.00165709,0.11417636,-0.06901838,-0.09634935,0.05002103,0.00734590,0.00807931,0.08099913,0.01667012,0.11339017,-0.01461359,-0.03557651,-0.08534517,0.10164312,-0.05573244,0.06561949,-0.03690763,0.05580360,0.04057786,-0.03236523,-0.06919660,-0.13876924,0.01403549,0.02479176,-0.08085375,-0.00221614,-0.02607566,-0.01903737,0.00079345,-0.01977243,-0.24088958,-0.10601734,0.15125212,-0.09363700,0.04230426,0.04071695,0.02109765,0.01206877,0.09930186,-0.02858642,0.04008942,0.02892299,-0.06893273,-0.05289987,-0.05405984,-0.07753615,0.00449540,-0.06281914,-0.10416736,-0.12649879,0.05719445,0.16273379,0.09791048,0.02002869,0.07527862,-0.11628386,0.00276693,-0.05138244,-0.10250229,-0.06913531,0.09868239,0.11827653,-0.02856408,-0.00174110,0.08098474,-0.08774593,-0.07327183,-0.04679677,0.12473091,0.07165244,-0.09730259,-0.08341011,-0.04817213,0.02646597,-0.01929410,-0.02889920,0.01029043,-0.03778619,0.01042908,0.05944996,0.04431101,-0.05787162,-0.08073892,-0.05253964,0.03011108,-0.01632107,-0.12649849,0.00213998,0.03491486,0.07646447,-0.07221040,0.01602426,0.01594340
-0.30763969,0.25253418,-0.21017490,0.16879164,0.05066602,-0.12546623,-0.26374307,-0.15921168,-0.03256913,-0.44613102,0.19640738,0.40782121,-0.26798487,-0.06700167,0.22154859,0.02106702,0.12035941,-0.24265525,-0.42927498,-0.46068609,-0.29882219,0.04237372,-0.06971038,-0.59511799,-0.35208189,0.52758801,0.03723877,-0.49837869,-0.09904281,0.01098081,0.23157896,0.09999990,0.12166639,-0.38132000,0.01602089,0.03391835,0.42205909,-0.05720316,-0.76245803,-0.28217226,-0.38886619,0.27827609,-0.54349041,-0.43180248,0.52204996,-0.27170032,-0.37892610,-0.26014704,0.14253481,-0.14139038,-0.47334796,0.67214286,0.16681737,0.50446332,-0.09779115,-0.31245223,-0.08272322,0.10083356,-0.33272803,0.61694586,-0.55897927,-0.07058945,-0.06129596,-0.37961471,0.43717656,0.12057208,-0.07801768,-0.05089165,0.03129258,0.07987867,-0.81414676,-0.13658561,0.07001580,-0.26743430,-0.22736999,-0.07290608,0.23190629,0.07175782,0.52018309,-0.04269086,-0.24826917,0.14650987,0.21302131,-0.38168123,0.00333159,-0.13659622,0.17384678,0.26016384,-0.53203076,-0.13020593,-0.39391831,0.11822123,0.02088530,-0.67165548,0.47970995,-0.17641735,0.03468793,-0.53795791,0.55415052,-0.79994315
0.45134959,0.08907627,0.06666102,0.11734825,0.29403070,0.39858174,-0.20585398,-0.04082804,0.21394069,-0.40212312,0.10893688,0.54190421,-0.34472853,-0.23001689,0.37825283,-0.29968178,0.23270163,0.23665205,-0.36740813,-0.47067618,-0.05559792,-0.13087247,-0.25643411,-0.43219176,-0.34968081,0.38426363,0.00540014,-0.37758920,-0.14100882,0.30672005,-0.10590772,0.20744120,0.13694316,-0.35858327,-0.04396479,0.04879750,0.36532199,-0.20968141,-0.39100650,0.11008735,-0.23311499,0.07538024,-0.42569199,-0.49441645,0.54925579,-0.17284867,-0.25390840,-0.19192146,0.09968990,-0.12378520,-0.27696937,0.38309532,0.07472456,0.07134560,0.08576135,-0.51084661,0.04608921,0.16938677,0.23709553,0.37057289,-0.42979020,-0.35870582,-0.35814354,-0.40104738,-0.09860282,-0.33830342,-0.06760253,-0.17217086,0.36635825,0.16160741,-0.42500511,-0.04679018,-0.01221026,-0.32941905,0.07951023,-0.27399987,0.30117184,0.04321031,0.47054029,0.07169394,-0.06398015,0.44815260,-0.06834865,-0.23235393,0.13533977,-0.29040813,0.10983828,0.19407994,-0.38891578,0.18391027,-0.31169811,-0.05929765,0.19256546,-0.59309685,0.49305204,-0.14983402,0.08035647,-0.45008877,-0.34116608,-0.57530284
-0.06553513,-0.00749113,-0.34516561,0.04996666,-0.03004727,0.09093364,-0.00360913,-0.10640783,-0.06721674,-0.21670623,0.18806529,0.14334126,-0.14765343,0.02807877,0.21463177,0.02975158,0.03975902,-0.14244264,-0.08794758,-0.28597033,-0.03103812,-0.00203533,0.05980575,-0.18236761,-0.20249699,0.22990422,0.04215612,-0.15161820,0.03156598,-0.02398577,0.02432033,-0.00950263,0.22257625,-0.15313587,-0.15702811,0.01527226,0.24139741,0.02782121,-0.34851354,-0.02138838,-0.14361784,0.22040989,-0.28398412,-0.24800481,0.23963700,-0.13096268,-0.23282650,-0.06844332,0.03160799,-0.01715121,-0.29292497,0.25388435,0.20084547,0.19603592,-0.04889605,-0.15240899,0.13191664,0.12943590,-0.22475654,0.29659274,-0.27168623,-0.05747217,-0.03115780,-0.26690912,0.05961081,0.07368675,-0.12145539,-0.03096361,0.23982632,0.17289566,-0.18629183,-0.07123785,0.08636910,-0.18563074,-0.18761647,-0.26700062,0.28837252,0.00790560,0.20796423,0.07653370,-0.13496043,0.11182266,-0.16291940,-0.14822073,-0.07319742,-0.03526479,0.08135067,0.14838055,-0.29126939,-0.02749759,-0.14245196,0.26827818,0.04644660,-0.22632809,0.37150761,-0.13018607,-0.12933153,-0.20574823,-0.20192394,-0.76699531
-0.03166294,0.36716631,-0.24425884,0.42299661,0.28017691,0.01277454,-0.14522892,0.15868138,-0.21069445,-0.19142154,0.13050708,0.25604296,-0.37415397,-0.12034864,0.25369301,-0.00818592,0.03559162,-0.12772116,-0.21092793,-0.17302354,-0.26381195,-0.05145080,-0.12393181,-0.32787007,-0.07832941,0.26657942,-0.00201125,-0.17358948,-0.00868213,0.10695807,0.15623897,0.00140428,0.23465671,-0.04744928,-0.10686249,0.09772971,0.21324024,0.01742499,-0.33584195,-0.30263829,-0.14647675,0.20242493,-0.32831708,-0.22978605,0.12439985,-0.11601859,-0.00092286,-0.25794083,0.00082661,-0.11405388,-0.07781224,0.15306351,-0.00203377,0.89277256,0.06055343,-0.01616323,-0.09539603,0.00650696,-0.24682717,0.13592298,-0.40700689,-0.01322738,0.02980285,-0.01836417,0.10129551,0.06170621,-0.14989646,0.03113135,-0.12975655,0.08699384,-0.19090430,-0.06810461,0.14297709,-0.23239551,-0.03664906,-0.18240511,0.16327304,0.04136341,0.23481999,0.08155613,-0.14699367,0.22812679,0.11011866,-0.24954981,-0.02020077,-0.22467965,0.13918665,0.11451959,-0.14871237,-0.09742322,-0.32696769,-0.01974766,0.00552581,-0.26449835,0.26933107,-0.17583030,0.05606056,-0.24699125,0.48270020,-0.49711868
0.41480067,0.06407567,-0.22771223,0.01037354,0.34515211,-0.14388810,0.00112005,-0.03378621,-0.34575468,-0.13339192,-0.01455421,0.09260809,-0.12496492,0.07863904,-0.09811500,0.20636101,-0.10191780,-0.26001167,0.00769123,0.04884758,0.02233654,-0.12388555,0.03992027,-0.00691132,-0.12984401,-0.07256806,-0.03308169,0.21165828,0.00392845,-0.02085291,0.09721213,0.01349673,-0.06006826,0.10207722,-0.03638019,0.04816295,0.00725254,0.18392393,0.04759218,0.09646948,0.29657412,0.10645976,0.22841386,-0.03251193,-0.04967124,0.08410516,0.05595847,0.18681614,-0.20614743,0.00312572,-0.09100060,-0.03053720,-0.12747101,-0.00187844,-0.13076156,0.30478278,-0.24177301,-0.06325504,-0.29191208,-0.03545057,-0.19433735,0.15577537,0.21059677,-0.01423070,0.00839768,0.02519390,-0.21288002,0.11836978,-0.09584420,-0.14741312,0.08407594,-0.10887105,-0.10551042,0.23417278,-0.17254867,-0.12257483,-0.02483917,0.05046920,-0.05947658,-0.05045994,0.07911923,-0.03666672,0.12780280,0.06537628,-0.08984838,0.03082797,0.05604787,-0.08915102,0.03695901,-0.02384787,0.26124117,0.26096818,-0.10756641,0.12074722,-0.02559042,-0.04735028,-0.05701132,-0.07034081,0.18743874,-0.29180330
0.08105128,-0.01920060,-0.08045339,-0.00738734,0.18931989,-0.03752338,-0.15126431,-0.15766692,-0.04558037,-0.11715309,0.09188435,-0.16173117,-0.20435540,-0.12735663,0.11322955,-0.14691001,0.07324849,-0.01575274,-0.16486549,-0.21484758,0.19251160,-0.05833894,0.01604872,-0.05240809,-0.21266100,0.14043002,0.04525988,-0.02286046,-0.03385687,0.04640140,0.00201037,-0.01096133,0.22573577,-0.22109796,-0.07815950,-0.00752962,0.19164658,0.12149646,-0.17930551,0.02647849,-0.15367849,0.05060621,-0.07797611,-0.18361160,0.16203526,-0.18866803,-0.06827092,-0.22912647,0.10575279,-0.07457214,-0.16966915,0.30269039,0.00214712,0.02784348,-0.03686018,0.08345693,0.12664069,0.02294444,-0.04423623,0.24137710,-0.26529983,-0.00593754,-0.09040189,-0.08169620,-0.06771995,0.13904600,0.01056844,-0.09787241,0.20505130,0.04363614,-0.18485267,-0.13985318,0.07923011,-0.16482265,-0.02685648,-0.08911011,0.19509688,-0.07249996,0.12557438,0.03164317,-0.06276787,0.05585387,-0.14230452,-0.07632428,0.00938706,-0.03908847,-0.02093738,0.19520533,-0.06519115,0.01463263,-0.05628730,0.03667257,0.07328255,-0.20329076,0.17798907,-0.21970236,0.01026503,-0.24978100,-0.06151076,-0.74083054
0.13471773,0.08875793,-0.02893731,-0.07882092,0.24588589,0.03154611,-0.09602688,-0.11651959,-0.06442985,0.02784263,-0.02454230,-0.00352003,-0.12569246,0.05029526,0.01414125,-0.11234990,0.05168144,-0.00328816,-0.07432085,0.04470096,0.04205306,-0.03315194,-0.15045819,0.01892045,-0.16092217,0.03601074,-0.08707666,-0.09494334,0.04638815,0.06554054,-0.03394885,0.01809076,-0.02757339,0.03210356,-0.06456801,-0.00347687,0.02773804,0.00268154,-0.10880659,-0.08991529,-0.12553555,0.12537695,-0.10562058,0.04417099,-0.04611185,0.02999333,-0.05431838,-0.04581217,0.11711246,0.02154119,0.06034767,0.00019257,-0.00932818,-0.08107744,-0.05663667,-0.02267524,0.09228659,0.09665073,-0.03454871,0.05560655,0.03605822,-0.10521667,-0.01017254,0.04868996,0.02459048,-0.07315583,-0.04573975,-0.04804133,0.13874803,-0.05480380,0.01928492,-0.00658926,-0.05569293,-0.09068707,0.07966190,-0.04119213,0.00999541,-0.00120309,-0.04413778,0.00146930,-0.10899922,0.08800561,-0.06141681,-0.06676487,-0.00059462,-0.08241141,-0.02964231,-0.03002819,0.01669117,-0.00546004,-0.02880474,-0.07301515,0.07768553,-0.03318668,0.06814909,-0.01565721,0.03033458,-0.00730490,0.04657466,0.15798573
0.12052502,0.04762429,-0.14792496,0.07290947,0.12067704,0.00338544,-0.18070285,-0.09693668,-0.07049767,-0.17100327,0.01008229,0.18606134,-0.09703310,-0.07856429,0.18729055,-0.04211194,-0.08671647,-0.01933204,-0.15852489,-0.22784185,0.04508622,-0.02639712,-0.08443657,-0.28126419,-0.24101903,0.32195154,-0.06214266,-0.05141408,-0.00299385,-0.00482527,-0.03754821,-0.08071668,0.18483940,-0.19729839,-0.02823543,-0.00937961,0.11726035,-0.07651178,-0.09351340,0.08309893,-0.18348427,0.06972182,-0.20437399,-0.06822471,0.31444770,-0.17290263,-0.14257829,-0.13173039,0.13900891,0.03557312,-0.33293623,0.30011758,0.12573582,0.01665543,0.01137972,0.10961726,0.01146116,0.03911477,-0.17878531,0.18366882,-0.13353096,-0.09054866,-0.11146152,-0.17198247,-0.01771637,0.01368595,-0.03690524,0.03095578,-0.12383312,0.10267823,-0.19995262,-0.07678441,0.07953970,-0.20361628,-0.00366144,-0.30869037,0.25150454,-0.03590801,0.15305848,-0.03667265,-0.06330598,-0.13997021,-0.05431304,-0.08449068,0.01235954,-0.03894504,0.07408733,0.20278895,-0.21830738,0.01020981,-0.18111803,-0.01425463,-0.05143720,-0.22477996,0.35883310,-0.14851484,-0.07111458,-0.22807272,-0.12160936,-0.90205705
0.14049236,-0.00200619,-0.04080603,0.11545140,0.16089232,0.16250631,-0.00661338,0.01645727,-0.02306131,-0.13826559,-0.02257512,0.28998926,-0.17429647,-0.10684677,0.13558930,-0.13056564,0.09334447,-0.01561476,-0.09553889,-0.16943993,-0.11252314,0.01383155,0.01879793,-0.22374795,-0.16883327,0.24425095,0.01883547,-0.07275803,0.00425062,0.05475616,-0.04759398,-0.05704618,0.08334058,-0.12734734,-0.00451404,0.13386549,0.23398690,-0.11128106,-0.15770349,0.04785081,-0.03343813,0.13691504,-0.29494837,-0.06825742,0.27764520,0.00090433,-0.18691404,0.00611693,-0.03945969,0.01670401,-0.36045727,0.27723241,0.15454954,0.09489531,0.12270351,0.05684651,0.14739905,-0.00818811,-0.03504963,0.31046456,-0.26969755,-0.08976116,-0.15585594,-0.30934614,-0.05763767,0.01730325,-0.16591580,0.09103339,0.06652467,-0.00162415,-0.26974428,-0.01041083,-0.02144370,-0.04543613,0.03419485,-0.24887022,0.05909240,-0.09991840,0.22236060,-0.05841191,-0.01221684,0.04755573,-0.03661668,-0.14365110,-0.00766181,-0.23367174,0.11487503,0.08433926,-0.18133830,0.13679656,-0.12900159,0.04219751,0.15280272,-0.36293295,0.28965172,-0.22463454,-0.04656412,-0.26559737,0.00144451,-0.79892355
0.00084007,0.06100362,0.08491667,-0.04468034,0.27542359,0.05144563,0.00131828,0.09397820,-0.14506239,-0.09900970,-0.04653073,-0.15071438,-0.05938246,-0.05368050,-0.01323300,-0.01276450,0.01157071,-0.00450815,0.02927931,0.00506944,-0.02757807,0.01975215,-0.01965194,-0.04819711,-0.04373639,0.05424423,-0.13152505,-0.03935016,-0.14643285,0.05659889,0.00161732,-0.00520004,-0.02247022,-0.02799304,-0.04130560,-0.10168575,0.13454674,-0.11150333,0.02962060,0.04655913,0.02788214,-0.06442296,0.01577050,-0.00780123,0.06705324,-0.01955655,0.02038085,0.01632048,0.04205138,0.03216502,-0.06280539,0.10788668,0.00297575,0.05745414,-0.03969954,0.00553090,0.08227712,0.10418227,-0.10822102,0.03924065,0.00945572,-0.16650523,-0.01848017,-0.05587671,0.15791926,0.05048459,0.03753210,0.16772924,0.13311046,0.02906231,-0.14070301,-0.03159987,0.07659366,-0.00601509,-0.01394245,-0.10979919,-0.01627150,-0.11060571,0.13276666,-0.01950893,-0.12247563,-0.00401507,0.00162431,-0.14124280,0.06310062,-0.09039747,0.11424882,-0.00505059,-0.08672333,0.04306003,0.00097658,0.07508957,0.14190531,-0.14058185,-0.00319726,-0.10342406,0.09796887,0.01466451,0.12812413,-0.14691505
0.31838959,0.11577888,0.09547403,0.00633758,0.37621203,0.22288790,-0.03461242,0.12508622,0.11259543,-0.11783306,-0.15827104,0.16356665,-0.05544161,-0.08634906,0.11392917,-0.08638387,0.38172451,0.04173467,0.05713541,-0.04398445,0.11433453,-0.12447118,0.11530879,-0.18480702,0.01856358,0.17600478,-0.10724667,-0.14959574,-0.16536570,0.05841112,-0.21235253,-0.06771354,0.07832174,0.06795084,-0.01690822,-0.11914542,0.13782950,-0.27908906,-0.20156071,0.20717598,0.08145970,-0.16173491,-0.04957733,-0.05121444,0.05213257,0.03028047,-0.12874030,0.03056787,0.04232500,0.03137650,-0.01448891,-0.01451331,-0.17748699,-0.27610117,0.01293716,-0.28769872,0.02842378,0.05610659,0.36895326,0.05760662,-0.03471432,-0.02622295,-0.14418469,0.03196779,-0.11291175,-0.42826542,-0.08370426,0.09141478,0.52228981,0.02562705,-0.10897598,0.01416642,-0.16246890,-0.08282727,0.00152226,-0.02613436,0.06991420,-0.06682277,0.11545321,0.20541193,0.10166241,0.26229748,-0.04346534,-0.06138064,-0.05516834,-0.10403033,-0.07640328,0.17636816,-0.16625522,-0.02031369,-0.02201928,-0.09525473,0.29581374,-0.12082980,0.13576797,-0.04067211,0.28058860,-0.21418625,-0.21360108,-0.15367757
-0.03262467,0.13613822,-0.13966352,0.08409717,0.02113022,0.07750902,-0.04172608,-0.07278723,0.01888752,-0.13102286,0.03385721,-0.18076986,-0.02901553,-0.18255839,0.18950282,-0.08660104,0.06101519,0.03043042,-0.14781535,-0.02090100,0.17691591,-0.15482631,-0.12864679,0.02980939,-0.16861007,0.03298102,-0.00211525,-0.21239331,-0.02798833,0.13460141,0.02607546,0.07375800,0.08181925,-0.07754200,-0.03818135,0.05919342,0.00026280,-0.05246801,-0.16927341,-0.00608680,-0.12802510,0.21096985,-0.10896873,-0.11316188,0.15137234,-0.07561211,-0.04083668,-0.13736853,0.09232993,-0.07590924,0.01887198,0.08006003,0.05247993,0.19323465,0.06413906,-0.08590744,0.02959591,-0.01186900,0.06748585,0.04372270,-0.18076739,0.04125113,-0.00112031,-0.06271330,0.01289140,0.28234828,0.00539712,-0.04745019,0.19237204,0.16488579,-0.01182308,-0.01281903,0.08578137,-0.06992096,0.12748680,-0.17033169,0.00824733,0.01523323,0.04794356,0.00742779,-0.21215042,-0.00265412,-0.14368692,-0.04091456,0.02341103,-0.08182325,0.11342725,0.05452313,-0.07279591,0.11809804,-0.04111584,-0.01081200,-0.04722869,-0.14021401,-0.03782099,-0.08126542,0.02482460,-0.03236052,-0.08646014,0.08148867
0.01049469,-0.01093405,-0.00209825,0.09962256,0.17737876,0.02269006,0.01123874,-0.00275632,-0.03474507,0.00006566,0.11961433,0.05907445,-0.04923920,-0.15088691,0.16683672,-0.13585310,0.02165226,-0.00223099,-0.14710209,-0.16821752,0.15962224,-0.05405631,-0.00006247,-0.15077014,-0.13651575,0.06751509,0.07797562,-0.00873925,-0.10349432,0.01457294,0.13905524,-0.08232729,0.14444400,-0.13875319,-0.14882642,0.02394277,0.11535712,-0.10857317,-0.16251950,0.06119013,-0.15124987,0.13385729,-0.07597398,-0.04631118,0.08331534,-0.06159770,-0.01039439,-0.10360300,-0.00003848,-0.00742310,-0.15424027,0.07015219,-0.03298701,0.10029347,0.00580335,-0.12360653,0.10198092,0.00114049,0.07787880,0.13664809,-0.18250145,-0.17276034,-0.07391471,-0.14436625,-0.07100453,0.14006235,-0.09116311,0.01937603,0.11386664,0.07942705,-0.00134264,-0.15074973,0.06973741,-0.10946804,0.18131970,-0.10309083,0.07366306,0.09090020,0.14130858,0.04525525,-0.15464091,0.08008927,-0.09824435,-0.19507357,0.06571487,-0.17903300,0.02435418,0.16269313,-0.11746652,-0.01939264,-0.07125027,0.04573144,0.16945285,-0.08318485,0.14120255,-0.04126590,-0.08661018,-0.20629939,-0.05182962,-0.04909325
0.10456775,-0.18756863,-0.10178470,-0.11212573,-0.04902221,0.18408871,0.00883877,-0.05907860,0.00101271,-0.14732932,0.14111841,0.05709480,-0.15638603,0.01063555,0.24153270,-0.03351863,-0.10732110,-0.13722895,-0.26725739,-0.22713019,0.05068225,-0.03107429,0.02948121,-0.09402768,-0.25345218,0.30090600,-0.01479735,-0.18357745,-0.04386575,0.08926999,0.19548602,0.09881453,0.10769841,-0.15806702,0.02643871,0.01043848,0.06064574,0.14910045,-0.34632799,-0.04579925,-0.09033082,0.09093917,-0.12149359,-0.15846327,0.14633192,-0.08442676,-0.21539448,-0.07319175,0.06992136,-0.06661530,-0.24319665,0.38681069,0.05132059,0.21083219,0.07002936,0.14661397,0.10397032,0.02051488,-0.05162153,0.33389267,-0.30223587,0.00936099,-0.00957685,-0.25864401,-0.02049684,0.06635184,-0.10384721,-0.05694260,0.13108148,0.17900921,-0.27503943,-0.11365089,0.09031116,-0.04689332,0.00173090,-0.23619699,0.24149016,0.09668179,0.23128428,0.04604145,-0.11432577,-0.07070369,-0.10459012,-0.24143386,0.03253775,-0.08784845,-0.01526763,0.27066889,-0.19542697,-0.09117015,-0.12677531,0.05063166,-0.03564368,-0.33250043,0.41340303,-0.02805513,-0.10257043,-0.35687342,-0.10253838,-0.99611545
0.05317234,0.11774474,-0.10680269,0.05020631,0.16812482,0.14237833,0.04127735,-0.02800240,-0.00189378,-0.06353144,-0.00466801,0.04008383,-0.01151073,0.02228273,-0.01430478,-0.04769755,-0.06196116,-0.11193391,0.02859726,-0.14514124,0.08362249,0.08423873,-0.07587980,-0.17285481,-0.03249811,0.03255317,0.06681167,-0.16636373,-0.10479902,0.10818297,0.01756955,-0.05409857,0.02170875,-0.19370849,-0.05396042,0.14365155,0.14207867,-0.07707892,-0.00142359,0.00272914,-0.10860510,0.10315748,-0.00512069,-0.10559575,0.14207463,0.02841504,-0.03302258,-0.00768732,0.02785753,-0.00570509,-0.20259692,0.17647019,0.04435395,-0.01387755,0.09081491,0.01055637,0.11628218,-0.06462549,-0.09116115,0.16374177,-0.07523318,-0.03250354,-0.15857443,-0.03236708,0.10061984,-0.02748232,-0.08454973,0.05034284,0.02900567,0.07484821,-0.14469825,0.01183221,-0.05551425,-0.09015474,-0.12077762,-0.21383621,0.06434832,0.13193011,0.17948803,0.09537690,0.00573813,-0.19012658,-0.08312198,-0.08508388,-0.01626129,-0.07615585,0.02816414,0.12836845,-0.16482948,0.12342291,0.00103621,0.13275841,0.05684049,-0.18197387,0.00581099,-0.18287349,0.05782847,-0.00095605,0.02263820,-0.09539656
0.06973229,0.10848165,-0.00446850,-0.01459073,0.08124267,0.04507910,-0.08737792,0.00078053,0.01921747,-0.14515895,0.11264704,0.13404988,-0.28271133,-0.07109211,0.25238454,-0.02641136,-0.04399764,0.02708055,-0.06506369,-0.13958658,0.04312028,-0.09778200,-0.07660381,-0.20476671,-0.13386157,0.31536072,0.01079258,-0.12514141,-0.04132085,0.02415733,-0.02577330,0.10144132,0.15316552,-0.24282217,-0.04619642,0.02239583,0.13047649,-0.19658118,-0.31663510,0.06875400,-0.00156436,0.04868083,-0.26201689,-0.14070497,0.19345507,-0.18962851,-0.08562235,-0.12709010,0.12779847,-0.11906569,-0.29357913,0.25856704,0.14628835,0.17727827,-0.04012387,0.11197325,-0.01447886,-0.00623822,-0.06422699,0.25435606,-0.21813740,-0.11574149,-0.07911935,-0.13806055,0.02681076,0.14188017,0.03396944,-0.06575666,-0.03084358,0.09782364,-0.25844997,-0.00250417,0.07025620,-0.10853281,0.01240892,-0.28598514,0.07290703,-0.01940040,0.27890790,-0.02025389,-0.22772524,0.24080974,-0.05439887,-0.23618877,0.03562476,-0.01547733,0.11111131,0.26469225,-0.20830308,-0.00706320,-0.07798584,0.27866265,0.03947590,-0.22695304,0.30846342,-0.03865783,0.02139919,-0.24386877,0.15274467,-1.12354159
0.10962693,0.02577645,-0.20205538,-0.06364554,0.23170826,0.19835290,-0.17204821,-0.09141669,0.05280754,-0.26273501,0.00819428,0.13334125,-0.20521510,-0.13830066,0.11513828,-0.16170469,0.00368793,0.04763230,-0.16247571,-0.22211510,0.02055515,0.00365735,-0.11032910,-0.27285060,-0.18066776,0.19062190,0.10928378,-0.08014194,-0.07434415,0.22730422,0.03320500,0.12170997,0.10958252,-0.21102625,-0.12988320,0.11513726,0.17381024,-0.15650061,-0.17851235,-0.08184615,-0.06081153,0.16369478,-0.10249023,-0.12401825,0.15871100,-0.15395604,-0.23220292,-0.03234588,0.14694050,-0.03484676,-0.15663841,0.07254559,0.15246657,0.05414126,-0.02989540,-0.02741896,0.05990268,-0.00421431,0.00843398,0.16921721,-0.14679033,-0.10890237,-0.08875109,-0.07178265,0.05674138,-0.15771627,-0.11204766,-0.08534528,0.09200271,0.04543489,-0.10880207,-0.12794501,0.01920340,-0.15668154,-0.01989060,-0.18603072,0.15225451,-0.02343907,0.10604823,0.17130844,-0.17268872,0.09040515,-0.09646741,-0.03992396,-0.02889451,-0.16089837,0.10950273,0.08712531,-0.10351907,-0.00317324,-0.18187773,0.10931007,0.06625656,-0.24079648,0.20349520,-0.11475784,0.01697577,-0.10107524,-0.08838042,-0.48116335
0.13682230,-0.00718631,0.42899337,-0.00518377,0.07522327,0.00437565,-0.03864853,0.09321352,-0.02301112,0.00471505,0.15539514,-0.13042384,-0.34406039,0.05647933,0.04856018,-0.19873260,0.16852261,-0.00162080,-0.01927038,-0.13115887,-0.01653584,-0.04995098,-0.15595488,-0.36457881,0.14902000,0.16224752,-0.00213574,-0.04703400,0.25764444,0.38385162,-0.00146312,0.11364393,0.31328714,-0.15894562,-0.18208478,-0.06510864,0.18329990,-0.15306072,-0.24076971,0.38075995,-0.04228175,0.06382278,-0.18271320,0.02671355,0.36474565,-0.14709674,-0.16939446,-0.16484304,-0.07763600,-0.09050813,-0.22740307,0.19599618,0.30791333,-0.34425864,0.04088161,-0.07207113,0.12010577,0.00083859,0.07010337,0.18203750,-0.03708212,-0.52951241,-0.17830718,-0.12890019,0.22151013,-0.40117845,0.02154455,-0.60951900,0.13818434,0.14483699,-0.21008216,-0.04738111,0.04639795,-0.29328209,-0.45564374,-0.31811962,0.16802761,0.01087129,0.07001612,-0.08429594,0.09696030,-0.48249969,-0.00604824,-0.10344262,0.00731049,0.01590096,0.08611587,0.33110958,-0.04323032,0.20738085,-0.28423777,-0.14552219,-0.12163140,-0.30055860,0.43310621,-0.07325201,0.12269838,-0.34612265,-0.70424050,-0.36154783
0.18351951,0.08602537,0.15637140,0.14196531,0.11087413,-0.00675266,-0.09582800,0.01618749,0.03427434,-0.23678106,0.12333182,-0.15824814,-0.17991732,-0.12752938,0.18869935,-0.05040217,-0.09918333,-0.02566440,-0.12137476,-0.03681678,-0.06193305,-0.10797685,0.04007812,-0.08868776,-0.09586295,0.11083747,-0.02252333,-0.21769962,-0.17040822,-0.46124199,-0.03312223,-0.06530450,0.06899659,-0.06101047,0.01821350,0.01928062,-0.04849735,-0.01437164,-0.15259780,0.00537692,-0.04593076,0.15113637,-0.22018835,-0.16042012,0.08725736,-0.12361981,-0.17489785,-0.20027679,-0.01412872,-0.08776793,-0.23713979,0.09192557,0.08188784,0.38917968,0.06015660,0.03326285,0.03330908,0.09316754,0.06879619,0.12029883,-0.05930841,-0.05206065,-0.08354176,-0.11827677,0.21936549,0.09069768,0.16476785,-0.13343738,0.30129278,0.10600433,-0.12326217,-0.10675814,-0.01180640,-0.14645372,0.15907663,-0.11386473,0.15613396,-0.07357594,0.18339954,-0.07376179,-0.13287379,0.09551506,-0.10768869,-0.06796373,-0.00508728,-0.06149402,-0.02736502,0.11065970,-0.05562204,0.07727484,-0.05204589,-0.12501656,0.02649957,-0.16045071,0.20872413,-0.16599882,-0.10674104,-0.11571544,-0.16958089,-0.34504437
-0.01065044,-0.03945936,0.00703303,0.12947518,0.25761110,0.00032955,-0.14055996,-0.16442832,0.10575044,-0.08368371,-0.05268082,0.07466666,-0.11807607,-0.04155125,0.06370294,-0.16740245,0.11154585,0.05756664,-0.18573093,-0.12174311,-0.01803013,0.05908592,0.05215910,-0.04839128,-0.07549699,0.00655435,0.03512285,-0.03740144,-0.22612138,0.08834458,0.00274171,0.06729441,0.15365753,-0.14975747,0.03054400,-0.04032464,0.14766176,0.01732250,-0.18146580,0.06636069,0.00256441,0.08080281,-0.12727813,-0.07426903,0.03767101,-0.05579440,-0.00300710,-0.04165108,0.01233333,0.01519939,-0.08248065,0.12556879,0.12052795,-0.08059710,0.02570167,-0.11252167,0.12941089,-0.02753014,-0.03711420,0.03730877,-0.08844312,-0.13051300,-0.14942406,-0.01222004,0.00278163,-0.08736134,-0.05943293,-0.00336758,0.05159861,-0.04219048,-0.04738566,0.07491656,0.07125870,-0.18929699,-0.05427876,-0.02661469,0.19103085,-0.11065222,0.01740646,0.14002897,-0.14515357,0.07463135,-0.05269635,0.00292853,0.09509641,-0.06573961,-0.00465133,-0.01307841,-0.15531734,-0.02303044,-0.01247167,0.01954516,0.06698924,-0.10447058,0.12318112,-0.16656360,-0.01226381,-0.06631351,-0.09035566,-0.09444137
0.08708140,0.16776590,-0.17216891,0.14228991,0.07349195,0.14479685,-0.09533315,-0.01703093,0.12373947,-0.22131850,0.04907600,-0.05200662,-0.05453148,-0.00804621,0.23020121,0.03353585,-0.02927381,-0.10248070,-0.22320801,-0.15100166,0.09422513,-0.06163441,-0.18483965,-0.08899432,-0.18673250,0.26259020,0.11918831,-0.12473944,-0.03965383,0.07314545,0.16094166,0.11797523,0.20222475,-0.08916896,-0.04925907,-0.03063029,0.15077302,0.14043851,-0.11043911,-0.02185363,-0.08646533,0.06533407,-0.14253448,-0.10068419,0.07053984,-0.13620616,-0.19688457,-0.08025239,0.07350792,-0.09084503,-0.24699624,0.20070598,0.07818983,0.23145382,-0.06567724,0.10966128,-0.01914197,-0.01460633,-0.04703361,0.13482377,-0.17911355,-0.12606846,0.02136387,-0.15842143,-0.15442143,-0.00171813,-0.02662291,-0.11386777,-0.06557573,0.11106242,-0.11456670,-0.04864217,0.10678589,-0.02406816,0.04406738,-0.20745651,0.21876064,-0.02674173,0.20174009,-0.03693540,0.00164252,-0.07238525,-0.11436766,-0.11466134,0.05632324,-0.14522813,-0.02462873,0.06682087,-0.23089050,0.01791486,-0.20755073,0.05100984,-0.02931652,-0.19457960,0.36882260,-0.09224983,-0.03226828,-0.14663878,-0.05388054,-1.26492381
0.17263050,0.03927954,-0.29351655,0.02363355,0.03452642,0.10960546,-0.02062643,-0.16149111,0.10509331,-0.17978165,0.24793100,0.10526332,-0.07472280,-0.21504933,0.29640245,-0.16643801,-0.12079971,-0.00455570,-0.25286171,-0.13492563,0.29022497,-0.09240372,-0.29009858,-0.03733702,-0.27845177,0.28811035,0.09707914,-0.08904820,0.08548199,0.16044830,0.10918824,0.17644387,0.09049934,-0.18056811,-0.10026332,-0.02976063,0.31197965,0.02205784,-0.33646855,0.01969053,-0.25277251,0.04188185,-0.21570472,-0.27497745,0.25457630,-0.08251705,-0.18149103,-0.18846895,0.13478443,-0.00928163,-0.25614047,0.37716711,0.20000827,0.00924951,-0.09760327,0.04355952,-0.00167488,0.11487532,-0.10805934,0.19001216,-0.17026265,-0.19887136,-0.17923257,-0.29424903,-0.22559936,-0.04038870,-0.04733881,-0.05037106,0.11703544,0.04638502,-0.38637140,-0.07960707,0.08518608,0.01699559,-0.09601123,-0.24294619,0.16840996,0.14406736,0.25319800,0.10133881,-0.05510479,-0.13126226,-0.02763318,-0.08523910,0.00039877,-0.22726333,0.10515402,0.26571947,-0.26747638,0.02447619,-0.29859284,0.15922099,-0.10117048,-0.29352012,0.31103671,-0.08886170,-0.14883910,-0.23629515,-0.28708857,-0.50834423
0.08562833,-0.01049955,0.25605440,-0.16927831,0.10137373,0.05114663,-0.04084674,-0.00780743,-0.02184898,-0.16057591,0.20158619,-0.01376884,-0.13884650,-0.05503730,0.05435489,-0.10763602,-0.05416903,0.05031739,-0.00914650,-0.03149316,0.15444547,-0.05641031,-0.00989574,-0.18861315,-0.10769494,0.22436816,0.03530928,-0.14863442,-0.07446488,0.16559367,-0.08822668,0.02985403,0.26069561,-0.13251688,-0.19330673,0.07639448,0.09017311,0.06739178,-0.22744527,-0.08257148,0.02351447,-0.05054334,-0.26373816,-0.02108794,0.15646870,-0.12901710,-0.23145178,-0.07331658,-0.09299437,0.02253568,-0.42256969,0.35276669,0.08286621,0.10068466,0.06264406,0.16859759,-0.00953577,-0.01927637,0.09570796,0.22525787,-0.12146001,-0.24709231,0.02271419,-0.13548544,0.01228888,-0.11673050,0.04280174,-0.12960176,-0.09481914,0.14239450,-0.20713484,0.04411538,0.09405293,-0.15026125,-0.00019907,-0.22443794,0.19411066,0.02481537,0.12921843,0.06805833,-0.07300870,0.02099040,-0.18493636,-0.07577070,0.02083466,-0.11873914,0.00728181,0.24482542,-0.09557048,0.12511942,-0.07595780,0.03291661,0.06955730,-0.24001949,0.42079085,-0.00912314,0.02535436,-0.29575732,-0.39306328,-1.07192779
-0.04501683,-0.08984880,-0.05589708,0.08196162,0.18253659,0.09274472,-0.10478164,-0.10918376,0.02608047,0.03242565,-0.00775233,0.07569328,0.01510139,0.00587599,0.13626429,0.00537118,0.11618481,0.07356137,-0.06274001,-0.14100280,0.11770412,0.01219671,-0.11859288,-0.03030533,-0.03364830,0.07919030,0.01119100,-0.05331753,-0.12447024,0.00740256,0.04351736,0.18080539,0.04760838,-0.04425811,-0.03723003,0.12224703,0.00468527,-0.04260870,-0.14611042,0.17644754,-0.05011966,0.06394596,-0.02376136,-0.11937992,0.12141962,0.00968079,-0.16139944,-0.06748916,0.01813717,-0.08345942,0.01717257,-0.02021969,0.02672349,-0.07566941,0.06128640,-0.20014518,-0.01910680,0.06153188,0.05307294,-0.01120463,-0.07278819,-0.04597646,-0.10715304,-0.13602132,0.05676643,0.05682762,-0.08785331,0.03575786,0.10616463,-0.00907907,-0.01383975,-0.04481983,-0.03833878,-0.06798840,0.12050996,0.07359810,0.02535908,0.02775581,-0.00874941,-0.00864565,-0.13497224,0.16313575,0.03891381,-0.05532067,0.06966256,-0.05521475,0.12529245,0.01812814,-0.15260042,-0.06237593,-0.08649094,0.13802311,0.02134214,-0.17164716,-0.03285361,-0.15993240,-0.05065535,0.01212326,0.05822814,-0.13059378
0.14360170,-0.07745080,0.05413199,0.07221086,0.28057972,0.14897050,0.03538261,-0.15418875,0.06489704,0.00602387,-0.08813951,0.07199033,-0.12796941,0.04636199,-0.07578832,-0.06671362,0.07620300,0.01362490,0.06280312,-0.11838487,0.03959784,0.00012016,0.03602571,-0.11310066,0.06705017,-0.02326675,0.03100474,-0.04583538,-0.02607644,0.01795971,0.01819280,0.11406341,0.09670617,-0.05947528,0.03954675,0.04374243,-0.05467913,-0.00059176,-0.11925922,-0.05938286,0.01068950,-0.04513674,-0.09354793,-0.04772222,0.14291880,-0.03861862,-0.14199772,0.01325721,-0.02702571,-0.03996968,-0.05556738,-0.02705988,-0.00249810,0.04364321,0.07176997,-0.10965379,-0.02920448,-0.03896116,0.07279283,-0.01808547,-0.12902281,-0.04282635,-0.06303257,0.04425631,-0.12576434,-0.10289562,-0.01088622,-0.14395595,0.14718947,0.04972181,-0.03558081,-0.02224311,0.10943756,-0.10310661,-0.09625088,0.01872217,-0.05139250,-0.06436294,0.08807259,0.13529795,0.06702610,-0.15304992,0.07519364,-0.00101171,0.07740706,-0.02842027,-0.02216295,-0.02187820,-0.04642542,-0.03600197,-0.05349845,0.07467641,0.11958364,0.01265374,-0.01023098,-0.10547390,-0.03672794,-0.08155832,-0.06264205,-0.05003690
0.03813603,-0.06509183,-0.07160427,-0.14287469,0.20365313,-0.16155230,-0.09238188,0.03356209,-0.02677137,-0.16153696,0.23508458,-0.06975912,-0.21561438,-0.09445078,0.02672477,0.06727104,-0.02302948,-0.02522499,-0.13681984,-0.12393504,-0.10051513,-0.01667848,-0.04736032,-0.20008078,-0.22276501,0.30906272,-0.04286209,-0.13116513,-0.00807005,0.05306748,0.03037414,-0.04329445,0.34938446,-0.20212466,-0.01547313,-0.06063576,0.08559327,0.01130556,-0.13847791,0.05834723,0.01184073,0.08324722,-0.15005846,-0.08514941,0.30499548,-0.22522645,-0.09052317,-0.05558485,0.09401690,0.00967605,-0.15791668,0.29498002,0.09708127,0.10047869,0.00042552,0.09243372,0.12786326,0.05106316,-0.16440879,0.17945038,-0.22022110,-0.04072977,-0.08666309,-0.16705175,-0.01747716,0.02667359,-0.11700948,-0.10101203,0.08514448,0.08361488,-0.18508789,-0.11624675,0.00921710,-0.17059736,-0.10780452,-0.27492726,0.15221782,0.09846116,0.08346872,0.05992937,0.02635458,-0.00917216,-0.15023808,-0.16170381,-0.05210318,-0.00709773,-0.00627691,0.07395361,-0.14798689,-0.03344591,-0.09149873,0.02511085,-0.00601940,-0.30878678,0.37227413,0.01218228,-0.11123785,-0.30929387,-0.03090632,-1.22872496
0.04151769,-0.04350553,0.00489691,-0.05278645,0.24221404,0.15824077,-0.00852098,0.02192760,0.01848006,-0.18037097,0.07931327,0.02138143,-0.06452380,0.04640386,0.19493333,-0.09995651,0.04198495,0.09379713,-0.04139360,-0.05160253,0.03110605,0.08780237,-0.05829808,-0.11310823,-0.08890019,0.05937715,-0.01784866,-0.17413776,-0.09809632,-0.06603388,0.06047624,-0.00820419,0.09062799,-0.09477999,0.08052308,0.09522331,0.09928889,-0.17649163,-0.16687414,0.01723091,-0.13168833,0.11900750,-0.03925324,-0.11556069,0.09338275,-0.01103381,-0.05143086,0.01573281,0.00500628,0.01017278,-0.22225800,0.02859550,-0.01563185,-0.06968942,0.09438012,-0.17787851,0.09930976,0.02611841,-0.01115776,0.15922050,-0.03907420,-0.02658670,-0.09471404,-0.02850882,0.10376868,-0.20965204,0.00029572,-0.06674883,0.15037304,0.03345761,-0.03493848,0.04439935,-0.03046554,-0.18682127,-0.05424695,-0.11501474,0.09638578,-0.02127038,0.10903075,0.08519060,0.02116870,-0.02380018,-0.14554986,-0.15368225,-0.00029191,0.02708308,0.12146827,0.16736142,-0.04694987,0.11287128,-0.05067776,0.08798029,0.13532415,-0.20827603,0.14051531,-0.25675011,-0.01729405,-0.10893179,-0.02520176,-0.13253075
0.21245675,0.05420475,-0.33535725,0.09633257,0.04459355,0.11575522,-0.03952154,-0.15185113,0.14322303,-0.27020305,0.22823355,0.20727524,-0.20502818,-0.13277496,0.09205590,0.00225987,-0.03060720,-0.01794398,-0.23752695,-0.23057556,0.09401152,-0.15351801,-0.15090950,-0.20057060,-0.14846539,0.28717977,0.07610589,-0.21905290,0.01681696,0.01897211,0.18078500,0.00002257,0.09989230,-0.23925421,-0.16650596,0.11481053,0.27022398,0.06008292,-0.17405511,-0.01526192,-0.08416899,0.19340321,-0.25911617,-0.22539800,0.25017616,-0.04488647,-0.16937232,-0.21087205,0.15401989,-0.09003357,-0.33480868,0.40324318,0.09871967,0.10591587,0.12340073,-0.03652555,0.03666060,0.09045249,-0.26319444,0.25280553,-0.14746809,-0.08103532,-0.22260262,-0.32029101,-0.27566206,-0.00564938,-0.20910524,0.04852781,0.00136834,0.12220816,-0.31300962,-0.07471509,0.01056290,-0.11639363,-0.07226516,-0.33318231,0.17999204,0.04597888,0.12344145,0.04059630,-0.21740986,-0.40256733,-0.14936896,-0.15537059,-0.09820495,-0.21354921,0.10941726,0.17727663,-0.29183504,0.02262271,-0.08828316,-0.00015375,0.01069002,-0.43746364,0.39921761,-0.31849998,-0.15892035,-0.20508775,-0.32077643,-0.99270535
0.13997841,0.01253336,-0.15857467,0.00536623,0.11344749,-0.10413941,-0.01715462,-0.09248770,0.02211120,-0.23110625,0.24459492,0.08203878,-0.20459184,-0.15141161,0.21699537,-0.11030074,-0.01917184,0.10524910,-0.24038376,-0.19479553,0.01925226,-0.02408530,0.07498470,-0.13469395,-0.19031925,0.29158923,0.04315073,-0.18711053,-0.10192266,-0.11427648,0.11077645,-0.06265803,0.17578182,-0.25040331,-0.03442117,-0.07633127,0.13489617,0.14432989,-0.29703647,0.10027714,-0.05223461,0.19472478,-0.18769741,-0.12707983,0.31445879,-0.11227845,-0.21897382,-0.15239586,0.07126583,0.00709196,-0.18837027,0.23804365,0.08365599,0.13097681,-0.02924271,0.05633694,0.11454414,0.05407071,-0.12719198,0.18531148,-0.13819000,-0.05941072,-0.15440206,-0.25663573,-0.01131268,0.02601438,0.02022703,-0.05678568,0.17905734,0.20103997,-0.23546560,-0.00514029,0.07220466,-0.12778872,-0.04159703,-0.17215982,0.25776753,-0.06291370,0.25995928,0.04763617,-0.01419843,0.00703079,-0.08303151,-0.11605179,0.00245434,-0.00132129,-0.05162389,0.17486724,-0.26728690,-0.04099064,-0.11334138,-0.01505101,0.05500788,-0.34328637,0.41436246,-0.06490380,0.05773089,-0.16305804,-0.25524208,-1.06180573
0.12321965,-0.02757831,-0.02505059,-0.06493619,0.29203439,-0.02491334,0.00845720,-0.07918823,0.09633818,-0.12573771,-0.01912026,-0.03882222,0.02528652,-0.09956378,0.03642298,0.04796475,-0.00517447,0.07087206,0.02637741,-0.01062634,-0.01302713,-0.03824598,-0.04143425,0.06053558,0.01461524,0.00086163,-0.05842111,-0.11878801,0.08347034,0.02411140,0.05111408,-0.03964487,0.12553193,-0.00587836,-0.03967971,-0.07768850,-0.04106261,0.08718754,-0.05268188,0.08905599,0.04802358,-0.00494011,0.02415939,-0.03168540,0.08255222,-0.02007680,-0.12394787,0.04411604,-0.04697521,-0.10961889,0.00078962,-0.00535165,0.10799380,0.06222874,0.05143365,0.13469346,-0.04082825,-0.06239107,0.00673592,-0.05638877,-0.15245175,-0.03514655,-0.04048699,-0.11691579,0.04728662,-0.00084558,-0.03552207,-0.13810986,0.13601398,-0.03901745,-0.08702165,-0.03941176,0.10996399,0.05526641,-0.00985195,-0.12514724,0.09445262,-0.04338464,0.08133984,-0.03510002,0.02317898,-0.20031676,-0.01168060,-0.05980024,0.02793523,-0.01513829,0.05689023,-0.00691342,-0.01665667,0.02836100,0.03491183,0.07015767,-0.02287857,-0.02913996,-0.00977543,-0.05270342,-0.04615826,-0.07300881,-0.03888671,0.19742247
0.00510260,-0.04306041,-0.05201769,-0.13628013,0.15887122,0.09511523,-0.12209009,-0.12411395,0.06095105,-0.07901518,-0.05470625,-0.00189566,0.07456051,-0.05359998,0.08591533,-0.08719008,0.02385479,0.14130947,-0.09459146,-0.01562450,0.13829480,-0.08761307,0.06413063,0.09011246,-0.13505410,-0.01301991,0.13459933,0.00682027,-0.17356738,-0.11768444,0.12247261,-0.06258993,0.00509871,-0.09325239,-0.08318776,0.00028450,-0.03856771,-0.08014404,0.03164246,-0.08027284,-0.11248259,0.15548912,-0.06719584,-0.11366966,0.11953919,-0.11847046,0.03966333,-0.03991109,0.00828246,-0.07076292,0.10285779,-0.01224336,-0.02143013,0.02562660,-0.04743388,-0.00750808,-0.07755135,-0.06712156,0.05258580,0.09035735,-0.02446806,0.00563862,-0.03894655,-0.09387794,-0.16888018,-0.00303793,-0.00109437,-0.04193653,0.06034949,-0.04762081,0.08314677,-0.03096726,-0.02661680,-0.06217429,0.00544401,0.03632910,0.00528263,0.11391746,-0.04081477,0.02593656,0.03093306,0.00941025,-0.06380670,-0.11028030,0.10742633,-0.14764002,0.09951217,0.02599130,-0.00267965,-0.03219451,0.02661523,0.10688074,0.05636511,0.07537115,-0.02927888,-0.04235708,-0.05185401,0.08093146,-0.02950677,0.15787798
0.16760765,-0.03027754,-0.18221317,-0.02188110,0.17316501,-0.08094633,-0.11236155,-0.01845445,0.02462829,-0.16518468,0.13561441,0.06593307,-0.17922032,-0.14090449,0.24857354,-0.04823331,-0.05399330,0.01179262,-0.25864476,-0.21669756,0.15910481,-0.15846598,-0.08586521,-0.26700300,-0.04786656,0.12972131,0.17872189,-0.11428574,0.08756150,0.22679424,0.10412820,-0.08427661,0.20469834,-0.18830654,-0.08024658,0.02351077,0.08856492,0.14711618,-0.04690403,0.01844652,-0.17932805,0.08580916,-0.16666825,-0.07908148,0.30383635,-0.20370969,-0.20986238,-0.12078194,0.08057164,-0.06251274,-0.30257958,0.15608020,0.04749182,0.03302058,0.11107522,0.17919049,0.11061819,0.14173245,-0.02469313,0.11613083,-0.22271049,-0.15247869,-0.14576444,-0.22669965,-0.01739203,-0.00649870,-0.17834787,-0.08863340,-0.15555698,0.10432954,-0.23458816,-0.04881578,0.00243356,0.03822612,-0.08341017,-0.36500528,0.24575225,0.12321372,0.10636804,0.14214849,-0.17804930,0.07913473,-0.12834357,-0.06008430,0.07968301,-0.05136542,0.07739046,0.19942246,-0.13309954,0.02325164,-0.13361116,0.13349584,0.00440904,-0.25632757,0.20161717,-0.06440668,-0.11669964,-0.14496323,-0.13688099,-0.40232220
-0.09200489,-0.04675715,-0.38639593,0.18619977,0.16657589,0.18880485,-0.10869667,0.09412497,0.02500390,-0.13148388,0.13772678,0.22678730,-0.26477563,-0.15833841,0.24970405,-0.11428583,0.09545787,-0.10910193,-0.32803479,-0.26481667,-0.03835458,-0.01051017,-0.14270131,-0.28715998,-0.16902609,0.34595451,-0.03393154,-0.24402297,-0.10568006,0.26216340,0.04209809,0.10818134,0.11839519,-0.15777194,-0.12016116,-0.03603947,0.27060950,-0.11023905,-0.33175758,-0.08130108,-0.20911548,0.19450666,-0.15210456,-0.25469851,0.26559344,-0.16976567,-0.11021195,-0.28770620,-0.01297481,-0.14587645,-0.13416505,0.27773544,0.12936118,0.04689016,-0.02028432,-0.17111371,0.15823340,0.00378535,-0.04650951,0.15087058,-0.29132682,0.06522129,-0.16797309,-0.28270572,-0.01274430,-0.13057244,-0.09941506,0.08220867,0.20701386,0.13279429,-0.17828327,-0.07615373,0.00716619,-0.21388721,-0.12621881,-0.03239128,0.20860288,0.05404070,0.21466276,0.01525775,-0.18975681,0.08682387,-0.01753723,-0.22799121,-0.04263655,-0.13087262,0.17776346,0.24144521,-0.32555550,-0.00946657,-0.28884006,0.02144482,0.02590497,-0.35422179,0.20731165,-0.16469677,0.03987125,-0.15056957,0.06266435,-0.43496972
0.02878752,-0.07805306,0.04097025,-0.05308429,0.20983928,0.08771849,-0.15246007,0.00888125,-0.07764561,-0.02728525,0.01475168,-0.16364186,-0.08723974,-0.12533382,0.05970930,-0.06981849,0.01157452,0.00856210,-0.02779029,-0.04455934,-0.01739621,0.00807002,-0.14621009,-0.04203065,-0.14019035,0.05243605,0.01279440,-0.09490775,-0.09392419,0.02548044,-0.01756080,-0.01832577,0.01368392,-0.05753032,-0.14371869,0.06027649,0.12658474,0.04882357,-0.13201854,0.15163149,-0.12570904,0.18347038,-0.13124162,-0.10639568,0.08859017,-0.04372657,-0.03786891,-0.04433201,0.02943054,-0.06484961,-0.19048268,0.07370354,0.03094952,0.08814442,0.05338202,0.15858713,-0.00550038,0.09091774,-0.12798831,0.02394991,-0.01841401,-0.07385194,-0.18864585,-0.02182967,0.16262306,0.17350736,-0.11797750,-0.00583504,0.12254728,0.02557301,-0.09083360,-0.04351000,0.00753893,-0.03832182,0.14731367,-0.15855148,0.01793929,-0.07997709,0.07510062,-0.03301980,-0.03896977,0.04121153,-0.10366987,-0.04081668,0.14698294,-0.14651445,0.24557890,0.03312271,-0.10322823,0.11005250,-0.11969211,0.09194108,-0.01304515,-0.02255355,0.08237636,-0.21516649,-0.11127651,-0.12067270,0.00317702,-0.14937124
-0.07814986,-0.04901878,0.08571643,0.20467107,0.10414703,0.45531881,-0.04162545,-0.00842593,0.26236999,0.27252716,-0.13648689,-0.00340065,0.47869140,-0.07406294,-0.08608579,0.15888180,0.19778685,-0.10886756,0.11034235,0.16684981,0.13551711,0.09571378,-0.01481457,0.29722193,0.08460692,-0.33309796,-0.02253252,0.01635361,-0.16907127,-0.33629769,-0.01205662,0.09014265,-0.41643253,0.22201535,0.17678224,0.01076709,-0.00408094,-0.18946108,0.09619088,0.32766768,0.18188977,-0.13952856,0.27538580,0.18566494,-0.25294602,0.20944050,0.12677844,0.09014231,-0.03682989,-0.09301991,0.33601305,-0.18202528,-0.33632222,-0.03987781,0.02085365,-0.41200513,-0.17019226,-0.15948209,0.27458560,-0.22605543,0.15775336,0.17301999,0.18327568,0.13233574,-0.25709027,0.22708662,0.06882301,0.19622995,0.33703709,-0.16634326,0.25538272,-0.01788824,0.10551874,0.09197303,0.26545021,0.39398548,-0.31170073,0.11032492,-0.22937022,0.07408905,-0.01380303,0.07461524,0.10957341,0.13629091,-0.35932466,0.13977467,0.07406278,-0.32104722,0.14126015,-0.24013907,0.23266537,0.01850802,-0.09304286,0.26179892,-0.27470490,0.15225331,0.01169142,0.35890949,0.07623909,0.70431352
