-0.22092515,-0.00271561,-0.01452900,0.09411658,-0.31676182,0.07519639,-0.09570681,0.10805357,0.10703457,0.09164360,-0.06012233,0.18423535,-0.06922532,-0.10948935,0.10336066,-0.16030653,0.22191486,-0.07355883,-0.05928472,-0.13672195,-0.00479930,-0.07382653,0.14975947,-0.09665167,-0.38359115,0.11082780,-0.16292904,-0.16467485,-0.07733823,-0.08106578,0.05346286,0.11439241,-0.19485955,0.06733281,-0.04469004,0.06309130,0.03474431,-0.19405699,-0.16646472,0.07776221,-0.16380890,0.07698712,-0.16845527,-0.00679636,0.06825291,-0.07788941,-0.08050179,-0.03434466,0.01878879,0.00479017,0.00695705,0.02528095,-0.22790906,0.03284870,-0.11818733,0.06178051,-0.05393520,0.01359239,0.02962765,0.05548377,-0.12342437,-0.02533096,0.05342943,-0.03200249,0.07521148,0.18173638,0.22948174,0.21470852,0.01790763,-0.19766228,0.02196095,0.02945048,0.02381549,-0.08432614,0.39049053,0.31165293,-0.11472492,0.02008494,-0.07080719,-0.06108242,-0.14260554,0.37619263,0.07456506,-0.09124533,0.07587849,0.06201720,0.13875777,0.10444446,-0.13471101,0.07804070,0.06505717,0.11290051,0.12607124,0.01741312,-0.08867057,-0.02964930,0.07916798,0.04913520,0.21960174,0.06324857
-0.03412971,-0.15334633,0.01651497,-0.07065080,0.15510334,-0.04903592,0.09134780,0.06941757,-0.19809239,-0.07756864,0.07633826,0.15116861,-0.16115727,0.06511876,0.10623597,0.03218295,-0.00022259,0.00004239,-0.10844886,-0.19754456,-0.02555991,-0.00175436,0.04730025,-0.22669989,-0.11366708,0.22601371,-0.09127185,-0.19305407,-0.11726342,-0.20306155,-0.06454826,-0.11905317,0.09085061,-0.15054013,-0.03596909,0.04589709,-0.05394068,0.05713838,-0.12169089,-0.10209978,-0.00707757,0.00098133,-0.21114977,-0.09897838,0.23610325,-0.07601449,-0.04067877,0.07144408,0.12737359,0.09831812,-0.15570410,0.25978187,0.03433494,0.06488260,0.04936874,-0.05867051,0.06629477,-0.02965130,-0.13489619,0.03729903,-0.20070830,-0.02297313,-0.15464099,-0.16063844,0.11297747,-0.16926917,-0.08919456,-0.12927070,0.14707123,0.12343814,-0.23361634,-0.12572730,0.01459734,-0.14192393,-0.11159363,-0.22525939,0.03861542,-0.03261432,0.04865420,0.02080891,-0.10234348,0.04561616,-0.04240174,-0.12487735,-0.01518669,0.00307903,0.04642931,0.05275453,-0.06642506,0.04962249,-0.06783845,-0.06963263,0.07432465,-0.11813407,0.35897514,-0.16197962,-0.00926596,-0.18576820,-0.01040512,-0.54922056
0.02604083,-0.11453865,0.05102802,-0.11996787,0.16377775,-0.00737672,-0.08088191,0.06645100,0.03292213,-0.32504195,0.05145845,0.11461926,-0.29943484,-0.20460488,0.24877761,-0.02869144,0.05605971,-0.13483635,-0.10112356,-0.27835125,-0.22079352,-0.01213243,-0.18724121,-0.34014192,-0.22307917,0.21306834,0.05602377,-0.18298721,-0.14933391,0.26153037,0.05000699,0.13585456,0.06960887,-0.25848347,-0.08005014,0.12720247,0.12409265,-0.15405115,-0.22284707,-0.06891489,-0.13370831,0.25222293,-0.30262771,-0.16043100,0.32406884,-0.16020682,-0.24321595,-0.11118007,0.03231067,-0.00999943,-0.19661504,0.27939481,0.08378604,0.20563939,-0.09048197,-0.26605290,0.14343359,0.00349008,-0.17144793,0.13450074,-0.26161161,-0.09296346,-0.17272200,-0.25555369,0.08161829,0.10082588,-0.17366661,0.13985500,-0.14195420,0.14724541,-0.28764582,-0.02965936,0.01656536,-0.24966224,0.11745428,-0.11185866,0.21919523,0.03435434,0.13117574,-0.02956959,-0.16788514,0.17073730,-0.04114323,-0.14385857,-0.06582990,-0.17906980,0.17245217,0.22529890,-0.13699645,0.06362449,-0.28190657,0.05748339,0.05781642,-0.21745524,0.18045519,-0.08079056,0.01165133,-0.15748332,0.47618291,-0.74530256
-0.01520533,-0.02672854,-0.10963493,0.00038827,0.10055217,0.28071576,-0.04135051,0.21511233,-0.01075530,0.01865283,-0.20990087,0.30259374,0.21553451,-0.05974334,0.05169798,0.12902467,0.28036216,-0.16385587,-0.08107068,0.04800541,-0.11138847,0.11975839,0.04209682,0.08328976,-0.05852691,-0.16934930,-0.01725184,-0.18025148,-0.08493318,0.00245850,-0.01527460,-0.01945237,-0.33986732,0.04914748,0.02126026,0.03163316,-0.04935168,-0.29807749,0.00492678,0.05546925,-0.03399416,0.05085721,-0.00586359,0.13110350,-0.11937779,0.20719182,0.14798953,0.03926186,-0.06777858,0.11151690,0.16175191,-0.02442616,-0.32116732,-0.12386798,-0.06324236,-0.33174238,-0.01244791,-0.06580288,0.16665018,-0.15477528,0.11990591,0.28794363,0.10088399,0.01372834,-0.23779246,-0.02702062,0.26469767,0.50951058,-0.06199598,-0.27865863,0.18777619,0.16805238,0.01414388,-0.01425660,0.16051395,0.32846713,-0.12585348,-0.05404210,-0.17511298,-0.02523369,0.00463882,0.44486579,0.02225362,0.00462793,-0.18164660,-0.01451710,-0.10253877,-0.06153704,0.06284596,-0.17357747,0.15695728,0.44409198,0.06523572,0.13143347,-0.20848531,0.20086643,0.21170123,0.07390789,0.23980162,0.16679263
0.01604204,-0.02782139,-0.08099529,0.08601209,0.13355951,0.07401404,0.02254331,-0.07009774,0.18854971,-0.05495195,0.15013838,0.05963981,-0.04776520,-0.05300947,0.14989473,-0.11433041,-0.07068282,0.02545776,0.01868445,-0.18477188,0.19788079,-0.09083295,-0.08674932,-0.17658579,-0.16681929,0.17020665,0.09408405,-0.09436637,0.06006053,0.18309964,0.10066126,-0.02096874,-0.02398801,-0.06778448,-0.08969790,0.07004777,0.18871433,-0.13971931,-0.11079203,0.12673143,-0.13749506,0.00050116,-0.13280502,-0.05469140,0.09109436,-0.11502101,-0.09719348,-0.08937369,0.08920555,-0.10007896,-0.09328984,0.07450150,0.12072776,0.00042686,0.09582646,0.06139579,0.06161195,0.11517426,-0.00959091,0.16070817,-0.09993665,-0.14086048,-0.07463720,-0.01943965,-0.11644147,-0.01626963,-0.02649158,-0.15004653,0.10361055,0.14364092,-0.03282649,-0.10799597,0.01348769,0.02229782,0.07357640,-0.17244042,0.00064924,-0.02539984,0.08560565,0.07273995,-0.13630125,0.07360796,-0.16011034,-0.06595572,0.10812791,-0.10012145,0.09252583,0.08852693,-0.05339452,-0.00899603,-0.18316543,0.02037882,0.04272323,-0.09912027,0.06944484,-0.06087419,0.01300635,-0.15833773,-0.05424581,-0.09076438
0.07122860,-0.04055179,-0.11734273,0.08986082,0.19341201,-0.10411618,-0.11000288,-0.15008153,-0.21604665,-0.19364041,0.15419361,0.08262024,-0.13808623,-0.15784769,0.08299462,-0.13082223,0.04795032,-0.07824466,-0.09386200,-0.21809281,-0.03066654,-0.06075204,-0.03814649,-0.07173892,-0.13883460,0.29215124,-0.02884374,-0.04574072,0.01173395,0.06487174,0.14379027,-0.06807163,0.20174994,-0.22337586,-0.04101360,0.00265367,0.04562115,0.04628756,-0.09842935,-0.14494313,-0.15485620,0.09588843,-0.19765122,-0.15369236,0.15656801,-0.06339873,-0.12468710,-0.05264004,0.07189664,-0.09156826,-0.24960646,0.20630309,0.08100384,0.18949974,-0.01659476,0.22917956,-0.02831350,-0.03579303,-0.21168980,0.12367062,-0.16450097,0.00033862,-0.11798208,-0.21231335,0.01859995,-0.05774010,-0.02074592,-0.02138588,-0.14812581,0.14373565,-0.11792154,-0.00439126,0.10194381,-0.00646005,-0.01472198,-0.11752753,0.13729641,-0.00909838,0.05855604,-0.03286513,-0.11369392,0.01804655,-0.13560864,-0.14954147,-0.00172164,-0.11750993,0.13368432,0.15525971,-0.14891137,0.16664506,-0.20197794,0.14600658,-0.07644427,-0.20607425,0.17116086,-0.09637324,-0.12255295,-0.13409540,0.19375040,-0.59567052
-0.10861611,0.04904874,-0.13835399,-0.06049935,0.11311238,-0.01739981,-0.09830035,-0.13817793,-0.26610243,-0.10893853,0.12539323,0.02705045,-0.06806467,-0.13825342,0.12171243,0.05562025,-0.09292911,-0.08836970,-0.08716346,-0.16505259,0.03548134,0.07434806,0.11746084,0.01727530,-0.06636156,0.16021934,0.14643957,0.00469347,-0.09599249,-0.17343470,0.10294057,-0.05270120,0.09476032,-0.07740171,-0.04139956,0.01182609,-0.01075056,0.12108926,0.00840786,0.16061744,-0.09493882,0.06049607,-0.01284462,-0.15307976,0.10513623,-0.15015990,-0.15226848,-0.13536485,0.09790600,-0.09882071,-0.15137532,0.01214178,0.14038067,0.12610908,-0.04966542,0.23972876,-0.10967792,-0.02200123,-0.17283508,0.10312741,-0.18842527,0.11265022,-0.06649546,-0.08344682,-0.03635543,0.10353024,0.01804985,-0.04010246,-0.13497882,-0.09359282,-0.12172545,-0.08984728,-0.03912440,0.17701072,-0.06793587,0.02659635,0.16222684,0.02512850,0.09704891,-0.01745523,-0.02980358,-0.14663838,-0.13683353,0.01102613,-0.05116982,0.11195832,0.20818289,0.06165645,-0.13863067,0.03023333,-0.04852157,-0.14708591,-0.02502196,-0.09539475,-0.08604016,-0.14151548,0.01131064,-0.17575037,-0.11692173,-0.24985121
-0.01938311,0.05883112,-0.03885958,0.00412613,0.12941054,-0.06894639,-0.12588069,0.06246478,-0.08179085,-0.02654363,0.14963792,-0.06300392,-0.21211995,-0.09600563,0.20474581,-0.16568302,0.02947719,0.12316201,-0.05482989,-0.12915197,0.16449057,0.07197859,-0.04391646,-0.18755078,-0.24216059,0.03743188,-0.01975679,-0.18673703,-0.06270830,0.08022317,0.03587319,-0.05196474,0.19609852,-0.18419535,-0.10169112,0.13036746,0.11619648,0.07661090,-0.14782992,0.03903283,-0.04731079,0.18422540,-0.01955698,-0.10694996,0.13739517,-0.23625074,-0.11352941,-0.16797639,0.07117561,-0.11943643,-0.23455283,0.05459033,0.13323863,-0.03338560,0.02004573,0.01745313,-0.07529923,0.06057301,-0.17479277,0.12483134,-0.18074952,0.01994700,-0.01043328,-0.07546329,0.08865023,0.07385527,0.02118382,-0.15349849,0.01885640,0.05701503,-0.21287167,-0.05148310,0.06621039,0.05933007,-0.01287589,-0.11196746,0.20490777,0.07799238,0.05276718,0.03792987,-0.10713744,-0.09072230,0.06003035,-0.16864355,-0.01043416,-0.06115805,0.32457486,0.17728201,-0.08727549,0.02225968,-0.08905951,0.01951598,0.00929860,-0.17067967,0.16451906,0.00481355,0.03693069,-0.07585408,0.12396120,-0.05683693
0.05270570,-0.03623600,0.00390437,-0.05209203,0.26871097,0.11834215,-0.05172706,-0.01466979,0.03591854,-0.01906253,0.02424261,0.30105406,-0.17733093,-0.02864529,-0.01811719,0.05672180,-0.05251671,-0.01468779,-0.10043284,-0.09696358,0.05311815,-0.10219297,-0.07985399,-0.12872154,0.05725402,0.00987272,-0.05375608,-0.05364222,0.00182384,0.09951272,0.01868756,-0.02088348,0.01864242,-0.04140287,0.05670005,0.00352532,-0.02649268,-0.07768152,-0.06774247,0.04126299,-0.10197290,-0.10127857,-0.05529800,-0.05585939,0.14046279,-0.02477528,-0.09593426,-0.05888288,0.02330664,-0.02802633,-0.13296628,0.09692658,0.03450982,0.03673549,-0.06880139,-0.15007907,0.04826376,0.09940308,-0.02764085,0.04340531,-0.05541549,-0.04826865,-0.04708080,-0.03527178,0.06492041,-0.24208887,0.07118749,0.02693188,0.04640409,0.03342052,-0.05951173,0.00785332,0.01413756,0.04057598,-0.17217663,-0.08925292,0.05133940,-0.09141242,0.14058925,0.09783620,0.02279095,0.22587138,0.00049947,-0.10420281,-0.01021268,-0.02768604,-0.00366877,0.01430310,-0.09399185,0.06318871,0.03367814,-0.06519604,0.04729305,-0.03741517,0.02185084,-0.08458820,0.18567027,-0.01781718,-0.09026116,-0.14725304
-0.06229150,0.05974192,0.02547651,-0.04091655,0.18548274,0.11450651,-0.06427992,-0.08843426,-0.06640891,-0.25753656,0.02946142,-0.05511466,-0.15093513,-0.15836038,0.20460986,-0.22355162,-0.05343449,-0.00129174,-0.08426475,-0.07840259,0.07671374,0.04416372,-0.16926430,-0.19727585,-0.10952322,0.16861992,0.01917321,-0.10182500,0.04553483,0.24487589,0.07640610,0.09318228,0.04951317,-0.15213427,-0.09834408,-0.02889274,0.11688578,0.01096399,-0.05636245,0.12181152,-0.03239367,-0.03092833,-0.21107458,-0.05352732,0.23030084,0.01874824,-0.23485515,-0.14570621,-0.05148507,-0.03670468,-0.28167748,0.20535287,0.04519081,0.02480816,0.05487234,0.13274701,0.09847528,0.05579584,-0.12094176,0.18813333,-0.07878668,-0.25262943,-0.04549281,-0.12018580,-0.00179787,-0.04346205,-0.14445433,-0.05149527,-0.00702995,0.03982122,-0.10102276,0.02921801,-0.07851627,-0.12837529,-0.03453527,-0.23639740,0.05665068,-0.05432612,0.13415086,-0.04230328,-0.02872027,-0.20302601,-0.14872783,-0.12332266,0.11441115,-0.07085331,0.06717293,0.16823001,-0.07461779,0.11078851,-0.11963342,-0.03318620,-0.07346613,-0.20267661,0.20459589,-0.12719873,-0.01056924,-0.11195827,-0.34191173,-0.24485484
0.04719662,0.02470339,0.13307801,-0.02122884,0.28916806,-0.11928886,-0.06471282,0.14262705,-0.30770192,-0.14303835,-0.03853830,0.04652132,-0.23017347,0.04998459,-0.05348025,-0.06644868,0.19729359,0.01892605,-0.02168692,-0.05777656,-0.21615052,0.13265771,0.04126455,-0.15607142,-0.04602202,0.07265373,0.03731411,0.02362123,-0.01794724,-0.02044708,0.00753861,-0.16649735,0.07397169,-0.08678126,-0.02714088,0.04892298,0.14223175,0.04720603,-0.03115222,0.05352025,-0.06075152,0.02768051,-0.06053799,0.00488330,0.09382621,-0.07013040,0.04249659,0.04239791,0.06319162,0.02562974,0.00867557,-0.00795350,-0.05353129,0.05767996,-0.00836622,0.03630927,-0.05378281,0.10957303,-0.31252006,0.08708578,-0.06969000,0.03057112,0.06318119,0.02919396,0.04755467,-0.07151582,0.03039090,0.04098559,-0.05713573,-0.00860595,-0.00832330,0.08478557,-0.09637657,-0.13436538,-0.27474236,-0.13826224,0.13765736,-0.09603740,0.00904123,-0.03889099,0.06721126,-0.01486071,-0.01785729,-0.06319223,0.07267860,-0.12851404,0.14478214,0.03207393,-0.07245573,-0.01516549,-0.16157292,-0.07472324,0.02634219,-0.14999634,0.06752896,-0.04632953,0.22538315,-0.02089788,0.07609960,-0.39579421
0.10996362,-0.06909473,-0.13821138,-0.03286359,0.10406751,0.13630620,-0.06534317,-0.01440435,0.06416387,-0.20549797,0.08763975,0.18883750,-0.00327040,-0.19146174,0.18031974,0.02436425,0.08187930,-0.09758335,-0.19560446,-0.14704822,0.03546138,-0.10447927,-0.25097689,-0.08800370,-0.38320306,0.27136278,0.16268091,-0.12566759,-0.03621154,0.23635995,-0.00703589,0.16973414,0.02506156,-0.13945055,-0.05034446,0.03210289,0.25891429,0.04721076,-0.26848343,0.07367509,-0.25339383,0.15555009,-0.16030437,-0.19847749,0.17558518,-0.20918551,-0.29159820,-0.06608563,0.09492739,-0.11264382,-0.25852609,0.17985012,-0.00580683,0.15429184,-0.07350818,0.01232677,0.04905386,-0.02001959,0.07234666,0.26144770,-0.26600146,-0.12513456,-0.02322588,-0.24567376,-0.04346038,0.01471167,-0.14811790,0.00280937,0.00426640,0.00282680,-0.35016012,-0.15276018,-0.04458975,-0.17373563,0.24456798,-0.03565542,0.22798273,0.12638208,0.20921594,0.12302820,-0.22033902,0.14948033,-0.09250564,-0.08869733,-0.02022734,-0.23894876,0.01768364,0.16870531,-0.18685961,0.04768263,-0.14704423,0.02586040,0.05845275,-0.24757722,0.25784171,-0.06241981,0.00596333,-0.10662350,-0.16563797,-0.43985474
-0.09055267,-0.20519330,-0.23669945,-0.21310845,0.18009710,-0.03610263,-0.00291263,-0.07389776,-0.09601656,-0.38572440,0.08607957,0.04471043,-0.15080681,-0.07893066,0.15580861,-0.09637189,-0.09956232,-0.02010451,-0.21267517,-0.17742036,-0.06900912,-0.04580834,0.04339066,-0.33198059,-0.34483808,0.42060956,0.05273404,-0.19410437,0.01526033,0.10200883,0.19432697,-0.01185931,0.16274127,-0.39042711,-0.08729962,0.09019285,0.17863300,0.21652091,-0.24887715,-0.14215767,-0.25231427,0.16167322,-0.25680554,-0.30459571,0.24800704,-0.20500089,-0.17615663,-0.10438177,0.05088935,-0.00261239,-0.55853510,0.51940429,0.19320275,0.14535804,-0.11207171,0.11699683,0.06626719,0.07142073,-0.12155601,0.30635056,-0.43773362,-0.08724528,-0.09588754,-0.31748849,-0.09361744,-0.02953496,-0.04598060,-0.20914856,0.08726602,0.10985985,-0.55791873,-0.22745954,0.08698548,-0.10688112,-0.10243113,-0.33909628,0.31202182,0.00483084,0.28272086,0.07048835,-0.07984504,-0.11043382,0.08394150,-0.27819943,0.07480046,-0.15392828,0.14608735,0.25277084,-0.28831956,0.00851963,-0.22868328,0.11360987,0.07845458,-0.62788498,0.59587735,-0.24148469,-0.17821698,-0.51146781,-0.20214571,-0.86255431
0.14549913,0.06287482,-0.10939787,-0.07218082,0.13585225,0.09473981,0.04680706,-0.07973560,0.17945677,-0.03923350,0.02724430,-0.04578624,-0.05786937,-0.01192707,-0.01524049,0.03171466,0.09033810,0.01996854,0.04391361,-0.00611181,-0.06507932,-0.05080272,-0.07720990,-0.03574577,0.01249370,0.09830827,0.00431554,-0.13673344,-0.10180580,0.11817069,-0.03131378,-0.05377205,-0.04568518,0.01817161,-0.02110493,0.03874660,0.06063348,-0.14866330,-0.07099414,0.19546525,0.02745652,0.03945208,-0.11632007,0.03669126,0.10896970,-0.03210739,0.00964115,-0.04285308,0.09134617,0.02090783,0.00588716,0.03566541,-0.07563430,-0.10885606,0.10122857,-0.16795969,-0.06439609,-0.05641463,0.00892317,0.05752277,-0.08664174,-0.14051326,-0.01008688,-0.01469814,-0.09924945,-0.27063137,-0.04401281,-0.06938987,-0.00603652,0.05480869,-0.11102089,0.04303053,-0.04845698,0.02393643,-0.07982252,-0.01588612,0.08020557,-0.07604363,0.06539411,0.13467847,-0.03063072,0.08799984,-0.07377594,0.01575397,-0.01250785,-0.04956996,-0.03747505,0.08957926,0.01084992,-0.08693749,-0.14609614,0.02896980,0.03210662,-0.09960143,0.12431686,-0.19685067,0.09507283,-0.10828631,-0.19148882,-0.04295746
0.06261704,0.00533737,0.05326879,0.04980060,0.20887712,-0.00050040,-0.04565888,0.07303536,-0.08427927,-0.08148807,-0.06145827,-0.04176428,-0.07973380,-0.10075190,-0.03117838,-0.11526436,0.05404167,0.07513370,-0.08545459,-0.03930768,-0.10989116,-0.02967946,-0.03449636,-0.08615755,-0.11795993,0.11283496,-0.02334229,-0.09784897,-0.17801015,-0.09562334,0.11596835,-0.08030508,-0.03898326,-0.02432310,0.05023463,0.10481736,0.12232847,-0.07732002,0.01503140,-0.17520152,0.04438454,-0.04718744,-0.08685517,-0.09349254,0.09943553,-0.10059394,-0.09856042,0.01863422,0.04280277,-0.05051724,-0.06113822,0.10225258,0.02728050,0.00529530,-0.04955214,-0.03341941,0.02247216,-0.04361612,-0.05072944,0.14386912,-0.02243168,-0.00678082,-0.13656437,-0.03394221,0.12243415,0.00605573,0.01388374,-0.00610043,0.11482378,-0.01447606,0.01573041,0.01525510,0.08970569,-0.02949198,0.05226206,-0.07533544,-0.02253568,-0.07936535,0.05247982,-0.01960031,-0.04034565,0.03531364,-0.05002461,-0.03683716,0.01328999,-0.00271975,0.06500725,0.04845243,0.01838676,0.03906517,-0.13692795,0.04328445,0.08664243,-0.09415453,0.04098285,-0.18647601,0.08499282,-0.11429524,-0.01292957,0.14304107
0.08143184,0.05313664,0.26882464,-0.09913924,0.36763933,0.03636467,-0.10479076,0.09407627,-0.24909326,-0.14906019,-0.00372420,-0.19053516,-0.31607348,-0.04521788,0.13466768,-0.03972100,0.17960048,-0.22437657,-0.00745171,-0.14052153,-0.39751977,-0.04690248,-0.05442342,-0.45254520,0.00334797,0.10009042,0.03057308,-0.26441389,-0.02980078,0.06786545,0.00623803,-0.21093971,0.09905412,-0.12815134,-0.08696298,0.00396148,-0.01896670,-0.22562110,-0.15552765,-0.13347535,-0.04921790,0.13444906,-0.13229211,-0.07784840,0.18670884,-0.06183589,-0.00649108,-0.07942513,-0.04421156,-0.13224174,-0.19739820,0.22165887,-0.02472676,-0.04036950,0.02325156,-0.21098046,-0.18027718,0.08974045,-0.22268340,0.02173249,-0.16452627,-0.10754418,-0.08338648,-0.10411984,0.42480922,0.06042768,-0.19052635,0.02082867,-0.05462459,-0.05513862,-0.06191421,-0.02857704,-0.01616520,-0.23303930,0.09653194,0.12515594,0.03946789,0.11036907,0.20071770,-0.01824403,-0.09259214,0.29672483,-0.02543760,-0.10462668,-0.20927863,-0.14040242,0.29462421,0.12483692,-0.03281436,-0.04685794,-0.22643103,0.20440346,0.04442411,-0.23882946,0.22688952,-0.01210993,0.15672533,-0.17943472,0.40686643,-0.47030541
0.17320114,0.00101461,-0.10688629,-0.08838937,0.06686257,-0.06412891,-0.05834211,0.03854719,-0.12466168,-0.24694569,0.07967173,0.05626078,-0.23062509,-0.16919594,0.05472094,-0.03111654,-0.06997419,-0.08858630,-0.10858977,-0.15057741,0.06022927,-0.11794022,0.03424061,-0.20750165,-0.16883202,0.33048749,-0.02822616,-0.14057049,-0.11580074,0.09272527,0.14689274,-0.05759455,0.07356001,-0.12562890,-0.14710774,0.06217226,0.05815365,-0.00462059,-0.20780163,-0.11642979,0.02404837,0.16666609,-0.12478168,-0.16753422,0.12227082,-0.21585274,-0.13196392,-0.06298017,-0.04884129,-0.09152858,-0.28924629,0.34381372,0.14249673,0.16835018,-0.07857936,0.18284747,0.05380629,0.11655685,0.01187117,0.13640910,-0.15996920,-0.00134262,-0.16082458,-0.09354816,-0.11536007,-0.02054111,-0.05865726,0.07121514,-0.10621592,0.09938106,-0.22982295,-0.10765789,0.06950875,-0.01971553,0.04322366,-0.26619741,0.09080488,0.01748576,0.01084887,-0.08164008,-0.12415940,0.07239734,-0.10459278,-0.07614691,-0.03821033,-0.17444731,-0.03164877,0.11654340,-0.10407668,0.01633471,-0.16554011,-0.02050636,-0.08931731,-0.16808604,0.36253467,-0.10490221,-0.09875821,-0.20629828,0.11327370,-1.14574003
0.04720179,-0.06365058,-0.17403720,0.10822023,0.12982087,0.25036347,-0.07259551,-0.18398552,0.15777832,-0.29936326,0.10912804,0.29066250,-0.07382911,-0.11001477,0.10124958,-0.10995089,-0.15361336,-0.01538363,-0.23948576,-0.19266810,0.12074702,-0.27777728,-0.00698424,-0.12878631,-0.34715027,0.35497534,0.06374931,-0.22466767,-0.20948747,-0.21935478,0.10559888,0.10805238,0.13260666,-0.03619331,-0.06481382,0.05678440,0.17600124,0.02114389,-0.30273819,-0.08043753,-0.06662356,0.20522833,-0.32249740,-0.22225441,0.10560276,-0.15923461,-0.00090262,-0.26080576,0.12394322,-0.00525410,-0.27850425,0.29970115,-0.00278907,0.24464910,0.06469484,0.04899822,-0.04064755,-0.01261351,-0.21730447,0.22268876,-0.26738465,-0.10358974,0.00007555,-0.15434152,-0.28253955,0.07623015,0.09057704,-0.01821959,0.27229705,0.03080653,-0.24058448,-0.23401186,0.17096624,-0.19878979,0.24595430,0.01112538,0.11276787,0.00860466,0.29618070,-0.01974309,-0.11420017,0.11335120,0.06187156,-0.10568641,-0.00570519,-0.17871560,0.20366040,0.30768609,-0.24980675,-0.06855805,-0.04238679,0.25516164,0.07739849,-0.31578445,0.16202335,-0.11648009,-0.31221867,-0.33224252,0.00370088,-1.06169450
-0.06985358,0.08922789,0.08838178,0.02892599,0.09463371,0.15869355,-0.12953809,-0.07813964,0.06708243,0.00239997,-0.06716308,-0.11909403,-0.00234637,-0.10783897,0.04892559,-0.17967442,0.05247654,0.03989326,-0.06950992,-0.07848531,0.01306266,-0.10145979,-0.08319283,-0.02395338,-0.16123362,-0.01935721,-0.01141082,-0.15052384,-0.03757794,0.02502693,0.06598826,0.08271830,0.13635047,-0.16066705,-0.00947931,-0.02765977,0.10936247,-0.22804278,-0.12052500,0.08066696,-0.04465329,0.14796419,-0.15025011,-0.12549171,0.06298792,-0.01601431,-0.02808719,-0.08483972,0.10575964,0.08285037,-0.09150874,0.03040883,0.10877236,0.10326202,-0.02471809,-0.07488799,0.08452773,0.08951220,0.02239479,-0.02750110,-0.01208311,0.01393222,0.01374284,-0.09515835,0.22421981,0.08875591,0.05312643,0.01714828,0.05851768,0.07229143,-0.12664603,-0.10549570,-0.07917713,-0.00486463,0.13128816,-0.04470529,-0.00544673,-0.02687054,0.01183447,0.07770957,-0.07925154,0.00545134,0.04825671,-0.14531723,-0.00490472,-0.04863294,0.19665541,0.06735549,-0.03172242,0.04505759,-0.17343675,0.05352230,0.11661574,-0.14018041,0.14977436,-0.19506772,0.04543716,-0.10557172,0.05105093,0.05875875
-0.01973846,-0.00039798,-0.11966988,-0.04449868,0.41787663,0.25009993,0.00149127,0.08052771,-0.03514526,-0.09102475,-0.05857069,0.03135241,-0.00973303,0.18259835,-0.11628376,0.01677939,0.33591995,0.01496046,0.05707045,0.03315227,-0.11096105,-0.04226579,-0.06700822,-0.15456896,-0.07309844,0.10800913,-0.00923779,-0.02036225,-0.07844308,0.15591981,-0.21800464,-0.18561943,0.06303416,-0.08528085,0.07197316,-0.00046239,0.03895455,-0.04969229,0.03323464,0.10345784,0.11314449,-0.03198631,-0.03217474,0.05826638,-0.02960520,0.01290862,0.06543723,-0.04655083,0.09826989,0.08280813,-0.01433917,0.03801776,-0.14504117,-0.08835003,-0.02132479,-0.16618319,-0.15283225,-0.08031575,-0.09024484,-0.00389047,-0.06853775,-0.05379012,-0.09510644,0.06946954,-0.02827542,-0.44180340,-0.05920222,0.02873799,0.11416753,-0.04405409,0.03217514,0.10020863,-0.19664896,0.02233841,-0.34301564,0.08280716,-0.03483418,-0.11907414,-0.06956589,0.04497458,0.13272938,0.10652801,-0.08778882,0.07001251,0.01979378,0.09486616,-0.11949120,-0.03236395,-0.02879880,0.05298227,0.07207558,0.09034254,0.15382281,-0.06125060,0.02769164,0.06643383,0.06968753,0.01702408,-0.01140461,0.03131282
0.05561164,0.06511188,0.07799564,0.02367240,0.17003179,0.04319700,0.03277454,0.04878824,-0.04651206,-0.09801036,-0.06864820,-0.06551695,-0.09902502,0.03456407,0.00764814,-0.09426114,0.07831483,-0.02983171,-0.04004176,-0.01041573,-0.02044312,-0.09311117,-0.09462805,-0.04266278,-0.09652987,0.04645912,0.09481634,0.02106641,-0.07207850,-0.08668600,0.15393555,0.11413921,0.09930460,0.06463755,0.07510968,0.01922019,-0.03339193,0.01604320,0.05554590,0.14553404,-0.02715514,0.12568589,-0.05740537,-0.08686465,0.02624685,-0.07048351,-0.05812020,-0.03869635,0.11748832,0.06946900,-0.09450481,-0.04889932,-0.06239735,0.09599401,-0.07465465,-0.12692845,-0.10405193,0.00347748,-0.09399981,0.11809337,-0.13371986,0.06127287,-0.01520042,-0.02275962,-0.04697410,0.08962261,-0.03844633,-0.09195700,0.12771206,-0.08319538,0.02093533,0.03865537,-0.03195570,-0.01033378,-0.01546050,0.04413692,-0.01734692,-0.09126475,0.10421100,-0.07529255,0.04917726,0.04888799,-0.07395845,-0.14596665,0.06441399,-0.13393848,0.05791833,0.13363110,-0.06860126,0.03425949,-0.07544016,-0.03311438,-0.04952814,-0.13890770,0.09486145,-0.04323272,0.03361350,-0.12302075,-0.07045769,0.09082053
0.05964025,0.09331921,-0.07744172,0.13559149,0.17047556,-0.06989107,-0.09572811,-0.07399546,-0.14432029,-0.07523187,0.04630432,-0.05179124,-0.12653683,-0.12906113,0.08650049,-0.07789552,0.11406513,0.09520295,-0.06998155,-0.08893622,-0.00412508,-0.05864700,0.02942503,-0.05525209,-0.20035934,0.26772121,0.09670846,-0.11926435,-0.08965992,0.06965482,0.11486033,0.09166586,0.17160258,-0.12536685,-0.17526740,0.01671579,-0.03238283,0.07025744,-0.04791955,0.06760439,-0.12779458,0.01375097,-0.06026233,-0.05666342,0.08757176,-0.15995912,-0.05290116,-0.05222008,0.07520243,-0.00510851,-0.11957096,0.20399965,0.05257939,-0.01667176,-0.05850962,-0.00832084,-0.08643229,-0.03078770,0.01718344,0.08626238,-0.03481779,-0.06246918,-0.03432357,-0.10390940,0.08692390,0.05534496,-0.07096777,-0.00447873,0.01995369,0.14459766,-0.05810751,-0.11935048,0.05515086,-0.08003718,0.10635772,-0.11670803,0.15743947,-0.03401061,0.11666801,0.00966915,-0.06267839,0.04808901,-0.02135923,-0.10450862,-0.05932888,0.01611496,0.00045233,0.01234955,-0.18292774,-0.02440649,-0.03995146,-0.00271538,0.03044703,-0.23708938,0.33597517,-0.04495235,-0.07932445,-0.06515166,0.04517954,-1.11238647
-0.08703680,-0.04440625,0.07936954,0.13262425,0.07422214,0.03850493,0.03918157,0.01440267,-0.12407314,-0.03776877,-0.12128202,-0.05158753,-0.25165725,0.06756906,0.12227607,-0.03658421,0.04363722,-0.02624442,-0.12540105,-0.18522245,-0.05783628,-0.11356138,0.13156062,-0.19289662,-0.01823377,0.16966300,-0.00373546,-0.03010098,-0.21859770,-0.24121882,-0.02763207,-0.18461187,0.18581769,0.00659684,0.02465929,-0.01220633,0.09119307,-0.11740882,-0.16337267,0.20900211,-0.04813893,0.04457807,-0.01213623,-0.02257203,0.19399430,-0.02245852,-0.06644892,0.04101929,0.12231841,0.03468316,-0.05852256,0.16112980,-0.11364062,0.03926758,0.06660010,-0.08701090,-0.04517908,-0.01894278,0.00486455,0.12523349,-0.14590503,-0.12967986,-0.11333018,-0.16235252,0.16320282,-0.26058039,0.09602800,-0.04539811,0.13967519,-0.06431189,-0.13100132,-0.09635615,-0.03030763,-0.07575480,-0.04165712,-0.09029321,0.03710020,-0.19224121,0.10460695,0.05310613,0.07409370,0.06780416,-0.06827038,-0.02245312,0.09581766,0.01570406,0.11071531,0.16006699,-0.08868231,0.02362691,-0.03585609,-0.00144736,0.14172253,-0.13129830,0.09997033,-0.18779637,0.11973115,-0.12835971,-0.13188739,-0.15861151
0.02041776,-0.25646013,0.06696363,-0.30661687,-0.11343079,0.00585880,-0.02601779,-0.09804832,0.07783452,-0.01268329,-0.06273370,0.14983636,-0.01138469,0.08555117,0.10340586,-0.00519431,0.12806250,-0.05674803,-0.14162201,-0.22210971,0.09023240,-0.03581859,-0.04028930,-0.16168262,-0.23444645,0.12860897,-0.08935948,-0.16260155,-0.03411149,-0.19446792,-0.03063422,0.15733369,0.05049847,-0.11013896,-0.09592541,0.00761116,-0.06282258,0.06089511,-0.13630472,0.07518911,-0.02574776,0.07068106,-0.14020395,-0.13438153,0.04769047,-0.10277583,-0.10929745,0.00542009,0.06372327,-0.08470368,-0.19502854,0.25291291,0.08570433,-0.18374719,0.04069704,-0.24940461,-0.06296655,0.06337675,0.17555492,0.15409367,-0.01476309,-0.10747816,-0.03663243,-0.09235951,-0.00887042,0.09013076,0.02513351,-0.02939293,0.38692132,0.02540107,-0.24025562,-0.02965846,-0.05431854,-0.16933592,0.07253084,0.03554357,0.17326146,-0.02290542,0.15002429,0.19865870,-0.07362951,-0.07900048,-0.08293431,-0.01217518,0.09450462,-0.02317277,0.02802431,0.07526383,-0.17855206,-0.05790322,-0.18044373,0.00896869,0.07222109,-0.20330276,0.24584258,-0.00208547,-0.08101501,-0.19304150,-0.14042737,-0.58096957
0.20586799,0.07566246,-0.37350520,-0.17770369,-0.12676725,0.08100644,-0.21425071,-0.29718095,0.18730140,-0.38931385,0.04595235,0.28456932,-0.13118257,-0.15057035,0.19874518,-0.20033294,-0.42121542,0.08420946,-0.20999756,-0.12921770,0.13953826,-0.15987319,0.18811710,-0.09615038,-0.38890421,0.36533394,0.00087775,-0.22807284,-0.01382331,-0.40364987,-0.01274597,-0.09784305,0.18692851,-0.12574153,-0.23551233,0.13646847,-0.06657487,0.04782146,-0.36261153,-0.13863346,-0.18090709,0.09201866,-0.33979836,-0.14433189,0.27111959,0.00385520,-0.21553791,-0.18070419,0.11189688,0.00559024,-0.13198875,0.37346604,0.22133574,0.29725173,0.01589550,0.16070147,0.16393486,-0.05619139,0.08486703,0.19889562,-0.13213347,-0.44816715,-0.15347826,-0.15605465,0.05148514,0.08429315,0.12673958,-0.21304353,0.65613979,0.11130457,-0.29817232,-0.24481736,0.02616910,-0.17671072,-0.02151078,-0.19530010,0.14212394,-0.12233257,0.41506994,0.11200051,0.02472663,0.09077916,0.05522992,-0.09728862,0.00440552,-0.17508736,-0.00486532,0.16221257,-0.15308727,-0.11774764,-0.08815069,0.01908923,0.14451620,-0.39029616,0.24013931,-0.14309031,-0.29292911,-0.21666446,-0.18910401,-0.69597220
0.05511124,0.16764770,0.08546910,0.15712109,0.00094056,0.17864974,-0.13189331,-0.07344369,0.08615944,-0.15874910,0.15249571,0.10634529,-0.15088354,0.00255427,0.08857886,-0.14373808,0.12947907,-0.03459246,-0.08157367,-0.12533155,-0.05940882,0.01689291,-0.19524062,-0.20319486,-0.20987909,0.26927525,0.02396774,-0.13187011,-0.11867876,0.10421371,-0.03080227,0.05085266,0.25685006,-0.07304264,-0.06301261,0.09612048,0.18549171,-0.17452106,-0.14738722,-0.03409811,-0.11741153,0.09252059,-0.13039678,-0.10939664,0.22383729,-0.11206631,-0.13548352,-0.10704109,0.05678286,-0.09744604,-0.31865299,0.24116504,-0.05718378,0.17037520,0.05399005,-0.13127559,-0.03696646,0.02742683,-0.08457334,0.16167940,-0.21070616,-0.15273958,-0.04182900,-0.14677928,-0.12659940,0.00953516,0.01274664,-0.01713671,0.02432382,0.09941195,-0.28465486,-0.14230937,-0.05716511,-0.08029602,-0.01968981,-0.17632684,0.11653695,-0.01737458,0.09551688,0.00452583,-0.13909005,0.01662070,-0.11710708,-0.21441729,-0.01238212,-0.17870031,0.12369035,0.08000248,-0.26272008,-0.02617432,-0.19767624,0.05416594,0.00562800,-0.20606355,0.38443199,-0.03779932,-0.06339777,-0.30830798,-0.07568658,-0.67105472
0.06088087,-0.16120510,-0.18149851,-0.02268585,0.32600504,-0.05323872,0.03504841,0.04232936,-0.09109757,-0.32484820,-0.00063950,-0.10793447,-0.25750181,0.01817413,0.10381439,-0.07141768,0.09120855,-0.03803051,0.06305064,-0.15077446,-0.17391112,0.07838918,-0.04592231,-0.32886204,-0.10470157,0.23879158,0.00489392,-0.00086014,0.04387688,0.23619778,0.04552520,-0.19782175,0.16353151,-0.13383855,-0.13982867,0.06127487,0.00073718,0.04305531,-0.08601291,0.00228438,0.06025653,0.03297210,-0.16498928,-0.20012522,0.19598916,-0.11246296,-0.08792244,-0.08526187,0.10489714,0.13016331,-0.09198362,0.13132815,-0.03427300,0.13809057,-0.11016776,-0.00320098,-0.00369446,-0.08050363,-0.23580348,0.03019316,-0.20860493,-0.08110816,0.04462159,0.06412516,-0.06272899,-0.09258386,-0.14648454,0.14725865,-0.05669324,0.00035623,-0.19139028,-0.05418684,0.05958791,-0.04562853,-0.30151689,-0.32237393,0.16677657,0.11705898,0.13879897,0.01092832,0.06222998,0.15274896,-0.03439996,-0.05990189,0.01452548,-0.18800852,0.02777352,0.16822815,-0.14186443,0.03631147,-0.18106721,0.07234843,0.02414625,-0.21060590,0.26539424,-0.13906480,-0.02031217,-0.15443745,0.23684908,-0.64102769
0.12604901,0.00192611,-0.13533650,-0.02217293,0.14997962,-0.11003836,-0.24502425,-0.07154576,-0.04566163,-0.19979560,0.05597421,-0.06778318,-0.06054112,-0.10787676,0.25581998,-0.14922240,-0.03550839,-0.04713343,-0.21672805,-0.10095368,0.03027357,0.04478410,-0.12310844,-0.23917587,-0.20000525,0.15367380,-0.00527381,-0.12352476,-0.00796982,0.01972149,-0.02174409,-0.10729132,0.21726942,-0.24590909,-0.16668409,0.09673537,0.20342836,0.09288193,-0.21383575,-0.11559338,-0.02149255,0.07626915,-0.15666094,-0.19793399,0.16817418,-0.23797254,-0.21481797,-0.14901505,0.13995971,-0.15961933,-0.28188238,0.20188804,0.19821741,0.00480538,-0.01726348,0.19855811,0.02019984,0.04475037,0.00574825,0.08843357,-0.12457296,-0.19103846,-0.07262771,-0.16389878,0.01132161,0.15610455,-0.10681747,-0.04106829,0.08770639,0.01318522,-0.09142617,-0.21731177,0.19193187,-0.15134878,0.11687604,-0.16467950,0.13006195,-0.04074669,0.07244378,-0.02251110,-0.17589256,-0.04462263,-0.05717883,-0.21319050,0.07255428,-0.13462304,0.02162819,0.19785580,-0.08399193,0.15823875,-0.07274150,0.12073444,-0.05871512,-0.26654750,0.19863524,-0.18388198,-0.08511768,-0.24188027,-0.00986439,-0.26820502
0.13882203,0.03159668,-0.05569459,-0.01372445,0.13953403,0.00407656,-0.03414862,-0.17262003,-0.03319948,-0.06594074,0.13389048,-0.02206653,-0.17191064,0.00331689,0.17577042,-0.05224548,-0.00457865,0.01168794,-0.13242313,-0.24880932,0.11122575,-0.05952729,0.03617248,-0.13249545,-0.14232188,0.07376903,-0.01478275,-0.07178275,-0.15570253,-0.07993940,-0.04061721,0.01603043,0.20383146,-0.07861285,-0.09309213,0.04507608,0.12888627,0.01860750,-0.17566256,-0.02873851,-0.10653232,0.16741021,-0.20694366,-0.09191420,0.15452902,0.00061537,-0.05605227,-0.18393961,0.10962378,0.08044916,-0.11933837,0.15482038,0.12478503,0.31567973,0.00549090,0.11312259,0.10598526,0.05449713,0.06444389,0.08113597,-0.10499003,-0.13425900,-0.19957007,-0.11464567,0.00909396,-0.07763494,-0.06435543,0.01189522,0.19726709,0.09530660,-0.24731578,-0.16815761,-0.00634329,-0.21590038,-0.07205677,-0.22672816,0.16052607,-0.05162431,0.22630291,0.06897896,-0.18118995,0.11507984,-0.03454343,-0.11829758,0.15556277,-0.17729814,-0.00811666,0.07251462,-0.05902843,0.08658015,-0.17305869,0.09207605,0.03236508,-0.13623168,0.23726465,-0.14970727,0.07353999,-0.24446672,-0.06057338,-0.33952415
0.03546368,-0.00382446,-0.09503334,0.11188152,0.31731060,-0.12515299,-0.11601018,0.03534278,-0.08015466,-0.17375091,0.00477452,-0.12867905,-0.03056135,-0.14382467,0.08648539,-0.07576030,-0.03258880,0.12169024,-0.18580881,-0.10033680,0.11890842,0.07851134,-0.12385930,-0.21193030,-0.17326051,0.24287811,-0.01767301,-0.08517966,-0.08028744,0.12220833,0.02241646,-0.00727831,0.11561322,-0.11068197,0.02708921,0.08590016,0.15148810,0.16000639,-0.07514998,-0.06335253,-0.02419946,-0.00278162,-0.05871039,-0.09208442,0.16866584,-0.05343125,-0.27452183,-0.04847986,0.00078962,-0.10102423,-0.25122839,0.30757806,0.24116734,-0.04871286,-0.06315930,0.07921814,-0.04755699,0.07858148,-0.03464046,0.17149402,-0.08702432,-0.15689906,-0.17190434,-0.16610831,0.04398440,-0.03715108,0.04659242,-0.09073242,0.02910453,0.03038901,-0.21450411,0.02820499,-0.00268737,-0.05207724,-0.15292981,-0.18231937,0.21829328,-0.06959499,0.03730565,0.01666269,-0.11070265,-0.21618496,-0.14727142,-0.13743235,0.16549878,-0.16592500,-0.01847195,0.24622783,-0.17410831,0.08684658,-0.22846222,0.08467288,-0.01841944,-0.21806739,0.19990578,-0.19483127,-0.06924485,-0.21225530,0.06249128,-0.46776962
0.03156886,0.11621690,-0.14236042,-0.03827717,0.14065464,-0.00894677,0.06023866,-0.14338651,-0.03244219,-0.04825406,0.22528768,0.14852028,-0.33313778,-0.06964673,0.16522981,-0.16600569,-0.06005590,-0.06049895,-0.04448416,-0.22901967,0.12911417,-0.14763454,-0.03674924,-0.20414190,-0.18813500,0.33496848,-0.06367584,-0.11317246,0.04235077,0.05340134,-0.09569895,0.05718966,0.21950988,-0.12443689,-0.17844427,0.02321800,0.09890392,0.00640625,-0.19607280,0.05891436,-0.05531586,-0.03398336,-0.15729675,-0.12323937,0.12541164,-0.13056101,-0.20254710,-0.23926754,-0.06070320,0.04567635,-0.20817836,0.30974007,0.14640239,0.07759136,-0.04758554,0.34204233,-0.04587204,0.00646259,0.07802620,0.23012352,-0.09430456,-0.26893374,0.00928287,-0.23716468,0.01487322,-0.03257567,0.00392786,0.00379068,0.22831807,0.15460113,-0.24696063,-0.11678442,0.05233111,-0.07316034,0.14357379,-0.16289738,0.11210496,0.09972807,0.13812184,-0.07760619,-0.03706738,-0.11036533,-0.13013284,-0.03986399,0.06986422,-0.14743240,0.06572841,0.11232950,-0.16453843,0.05714006,-0.14972880,0.03745511,-0.03962748,-0.22249499,0.29831019,0.01195771,-0.13409214,-0.15271397,-0.07835057,-0.84999794
-0.06867399,0.01805351,-0.23503822,-0.00148344,0.14707175,0.18624881,-0.15503345,-0.04992655,0.07869481,-0.09905650,0.12056837,-0.00165276,-0.10051052,-0.20517264,0.11572284,-0.05633098,-0.14767127,-0.02341144,-0.13420129,-0.11357171,0.16938867,0.03587518,-0.10148219,-0.02667421,-0.20711511,0.08108073,0.04373656,-0.18455152,0.09597672,0.25572842,0.11025225,0.14479254,0.01738804,-0.05934368,-0.07785834,-0.00798700,0.06531669,0.00465224,-0.10176926,0.01457518,-0.14168987,0.10829405,-0.02255014,-0.17973360,0.16266951,-0.14820294,-0.16502766,-0.00333052,0.13235326,-0.09161409,-0.16938913,0.13154908,-0.02540379,0.16883308,0.07339413,0.10841303,0.04427686,-0.03776402,-0.16035764,0.19524652,-0.16423930,-0.12583070,-0.20338693,-0.04758128,-0.12258644,0.09939844,-0.08395895,0.01712610,0.08103567,0.14851335,-0.04394523,-0.09874881,-0.00409946,-0.02976393,0.09957124,-0.20712113,0.17608634,0.11159956,0.21187544,0.04287743,-0.14246574,0.07668528,-0.11304677,-0.18458577,-0.00159397,-0.10309192,-0.01058006,0.06281876,-0.13295199,-0.07003561,-0.15383740,0.15792707,-0.05518536,-0.03688145,0.15848683,-0.12056612,-0.08779204,-0.10494539,-0.04461710,-0.31480026
-0.16639274,0.05295233,0.24946892,0.07650665,0.00938843,-0.03306237,-0.09983271,0.12155861,-0.08653613,0.06885874,-0.12373538,-0.03752442,-0.07562429,0.03256290,0.02543273,-0.18790330,0.25863960,0.05417401,-0.04051169,-0.16919231,0.00614937,-0.13777035,-0.13326740,-0.12003162,-0.21326239,0.04371838,-0.05991033,-0.22879286,-0.28433022,0.09267148,-0.03874768,-0.09658820,0.09614664,-0.02456388,-0.02964734,0.02716326,-0.17842767,0.05798126,-0.11026901,-0.05093379,-0.08505660,0.05600777,-0.31392750,0.04207760,0.19448449,-0.11092129,-0.21456689,-0.07588515,-0.13639642,0.06084783,-0.17993279,0.14491969,-0.00828031,-0.06982578,-0.04730986,0.02628162,-0.25577015,0.04499850,-0.06144542,0.12547766,-0.16978611,-0.15914281,-0.11040709,-0.11651008,0.30475214,0.18228608,0.13177472,0.05722192,-0.14649804,-0.05405705,-0.12847176,0.07745405,-0.07422767,0.00349436,0.10910010,0.03148748,0.00657258,0.03105151,0.03416782,-0.00733114,-0.11840643,0.44261622,0.04606376,-0.03235966,-0.05674219,0.31013492,0.06498295,0.06863651,-0.14346536,-0.03723948,-0.13948572,-0.02622238,0.13388191,-0.29059550,0.14333676,0.09963350,-0.03063776,-0.14165971,0.34756714,-0.60871553
-0.02203732,-0.09021576,-0.02027373,0.04227344,0.11562534,0.12811516,-0.05240360,0.07960933,-0.09836898,-0.06052081,-0.12220599,0.00180123,-0.14076979,-0.03000549,-0.00300357,-0.00033779,0.05314393,-0.02575092,-0.14098118,-0.12033381,-0.11197944,0.12018684,0.07812979,-0.02007302,-0.08114641,0.07804159,0.09066963,0.01896374,-0.13712607,0.01936821,-0.06155317,-0.10732651,-0.00889189,-0.08021102,-0.09532915,0.07277834,0.07971014,0.06123040,-0.02392516,-0.02886158,-0.08862340,0.01597649,0.04339974,-0.12687832,0.13898499,-0.01609039,-0.07361455,-0.06608701,-0.06151841,0.03973155,-0.04466973,0.04864212,0.10935494,-0.01447713,0.04143584,-0.00089232,-0.02629463,0.07588748,-0.16194543,0.13623835,-0.09425115,-0.13686526,-0.06352855,-0.11341067,-0.07935949,0.06610811,-0.07712214,-0.07528956,0.02676275,0.02866278,0.01609872,0.03398958,-0.03492142,0.02679150,-0.06542603,-0.11363756,0.07219800,-0.03222037,0.03212562,-0.07555855,-0.01263516,0.07641442,0.03281686,-0.00391848,0.08176322,0.02001069,0.16878138,0.03273807,-0.02632657,-0.06516581,-0.13028115,0.05079999,0.00390530,-0.12022731,0.10095214,-0.15901095,0.13281621,-0.02913119,-0.05322928,-0.05483641
0.02091388,0.04548253,-0.04005431,-0.07068790,-0.06644338,0.18123440,0.00760348,-0.15234400,-0.04548742,-0.19836189,0.10430969,-0.19677509,-0.27541131,-0.18321906,0.26814780,-0.09483799,0.06814314,-0.18042515,-0.16110834,-0.25804025,-0.04112520,-0.00138627,-0.05150163,-0.12035539,-0.21297807,0.40551829,0.04501025,-0.32396626,-0.06911304,-0.01020517,0.00964945,0.00235926,0.23711574,-0.29600742,-0.15231584,0.00043396,0.18717505,-0.00354286,-0.42092237,-0.13621838,-0.13033347,0.04643321,-0.31242764,-0.32563740,0.32727087,-0.19137128,-0.28651074,-0.11796232,0.07335047,-0.01740448,-0.40315863,0.34172773,0.09652944,0.04049112,0.05880485,-0.13176376,-0.01841111,0.09334416,-0.13436601,0.29684335,-0.27041921,-0.26372331,-0.19645488,-0.21824947,0.02296708,-0.04685754,-0.14535040,-0.00163678,-0.03741586,0.03858923,-0.48387113,-0.01287565,0.04108688,-0.14128646,0.06044101,-0.27081737,0.20240000,-0.01154367,0.22534496,0.00827334,-0.08220547,-0.03059955,-0.01103324,-0.29482445,-0.02362288,-0.14755201,0.06044352,0.36838472,-0.38576308,-0.08292166,-0.26488492,-0.01092639,0.03419396,-0.39926445,0.53755212,-0.24625021,0.00762004,-0.38777858,-0.01342936,-0.70120418
-0.05833839,0.00197808,-0.02844096,-0.04354688,0.20558624,0.19981749,-0.03464004,0.04531193,0.04055245,0.04837223,-0.07572386,0.13095418,-0.06611130,0.01234208,0.01918693,-0.07140099,-0.01102849,0.14906259,-0.09067891,-0.09811567,-0.01674352,0.06633677,0.00059780,-0.09125723,-0.12225802,0.01837302,0.03054118,-0.07123776,-0.23496027,0.15460417,-0.01892914,-0.04146191,-0.09176033,0.07991628,0.03553262,0.10974099,-0.05833237,0.00512519,-0.04479654,-0.02906407,-0.02940713,-0.09360762,0.00824857,-0.08458052,-0.00921741,-0.06847767,-0.00867406,-0.02342615,0.10881806,-0.03480414,-0.05369807,0.03472007,-0.03868709,0.08502112,-0.03857441,-0.17847577,-0.02512711,0.11364908,0.10906385,0.08694500,-0.02777142,0.00140735,-0.13992284,0.05657432,-0.12245791,-0.25520131,-0.03315471,-0.10811922,0.01527150,-0.10358493,-0.09562095,-0.06301441,-0.11776490,0.00008408,0.00039071,0.03806544,-0.05721214,-0.06902059,0.07840258,0.12624617,-0.05260535,0.14428595,-0.01368834,-0.05163676,0.09182741,0.03618545,0.04755356,-0.03853925,-0.08949848,0.08087198,-0.04187728,-0.04183263,0.17425720,-0.04263899,-0.00699776,-0.11296152,0.06266502,0.00192881,-0.11882313,-0.04110298
-0.00253287,-0.01821483,-0.18284264,-0.07519396,0.11320005,0.02038252,-0.00383787,0.03349704,0.08820794,-0.26177669,0.00344584,0.08823250,-0.26625714,-0.11720715,0.07680473,-0.10352689,-0.00435588,0.04255853,-0.24444856,-0.27565795,-0.07387368,-0.03394017,-0.00794371,-0.16078831,-0.31600308,0.16434461,-0.09366188,-0.19251078,-0.15545519,0.15346560,-0.04960556,-0.04008698,0.06193697,-0.09801543,-0.03739695,0.05910687,0.08295607,-0.11742535,-0.17147808,-0.05077548,-0.20212679,0.17276958,-0.32265070,-0.09151711,0.25623909,-0.02237491,-0.20493074,-0.16691279,0.02543829,-0.01584751,-0.24182640,0.29808101,0.09329337,-0.01460816,-0.05581021,0.08823001,0.01038225,-0.00291570,-0.19120157,0.10058637,-0.22429609,-0.21610960,-0.09347286,-0.15778676,0.05315086,-0.03002561,-0.22925405,0.07198054,0.05815395,0.03842721,-0.14125946,-0.04553692,0.01900408,-0.17229356,0.00648924,-0.24201936,0.05162911,0.03359365,0.13353583,0.16335149,-0.02506443,0.02983474,-0.04179961,-0.04112719,-0.04721992,0.01556731,0.04634865,0.27531016,-0.23199762,0.08305334,-0.19492790,0.12229117,0.05493522,-0.29098088,0.28013375,-0.23047495,0.10553049,-0.27582765,0.08725378,-0.36366296
-0.08307776,0.07713705,0.09215357,-0.05478635,0.16386314,0.15904059,-0.09781872,-0.00392297,-0.03373464,-0.06983490,0.05228857,-0.13304019,-0.09344175,-0.02402316,-0.01182712,-0.04286670,0.06736559,0.05748895,-0.09174266,-0.03911489,-0.06240726,0.02732610,-0.02332599,0.02278389,-0.12157104,-0.03050142,0.07162412,-0.08762962,-0.12092984,-0.13019158,-0.00555847,-0.03238217,-0.05971880,-0.06194329,0.08956252,0.01058900,0.03777408,-0.09211792,-0.03806220,0.26682901,-0.01102707,-0.07880931,-0.02630203,-0.14046577,-0.01182750,-0.07440349,-0.12745431,-0.06013726,-0.01255586,0.09590224,-0.09005743,-0.08088471,-0.04136648,-0.07654260,0.01224212,-0.13462445,-0.01359681,0.07607775,0.04583567,0.10593941,-0.08703911,0.00617433,-0.10598433,0.05542354,-0.08462586,0.02422118,-0.02584128,-0.10083363,0.12199971,-0.00194684,-0.00666317,0.02111627,-0.04323420,-0.04913091,-0.02193468,-0.00534480,-0.05548421,-0.07250568,-0.05695768,0.04720529,0.07640836,0.06902806,0.05097602,0.02406466,-0.07743259,-0.06499390,0.04448195,0.11264269,-0.06894447,0.06012235,-0.08205733,0.01262284,0.00896357,-0.03268470,-0.03579194,0.02429482,-0.03322802,0.04938438,0.01127004,-0.08331642
0.09046566,-0.04769279,-0.06437510,-0.00758422,0.23975123,0.14175127,0.03994400,-0.13468705,0.03761654,-0.14021112,0.17218640,0.15322797,-0.29431394,-0.05413989,0.09697309,-0.00072981,0.02904277,0.06449743,-0.17998879,-0.21491207,-0.09076563,-0.07568220,-0.18569548,-0.20306520,-0.09325082,0.21121481,0.10882180,-0.13602860,-0.17366172,0.19064878,-0.10128624,-0.13761872,0.09477880,-0.12436084,-0.01670183,0.18018372,0.19066173,-0.06281953,-0.12100211,-0.05708509,-0.18499738,0.13063549,-0.07337870,-0.06970449,0.25461131,0.00512574,-0.22932322,-0.10457548,0.08927152,-0.11917428,-0.10522973,0.17196207,0.12893961,-0.04068413,0.08653355,0.00590530,0.16302849,0.02370057,-0.00415328,0.18054479,-0.18629245,-0.07469926,-0.13748741,-0.23138095,0.15590559,-0.11813140,-0.06457315,0.04750457,0.07047275,0.17013778,-0.07562616,-0.04936444,0.03219007,-0.21458156,-0.21242158,-0.30826405,0.24886496,0.15479000,0.24125424,0.05522168,-0.04077832,-0.16536260,-0.05396306,-0.12710850,-0.06215089,-0.03019603,-0.06460483,0.22737367,-0.15636069,-0.05823505,-0.21038756,0.03605444,0.11363028,-0.24977462,0.25019160,-0.12137786,-0.09960926,-0.24301830,-0.27545863,-0.15193608
-0.04274124,-0.04855917,0.10868204,0.02812969,0.34367937,-0.03392668,-0.04241692,-0.04708769,-0.08197472,-0.12756942,0.05812695,-0.17153518,-0.12588383,-0.04216717,0.13879250,0.01916337,0.08042255,0.13168962,-0.00541484,-0.07579008,0.13221115,-0.07093018,-0.02547086,-0.10996788,-0.20670438,0.13762118,0.08975425,-0.09162507,-0.04898570,-0.11377381,-0.10247067,-0.00697014,0.02515238,-0.04508537,-0.10432900,0.15133414,0.00548101,-0.05339886,-0.01656260,0.19030312,-0.07481360,-0.00157613,-0.08372079,-0.00666917,0.10172027,-0.11536854,-0.02316470,-0.16469832,0.08633089,-0.05895601,0.01240490,0.05470293,-0.07617760,0.10790171,0.01373114,0.09737492,-0.08498007,0.08215646,-0.00874220,0.06749211,-0.01746067,-0.15405303,-0.05546004,-0.02282016,0.02412488,-0.14944060,0.08820579,-0.06965991,0.10280106,0.08281376,-0.15650176,-0.09951066,-0.01060470,0.03614295,0.03760722,-0.09750438,0.04337409,-0.05180044,0.05686566,0.05988298,0.03759565,-0.00031917,-0.11130422,-0.00465176,0.12670663,-0.05330261,0.14114024,0.17225593,0.01662983,-0.00044984,-0.08581486,0.08254657,0.07222071,-0.05146031,0.12611026,-0.00995245,0.11503626,-0.15231530,-0.18231812,-0.05168752
0.04550981,0.04226811,-0.22042905,0.10648159,0.16416796,0.04647959,-0.10162183,0.01489147,-0.12595208,-0.19034094,0.11491916,-0.01260046,-0.26046443,-0.11154568,0.05034484,-0.15233679,-0.05541034,0.00902765,-0.19133358,-0.08703738,0.04094384,-0.10661539,-0.08889895,-0.13658834,-0.08793467,0.26865280,-0.01407581,-0.21541405,0.02775242,-0.13246945,-0.05747557,0.04709417,0.20592606,-0.21088634,-0.14970969,0.15656604,0.16515830,0.11330222,-0.26982790,0.03410159,-0.12389947,0.07631444,-0.17452008,-0.15350583,0.20391336,-0.06850445,-0.23280555,-0.11640533,0.14152379,-0.08946372,-0.29109845,0.29138693,0.00931567,0.03136443,0.13415742,0.05716306,-0.03808038,0.05483800,-0.22202227,0.28176200,-0.13369288,-0.18883945,-0.07152399,-0.24398348,0.04055974,-0.14467007,-0.04090413,-0.01500529,0.12113703,-0.02154350,-0.16515476,-0.14111322,-0.02621178,-0.19913074,-0.04891506,-0.22679169,0.07119220,0.02840964,0.14637092,0.13595347,-0.01674668,-0.05156906,-0.04442242,-0.09134264,0.14831913,-0.17652512,0.15200296,0.15614355,-0.18726481,0.09608248,-0.03894505,-0.08505225,0.11131588,-0.18999112,0.30535719,-0.08866024,0.13856344,-0.16944012,-0.00529754,-0.65172172
-0.04600720,-0.02218590,-0.05612367,-0.04788920,0.26690131,0.06445115,-0.09894185,0.01360729,0.00930074,-0.16558477,0.05350427,-0.04628955,-0.07589659,-0.11400449,0.10575566,0.02591886,0.01785199,0.13537894,-0.14497289,-0.07668886,0.03467244,-0.09593177,0.05269949,-0.13916452,-0.06298406,0.02842379,0.01952408,-0.09957996,-0.10049240,-0.09291858,0.01275571,0.02802795,0.06448872,0.03807008,0.00711666,0.00802869,0.05674265,-0.10868687,-0.03475917,0.02451132,-0.14341651,0.02534492,0.02209453,-0.07175856,0.11712235,0.03290333,-0.04599084,-0.03314010,-0.02692419,0.06056256,-0.02688045,-0.02250955,-0.06868096,0.11847147,0.04153595,0.04021868,-0.08010536,0.03352213,0.11215807,0.15382512,-0.08705832,0.05003156,-0.11364409,-0.14013021,-0.04774557,-0.09650980,-0.06032867,-0.14316398,0.03684013,-0.00877130,-0.04846821,-0.13703622,-0.02040208,-0.07042306,0.07077796,-0.05210032,0.05554448,-0.09630406,-0.01244046,-0.06428055,-0.08850035,0.19964091,0.00573072,-0.04274203,-0.02893828,-0.13524735,0.03189429,0.01174810,0.03930367,0.11221694,-0.05849770,-0.01099736,0.05322114,-0.16783324,0.12243425,-0.16059093,0.03499396,-0.12596884,-0.07482243,-0.13309820
0.05361114,-0.06525502,-0.05451810,-0.05204182,0.27752674,0.02157185,-0.03147829,0.00828267,-0.02835339,-0.26942429,-0.06490041,-0.00748036,-0.19551836,-0.04638468,0.01761920,-0.04884781,0.03302800,-0.09420948,-0.02885122,-0.12166524,-0.04701563,-0.06104480,-0.12090319,-0.08748902,-0.20075440,0.19856091,0.03879610,-0.03512987,0.02200061,0.28583133,0.07211152,0.07544580,0.11023142,-0.08514285,0.01147269,0.07939048,0.19146191,0.04966428,-0.05944209,-0.02831236,-0.19992867,-0.02389617,-0.15584126,-0.05381301,0.21399200,0.01024311,-0.25137681,-0.09414532,-0.05927284,-0.07079764,-0.10228583,0.11832337,0.15528852,-0.16918373,0.09421366,0.00648353,-0.00757532,0.10619158,-0.10048155,0.15761322,-0.23830588,-0.19829461,-0.06613920,-0.18586515,-0.01341998,-0.02552380,-0.18128657,0.09255332,-0.14194006,0.15864928,-0.22244672,-0.12193423,-0.03803696,0.00358597,0.00580700,-0.13212158,0.19021313,0.14162683,0.08504371,-0.11414039,-0.13674033,-0.07716762,-0.06896170,-0.07438051,0.07806052,-0.19289221,-0.00282201,0.11775097,-0.10881522,-0.04781682,-0.17093757,0.14519119,-0.00189869,-0.23169294,0.24530381,-0.11789295,0.03521037,-0.17901580,0.16585974,-0.15863316
0.03270516,-0.04023198,-0.10852668,0.07891531,0.04458652,-0.03346192,-0.02467809,-0.09456193,0.02159544,-0.17024523,0.05899266,0.13159665,-0.20613603,-0.01020920,0.01310910,-0.13650745,0.00384852,0.02916487,-0.06358962,-0.05602064,-0.01181820,0.05824285,0.00717409,-0.10924011,-0.22848003,0.21067016,-0.06865026,-0.08732127,-0.11137854,0.05101583,0.08779252,-0.01312868,0.10440330,-0.15061545,0.00609054,-0.05535661,0.05848422,0.12629455,-0.12683448,0.00436209,-0.02590172,0.08742251,-0.27337238,-0.06557020,0.26123190,-0.02908538,-0.14695102,-0.11266425,-0.03994556,-0.00253912,-0.27573076,0.26866415,0.10274508,0.18158859,0.08318461,0.13303000,-0.03497479,-0.05841355,-0.13161555,0.17976920,-0.17614233,-0.12692207,0.02844839,-0.17338674,0.04362949,-0.02785112,0.00635690,0.03359174,-0.08566170,0.10134982,-0.15934235,-0.13401410,0.12692769,-0.11913242,0.08612000,-0.08869820,0.07083747,0.02954075,0.11567523,-0.00113741,0.00094957,0.00442168,0.00066592,-0.19908443,0.12110949,0.01687570,-0.03254471,0.06816834,-0.15428717,-0.02427301,-0.10980204,0.11343548,0.05399919,-0.28268096,0.25815058,-0.05824556,-0.00644432,-0.10777714,0.12939295,-1.26435542
0.08358715,0.02539451,-0.15284805,-0.03299150,-0.02740012,0.11363498,-0.10589416,-0.08036284,-0.05961486,-0.04760166,-0.00410579,-0.09544786,-0.25099400,0.01906769,0.05583822,-0.12665135,-0.06715264,0.09938271,-0.02439922,-0.14501797,0.09000279,-0.13415931,-0.03420407,-0.11326118,-0.22633068,0.10220790,0.04801651,-0.06034889,-0.09563110,-0.05111751,-0.05832588,-0.07610855,0.20804662,-0.17632964,-0.07238241,-0.00044695,0.15157530,0.08012934,-0.14466289,-0.04918949,0.02178235,0.02371347,-0.12162127,-0.06021239,0.15493366,-0.13395114,-0.02262301,-0.14841670,-0.02292633,-0.10014898,-0.19580849,0.23241228,-0.01154429,-0.03396758,0.08258662,-0.06876495,-0.05183318,0.14453913,-0.04364069,0.11429910,-0.22549692,-0.16474891,-0.12937836,-0.12093916,0.11308981,-0.00269918,0.05893232,-0.11129083,-0.04954224,-0.00695262,-0.23353186,-0.01114126,0.04210848,-0.11345944,0.11960690,-0.13935135,0.06213038,0.09351399,0.09027866,0.13130960,0.02145746,0.12645757,-0.08527388,0.00434809,0.11732507,-0.06934246,-0.02158721,0.20288843,-0.08537111,-0.02474039,-0.10205340,0.07968462,0.02870980,-0.09529468,0.26195064,-0.21314624,0.04642925,-0.10516868,0.02980517,-0.78491116
0.00225460,-0.01603290,-0.05790015,0.10764898,0.31486723,0.08834822,-0.03727405,-0.16482651,0.13446520,-0.05690585,-0.00817751,0.07594557,-0.05200277,-0.14437230,0.02239837,-0.16160268,0.04366000,0.12367714,-0.02776871,-0.00477414,0.05819191,-0.09219541,-0.05272926,-0.05804615,-0.11032725,0.04982744,-0.01172758,-0.05596568,-0.12859733,-0.15309907,0.03541106,-0.03989937,0.10582648,0.02263440,-0.13344054,-0.02335262,-0.02476751,-0.00431463,-0.18279330,-0.00980075,0.02613836,-0.00971140,-0.00331131,-0.10904830,0.08910593,0.00727043,-0.05930144,-0.09011253,0.16584314,-0.04454328,-0.13121977,0.00265708,-0.04156959,0.18568115,-0.00802056,0.10171657,0.01362501,0.07519525,0.05550657,0.17842761,-0.09020806,-0.05519192,-0.13085170,-0.10058520,-0.04117094,0.03651485,0.02591325,-0.10456733,0.03121554,0.00045683,-0.04299482,-0.01833686,-0.11056595,-0.04523722,0.00256823,-0.02184695,0.04859708,-0.09436493,0.16984603,0.08152338,-0.00162699,0.22456852,-0.18351187,-0.17778073,0.05307320,-0.22382042,0.15865989,0.01568859,-0.06512880,0.14804336,-0.04377308,0.05037357,0.19133103,-0.06810635,0.15646008,-0.11372821,0.00486534,-0.17170337,-0.00391914,-0.07076713
0.13254438,-0.07070174,-0.00180394,-0.06988224,0.20036373,-0.02761548,-0.06920899,0.03507557,0.09414341,-0.10816673,-0.05199648,0.04960787,-0.11100698,-0.04164066,-0.02760187,0.01566846,0.05501349,0.06267935,-0.12178279,0.02904865,0.01675155,0.06210556,-0.02050434,0.04223434,-0.10109861,0.09593013,0.08308262,-0.04630887,-0.14032263,0.05267363,-0.04496323,0.04191227,-0.08207661,-0.09696348,0.02063084,-0.00838802,0.03289598,-0.01304117,-0.01401791,-0.06550160,-0.07498095,0.01693060,-0.07384909,-0.00411342,0.08295076,-0.03818216,-0.06099126,0.06764168,-0.04920938,0.00525432,-0.09634777,0.08453362,-0.02559745,-0.08126470,0.01428438,0.01348585,0.11849806,0.03631714,0.07451952,-0.00998642,-0.05882327,0.00992984,-0.00778346,0.00963832,-0.15964215,-0.01211167,-0.09509326,0.01002178,0.00207287,0.00700906,-0.02996358,-0.04377517,0.03450702,-0.05224641,0.07370893,-0.04056851,0.04030237,0.00513842,0.02226371,0.04488678,0.02033243,-0.05293349,-0.04716927,0.04898939,0.10178821,0.00921535,0.10891566,0.12018467,-0.04664183,0.10816300,0.01420579,-0.09235867,0.05611267,-0.00420378,0.10655010,-0.04375977,0.06965555,-0.12617151,-0.09351917,0.07026150
0.14960168,-0.02262819,0.02048975,-0.11537892,0.24497615,-0.10130127,-0.05732752,-0.00423703,-0.11134762,-0.26154315,0.05488404,0.00008259,-0.27835801,-0.06120461,0.21520609,-0.01949699,0.05610660,0.04616218,-0.11950837,-0.26228815,0.13830210,-0.09240933,-0.13529830,-0.26261324,-0.27579287,0.34500188,-0.06658732,-0.11108684,-0.11888791,-0.12628782,-0.02075336,0.00375387,0.16844384,-0.25021711,-0.13828589,0.03279432,0.05651788,-0.11194766,-0.17110676,0.00819927,-0.02453391,0.15257268,-0.24151760,-0.18259215,0.19801743,-0.15646669,-0.14466134,-0.12006462,0.06198034,-0.15091391,-0.11945688,0.15489858,0.11112672,0.25772244,-0.02926058,0.10489234,0.00525866,0.09387496,-0.03239509,0.18355556,-0.30472320,-0.23474087,0.00122793,-0.14270605,0.18727255,-0.00185445,-0.04340006,-0.02191068,0.14925443,0.05655318,-0.26292491,-0.05639770,0.07173582,-0.11131020,-0.05953229,-0.17836091,0.15936910,-0.07376629,0.28357378,0.15596338,-0.13616762,0.16804123,-0.08526454,-0.23269950,0.15026167,-0.04574704,0.14063650,0.26287308,-0.24178071,0.20479763,-0.21828301,0.05332148,-0.02751976,-0.25168476,0.25146624,-0.11243093,-0.02222936,-0.23762849,0.04035494,-0.50568831
0.29187983,0.11620490,-0.06543678,0.06182776,0.02600297,-0.01015728,0.01532809,0.02988549,0.22828296,-0.03576202,0.08440491,-0.07527133,-0.46996155,-0.03052560,0.05398536,-0.15794615,0.14383911,0.11876110,-0.13553886,-0.11357352,-0.10747015,-0.12397210,0.00998722,-0.08187608,-0.16489069,0.16069219,-0.00921672,-0.19262210,-0.07421280,0.00810282,-0.06570370,0.05720528,0.18753052,-0.16175337,-0.31395546,-0.02609801,-0.06023545,-0.09163453,-0.24052429,-0.13007776,-0.12970442,0.00606870,-0.29539594,-0.19719052,0.21696742,-0.10429953,-0.12105193,-0.12003002,0.14450791,-0.06058221,-0.08920718,0.11432609,-0.06223255,0.08006768,0.10826639,0.05241201,-0.01487167,-0.03817525,0.23661117,0.24090402,-0.18468173,-0.46330675,-0.07575161,-0.14081313,0.53846407,-0.20076101,-0.36505032,-0.14677721,0.28077337,0.12814078,-0.09789825,-0.00335660,-0.00159972,-0.17622414,0.02085391,-0.14228842,0.13536046,-0.04897057,0.18119216,0.10007089,-0.00261369,-0.06405764,0.13523422,-0.02999689,-0.03292550,-0.09132386,0.06161014,0.19781446,-0.05613193,0.00431413,-0.20277923,-0.04444025,0.06812678,-0.29734880,0.24489626,-0.06263484,-0.10229977,-0.08960278,-0.05401028,-0.49971414
0.22883070,0.01486261,0.00968525,0.09839165,0.12612996,-0.13155682,-0.00457979,-0.11366338,-0.00968801,-0.15426376,0.09102121,-0.04278049,-0.31783929,0.02897282,0.16830149,-0.01248529,0.07552872,0.05437851,-0.13241346,-0.30590302,-0.04534350,-0.10340197,0.00578183,-0.24036206,-0.33373320,0.29857290,-0.05883247,-0.22721717,0.11132740,-0.09736247,-0.05698471,-0.04373104,0.19912812,-0.20378178,-0.11301413,0.01436746,0.06623910,0.12796712,-0.20606637,-0.03143463,-0.10123595,0.12220856,-0.24632293,-0.18338567,0.37812063,-0.18071730,-0.05111607,-0.16104913,0.06892055,-0.17810042,-0.23686914,0.36502069,-0.01452288,0.08068133,0.03275455,0.07291611,-0.03135318,0.04882945,-0.14047647,0.23632960,-0.24255498,-0.14328934,-0.05757476,-0.19062905,0.00912494,0.02576645,0.06611567,-0.04216693,0.04984140,0.09461687,-0.30364802,-0.10471343,0.05046129,-0.06665964,-0.08699420,-0.31995979,0.14269002,0.06223963,0.15239836,-0.07627284,-0.14855817,0.00417693,-0.11953932,-0.20550147,-0.07277384,-0.14972474,0.11140484,0.17963627,-0.24919946,0.12067225,-0.25466365,0.07707327,0.08440322,-0.35701782,0.53470880,-0.06556492,-0.07910034,-0.41146722,0.01561700,-1.27908111
-0.05953466,0.04723202,0.02475426,-0.03377436,-0.16585913,-0.08883787,0.23036073,0.19018476,-0.13040695,-0.13691631,-0.12544714,0.07874919,-0.00306840,0.04429207,-0.12332465,0.08315558,-0.05323782,0.02534995,0.06859060,0.04386702,-0.22906449,0.12201158,0.10643549,-0.10561106,-0.05451896,0.00494783,-0.08344746,0.14289211,-0.17132930,-0.19657300,-0.02355790,-0.02857403,0.02176595,-0.08874937,0.08654636,-0.10634074,-0.10698342,-0.03803974,-0.01926000,-0.16348107,0.02641762,-0.08224207,-0.07880300,0.04552649,0.11219908,0.10447542,-0.02907887,0.05537573,-0.14806132,0.11258383,-0.03274956,0.06088429,-0.12636332,0.41381529,-0.19934198,-0.04045314,-0.08886359,-0.05315670,-0.18801688,0.05880058,-0.07867689,-0.05216768,0.09789232,0.14664282,-0.14884043,-0.02456128,0.23277472,0.26567641,-0.06190767,-0.05597187,0.09288291,0.20005722,-0.17416184,0.03867274,-0.02660812,-0.04072856,-0.09211976,-0.07616876,-0.12455165,-0.17931870,0.16028705,0.00436315,0.30685347,0.06835261,-0.14893082,-0.01651593,-0.04247542,0.03540681,-0.00816387,-0.04055656,0.09566267,-0.12200249,-0.00123563,-0.00122688,0.08036726,0.03953027,0.03954772,-0.09326734,0.00429380,-0.06942659
0.13559245,-0.00557362,0.03102628,-0.12099911,0.17948884,0.00200375,-0.11344223,0.03426561,-0.11105084,-0.17529014,0.04400865,-0.11468697,-0.20391907,-0.08337989,0.10729042,-0.11442291,0.04550043,0.02651311,-0.17435552,-0.10539845,0.11070575,0.03729465,-0.05187505,-0.07082245,-0.05857157,0.09917796,-0.05767777,-0.16686289,-0.05944325,-0.09832527,0.16143398,-0.09122261,0.03767637,-0.13396767,-0.10490973,0.03121099,0.14712702,-0.04673394,-0.16894120,0.00421379,-0.05373525,-0.02197398,-0.20679101,-0.20165445,0.16930342,-0.08362738,-0.08286829,-0.08457024,0.08146753,-0.05857322,-0.16420987,0.29147685,0.14339526,0.09721536,-0.04363565,-0.03323884,-0.02707670,0.06347796,-0.10635135,0.16687566,-0.07740079,-0.15268718,-0.12226062,-0.09343737,-0.00704282,0.02164233,-0.01267094,-0.04373858,0.14035170,0.11080456,-0.18258427,0.05956827,0.05020873,-0.14157572,0.03165643,-0.28414512,0.15578885,0.00739847,0.13801807,-0.03697978,0.02960348,0.00022919,-0.09221712,-0.01388359,0.02825764,-0.09321081,0.10834328,0.21960926,-0.09685849,-0.01078549,-0.17542318,-0.02134904,-0.04642370,-0.12051247,0.31713018,-0.07612611,-0.10144132,-0.20027162,-0.01328790,-0.69127899
0.05534466,-0.03271583,0.07450263,0.09547438,0.05846120,0.00059103,0.01377734,-0.06929731,0.02049017,-0.21055877,0.05943150,0.02870455,-0.28150228,-0.15725282,0.03153829,-0.06953283,0.03028598,0.02214743,-0.08179902,-0.16642635,0.09111592,-0.06465042,-0.10379887,-0.22741437,-0.16444935,0.23481697,-0.07978078,-0.02852798,0.00871734,0.07078008,0.01564411,0.05372931,0.17455402,-0.12141440,-0.06909247,0.01841631,0.03912386,0.10430378,-0.29852593,0.04613392,-0.15977223,0.02168994,-0.29882661,-0.13555977,0.13525009,-0.16464506,-0.11516782,-0.10370943,0.08225702,0.05842874,-0.18119237,0.31239730,0.11716213,0.12902625,0.07877861,0.11717148,0.09393690,0.08212513,-0.07669481,0.13531047,-0.18967572,-0.21115366,0.03371982,-0.17382136,0.02594348,0.01019310,0.04285268,-0.10757533,0.05155359,0.06411458,-0.31399503,0.00730081,0.01409665,-0.12763998,0.14781515,-0.11472776,0.06332723,-0.03705620,0.19635011,-0.03844775,-0.00672858,0.08141273,-0.04545002,-0.03735432,-0.07707828,-0.05718504,-0.02856419,0.20448309,-0.18810721,0.03597267,-0.12999454,0.08865020,-0.07030908,-0.30116123,0.41798225,-0.07130667,-0.06893103,-0.27798596,-0.00596703,-1.05915570
0.11033563,-0.01700425,0.14384478,0.01577407,0.17712912,0.06650699,0.02783088,0.24914388,-0.04254076,0.24815878,-0.11701465,0.13665150,0.15349483,0.07033151,-0.27659968,0.09478948,0.14530087,-0.30575001,0.08656832,0.21171865,-0.16570027,0.10249601,0.18568042,0.14743800,0.07842533,-0.35740557,-0.06444295,-0.01432831,-0.01552499,-0.10315681,0.00316580,-0.02051998,-0.18085924,0.35573956,0.21533567,-0.06998977,0.00181934,-0.42234010,0.14868981,0.14706415,0.30231506,-0.07038888,0.15440574,0.18516541,-0.29533032,0.18838222,0.24264519,0.09674849,-0.18756364,0.05339198,0.37303475,-0.19228981,-0.17602527,-0.01023725,-0.16968976,-0.33255807,-0.19555600,-0.14431342,0.04491224,-0.26625618,0.07214982,0.19393174,0.15522954,0.30522716,-0.08017338,0.00914243,0.08337432,0.26320106,-0.01689110,-0.35203362,0.28376287,0.24864396,-0.03121379,0.10933434,0.17385121,0.32417113,-0.19049513,-0.00933413,-0.14211224,-0.06883046,0.05001807,0.18123922,0.10209360,0.02863823,-0.25236791,0.02438407,0.00770960,-0.15413497,0.14262110,-0.11371396,0.08803865,0.11314042,0.00403968,0.24359414,-0.31099299,0.13353796,0.27515098,0.09468930,0.20724548,0.29000992
0.09071963,-0.05639973,-0.10858282,-0.04012584,0.21200636,0.12402841,-0.06554370,-0.10629001,0.01587391,-0.15143198,-0.13992898,0.09901650,-0.12898301,-0.08173402,0.13187802,-0.05161826,0.17562859,0.04636057,-0.04887150,-0.04487210,0.06088506,-0.03133588,0.08134340,-0.01609058,-0.10055859,0.03962154,0.05075615,-0.15020606,-0.13307045,0.01251971,-0.02905116,0.03110291,-0.03810122,-0.07650558,-0.06918824,0.11706942,-0.01841296,-0.13525154,0.04101324,-0.03197746,-0.13435379,0.04232834,-0.13215823,-0.01820618,-0.01742096,-0.02878908,-0.10015512,-0.05663234,0.01455389,0.00533458,0.00629204,0.08299724,0.10381781,0.02961708,0.03989351,-0.01353200,-0.01217349,0.02753653,0.09935091,0.04592584,-0.09098604,-0.08224999,-0.09899589,0.02720507,-0.04176139,-0.03102184,-0.13289461,-0.07486965,0.11229734,-0.09859241,-0.11889363,-0.08724728,-0.08917700,0.04959300,0.14845067,-0.14423133,0.12421276,-0.02487504,-0.05637434,-0.02630224,0.02553990,0.10261124,-0.15185580,-0.00756385,0.10227337,0.01311046,0.02448278,-0.02188932,-0.09194458,0.05245586,0.01634894,-0.09948045,0.22348575,-0.04528353,0.01317320,-0.04559358,-0.03622949,-0.04092264,-0.02222782,0.09582495
0.11643533,0.02095415,0.02470035,0.05309243,0.07588168,-0.01716896,0.03750523,-0.15049510,-0.03062990,-0.13307992,0.00272975,0.08918589,-0.16763036,-0.14652991,0.11105170,-0.15370105,-0.01429985,0.11136428,-0.08643524,0.02218993,-0.02353045,-0.11310635,-0.04086249,-0.13426074,-0.09790043,0.12431800,0.02091327,-0.07588990,-0.13403119,0.18114522,-0.04990617,0.07609881,-0.01401641,-0.09168233,-0.07197876,0.10705172,0.07578415,-0.05999677,-0.17127416,-0.11801200,-0.02433660,0.00437526,-0.09454630,-0.02255801,0.02847826,0.05508117,-0.02740397,0.01444647,0.00428892,0.08602426,-0.10424346,0.08794070,-0.00312688,-0.05231958,0.01287677,-0.06758793,-0.01897065,-0.01580712,0.03160202,0.02779866,0.00858953,-0.06977972,-0.21340771,-0.12181368,0.03223139,0.03402851,-0.15640546,-0.07983387,0.02765036,0.15363745,-0.13791186,-0.04087938,0.02932652,0.00131971,0.07517034,-0.21415886,0.12097852,-0.00881506,0.11216480,0.08661896,-0.09162191,-0.05122435,-0.00546006,-0.14113714,0.15181546,-0.07027288,0.03273410,0.11123874,0.02070841,0.11777730,-0.15566115,0.04713042,-0.00218884,-0.16544217,0.15402830,-0.18225099,0.04947436,-0.04179122,-0.02486544,-0.00876741
-0.13401552,-0.00279510,0.02614665,0.03951534,0.51952183,-0.11083071,-0.06274991,0.12293914,-0.25345322,-0.17460211,-0.02481244,-0.01948522,-0.14810036,0.06500219,0.12224070,0.00297783,-0.05608814,0.03781030,-0.00026028,-0.05666997,-0.02186009,0.06789811,-0.00301189,-0.25185907,-0.09951599,0.16504648,0.06457419,-0.21364407,0.08345415,0.09938100,-0.06413914,-0.19382004,0.19615117,-0.03414892,-0.03459438,0.05986020,0.03003888,0.06414487,-0.23514897,0.06879205,-0.04861135,0.09697221,-0.21360178,-0.27238247,0.09998970,-0.05241058,-0.13967077,-0.07239143,0.03772029,-0.07966431,-0.25705078,0.15039204,0.07085627,-0.01091019,0.12044254,0.03400950,-0.06385569,0.10735893,-0.15016812,0.19205973,-0.14653428,0.05285357,-0.09092738,-0.00847356,0.04830555,-0.04979649,-0.10837094,0.17177916,-0.11283635,0.18933415,-0.20146792,-0.13068321,-0.03138246,-0.13659437,-0.18121096,-0.17779788,0.24170418,0.00273104,0.18875931,-0.11734968,-0.11942151,-0.11368056,0.05174952,-0.07799383,-0.05039502,-0.12309880,0.16892578,0.16956028,-0.16124824,0.01481614,-0.17638928,0.04026901,-0.01859003,-0.23201482,0.06251847,-0.31317675,0.20139231,-0.15453205,0.04095180,-0.42106870
-0.12728475,-0.07010870,-0.04773872,0.02904359,0.14940804,-0.03479628,-0.06766602,-0.04681843,-0.15853950,-0.20793450,0.08744387,-0.13039841,-0.34210044,-0.09845278,0.05848946,-0.12072156,-0.00557896,-0.05987309,-0.04838850,-0.12029398,-0.06897187,-0.07310194,0.07977416,-0.14117621,-0.10424907,0.18094082,0.09556605,0.00114663,-0.02860972,0.06714142,-0.03375020,-0.08331937,0.06114141,-0.14641072,-0.11674837,0.07984827,0.17426495,0.06851869,-0.18595824,0.00993718,-0.01456526,0.10449508,-0.26370648,-0.08752669,0.15266898,-0.10685492,-0.04429359,-0.10682000,0.01233942,-0.02042775,-0.24073087,0.16935910,-0.00483029,0.19236206,0.04654989,0.12396448,-0.02380917,-0.03839481,-0.12437998,0.14772531,-0.21738733,-0.11571776,-0.06785639,-0.23621917,0.06982412,0.04497304,0.08375602,-0.09977010,-0.11125561,-0.00752372,-0.20769458,-0.14512604,-0.02874761,-0.10790062,0.07598262,-0.07563099,0.17639340,-0.03505109,0.17228462,-0.02295464,-0.05965778,0.26936051,-0.07191028,-0.04076357,-0.06211213,-0.04262827,0.16119434,0.17074762,-0.11335786,0.06811876,-0.19799353,-0.03392011,0.06708574,-0.18594198,0.27828011,-0.22707364,0.00924360,-0.20001300,-0.00030710,-0.64986491
-0.03058175,-0.04602209,-0.02811365,0.07798077,0.36932379,0.15520713,-0.06875513,0.05996558,0.06546687,-0.11078774,-0.01875577,-0.02938505,-0.01152691,0.07365297,-0.03526166,-0.03791557,0.01922457,0.15042162,0.03956626,0.02145413,-0.04478642,0.04002606,-0.07589073,0.00475201,-0.13896994,-0.08384710,0.02677852,-0.11501109,-0.05370802,-0.02878478,0.01305925,-0.03700642,0.06908050,0.02250864,0.09867048,-0.04512837,0.01274575,-0.14349690,0.04606380,0.14087433,-0.00031090,-0.11182086,-0.02228417,-0.11788028,0.09217516,0.13734697,-0.03040572,0.01256237,-0.03656192,0.10959096,0.04353245,-0.00152904,-0.05342809,-0.08268198,0.05111631,-0.01627983,-0.01817827,-0.01031137,0.06131427,0.04795204,0.06465650,0.07805556,0.00250106,-0.09013675,-0.04948878,-0.10990629,0.03593643,-0.07747404,0.09070294,-0.14971776,0.08483700,-0.05776215,-0.08106299,-0.08711430,-0.00936995,0.07614255,-0.01687310,-0.03611773,0.02870080,0.08479171,0.06753457,0.09668302,0.07897392,-0.11636110,-0.02022415,0.05229565,0.12220631,0.09751034,-0.11176300,-0.02486012,-0.06694555,-0.03304723,0.15042374,-0.12953931,-0.05138261,-0.12565961,0.20650759,-0.05630162,-0.07702333,0.17484707
-0.22053568,-0.05531784,-0.09700344,-0.17694806,-0.10755674,-0.06838080,-0.15334287,-0.21279293,0.04091166,-0.40141633,0.18611297,0.34022531,-0.00589077,-0.05256450,0.26405945,-0.02444376,-0.04572670,0.11292785,-0.36529028,-0.28203410,-0.12820379,-0.04261070,0.11625775,-0.48893511,-0.39737886,0.41401786,0.01527449,-0.35244712,-0.27709997,-0.22043119,0.12871788,0.05309909,0.16520740,-0.48877001,0.01963171,0.07093759,0.38077289,-0.11955304,-0.50733495,-0.53906476,-0.26606843,0.29595935,-0.39070073,-0.16661642,0.42836130,-0.31830564,-0.24444923,-0.23887280,0.11125108,-0.05663151,-0.58619791,0.71442622,0.20362769,0.43284243,-0.02611474,-0.39314649,0.03400948,0.02986584,-0.27700517,0.55139142,-0.39867949,-0.16990981,-0.05753124,-0.29677615,0.22587326,0.11185192,0.19340591,-0.37914693,0.01854957,0.15373407,-0.66976058,0.00720006,0.08611560,-0.17526112,-0.06926555,-0.08760799,0.32866269,0.01239352,0.44438738,0.11525085,-0.18574101,0.05923140,0.04598939,-0.27082053,0.06336356,-0.03077951,0.02615774,0.28205362,-0.55871654,-0.12516218,-0.31333369,0.02139368,0.11106176,-0.49508941,0.48254147,-0.19312298,-0.00334581,-0.31460696,0.26900530,-0.78593600
0.31822422,-0.07333441,0.26934081,-0.15188056,0.43930179,0.04462931,0.15095291,0.07519905,-0.13820055,-0.10092961,-0.08735673,0.26666254,-0.20541884,0.13372923,-0.12618598,0.15999843,0.12572581,0.12316982,0.12186569,0.05009983,-0.15337561,-0.02387876,-0.12388598,-0.15946643,0.04395790,0.11244377,-0.02111042,0.02505255,-0.15414882,0.15092026,-0.17027599,-0.03414187,0.13679525,0.00555775,-0.04323233,0.04292135,-0.01409437,0.08896381,0.01110590,-0.07524034,0.19135003,-0.20213506,-0.19897109,-0.04688847,0.07646370,0.12789853,0.08426452,0.15808277,0.08527255,-0.02965120,-0.07282761,0.11217301,-0.03303153,-0.03558919,0.02407069,-0.10623459,0.08269256,0.09943640,-0.16832189,-0.02542961,-0.05656131,-0.12197270,0.02382940,-0.02089092,-0.05958433,-0.41234133,-0.12710777,-0.25330922,0.09347053,0.06853504,-0.07007805,-0.01344782,-0.22424731,-0.12585695,-0.25267524,-0.18795882,0.05063806,-0.10445520,-0.02127363,0.06922756,0.07067921,0.00159880,-0.03915783,0.07000971,0.03051705,-0.04982009,-0.02317307,-0.14785396,-0.05160232,0.02747941,-0.05158703,-0.08301076,0.00830133,-0.01162149,0.22549655,0.03080105,0.19038028,-0.03472263,-0.16153334,-0.31090438
-0.08043088,0.11791600,-0.28070238,0.03165395,-0.08168463,-0.12290079,-0.16023403,-0.06214748,-0.13072878,-0.34538543,0.21723947,0.10381717,-0.17750865,-0.01195500,0.20152642,-0.12310047,-0.07644119,-0.15475859,-0.20786369,-0.20817384,0.00857244,-0.07357106,0.11317147,-0.29376766,-0.25682703,0.21696918,-0.04152419,-0.26311380,0.02861245,-0.05860905,0.10158870,-0.10581246,0.31504372,-0.26655751,-0.17320263,-0.03511696,0.12075236,0.22658299,-0.25334904,-0.07375351,-0.19923088,0.05187698,-0.11289261,-0.09949452,0.19820078,-0.20934251,-0.10262264,-0.09058934,0.11037719,-0.03436713,-0.28860444,0.32149744,0.10968810,0.09561002,0.03296555,-0.11819381,0.04093932,0.05962302,-0.21950054,0.17189553,-0.19016808,-0.08191957,-0.00072621,-0.12220617,0.26233611,0.06662428,0.02608339,0.00882285,0.25444454,0.14755133,-0.21894549,-0.15772262,-0.02634431,-0.15586294,-0.14813474,-0.30866864,0.23948942,0.12112370,0.34782538,0.05687889,-0.15735650,-0.08832885,-0.15299143,-0.21489616,-0.07437421,-0.09886361,0.10501105,0.30198976,-0.27724543,0.07285801,-0.21797703,0.13627188,0.03840358,-0.39065075,0.44011939,-0.12996413,-0.00533346,-0.25748950,-0.26889268,-0.82024038
0.01010961,0.02463929,0.03755422,-0.04915068,0.35889485,-0.17659177,-0.13574883,0.09165173,-0.29096413,-0.19934508,0.06005277,0.04215491,-0.14354785,-0.03495224,0.07235404,0.01847921,-0.09440147,0.09956404,-0.15059736,-0.19670114,-0.23987819,0.01326172,-0.09713580,-0.32897714,-0.11955709,0.22767273,0.08317193,-0.17910109,0.05759810,0.20528224,0.08734282,-0.03364471,0.28963491,-0.11695053,0.02017882,0.20631018,0.17889827,0.17163289,-0.17658241,-0.30149132,-0.00597718,0.16132537,-0.26508030,-0.18019210,0.25016612,-0.17397101,-0.00787576,-0.14127426,0.02266298,-0.00057283,-0.05380345,0.16058955,0.00274296,0.78059596,0.06242870,-0.00807961,-0.03304723,0.00214873,-0.47866976,0.13471308,-0.35805288,-0.04238786,-0.14883243,-0.12704888,-0.02050391,-0.00278379,-0.20791587,-0.04610215,-0.16632554,0.18689133,-0.16223407,-0.18206979,0.05641479,-0.15799868,-0.17477450,-0.13564570,0.26279420,0.00377780,0.08066512,0.10019550,-0.05768257,0.10895726,0.03805491,-0.01555173,-0.07232431,-0.17838886,0.21702610,0.05159425,-0.17295545,0.04010802,-0.14173472,0.07557976,-0.00122925,-0.21376602,0.28963399,-0.27715081,0.14854187,-0.23211662,0.40165150,-0.50293350
-0.00129202,0.06096613,-0.08464572,-0.00957125,-0.21469437,0.08817637,0.01243513,-0.02139319,0.07644208,-0.01457839,-0.08083434,-0.06390208,-0.07928440,-0.07225212,0.17416023,-0.05325022,0.09384405,0.05216566,-0.05434314,-0.00157233,0.16300483,-0.05668431,0.06200616,-0.03457389,-0.44113445,-0.02882928,-0.01977173,0.03075474,-0.14963116,-0.08781204,-0.07473295,0.14537214,-0.01495059,0.09969479,-0.03428787,0.16185978,-0.16253497,0.13539152,-0.04085514,-0.13438128,-0.09548244,-0.12270200,-0.00309248,-0.13286676,-0.05137687,0.03742477,-0.12459925,0.00200039,-0.02853723,-0.01123860,-0.09705272,0.15374695,-0.06289950,0.04684623,-0.04523730,0.19272920,-0.02815998,0.13247578,-0.00845487,-0.00838065,-0.11010612,-0.18800901,-0.13490820,-0.27823621,0.00947586,-0.00595216,-0.03440589,0.01566004,0.22739774,0.02124990,-0.09188341,-0.15836124,0.00527840,-0.05206975,0.00014122,0.05637659,0.07424185,-0.12350454,0.05353321,0.16401061,0.06363294,-0.15184231,0.05406947,-0.14185001,0.01985571,-0.02659070,-0.03321930,-0.02118685,-0.19113047,0.08708218,0.07905280,0.11274727,0.24774456,0.04091259,-0.15130447,0.07325291,-0.09005125,-0.07146683,-0.27121156,-0.31589234
0.06824270,-0.05335014,0.03462823,0.08051773,0.19567926,0.03765075,-0.11489242,-0.13711689,-0.07590163,-0.10707901,0.13518816,-0.11352438,-0.24376638,-0.10204135,0.04153140,-0.04930332,-0.00438043,-0.08030386,-0.07749386,-0.12513132,0.08913229,-0.11567973,-0.13023037,-0.20524886,-0.16483250,0.28387499,0.13097918,-0.13920991,-0.14195977,-0.10050241,0.05208637,-0.14939375,0.13851263,-0.13434330,-0.15895601,0.06639293,0.10607895,-0.07237411,-0.11625994,0.02390755,-0.02110952,0.01316029,-0.22540066,-0.11406877,0.25822446,-0.02035423,-0.07958775,-0.21289264,0.07500262,-0.01998297,-0.09094827,0.18334612,0.07424007,0.01665545,0.13475023,0.13870132,0.07043863,0.13000560,-0.15766047,0.21901836,-0.17385843,-0.18077503,-0.03388550,-0.11857219,0.03084030,-0.00041713,-0.06655557,-0.00273032,0.11045863,0.12840828,-0.11051255,-0.08507881,-0.01108920,0.00199493,-0.05528517,-0.09211889,0.08072710,-0.05977580,0.16352314,0.09656845,-0.07875323,-0.05656015,-0.05091770,-0.12017993,-0.00036389,-0.16961518,0.16292070,0.11315853,-0.21906069,0.17380299,-0.05173656,-0.02241896,0.07340412,-0.13081335,0.26193386,-0.11088859,0.01613361,-0.15923838,-0.10456995,-0.57598996
0.13965131,-0.06161564,-0.06214029,0.08141192,0.21580045,0.06096515,-0.06648410,-0.12029631,0.04276539,-0.04853998,0.04064652,0.00639534,-0.07923048,0.00889600,0.10775235,0.05212986,-0.00633390,0.10947306,-0.00010360,-0.11954542,-0.07048883,0.09049650,-0.10086858,-0.06572777,-0.14390181,0.03432570,0.00009484,-0.02243612,-0.12549026,-0.05354407,-0.06066022,0.04928792,0.05894822,-0.02979215,-0.09685171,0.09386089,-0.01068888,-0.05578400,-0.10934440,-0.00416252,-0.01507096,0.02062805,-0.00638606,-0.12286826,0.01001100,0.04709685,-0.06615323,-0.13915290,-0.01281194,0.05548225,-0.04394256,0.08654999,0.09452847,0.04195870,-0.02288779,-0.10876721,-0.02447321,-0.01401864,0.00763346,0.14148778,-0.04025112,0.01180378,0.01428629,-0.12100302,0.10922598,-0.13903473,-0.00826166,0.01065545,-0.00588588,-0.03992821,-0.09371316,0.06904951,0.02709246,-0.08827495,-0.02961342,-0.15236633,-0.01898938,-0.00634735,-0.01173550,0.06467666,0.05364649,0.02695375,-0.09742364,-0.08720201,0.12207221,-0.10477305,0.12595879,0.14499955,0.06049036,-0.04652945,-0.05208381,-0.03691056,-0.00426154,-0.13734414,-0.03701733,-0.15763228,-0.07965112,-0.05233676,-0.02132987,0.06201458
-0.09851771,0.03126712,-0.01101556,-0.13660023,-0.02918003,0.04869265,-0.06320345,0.04977370,-0.14380245,-0.25468230,-0.01831574,0.16667987,-0.25491807,0.01437729,0.01975842,-0.02007921,-0.05058304,-0.09692552,-0.15343168,-0.07348304,0.02727902,-0.01330267,-0.15154037,-0.14752869,-0.06823608,0.22432739,0.06909631,-0.20877814,-0.10582158,0.06425399,-0.01703899,-0.07569096,0.20882355,-0.16377999,-0.05690485,0.11357909,0.01331695,-0.00071932,-0.25364676,-0.05807277,-0.04413148,0.10956696,-0.30394095,-0.11649214,0.24517322,0.02454215,-0.25321674,-0.04032570,0.04469790,-0.11882486,-0.18507169,0.15535066,0.17917910,-0.01177831,0.06467899,-0.02793006,-0.00605180,0.07696886,0.01360289,0.25453839,-0.15939023,-0.03798667,-0.18608901,-0.21303299,0.04222988,0.01801925,-0.17100750,0.06434420,-0.07053842,0.00460665,-0.31293175,-0.06459572,-0.06384958,-0.09725060,-0.07206041,-0.21670279,0.16472958,0.08307892,0.21362844,0.00317827,0.02744211,0.11299329,-0.13385229,-0.16462822,0.07305461,-0.09733671,0.10187674,0.16495168,-0.24807854,0.05977983,-0.16813104,0.10355312,0.09750566,-0.33728099,0.23718728,-0.16877648,0.08800941,-0.19954316,0.00801003,-0.85697424
0.17146288,0.01653935,0.10094431,-0.10592130,0.11752567,-0.01922892,-0.02965104,-0.07954751,-0.17837307,-0.15944450,0.06744935,0.25952804,-0.16815279,0.03551579,-0.03514902,0.05914877,0.17603578,0.01999776,-0.08048233,-0.13287988,-0.02428153,0.02257275,-0.06604547,-0.18949538,-0.14057215,0.24414963,-0.02102725,0.01670044,-0.02150610,0.04724717,-0.05887831,-0.10071566,0.19520700,-0.03442094,0.07633559,0.07760700,0.06445725,-0.05054969,-0.13915369,0.09040910,-0.08243179,0.11492816,-0.12940633,-0.13732658,0.28230190,0.05611161,-0.14674261,-0.06615531,-0.05310754,0.10000478,-0.25434378,0.15101366,0.10570669,-0.01166424,0.01882462,0.03193224,0.02333209,0.12533844,-0.14734401,0.20768714,-0.22608963,-0.04015203,-0.07691396,-0.19805029,-0.01915692,-0.09894762,-0.03357756,0.09016406,0.03077899,0.03125736,-0.15378165,0.03190206,-0.09200748,-0.14479648,-0.09369045,-0.06144249,0.03666316,-0.03078105,0.12940273,0.06059924,0.00267512,0.05721099,0.02353878,0.05425032,0.01463546,-0.21008626,-0.00719129,0.09619757,-0.06899133,-0.01478657,-0.05375404,0.13267455,-0.03836454,-0.21459462,0.30435562,-0.14864111,0.05491981,-0.09500030,0.13532369,-0.69122052
-0.07341479,-0.03477285,0.04142293,-0.06068341,0.13651699,0.07474799,0.03731431,0.02964922,0.07504215,-0.06291394,-0.04825398,-0.07730223,-0.15415725,-0.10642708,0.12254895,-0.03084818,0.02984014,0.08966261,-0.05922854,-0.05883765,-0.10503678,0.04941851,-0.02014725,-0.11197109,-0.16426513,0.00126510,0.00308590,-0.10546404,-0.16842332,-0.01795081,0.11745787,0.05392657,0.07538449,-0.06625905,0.07044314,0.08119602,-0.04466007,-0.14615850,-0.04512399,0.11107109,-0.12073795,0.10101474,-0.05116698,-0.06770146,0.04068928,0.06781387,0.02960999,0.00998667,0.00690738,-0.03457721,-0.15969498,0.02064244,-0.01758739,-0.02758147,-0.03759641,-0.10778203,0.01647328,-0.01288590,-0.03989506,-0.02286516,-0.16955878,-0.00189580,-0.11680681,-0.14931014,0.06647849,-0.14453495,0.05353643,0.12056749,0.02418278,0.01992008,-0.01808462,-0.05360888,0.03843283,-0.02692639,0.07932135,-0.07802678,0.16852129,0.00043241,0.03954288,-0.07126751,-0.11082458,-0.00219123,0.11003111,-0.08075406,0.11831191,-0.09484419,0.18407482,-0.00504096,-0.13032974,0.04096690,-0.15613773,0.03731596,0.15814123,-0.12851058,0.10686440,-0.20065181,0.08542163,-0.04030967,0.14266697,-0.25053424
0.27938277,-0.05481455,0.09966248,-0.06862069,0.29228887,0.08427776,0.02108978,0.12179331,-0.10997155,0.04323359,-0.04310426,0.07819015,0.08127058,0.08997124,0.02126329,0.03705098,0.48907366,-0.01024998,0.06615826,0.04619468,-0.07989758,0.06882881,0.17164728,0.04352720,-0.06544579,0.08460594,-0.12021597,-0.01652148,-0.18744031,-0.01223349,-0.23826042,-0.13036680,-0.00656744,0.00349803,0.05329261,-0.14272875,-0.05693853,-0.24711491,-0.03832096,0.03950599,0.17846194,-0.11003630,0.03889500,0.06634271,-0.04088521,0.13521346,-0.04701087,0.10540539,0.03333809,0.08935612,0.12194590,-0.07339406,-0.14727487,-0.19062991,0.19078602,-0.21083556,-0.06139705,0.04267018,0.22304319,-0.05439379,-0.02703887,0.01542595,0.12440347,0.00456344,0.13426657,-0.42488283,-0.00639695,0.11012847,0.48551437,-0.15493824,0.10294304,0.06753412,-0.10134413,-0.07367925,-0.16245370,0.09311156,-0.14897457,-0.08868457,0.04564261,-0.03550905,0.24793024,0.18911684,0.04900682,0.08000856,-0.19033703,0.13487831,0.04835655,-0.05902811,-0.00966636,-0.09316725,0.02878265,-0.17619409,0.24732386,0.01771924,0.02996578,0.15062866,0.32487491,-0.01560932,-0.01458573,0.00576135
0.09087538,-0.12662892,-0.01039383,0.02838858,0.26991585,0.13294321,-0.02804120,-0.19615394,-0.10167232,-0.14554179,0.05348535,-0.07582960,0.00189453,-0.22426142,0.09785503,-0.18405107,-0.10960810,0.08339231,-0.14509135,-0.03338481,0.16753113,-0.07017954,-0.08659777,-0.08222053,-0.27572647,0.08371563,0.13797142,-0.06204350,-0.08399913,0.05597465,0.11179926,-0.06347993,0.06149837,-0.17921871,-0.22590488,0.08140717,0.11355723,-0.12855318,-0.21717843,0.04689176,-0.02459924,0.23316817,-0.12392344,-0.09566297,0.15426199,-0.09911438,-0.13855791,-0.05034585,0.10680090,-0.11202970,-0.09520824,0.18620814,0.05084185,0.06131859,0.07552771,0.03606014,0.05036440,0.01997258,0.08034597,0.11416286,-0.18321386,-0.15946932,-0.13260953,-0.18633968,0.11312567,0.05655462,-0.15333696,-0.10646756,0.19672370,0.02743127,-0.03717191,-0.10010631,0.05184354,-0.03683475,0.15534157,-0.12924702,0.04197482,0.04787929,0.16293006,0.02918466,-0.21568321,0.05069437,-0.15357085,-0.14264187,0.08944555,-0.20348638,-0.02153092,0.15050830,-0.08046222,0.07858125,-0.21754755,0.08639188,0.09081637,-0.13664162,0.12644422,-0.01566111,-0.20872042,-0.18982325,-0.16123213,-0.10058115
0.00548082,0.08876035,0.07389109,-0.05486427,0.22179194,0.06904473,0.03333031,-0.06017791,0.12379250,0.00312466,-0.01532741,0.01258304,-0.23641457,-0.10199708,0.14688890,-0.14570586,0.10494149,0.01801025,-0.01842525,-0.17166857,0.12846518,-0.03447546,-0.10373018,-0.12924573,-0.19687891,0.12782080,-0.07124601,-0.14908034,-0.05221429,-0.03424002,0.04835424,-0.03237453,0.16135578,-0.08738769,-0.10180550,0.11547653,0.16276470,-0.09944530,-0.04761668,0.02986559,-0.11853794,0.05851350,-0.11701350,-0.08642545,0.15230832,-0.09630128,-0.10736740,0.01192378,0.15855217,-0.10152402,-0.01420836,0.04154356,0.15238689,0.10900639,0.11140768,-0.01207998,0.04430201,0.09788104,-0.02226135,0.02535209,-0.08145384,-0.10393545,-0.13690501,-0.17692727,-0.04722346,-0.06289828,0.06067093,-0.16270596,0.07386494,0.03029698,-0.17895442,-0.06775337,-0.03826060,-0.02501877,0.05949502,-0.02841058,0.16667445,0.06185387,0.01090695,0.00400431,0.03378497,0.05599374,-0.13266157,-0.11756450,0.09891851,-0.04701913,0.02709849,0.07803863,-0.13450180,-0.00312809,-0.08497198,0.08572552,-0.00095933,-0.14108528,0.18251000,-0.15394516,-0.09254422,-0.19692859,0.01668377,-0.22196043
0.26029745,0.07281246,-0.27416393,0.00425964,0.12637173,0.05421172,0.01617786,-0.06370018,-0.00157832,-0.25049391,0.21733496,0.11405142,-0.30856812,-0.17366388,0.22298823,-0.09246636,0.03814753,-0.14353271,-0.27504471,-0.26781970,0.10607541,-0.04236623,-0.05392713,-0.08076151,-0.29993850,0.30285910,0.05343836,-0.10173865,0.02393919,0.10082071,0.10090242,0.07181843,0.24282387,-0.09215515,-0.07453460,0.12247495,0.21999308,0.03039111,-0.35082972,-0.11957239,-0.19433503,0.18036132,-0.19981842,-0.16628557,0.18168676,-0.13735159,-0.22363259,-0.17036459,0.06293283,-0.02581890,-0.20291060,0.26436409,0.11482698,0.22662604,0.05394244,0.06370932,0.15181294,0.11236130,-0.18028149,0.32212722,-0.32804474,-0.06827766,0.00760766,-0.28267980,-0.01178387,0.08497400,0.03261684,0.10489868,0.02194997,0.13405757,-0.25058678,-0.10641287,-0.01793792,-0.20833240,-0.05554505,-0.22331664,0.15881149,0.07763585,0.25523627,0.00629322,-0.19510275,-0.11020304,-0.10235198,-0.26141566,0.01932305,-0.12598303,0.05612243,0.26814169,-0.22891547,0.06121717,-0.09770506,0.07630566,-0.07958932,-0.29504877,0.35546085,-0.20957127,-0.05938333,-0.25973055,-0.00355374,-0.95294344
-0.01482720,-0.03569209,-0.05558860,0.00411390,0.28440177,0.15731919,-0.13297653,-0.10643792,-0.10123281,-0.05879367,0.02023189,-0.10112648,-0.10952915,-0.04452116,0.06388690,-0.14829634,0.11963847,0.00935680,-0.17144904,-0.17236109,0.02613027,-0.00372801,-0.11469986,-0.16936088,-0.08396001,0.07905605,-0.06827419,-0.08712591,-0.11709717,0.07186605,0.05331749,-0.13915828,0.15899995,-0.00739022,-0.04922057,0.03134928,0.01808161,0.00908016,-0.04981402,-0.06113813,-0.04968434,0.11632605,-0.14811179,-0.17899565,0.11580356,-0.03563888,-0.18028086,-0.02771540,-0.02357890,-0.04175600,-0.13995844,0.13224335,0.03767979,-0.11163138,0.00361793,-0.04363806,0.02718599,-0.00386270,0.03112114,0.10837434,-0.18152490,-0.04528946,-0.13762601,-0.11073796,-0.00122526,-0.11323559,-0.21225278,-0.00355217,0.14147310,-0.03100176,-0.01873626,0.03970285,0.04312305,-0.10552984,-0.09312499,-0.23451646,0.00505500,0.01604499,0.06876190,-0.04039020,0.02223458,-0.04798869,-0.02111747,-0.06217970,-0.08196326,-0.12376215,0.04920725,0.14738238,-0.07514898,0.02207140,-0.19364220,0.02252441,0.00856658,-0.07388632,0.09313896,-0.05737286,0.05432614,-0.05454517,0.01150863,-0.11271356
-0.01687528,-0.05018416,-0.08649606,0.04504089,0.13847122,0.07965329,-0.10803118,0.04864945,-0.04182185,-0.23116989,0.22487707,-0.03678490,-0.31880984,-0.07209224,0.19022945,-0.06272492,0.02074344,-0.06125354,-0.04639891,-0.30599049,-0.08650257,0.01193526,-0.04564684,-0.28721243,-0.13083215,0.24057952,-0.01772327,-0.21005267,-0.10155922,-0.00629212,-0.02486734,-0.01038786,0.17965075,-0.08950797,0.00316360,0.01711741,0.08555030,-0.12845346,-0.19643804,0.10417219,-0.16174157,0.18774652,-0.18345296,-0.14725851,0.21074751,-0.08103230,-0.03849689,-0.10491207,0.02562214,0.03291258,-0.34514135,0.31739008,-0.03056442,0.16195892,0.09622215,0.09182435,0.01593874,-0.00842143,-0.05109647,0.11326382,-0.13824727,-0.20237416,-0.09631782,-0.23825724,0.05979388,0.01952108,-0.08959012,-0.00272873,-0.14229490,0.12193234,-0.24324457,0.00019887,0.02911291,-0.16021274,0.07693522,-0.10843221,0.24402881,-0.04753772,0.17080875,0.06853152,-0.13836867,0.28829283,-0.09173720,-0.14411390,-0.09593707,-0.01135425,0.00239649,0.24226955,-0.13945740,0.10927299,-0.02958845,0.34952277,0.06764969,-0.28943059,0.38268334,0.00220497,-0.06634276,-0.19456702,-0.04218263,-0.91445577
-0.05121322,0.07917877,-0.08384420,0.02583238,0.17496641,0.25818038,-0.00115881,-0.12072255,0.16480328,-0.26296183,0.08004282,0.18092395,-0.20860086,-0.07502232,0.09682854,-0.06571277,0.06984124,0.01701729,-0.19262481,-0.03446396,0.03799984,-0.08351856,-0.06457400,-0.13849072,-0.05813504,0.15119122,0.04340522,-0.06992190,-0.17221665,0.05003670,0.00591428,-0.02345339,0.05060077,-0.02929263,-0.07850765,0.16830386,0.07525081,-0.15168579,-0.05374144,0.09185285,-0.10539649,-0.01286713,-0.11018787,-0.01872759,0.14405705,-0.00175533,-0.22356412,-0.02022810,0.08978103,0.04140794,-0.18420629,0.11266411,-0.00359393,0.11986992,0.09475934,-0.05693547,0.04704734,0.03972568,-0.07250144,0.13744098,-0.10099935,-0.06046185,-0.10304012,-0.07292054,-0.07329563,-0.20311251,-0.15909274,-0.10231794,0.15210968,0.11207567,-0.13176061,0.07686078,0.06967243,-0.16535044,-0.05722842,-0.12071469,0.15908575,-0.05211908,0.14588730,0.15572421,-0.10184242,0.08853637,-0.13240227,-0.12175434,-0.01734733,-0.07994273,-0.01489806,0.14485320,-0.20772661,0.04237314,-0.18064006,0.08013786,0.05156758,-0.11044887,0.16580401,-0.12458224,0.03213217,-0.22367640,-0.09502050,-0.29340100
0.13621089,0.03585190,0.54734683,0.06558271,0.02711006,-0.13042220,-0.05884867,0.13629811,-0.19473647,-0.03575868,0.09625126,-0.27887651,-0.27353212,0.18214904,-0.11849013,-0.15994529,0.01561519,-0.01954394,-0.02776838,0.12845673,-0.20702884,0.04940057,-0.20506120,-0.27480549,0.06493879,0.20754099,-0.04821650,0.04195868,0.23164769,0.36879984,-0.03820734,-0.06168318,0.29549029,-0.02759008,0.02733708,-0.04073349,0.03338467,-0.02097675,-0.05334784,0.17144915,-0.03179920,0.03762526,-0.20000839,0.02216073,0.14606082,-0.15170608,-0.12581873,-0.03921908,0.05180803,0.02018533,-0.21349026,0.03828747,0.29757994,-0.04823127,-0.06504615,-0.07412796,0.07553718,0.09140118,0.05898681,0.00419071,-0.00749657,-0.39788827,0.02149121,-0.12939106,0.06821937,-0.34551716,-0.05930088,-0.59334064,0.13804233,0.07434810,-0.18973915,-0.07954839,-0.00034896,-0.08676918,-0.37876689,-0.31840602,0.03052261,0.02443685,0.02765445,0.02978743,-0.04883689,-0.30692384,0.00036415,-0.05145883,0.07937548,-0.09923840,-0.02381166,0.14960735,0.10549664,-0.05279556,-0.14304629,-0.04958332,-0.09744517,-0.13019146,0.18503191,0.03119683,-0.05079585,-0.14594810,-0.18888819,-0.45224351
0.03885257,0.11249583,0.05838911,0.10455921,-0.00551713,0.00802748,-0.05530107,-0.09963832,-0.00649771,-0.07967915,0.12552415,-0.11342013,-0.14318024,-0.07146449,0.06388559,-0.01853699,-0.11581270,-0.10519264,-0.12836026,-0.11044376,0.00010194,-0.00639779,0.05073559,-0.06935916,-0.19228674,0.11396007,-0.06753734,-0.16659915,-0.12440265,-0.36449015,0.02932014,-0.04489346,0.01517065,-0.17212845,-0.02911453,0.08012510,-0.01384267,0.04599945,-0.08603754,-0.03195364,0.00155057,0.15535928,-0.15466833,-0.20673211,0.11595500,-0.06998795,-0.10084388,-0.16612174,0.05006971,-0.02802092,-0.05714848,0.22472523,-0.03654800,0.38089430,-0.06805824,-0.06195970,0.03363804,0.10962131,0.12490083,0.14303234,-0.12467253,-0.16687751,-0.12089527,-0.10315185,0.07188199,0.04925695,0.04960040,0.02958599,0.29053497,-0.02294837,-0.18152091,0.02294346,0.16692451,-0.10319904,0.19287139,-0.06977547,0.20813024,-0.16346519,0.04228407,-0.05426985,0.01746942,0.03691811,-0.01005438,-0.03747792,0.10884273,-0.09363832,0.06660476,0.13556263,-0.23222126,-0.01483333,-0.20199475,0.00299256,0.07337856,-0.12844670,0.24028918,-0.15145302,-0.09898377,-0.15880601,0.08561164,-0.23396422
0.05994864,-0.00613845,-0.07146249,-0.05064645,0.23140129,0.01516553,-0.12810621,0.04499545,0.09198707,-0.01192727,0.00242178,0.12911299,-0.17490707,0.01360967,0.02308062,-0.00365441,0.10549103,0.10077102,0.00669111,-0.08542413,0.06314617,-0.10200389,0.01171599,-0.19901578,-0.18225931,0.17401442,0.05996750,-0.12243970,-0.04521573,-0.05301239,-0.00544681,-0.06370178,0.01512347,-0.17220850,0.05840367,0.08422925,0.03226286,-0.12318343,-0.01875717,-0.12035935,0.01298400,0.03753743,-0.10540739,-0.04581463,0.14734155,-0.06074771,-0.00561606,-0.09120898,0.12404208,0.04336012,-0.09528718,0.06736977,0.05004439,0.03079096,0.08927895,-0.02008534,0.08885282,0.03212064,-0.08904965,0.00897675,-0.09949969,-0.05535191,-0.01202793,-0.13369320,0.12153583,-0.00968608,-0.10250743,-0.08186914,0.21024349,0.08807897,-0.00436164,-0.07755356,-0.09549310,-0.02209171,-0.01506179,-0.21453026,0.05426270,-0.10790917,0.01995179,-0.04859948,-0.05123753,0.06358474,-0.12130705,-0.13005784,-0.02285886,0.02922103,-0.00446723,0.10188378,0.01971818,0.03843806,-0.12797178,0.04216841,0.21070874,-0.05814068,0.03233039,-0.08821637,0.00905600,-0.12495606,0.05789766,-0.07180587
-0.04894779,-0.13871285,-0.09174038,-0.15066932,0.23533134,0.04452746,0.02977601,-0.05104465,0.02216160,-0.31059855,0.01750353,0.00079105,-0.04829104,-0.07729864,0.18292153,-0.11201307,-0.10485159,0.05760581,-0.13196930,-0.01960735,-0.02322778,0.05670889,-0.07204767,-0.21573299,-0.13932303,0.27531216,0.10368058,0.03269108,-0.10618867,0.13131200,0.19486707,0.07401136,0.16127750,-0.06979927,0.12675364,0.03232840,0.11995260,0.13050850,-0.22818245,-0.12642349,-0.08436090,0.13918528,-0.16445675,-0.20905690,0.18418421,-0.09253889,-0.05947388,-0.04624067,-0.01851670,0.01863844,-0.24013381,0.15171625,-0.00502089,0.19630986,-0.04428440,0.26912922,-0.02311915,-0.09575545,-0.15520938,0.15404990,-0.17295052,-0.09157055,-0.12158326,-0.12572134,-0.18424964,0.02493930,-0.01426482,-0.12377249,-0.06303994,0.17880549,-0.24383336,0.00803628,0.04980589,-0.04171630,0.07113870,-0.10702316,0.23609158,0.00042112,0.16755781,-0.08169753,-0.07834239,-0.03576578,0.03633637,-0.06329893,-0.09342938,-0.06433713,0.13338803,0.07835069,-0.23002003,-0.09809563,-0.07976788,0.01781582,0.00221684,-0.20069245,0.21325952,-0.08508943,-0.07721841,-0.25323114,0.13318777,-1.03897393
0.04027580,-0.06950983,-0.31631595,-0.12597997,0.22330371,-0.03135381,0.00448359,-0.15580903,-0.04665585,-0.25856963,0.24817154,0.20384973,-0.06830048,-0.04820894,0.28320459,-0.04552745,-0.20805700,-0.19286957,-0.24392423,-0.27023211,0.18981859,-0.05893008,-0.24516585,-0.12309838,-0.31380582,0.23671600,0.09949891,-0.14337355,-0.01125993,0.23464990,0.17041747,-0.02619365,0.16020681,-0.23980878,-0.18359752,0.00109381,0.17838213,0.12241282,-0.13528503,0.12205969,-0.17923586,0.21819882,-0.15087354,-0.14145149,0.28889069,-0.16168572,-0.21295710,-0.20457081,0.20159958,-0.04071041,-0.39628598,0.30904338,0.20384482,0.01482145,-0.03477189,0.13508987,-0.05281507,0.10327955,-0.23655070,0.25329819,-0.22916566,-0.13030641,-0.12915578,-0.27260002,-0.22854044,0.00023157,-0.04545047,-0.12747486,-0.02654346,0.05726011,-0.19297296,-0.14936642,0.13719070,-0.02949160,0.02251411,-0.27435821,0.25196958,0.07098586,0.23428823,0.11234597,-0.24222885,-0.12485360,-0.08869246,-0.15720557,-0.08360921,-0.09220763,0.01593613,0.16870435,-0.22416401,-0.09444541,-0.13959900,0.06330610,-0.01851082,-0.19518679,0.17708591,-0.21638924,-0.12771741,-0.25023556,-0.23680376,-0.40556240
-0.11233391,0.10500183,0.08764844,0.08570187,0.07159431,-0.02203728,0.02315638,-0.01643784,-0.14533830,-0.19309756,0.02555104,-0.12613092,-0.08593424,-0.08646180,0.08394200,-0.06945521,-0.03752004,0.09053851,-0.07628658,-0.10201375,0.08576920,0.05174399,-0.08001187,-0.17229469,-0.21844576,0.38908219,-0.13971193,-0.01572744,-0.04344889,0.12660599,-0.17597795,-0.08935983,0.14701378,-0.16808096,-0.22522596,-0.04487761,0.14519471,-0.13168767,-0.26396421,0.01686803,-0.00310844,0.02349494,-0.34654388,0.00708969,0.18780454,-0.15712917,-0.18769670,-0.20600130,0.04480742,0.05332089,-0.30350205,0.19037350,0.09853975,-0.01845238,0.13053274,0.25719136,0.12430310,-0.03411495,0.10190495,0.08363639,-0.11562838,-0.14382878,-0.05938964,-0.14559554,-0.07391416,-0.13471256,-0.00947103,-0.16560017,0.01194415,0.11911412,-0.20848319,0.01775681,-0.05314505,-0.07480595,-0.04194014,-0.27479047,0.09304926,0.07845265,0.20186649,0.03460622,-0.00173591,-0.03846627,-0.10780305,-0.04860342,0.03269214,-0.06202364,-0.04151479,0.21928674,-0.12645830,-0.06442551,-0.19141646,-0.03977431,0.09009900,-0.38608366,0.26650900,-0.08950625,0.02764098,-0.15941827,-0.38642552,-0.89186966
0.13698271,-0.06435384,0.04778006,0.07345033,0.27103767,0.11590578,-0.14474034,0.00922366,0.01638975,-0.00240036,0.10653467,0.12283657,-0.01375121,-0.08854093,0.01091896,0.00363605,0.15273541,0.10460771,-0.12733698,-0.06184781,0.08191335,0.03746800,-0.00362878,-0.04286653,-0.02297549,0.14609081,-0.04130879,-0.18497322,-0.00692758,0.01771793,0.10358857,0.13854691,0.10371903,-0.13591324,-0.06008367,-0.00352362,0.06029678,-0.05338984,-0.14963746,0.07726865,-0.11834885,0.07700016,-0.09701844,-0.05594155,0.12418509,-0.08243854,-0.10870732,-0.07069571,0.03070592,-0.00174988,0.02256339,0.10577408,0.06069534,-0.08818275,-0.04089358,-0.01842295,-0.03558291,0.08613329,-0.09369794,0.02181716,-0.09284867,-0.11615631,-0.15862393,-0.08082904,-0.01360286,-0.00704642,-0.10878719,0.03545942,0.12949629,0.02926250,-0.16556095,0.04459153,-0.09211420,-0.08019004,0.05572815,-0.02083070,0.07903039,-0.00140122,0.14232914,0.01275805,-0.05339219,-0.00336504,0.04048205,-0.01973761,0.08286623,-0.20670956,0.05001635,0.09496480,-0.11593356,0.02389571,-0.09608715,0.09813399,-0.03317853,-0.10609379,0.10608371,-0.13881207,-0.00089539,-0.02260926,-0.00489790,0.03155065
-0.01138426,-0.06936163,0.00597087,0.02326910,0.25069866,0.04321088,0.05424750,-0.12781648,0.01619811,0.03602000,0.03266224,0.11072949,0.00626061,0.02413093,-0.05827307,-0.14247663,-0.04864917,0.16120076,-0.08802640,-0.11238694,-0.08333302,-0.02171117,-0.08815200,0.02164148,-0.05654128,-0.04663802,0.04643294,0.02061485,-0.08486513,0.08360307,0.10576908,0.04232256,0.10672748,-0.12749317,-0.09001061,0.01279169,0.07494497,0.04354129,-0.11336873,0.00417471,-0.08861152,0.06715658,-0.11390970,-0.02451913,0.02787063,0.02183627,-0.12754968,-0.09182646,0.12326127,-0.07972145,-0.05088058,-0.02764719,-0.03659691,-0.07580127,-0.03879005,-0.18890223,0.09003666,-0.05506228,0.03894432,-0.04715049,-0.04973796,-0.03315573,-0.16565453,0.00493791,-0.12294841,-0.03102955,-0.11845928,0.04578165,0.07210943,-0.01652884,0.02143252,-0.02788522,0.08536360,-0.07181246,-0.00173415,-0.10955936,-0.01876639,-0.09198871,0.04535434,-0.00721494,-0.07105882,0.02353232,-0.07644916,0.00113690,-0.02431939,0.03952331,0.09203086,0.12430611,-0.06288948,-0.04848559,-0.04496240,-0.05797985,0.18435353,-0.08034779,0.15511671,-0.16786289,0.12779921,0.04904483,-0.09946276,0.07321075
0.13072468,0.06150986,-0.01700827,0.17478302,0.09211817,-0.06862532,0.02073799,-0.05194363,-0.05062560,-0.05977495,0.20684391,-0.06159973,-0.21321073,-0.12496483,0.14197323,0.09070861,0.10018442,-0.07237879,-0.12311651,-0.21660288,-0.03311438,-0.01828708,-0.00385572,-0.29720908,-0.17027028,0.21690692,-0.07779438,-0.13510686,0.07423203,0.13381909,0.04887812,-0.12648599,0.23678647,-0.11101875,-0.06520107,-0.07595474,-0.01890198,0.01084127,-0.20494790,-0.10042733,0.00777800,0.10862561,-0.20584255,-0.06996918,0.17141561,-0.18298252,-0.03158430,-0.21624792,0.06140826,0.05519628,-0.14603959,0.12098592,0.06638712,0.06118115,0.03573782,0.07136369,-0.05565840,-0.03671104,-0.06036851,0.09597029,-0.14634131,-0.08871005,-0.08692595,-0.10765991,-0.00077787,0.09545787,-0.09211352,-0.00738203,-0.04232732,0.17101341,-0.21342345,0.00953799,-0.01559136,-0.10100450,-0.05939493,-0.14888281,0.04086923,0.04573642,0.19055396,-0.08401178,0.04503700,-0.02845439,-0.02810603,-0.06244962,-0.01489310,-0.16341439,-0.04266684,0.24567725,-0.22346643,0.09401257,-0.21392353,0.13393401,0.05168352,-0.31114343,0.28182858,0.01646001,-0.09055607,-0.24121554,0.03402768,-1.18609774
0.03975607,-0.00213205,-0.07224562,-0.06720649,0.17507386,0.14855939,-0.10587057,-0.04769492,-0.00892097,-0.05684872,-0.11764374,-0.14945740,-0.01843718,0.06663533,0.02102388,-0.11828107,0.10934421,0.02563814,-0.09906776,-0.04797563,-0.03108745,0.00867820,-0.04913235,-0.03132943,-0.11286470,0.17198423,-0.04557294,-0.09785274,-0.08970874,-0.02256471,0.06683403,-0.12455247,0.06751586,-0.03450968,0.03059498,0.14556834,-0.00239333,-0.04595957,-0.08737262,0.15220104,-0.04930792,0.08304915,-0.12188308,-0.17793123,0.09889038,0.03518492,-0.07371014,-0.13572980,0.05450898,-0.07095043,-0.19299170,0.06642367,-0.02245171,-0.08367780,0.10668806,-0.17379321,0.06904020,-0.00445578,-0.09757987,-0.00142810,-0.00166498,-0.05115181,-0.02209948,-0.14147434,0.16392781,-0.15503038,-0.00513467,-0.15543571,0.05958612,-0.04045267,-0.15217814,0.02608417,0.02105830,-0.09536405,-0.16649239,-0.06833117,0.04788218,-0.06078257,0.12718424,-0.07941321,-0.03074456,-0.15749431,-0.02938061,-0.10609487,0.04595439,-0.04007504,-0.01412770,-0.01236108,-0.19264793,0.05326355,-0.02436650,-0.01684771,0.06230968,-0.13738769,0.20998992,-0.09553556,0.02987552,-0.21022490,0.02530104,-0.23231673
0.10394140,-0.02267389,-0.31246215,-0.04827801,0.16306099,0.13248464,-0.10838668,-0.06799929,0.03021268,-0.20300260,0.18306498,0.21953851,-0.27778050,-0.01358043,0.27201796,-0.18430780,-0.17364061,0.00250785,-0.25967133,-0.20515412,0.01376454,-0.07610647,-0.10730125,-0.15875791,-0.22760916,0.38150024,0.04220124,-0.12021036,-0.07191067,-0.08397410,0.01821835,0.00680820,0.16320275,-0.26549980,-0.22403401,0.06477141,0.15212323,0.12563296,-0.24811804,-0.07066727,-0.17727931,0.05044603,-0.25506854,-0.11782666,0.32366660,-0.18301642,-0.22383633,-0.24602193,0.03661092,-0.12353646,-0.21216278,0.40901786,0.03381105,0.06999283,0.04681362,-0.10217980,-0.03114703,0.12144271,-0.08732690,0.14632677,-0.19875437,-0.09319656,-0.02364288,-0.17316580,-0.26516503,0.05523582,-0.18480720,-0.06777661,0.07688958,0.09970979,-0.29595006,-0.09506514,-0.03954934,-0.03786582,0.03578133,-0.20500731,0.10332397,0.02780056,0.21059926,0.22598808,-0.19899221,-0.26864067,0.01037992,-0.08367612,-0.06714725,-0.12441719,0.11892614,0.28836638,-0.18789937,0.07933688,-0.15834600,0.03092467,0.08329318,-0.36909217,0.46105412,-0.18434735,0.03610976,-0.29775992,-0.23145965,-1.00288844
0.15091257,-0.01910285,-0.17034443,-0.11147652,-0.03361164,0.08721619,-0.16060917,-0.06691869,0.04868326,-0.18334988,0.14130974,0.02875206,-0.10925600,-0.04837085,0.15194258,-0.13402086,-0.12740155,0.12051816,-0.24512568,-0.12787625,0.15596116,-0.07011583,-0.10099810,-0.19941658,-0.09772877,0.39805791,-0.05524024,-0.18918128,-0.13417737,-0.14862017,-0.01396132,0.07117437,0.26626593,-0.22244829,-0.06026278,-0.00244940,0.14785632,0.06505334,-0.25516686,0.07690568,-0.19796365,-0.00270308,-0.23901945,-0.10467482,0.31553245,-0.20117843,-0.11474038,-0.09370823,0.03589643,-0.08161961,-0.35465693,0.27306831,0.08289533,0.10265758,-0.08232169,0.04981254,0.14957933,-0.06861178,0.04425079,0.30217275,-0.13725637,-0.07633146,-0.02172152,-0.26941660,-0.07361335,0.11092705,-0.04608781,0.04376410,0.15174861,0.09962969,-0.32957682,-0.07349184,0.12673698,-0.11292107,0.06891476,-0.31558347,0.19696003,0.08927265,0.27118015,0.03902483,-0.14100415,-0.00384241,-0.14029965,-0.07287530,0.11743506,0.01745685,0.05124351,0.25532913,-0.27572659,0.04721592,-0.20923066,0.06522325,-0.04735367,-0.37704897,0.30318153,-0.04010275,-0.14910394,-0.26184329,-0.24982710,-0.93903673
0.04869188,-0.04080854,-0.05421966,-0.05696381,0.07183498,0.13362144,-0.00456909,-0.09578700,-0.06924473,-0.07364348,0.00539931,-0.04111568,-0.08826227,-0.00761169,0.11416200,-0.04540156,0.01914137,0.03787599,-0.02964238,-0.07033055,0.13376670,0.06290223,0.06238837,-0.10880250,0.00386775,0.13565543,0.09336557,-0.01840217,-0.09853379,0.08203051,0.11664423,0.08493344,0.13928621,0.00639621,-0.01508725,-0.02931252,0.08131251,-0.05468479,0.03548532,-0.05306820,0.04675940,0.00912577,0.04984492,-0.09147965,0.05299821,0.05386366,0.02642157,-0.11561186,0.11062231,0.01508304,-0.01829349,0.06644398,-0.04335776,0.06916685,0.09020785,-0.02749212,0.04594812,0.02256303,0.06697650,0.13554162,-0.04085395,-0.04648646,-0.12170522,-0.06174623,-0.08656195,-0.02692731,-0.12152824,0.04770803,-0.00665278,0.02307907,-0.14601368,-0.07941759,-0.02725724,-0.05364515,0.08709665,-0.09339158,0.01803729,-0.01661097,0.02066355,0.06278303,-0.05655207,0.08836413,-0.12313375,-0.15353763,-0.01052469,-0.14274202,-0.00501141,0.02049670,-0.12926792,0.14279343,-0.08422598,0.00625725,-0.05115100,0.03412379,0.07994653,-0.17406838,0.02331171,-0.07611638,0.10801568,0.11905098
0.04600615,-0.01111813,-0.01800190,0.07457250,0.34123054,0.06590575,-0.07544363,-0.11685887,0.02075703,0.03920237,0.12302175,-0.10128365,0.00102823,0.00338043,0.08046719,-0.00887734,0.05033419,0.12959214,-0.15705000,-0.09395844,0.19214027,-0.08793734,-0.06213749,-0.04569352,-0.18321382,-0.02171000,0.09921939,-0.02984295,-0.03956553,0.06882247,-0.02024470,0.05106207,0.12940432,-0.12454389,0.01888386,0.00492314,0.06964077,-0.05057899,0.00579557,-0.07307241,-0.10326932,0.10693531,0.05973793,-0.08889472,0.09039395,-0.09736951,-0.09287035,-0.06166162,0.02659586,0.01132071,-0.13347121,-0.01359729,-0.01022513,-0.02945837,0.09691327,0.09709776,-0.01644059,-0.00596857,-0.09861472,0.05136278,-0.10071541,0.02931417,-0.03158376,-0.02355416,-0.02169026,-0.04319198,-0.10062839,-0.12386516,0.08734991,0.05172288,-0.10985450,-0.00376523,-0.01057051,-0.09385030,0.05669037,-0.08826271,0.04883008,0.10294058,0.01451933,0.12342920,-0.15131995,-0.04539446,0.03062627,-0.12057714,0.03064080,0.01470595,0.14067672,0.02843596,-0.06450540,0.07442213,-0.07713109,0.06891432,0.01096361,0.02829580,-0.03855392,-0.04293552,0.06776155,0.03253549,0.00107892,0.12785937
0.05321978,-0.07647579,-0.06600740,-0.13777483,0.08336111,0.02714582,-0.17029335,-0.04588877,0.04821773,-0.10842778,0.16850738,0.07285291,-0.17101693,-0.14197379,0.18180737,-0.06358075,-0.05785120,-0.01493146,-0.21173653,-0.23146820,-0.02558586,-0.12007963,-0.19489774,-0.25054148,-0.08516137,0.21110757,0.09023467,-0.03757041,0.10232902,0.26174030,0.16816238,-0.04106909,0.25009221,-0.18472815,-0.06074471,-0.04331782,0.19994533,0.22419047,-0.22106226,0.01689033,-0.20950034,0.18095149,-0.14968793,-0.09248017,0.30481806,-0.04036526,-0.07867637,-0.20386100,0.14706227,-0.13712436,-0.29651836,0.04013658,0.19520302,0.13782576,0.05220392,0.03377452,0.05233869,0.05483769,-0.02375062,0.12299258,-0.13419685,-0.18161801,-0.22206955,-0.24404190,-0.10685871,0.12563752,-0.14879227,-0.16285934,-0.18944800,0.09608568,-0.08534406,-0.16984829,0.02848576,-0.06621605,0.01548987,-0.29678369,0.14869013,0.01817777,0.23272777,0.11035731,-0.07521216,-0.00872837,-0.19435251,-0.20004143,-0.06374152,-0.18761961,-0.02293334,0.06002065,-0.09727761,0.11467315,-0.18811092,-0.01614780,-0.12272735,-0.26619634,0.17422521,-0.23375122,-0.01725962,-0.27384955,-0.14358054,-0.17089173
0.02007859,-0.08164228,-0.34946838,0.08283994,0.14980349,0.03985865,-0.01251065,0.02297780,0.00155648,-0.13846366,-0.04417977,0.28444728,-0.12805654,-0.16278014,0.16057190,0.08443178,0.08374317,-0.04258116,-0.14149696,-0.28016478,-0.05701362,0.10086076,-0.23347485,-0.18705288,-0.03543646,0.22177365,-0.03614765,-0.14814636,0.03765354,0.34098992,0.00188926,0.03672109,0.20129904,-0.12570457,0.08442595,0.05316917,0.34320435,-0.13187429,-0.20179933,-0.08139532,-0.10772356,0.07262244,-0.09924805,-0.26376632,0.19833700,0.01082038,-0.08633532,-0.04881042,-0.05408943,-0.02835856,-0.21426935,0.13694970,0.01987957,0.13922778,-0.10876585,-0.14821768,-0.04191902,0.11566593,-0.00213180,0.14173664,-0.29836074,0.09318288,0.02533004,-0.09451398,-0.06271027,-0.17907402,-0.03977927,0.14945607,0.16261639,0.17101175,-0.13814038,-0.04761882,0.07743669,-0.02414262,-0.12847160,-0.09729744,0.13566472,-0.00189620,0.06459211,-0.13060187,-0.02823806,0.12830389,-0.14034553,-0.11584669,-0.06797355,-0.21050683,0.10819076,0.05528951,-0.27914473,0.01987583,-0.17995906,0.08193514,-0.11807557,-0.22034475,0.20968682,-0.13726032,0.10898459,-0.26471454,0.08781897,-0.28269207
0.04038018,-0.06430684,-0.07172621,0.06374249,0.15426169,0.15413624,-0.08573943,0.00592576,0.08231253,-0.11104987,0.12359908,-0.11236266,-0.12880899,-0.04711562,0.15461086,-0.16274688,0.09502137,-0.08013490,-0.06712687,-0.14495692,0.01710281,-0.08020911,-0.02828144,-0.06250936,-0.18164572,-0.00185944,0.01496181,-0.13232496,-0.12915012,0.10982281,0.13511819,-0.00794467,0.00012791,-0.02457658,0.01264036,0.05582331,0.14770342,-0.07357528,-0.00281801,0.18058625,-0.14495961,0.17722204,-0.03538542,-0.15406181,0.12131215,-0.13472605,-0.07404662,-0.01169502,0.05759146,0.02770547,-0.15566008,0.02591076,0.13839349,0.07234716,0.04396744,-0.04133089,0.09860444,0.07410757,-0.15888396,0.04661480,-0.02955421,-0.17468871,-0.04938339,-0.01698766,0.18582210,0.15089142,-0.00419986,-0.12240264,0.14748183,0.06266334,-0.01996340,-0.01704150,0.08416318,-0.06356822,0.12147249,-0.09309894,0.17572030,0.01805536,0.09641380,0.05397824,-0.14007589,-0.08929446,-0.05555528,-0.09661785,0.05296608,-0.10758543,0.17212890,0.14960620,0.01609207,0.04531711,-0.02769837,-0.05023179,-0.02974041,-0.13474984,0.13320206,-0.07963366,0.03076305,-0.01867401,0.00512296,-0.12376276
0.16029663,-0.13632880,-0.29306355,0.12716997,0.37712178,0.23639093,0.13066307,-0.08414149,0.16636673,0.18201515,-0.20999376,0.10838414,0.33276483,0.21557154,-0.02595662,0.11879721,0.07630128,-0.18689939,0.17245775,0.26667428,0.44331083,0.00418682,0.21352197,0.65042478,0.07788704,-0.27417821,0.06190244,0.28937995,-0.27690145,-0.53074092,0.18701495,0.22169961,-0.25659847,0.32138100,0.21178554,0.03812914,-0.08365263,0.09543528,0.26439312,0.33907202,0.11630981,-0.22680041,0.36635825,0.03125150,-0.48163733,0.21477498,0.22104369,0.06870184,-0.12688127,0.19684765,0.36241302,-0.21584581,-0.31997290,-0.18445359,0.06667519,-0.01422650,-0.30378750,0.08947816,0.14483033,-0.16360837,0.28587568,0.14448865,0.27683535,0.09195087,-0.68632716,0.12871557,0.16887985,0.54388380,0.30484822,-0.36514157,0.35755545,-0.08605754,0.11042391,0.37457818,0.17506349,0.25671959,-0.29106861,-0.06927449,-0.19925548,-0.01431365,-0.01645644,-0.35225177,0.25710824,0.10006807,-0.12514924,-0.05990907,0.03124249,-0.29193178,0.30901423,0.00409075,0.38438457,-0.02559523,0.06930923,0.32848784,-0.44040206,0.24580027,0.07290269,0.34150138,-0.17086129,0.50054705
